"model","reference_date","horizon","target_end_date","target_group","output_type","output_type_id","value"
"Regular Baseline","2026-06-20",-2,"2026-06-06","Adults","quantile","0.01",162
"Regular Baseline","2026-06-20",-2,"2026-06-06","Adults","quantile","0.025",179
"Regular Baseline","2026-06-20",-2,"2026-06-06","Adults","quantile","0.05",199
"Regular Baseline","2026-06-20",-2,"2026-06-06","Adults","quantile","0.1",216
"Regular Baseline","2026-06-20",-2,"2026-06-06","Adults","quantile","0.15",223
"Regular Baseline","2026-06-20",-2,"2026-06-06","Adults","quantile","0.2",233
"Regular Baseline","2026-06-20",-2,"2026-06-06","Adults","quantile","0.25",242
"Regular Baseline","2026-06-20",-2,"2026-06-06","Adults","quantile","0.3",245
"Regular Baseline","2026-06-20",-2,"2026-06-06","Adults","quantile","0.35",250
"Regular Baseline","2026-06-20",-2,"2026-06-06","Adults","quantile","0.4",256
"Regular Baseline","2026-06-20",-2,"2026-06-06","Adults","quantile","0.45",260
"Regular Baseline","2026-06-20",-2,"2026-06-06","Adults","quantile","0.5",265
"Regular Baseline","2026-06-20",-2,"2026-06-06","Adults","quantile","0.55",270
"Regular Baseline","2026-06-20",-2,"2026-06-06","Adults","quantile","0.6",274
"Regular Baseline","2026-06-20",-2,"2026-06-06","Adults","quantile","0.65",280
"Regular Baseline","2026-06-20",-2,"2026-06-06","Adults","quantile","0.7",285
"Regular Baseline","2026-06-20",-2,"2026-06-06","Adults","quantile","0.75",289
"Regular Baseline","2026-06-20",-2,"2026-06-06","Adults","quantile","0.8",299
"Regular Baseline","2026-06-20",-2,"2026-06-06","Adults","quantile","0.85",310
"Regular Baseline","2026-06-20",-2,"2026-06-06","Adults","quantile","0.9",319
"Regular Baseline","2026-06-20",-2,"2026-06-06","Adults","quantile","0.95",340
"Regular Baseline","2026-06-20",-2,"2026-06-06","Adults","quantile","0.975",368
"Regular Baseline","2026-06-20",-2,"2026-06-06","Adults","quantile","0.99",392
"Regular Baseline","2026-06-20",-1,"2026-06-13","Adults","quantile","0.01",133
"Regular Baseline","2026-06-20",-1,"2026-06-13","Adults","quantile","0.025",155
"Regular Baseline","2026-06-20",-1,"2026-06-13","Adults","quantile","0.05",172
"Regular Baseline","2026-06-20",-1,"2026-06-13","Adults","quantile","0.1",192
"Regular Baseline","2026-06-20",-1,"2026-06-13","Adults","quantile","0.15",207
"Regular Baseline","2026-06-20",-1,"2026-06-13","Adults","quantile","0.2",218
"Regular Baseline","2026-06-20",-1,"2026-06-13","Adults","quantile","0.25",227
"Regular Baseline","2026-06-20",-1,"2026-06-13","Adults","quantile","0.3",235
"Regular Baseline","2026-06-20",-1,"2026-06-13","Adults","quantile","0.35",243
"Regular Baseline","2026-06-20",-1,"2026-06-13","Adults","quantile","0.4",250
"Regular Baseline","2026-06-20",-1,"2026-06-13","Adults","quantile","0.45",258
"Regular Baseline","2026-06-20",-1,"2026-06-13","Adults","quantile","0.5",265
"Regular Baseline","2026-06-20",-1,"2026-06-13","Adults","quantile","0.55",272
"Regular Baseline","2026-06-20",-1,"2026-06-13","Adults","quantile","0.6",279
"Regular Baseline","2026-06-20",-1,"2026-06-13","Adults","quantile","0.65",288
"Regular Baseline","2026-06-20",-1,"2026-06-13","Adults","quantile","0.7",297
"Regular Baseline","2026-06-20",-1,"2026-06-13","Adults","quantile","0.75",306
"Regular Baseline","2026-06-20",-1,"2026-06-13","Adults","quantile","0.8",317
"Regular Baseline","2026-06-20",-1,"2026-06-13","Adults","quantile","0.85",331
"Regular Baseline","2026-06-20",-1,"2026-06-13","Adults","quantile","0.9",348
"Regular Baseline","2026-06-20",-1,"2026-06-13","Adults","quantile","0.95",376
"Regular Baseline","2026-06-20",-1,"2026-06-13","Adults","quantile","0.975",404
"Regular Baseline","2026-06-20",-1,"2026-06-13","Adults","quantile","0.99",443
"Regular Baseline","2026-06-20",0,"2026-06-20","Adults","quantile","0.01",111
"Regular Baseline","2026-06-20",0,"2026-06-20","Adults","quantile","0.025",134
"Regular Baseline","2026-06-20",0,"2026-06-20","Adults","quantile","0.05",155
"Regular Baseline","2026-06-20",0,"2026-06-20","Adults","quantile","0.1",178
"Regular Baseline","2026-06-20",0,"2026-06-20","Adults","quantile","0.15",194
"Regular Baseline","2026-06-20",0,"2026-06-20","Adults","quantile","0.2",206
"Regular Baseline","2026-06-20",0,"2026-06-20","Adults","quantile","0.25",218
"Regular Baseline","2026-06-20",0,"2026-06-20","Adults","quantile","0.3",228
"Regular Baseline","2026-06-20",0,"2026-06-20","Adults","quantile","0.35",238
"Regular Baseline","2026-06-20",0,"2026-06-20","Adults","quantile","0.4",246
"Regular Baseline","2026-06-20",0,"2026-06-20","Adults","quantile","0.45",256
"Regular Baseline","2026-06-20",0,"2026-06-20","Adults","quantile","0.5",265
"Regular Baseline","2026-06-20",0,"2026-06-20","Adults","quantile","0.55",274
"Regular Baseline","2026-06-20",0,"2026-06-20","Adults","quantile","0.6",284
"Regular Baseline","2026-06-20",0,"2026-06-20","Adults","quantile","0.65",294
"Regular Baseline","2026-06-20",0,"2026-06-20","Adults","quantile","0.7",304
"Regular Baseline","2026-06-20",0,"2026-06-20","Adults","quantile","0.75",317
"Regular Baseline","2026-06-20",0,"2026-06-20","Adults","quantile","0.8",331
"Regular Baseline","2026-06-20",0,"2026-06-20","Adults","quantile","0.85",348
"Regular Baseline","2026-06-20",0,"2026-06-20","Adults","quantile","0.9",369
"Regular Baseline","2026-06-20",0,"2026-06-20","Adults","quantile","0.95",405
"Regular Baseline","2026-06-20",0,"2026-06-20","Adults","quantile","0.975",437
"Regular Baseline","2026-06-20",0,"2026-06-20","Adults","quantile","0.99",481
"Regular Baseline","2026-06-20",1,"2026-06-27","Adults","quantile","0.01",95
"Regular Baseline","2026-06-20",1,"2026-06-27","Adults","quantile","0.025",119
"Regular Baseline","2026-06-20",1,"2026-06-27","Adults","quantile","0.05",140
"Regular Baseline","2026-06-20",1,"2026-06-27","Adults","quantile","0.1",166
"Regular Baseline","2026-06-20",1,"2026-06-27","Adults","quantile","0.15",182
"Regular Baseline","2026-06-20",1,"2026-06-27","Adults","quantile","0.2",197
"Regular Baseline","2026-06-20",1,"2026-06-27","Adults","quantile","0.25",210
"Regular Baseline","2026-06-20",1,"2026-06-27","Adults","quantile","0.3",222
"Regular Baseline","2026-06-20",1,"2026-06-27","Adults","quantile","0.35",233
"Regular Baseline","2026-06-20",1,"2026-06-27","Adults","quantile","0.4",244
"Regular Baseline","2026-06-20",1,"2026-06-27","Adults","quantile","0.45",254
"Regular Baseline","2026-06-20",1,"2026-06-27","Adults","quantile","0.5",265
"Regular Baseline","2026-06-20",1,"2026-06-27","Adults","quantile","0.55",276
"Regular Baseline","2026-06-20",1,"2026-06-27","Adults","quantile","0.6",286
"Regular Baseline","2026-06-20",1,"2026-06-27","Adults","quantile","0.65",298
"Regular Baseline","2026-06-20",1,"2026-06-27","Adults","quantile","0.7",311
"Regular Baseline","2026-06-20",1,"2026-06-27","Adults","quantile","0.75",326
"Regular Baseline","2026-06-20",1,"2026-06-27","Adults","quantile","0.8",342
"Regular Baseline","2026-06-20",1,"2026-06-27","Adults","quantile","0.85",363
"Regular Baseline","2026-06-20",1,"2026-06-27","Adults","quantile","0.9",389
"Regular Baseline","2026-06-20",1,"2026-06-27","Adults","quantile","0.95",429
"Regular Baseline","2026-06-20",1,"2026-06-27","Adults","quantile","0.975",468
"Regular Baseline","2026-06-20",1,"2026-06-27","Adults","quantile","0.99",511
"Regular Baseline","2026-06-20",2,"2026-07-04","Adults","quantile","0.01",80
"Regular Baseline","2026-06-20",2,"2026-07-04","Adults","quantile","0.025",104
"Regular Baseline","2026-06-20",2,"2026-07-04","Adults","quantile","0.05",127
"Regular Baseline","2026-06-20",2,"2026-07-04","Adults","quantile","0.1",155
"Regular Baseline","2026-06-20",2,"2026-07-04","Adults","quantile","0.15",174
"Regular Baseline","2026-06-20",2,"2026-07-04","Adults","quantile","0.2",190
"Regular Baseline","2026-06-20",2,"2026-07-04","Adults","quantile","0.25",203
"Regular Baseline","2026-06-20",2,"2026-07-04","Adults","quantile","0.3",216
"Regular Baseline","2026-06-20",2,"2026-07-04","Adults","quantile","0.35",230
"Regular Baseline","2026-06-20",2,"2026-07-04","Adults","quantile","0.4",241
"Regular Baseline","2026-06-20",2,"2026-07-04","Adults","quantile","0.45",253
"Regular Baseline","2026-06-20",2,"2026-07-04","Adults","quantile","0.5",265
"Regular Baseline","2026-06-20",2,"2026-07-04","Adults","quantile","0.55",278
"Regular Baseline","2026-06-20",2,"2026-07-04","Adults","quantile","0.6",291
"Regular Baseline","2026-06-20",2,"2026-07-04","Adults","quantile","0.65",304
"Regular Baseline","2026-06-20",2,"2026-07-04","Adults","quantile","0.7",319
"Regular Baseline","2026-06-20",2,"2026-07-04","Adults","quantile","0.75",335
"Regular Baseline","2026-06-20",2,"2026-07-04","Adults","quantile","0.8",353
"Regular Baseline","2026-06-20",2,"2026-07-04","Adults","quantile","0.85",376
"Regular Baseline","2026-06-20",2,"2026-07-04","Adults","quantile","0.9",407
"Regular Baseline","2026-06-20",2,"2026-07-04","Adults","quantile","0.95",454
"Regular Baseline","2026-06-20",2,"2026-07-04","Adults","quantile","0.975",496
"Regular Baseline","2026-06-20",2,"2026-07-04","Adults","quantile","0.99",551
"Regular Baseline","2026-06-20",3,"2026-07-11","Adults","quantile","0.01",70
"Regular Baseline","2026-06-20",3,"2026-07-11","Adults","quantile","0.025",92
"Regular Baseline","2026-06-20",3,"2026-07-11","Adults","quantile","0.05",114
"Regular Baseline","2026-06-20",3,"2026-07-11","Adults","quantile","0.1",146
"Regular Baseline","2026-06-20",3,"2026-07-11","Adults","quantile","0.15",166
"Regular Baseline","2026-06-20",3,"2026-07-11","Adults","quantile","0.2",183
"Regular Baseline","2026-06-20",3,"2026-07-11","Adults","quantile","0.25",198
"Regular Baseline","2026-06-20",3,"2026-07-11","Adults","quantile","0.3",213
"Regular Baseline","2026-06-20",3,"2026-07-11","Adults","quantile","0.35",227
"Regular Baseline","2026-06-20",3,"2026-07-11","Adults","quantile","0.4",239
"Regular Baseline","2026-06-20",3,"2026-07-11","Adults","quantile","0.45",252
"Regular Baseline","2026-06-20",3,"2026-07-11","Adults","quantile","0.5",265
"Regular Baseline","2026-06-20",3,"2026-07-11","Adults","quantile","0.55",278
"Regular Baseline","2026-06-20",3,"2026-07-11","Adults","quantile","0.6",292
"Regular Baseline","2026-06-20",3,"2026-07-11","Adults","quantile","0.65",307
"Regular Baseline","2026-06-20",3,"2026-07-11","Adults","quantile","0.7",324
"Regular Baseline","2026-06-20",3,"2026-07-11","Adults","quantile","0.75",343
"Regular Baseline","2026-06-20",3,"2026-07-11","Adults","quantile","0.8",362
"Regular Baseline","2026-06-20",3,"2026-07-11","Adults","quantile","0.85",386
"Regular Baseline","2026-06-20",3,"2026-07-11","Adults","quantile","0.9",418
"Regular Baseline","2026-06-20",3,"2026-07-11","Adults","quantile","0.95",473
"Regular Baseline","2026-06-20",3,"2026-07-11","Adults","quantile","0.975",523
"Regular Baseline","2026-06-20",3,"2026-07-11","Adults","quantile","0.99",579
"Regular Baseline","2026-06-20",-2,"2026-06-06","Overall","quantile","0.01",434
"Regular Baseline","2026-06-20",-2,"2026-06-06","Overall","quantile","0.025",464
"Regular Baseline","2026-06-20",-2,"2026-06-06","Overall","quantile","0.05",490
"Regular Baseline","2026-06-20",-2,"2026-06-06","Overall","quantile","0.1",521
"Regular Baseline","2026-06-20",-2,"2026-06-06","Overall","quantile","0.15",539
"Regular Baseline","2026-06-20",-2,"2026-06-06","Overall","quantile","0.2",552
"Regular Baseline","2026-06-20",-2,"2026-06-06","Overall","quantile","0.25",565
"Regular Baseline","2026-06-20",-2,"2026-06-06","Overall","quantile","0.3",576
"Regular Baseline","2026-06-20",-2,"2026-06-06","Overall","quantile","0.35",588
"Regular Baseline","2026-06-20",-2,"2026-06-06","Overall","quantile","0.4",597
"Regular Baseline","2026-06-20",-2,"2026-06-06","Overall","quantile","0.45",608
"Regular Baseline","2026-06-20",-2,"2026-06-06","Overall","quantile","0.5",615
"Regular Baseline","2026-06-20",-2,"2026-06-06","Overall","quantile","0.55",622
"Regular Baseline","2026-06-20",-2,"2026-06-06","Overall","quantile","0.6",633
"Regular Baseline","2026-06-20",-2,"2026-06-06","Overall","quantile","0.65",643
"Regular Baseline","2026-06-20",-2,"2026-06-06","Overall","quantile","0.7",655
"Regular Baseline","2026-06-20",-2,"2026-06-06","Overall","quantile","0.75",667
"Regular Baseline","2026-06-20",-2,"2026-06-06","Overall","quantile","0.8",682
"Regular Baseline","2026-06-20",-2,"2026-06-06","Overall","quantile","0.85",695
"Regular Baseline","2026-06-20",-2,"2026-06-06","Overall","quantile","0.9",717
"Regular Baseline","2026-06-20",-2,"2026-06-06","Overall","quantile","0.95",755
"Regular Baseline","2026-06-20",-2,"2026-06-06","Overall","quantile","0.975",787
"Regular Baseline","2026-06-20",-2,"2026-06-06","Overall","quantile","0.99",828
"Regular Baseline","2026-06-20",-1,"2026-06-13","Overall","quantile","0.01",372
"Regular Baseline","2026-06-20",-1,"2026-06-13","Overall","quantile","0.025",409
"Regular Baseline","2026-06-20",-1,"2026-06-13","Overall","quantile","0.05",443
"Regular Baseline","2026-06-20",-1,"2026-06-13","Overall","quantile","0.1",480
"Regular Baseline","2026-06-20",-1,"2026-06-13","Overall","quantile","0.15",506
"Regular Baseline","2026-06-20",-1,"2026-06-13","Overall","quantile","0.2",526
"Regular Baseline","2026-06-20",-1,"2026-06-13","Overall","quantile","0.25",544
"Regular Baseline","2026-06-20",-1,"2026-06-13","Overall","quantile","0.3",558
"Regular Baseline","2026-06-20",-1,"2026-06-13","Overall","quantile","0.35",573
"Regular Baseline","2026-06-20",-1,"2026-06-13","Overall","quantile","0.4",587
"Regular Baseline","2026-06-20",-1,"2026-06-13","Overall","quantile","0.45",601
"Regular Baseline","2026-06-20",-1,"2026-06-13","Overall","quantile","0.5",615
"Regular Baseline","2026-06-20",-1,"2026-06-13","Overall","quantile","0.55",628
"Regular Baseline","2026-06-20",-1,"2026-06-13","Overall","quantile","0.6",641
"Regular Baseline","2026-06-20",-1,"2026-06-13","Overall","quantile","0.65",655
"Regular Baseline","2026-06-20",-1,"2026-06-13","Overall","quantile","0.7",673
"Regular Baseline","2026-06-20",-1,"2026-06-13","Overall","quantile","0.75",692
"Regular Baseline","2026-06-20",-1,"2026-06-13","Overall","quantile","0.8",711
"Regular Baseline","2026-06-20",-1,"2026-06-13","Overall","quantile","0.85",737
"Regular Baseline","2026-06-20",-1,"2026-06-13","Overall","quantile","0.9",768
"Regular Baseline","2026-06-20",-1,"2026-06-13","Overall","quantile","0.95",817
"Regular Baseline","2026-06-20",-1,"2026-06-13","Overall","quantile","0.975",865
"Regular Baseline","2026-06-20",-1,"2026-06-13","Overall","quantile","0.99",933
"Regular Baseline","2026-06-20",0,"2026-06-20","Overall","quantile","0.01",330
"Regular Baseline","2026-06-20",0,"2026-06-20","Overall","quantile","0.025",371
"Regular Baseline","2026-06-20",0,"2026-06-20","Overall","quantile","0.05",408
"Regular Baseline","2026-06-20",0,"2026-06-20","Overall","quantile","0.1",451
"Regular Baseline","2026-06-20",0,"2026-06-20","Overall","quantile","0.15",482
"Regular Baseline","2026-06-20",0,"2026-06-20","Overall","quantile","0.2",505
"Regular Baseline","2026-06-20",0,"2026-06-20","Overall","quantile","0.25",527
"Regular Baseline","2026-06-20",0,"2026-06-20","Overall","quantile","0.3",545
"Regular Baseline","2026-06-20",0,"2026-06-20","Overall","quantile","0.35",564
"Regular Baseline","2026-06-20",0,"2026-06-20","Overall","quantile","0.4",582
"Regular Baseline","2026-06-20",0,"2026-06-20","Overall","quantile","0.45",597
"Regular Baseline","2026-06-20",0,"2026-06-20","Overall","quantile","0.5",615
"Regular Baseline","2026-06-20",0,"2026-06-20","Overall","quantile","0.55",632
"Regular Baseline","2026-06-20",0,"2026-06-20","Overall","quantile","0.6",650
"Regular Baseline","2026-06-20",0,"2026-06-20","Overall","quantile","0.65",668
"Regular Baseline","2026-06-20",0,"2026-06-20","Overall","quantile","0.7",686
"Regular Baseline","2026-06-20",0,"2026-06-20","Overall","quantile","0.75",712
"Regular Baseline","2026-06-20",0,"2026-06-20","Overall","quantile","0.8",738
"Regular Baseline","2026-06-20",0,"2026-06-20","Overall","quantile","0.85",768
"Regular Baseline","2026-06-20",0,"2026-06-20","Overall","quantile","0.9",806
"Regular Baseline","2026-06-20",0,"2026-06-20","Overall","quantile","0.95",868
"Regular Baseline","2026-06-20",0,"2026-06-20","Overall","quantile","0.975",926
"Regular Baseline","2026-06-20",0,"2026-06-20","Overall","quantile","0.99",995
"Regular Baseline","2026-06-20",1,"2026-06-27","Overall","quantile","0.01",290
"Regular Baseline","2026-06-20",1,"2026-06-27","Overall","quantile","0.025",334
"Regular Baseline","2026-06-20",1,"2026-06-27","Overall","quantile","0.05",378
"Regular Baseline","2026-06-20",1,"2026-06-27","Overall","quantile","0.1",428
"Regular Baseline","2026-06-20",1,"2026-06-27","Overall","quantile","0.15",461
"Regular Baseline","2026-06-20",1,"2026-06-27","Overall","quantile","0.2",490
"Regular Baseline","2026-06-20",1,"2026-06-27","Overall","quantile","0.25",514
"Regular Baseline","2026-06-20",1,"2026-06-27","Overall","quantile","0.3",534
"Regular Baseline","2026-06-20",1,"2026-06-27","Overall","quantile","0.35",555
"Regular Baseline","2026-06-20",1,"2026-06-27","Overall","quantile","0.4",576
"Regular Baseline","2026-06-20",1,"2026-06-27","Overall","quantile","0.45",595
"Regular Baseline","2026-06-20",1,"2026-06-27","Overall","quantile","0.5",615
"Regular Baseline","2026-06-20",1,"2026-06-27","Overall","quantile","0.55",635
"Regular Baseline","2026-06-20",1,"2026-06-27","Overall","quantile","0.6",655
"Regular Baseline","2026-06-20",1,"2026-06-27","Overall","quantile","0.65",678
"Regular Baseline","2026-06-20",1,"2026-06-27","Overall","quantile","0.7",700
"Regular Baseline","2026-06-20",1,"2026-06-27","Overall","quantile","0.75",727
"Regular Baseline","2026-06-20",1,"2026-06-27","Overall","quantile","0.8",756
"Regular Baseline","2026-06-20",1,"2026-06-27","Overall","quantile","0.85",791
"Regular Baseline","2026-06-20",1,"2026-06-27","Overall","quantile","0.9",838
"Regular Baseline","2026-06-20",1,"2026-06-27","Overall","quantile","0.95",910
"Regular Baseline","2026-06-20",1,"2026-06-27","Overall","quantile","0.975",977
"Regular Baseline","2026-06-20",1,"2026-06-27","Overall","quantile","0.99",1062
"Regular Baseline","2026-06-20",2,"2026-07-04","Overall","quantile","0.01",261
"Regular Baseline","2026-06-20",2,"2026-07-04","Overall","quantile","0.025",309
"Regular Baseline","2026-06-20",2,"2026-07-04","Overall","quantile","0.05",355
"Regular Baseline","2026-06-20",2,"2026-07-04","Overall","quantile","0.1",409
"Regular Baseline","2026-06-20",2,"2026-07-04","Overall","quantile","0.15",448
"Regular Baseline","2026-06-20",2,"2026-07-04","Overall","quantile","0.2",478
"Regular Baseline","2026-06-20",2,"2026-07-04","Overall","quantile","0.25",504
"Regular Baseline","2026-06-20",2,"2026-07-04","Overall","quantile","0.3",528
"Regular Baseline","2026-06-20",2,"2026-07-04","Overall","quantile","0.35",550
"Regular Baseline","2026-06-20",2,"2026-07-04","Overall","quantile","0.4",570
"Regular Baseline","2026-06-20",2,"2026-07-04","Overall","quantile","0.45",591
"Regular Baseline","2026-06-20",2,"2026-07-04","Overall","quantile","0.5",615
"Regular Baseline","2026-06-20",2,"2026-07-04","Overall","quantile","0.55",637
"Regular Baseline","2026-06-20",2,"2026-07-04","Overall","quantile","0.6",663
"Regular Baseline","2026-06-20",2,"2026-07-04","Overall","quantile","0.65",688
"Regular Baseline","2026-06-20",2,"2026-07-04","Overall","quantile","0.7",714
"Regular Baseline","2026-06-20",2,"2026-07-04","Overall","quantile","0.75",743
"Regular Baseline","2026-06-20",2,"2026-07-04","Overall","quantile","0.8",776
"Regular Baseline","2026-06-20",2,"2026-07-04","Overall","quantile","0.85",818
"Regular Baseline","2026-06-20",2,"2026-07-04","Overall","quantile","0.9",868
"Regular Baseline","2026-06-20",2,"2026-07-04","Overall","quantile","0.95",947
"Regular Baseline","2026-06-20",2,"2026-07-04","Overall","quantile","0.975",1033
"Regular Baseline","2026-06-20",2,"2026-07-04","Overall","quantile","0.99",1125
"Regular Baseline","2026-06-20",3,"2026-07-11","Overall","quantile","0.01",229
"Regular Baseline","2026-06-20",3,"2026-07-11","Overall","quantile","0.025",282
"Regular Baseline","2026-06-20",3,"2026-07-11","Overall","quantile","0.05",330
"Regular Baseline","2026-06-20",3,"2026-07-11","Overall","quantile","0.1",388
"Regular Baseline","2026-06-20",3,"2026-07-11","Overall","quantile","0.15",428
"Regular Baseline","2026-06-20",3,"2026-07-11","Overall","quantile","0.2",461
"Regular Baseline","2026-06-20",3,"2026-07-11","Overall","quantile","0.25",491
"Regular Baseline","2026-06-20",3,"2026-07-11","Overall","quantile","0.3",517
"Regular Baseline","2026-06-20",3,"2026-07-11","Overall","quantile","0.35",542
"Regular Baseline","2026-06-20",3,"2026-07-11","Overall","quantile","0.4",568
"Regular Baseline","2026-06-20",3,"2026-07-11","Overall","quantile","0.45",591
"Regular Baseline","2026-06-20",3,"2026-07-11","Overall","quantile","0.5",615
"Regular Baseline","2026-06-20",3,"2026-07-11","Overall","quantile","0.55",641
"Regular Baseline","2026-06-20",3,"2026-07-11","Overall","quantile","0.6",667
"Regular Baseline","2026-06-20",3,"2026-07-11","Overall","quantile","0.65",692
"Regular Baseline","2026-06-20",3,"2026-07-11","Overall","quantile","0.7",721
"Regular Baseline","2026-06-20",3,"2026-07-11","Overall","quantile","0.75",756
"Regular Baseline","2026-06-20",3,"2026-07-11","Overall","quantile","0.8",794
"Regular Baseline","2026-06-20",3,"2026-07-11","Overall","quantile","0.85",835
"Regular Baseline","2026-06-20",3,"2026-07-11","Overall","quantile","0.9",893
"Regular Baseline","2026-06-20",3,"2026-07-11","Overall","quantile","0.95",983
"Regular Baseline","2026-06-20",3,"2026-07-11","Overall","quantile","0.975",1066
"Regular Baseline","2026-06-20",3,"2026-07-11","Overall","quantile","0.99",1179
"Regular Baseline","2026-06-20",-2,"2026-06-06","Pediatrics","quantile","0.01",246
"Regular Baseline","2026-06-20",-2,"2026-06-06","Pediatrics","quantile","0.025",259
"Regular Baseline","2026-06-20",-2,"2026-06-06","Pediatrics","quantile","0.05",276
"Regular Baseline","2026-06-20",-2,"2026-06-06","Pediatrics","quantile","0.1",288
"Regular Baseline","2026-06-20",-2,"2026-06-06","Pediatrics","quantile","0.15",297
"Regular Baseline","2026-06-20",-2,"2026-06-06","Pediatrics","quantile","0.2",309
"Regular Baseline","2026-06-20",-2,"2026-06-06","Pediatrics","quantile","0.25",319
"Regular Baseline","2026-06-20",-2,"2026-06-06","Pediatrics","quantile","0.3",328
"Regular Baseline","2026-06-20",-2,"2026-06-06","Pediatrics","quantile","0.35",332
"Regular Baseline","2026-06-20",-2,"2026-06-06","Pediatrics","quantile","0.4",337
"Regular Baseline","2026-06-20",-2,"2026-06-06","Pediatrics","quantile","0.45",345
"Regular Baseline","2026-06-20",-2,"2026-06-06","Pediatrics","quantile","0.5",350
"Regular Baseline","2026-06-20",-2,"2026-06-06","Pediatrics","quantile","0.55",355
"Regular Baseline","2026-06-20",-2,"2026-06-06","Pediatrics","quantile","0.6",363
"Regular Baseline","2026-06-20",-2,"2026-06-06","Pediatrics","quantile","0.65",369
"Regular Baseline","2026-06-20",-2,"2026-06-06","Pediatrics","quantile","0.7",373
"Regular Baseline","2026-06-20",-2,"2026-06-06","Pediatrics","quantile","0.75",382
"Regular Baseline","2026-06-20",-2,"2026-06-06","Pediatrics","quantile","0.8",393
"Regular Baseline","2026-06-20",-2,"2026-06-06","Pediatrics","quantile","0.85",407
"Regular Baseline","2026-06-20",-2,"2026-06-06","Pediatrics","quantile","0.9",418
"Regular Baseline","2026-06-20",-2,"2026-06-06","Pediatrics","quantile","0.95",433
"Regular Baseline","2026-06-20",-2,"2026-06-06","Pediatrics","quantile","0.975",454
"Regular Baseline","2026-06-20",-2,"2026-06-06","Pediatrics","quantile","0.99",472
"Regular Baseline","2026-06-20",-1,"2026-06-13","Pediatrics","quantile","0.01",207
"Regular Baseline","2026-06-20",-1,"2026-06-13","Pediatrics","quantile","0.025",226
"Regular Baseline","2026-06-20",-1,"2026-06-13","Pediatrics","quantile","0.05",245
"Regular Baseline","2026-06-20",-1,"2026-06-13","Pediatrics","quantile","0.1",267
"Regular Baseline","2026-06-20",-1,"2026-06-13","Pediatrics","quantile","0.15",282
"Regular Baseline","2026-06-20",-1,"2026-06-13","Pediatrics","quantile","0.2",294
"Regular Baseline","2026-06-20",-1,"2026-06-13","Pediatrics","quantile","0.25",306
"Regular Baseline","2026-06-20",-1,"2026-06-13","Pediatrics","quantile","0.3",315
"Regular Baseline","2026-06-20",-1,"2026-06-13","Pediatrics","quantile","0.35",324
"Regular Baseline","2026-06-20",-1,"2026-06-13","Pediatrics","quantile","0.4",332
"Regular Baseline","2026-06-20",-1,"2026-06-13","Pediatrics","quantile","0.45",341
"Regular Baseline","2026-06-20",-1,"2026-06-13","Pediatrics","quantile","0.5",350
"Regular Baseline","2026-06-20",-1,"2026-06-13","Pediatrics","quantile","0.55",359
"Regular Baseline","2026-06-20",-1,"2026-06-13","Pediatrics","quantile","0.6",368
"Regular Baseline","2026-06-20",-1,"2026-06-13","Pediatrics","quantile","0.65",378
"Regular Baseline","2026-06-20",-1,"2026-06-13","Pediatrics","quantile","0.7",389
"Regular Baseline","2026-06-20",-1,"2026-06-13","Pediatrics","quantile","0.75",400
"Regular Baseline","2026-06-20",-1,"2026-06-13","Pediatrics","quantile","0.8",413
"Regular Baseline","2026-06-20",-1,"2026-06-13","Pediatrics","quantile","0.85",428
"Regular Baseline","2026-06-20",-1,"2026-06-13","Pediatrics","quantile","0.9",446
"Regular Baseline","2026-06-20",-1,"2026-06-13","Pediatrics","quantile","0.95",473
"Regular Baseline","2026-06-20",-1,"2026-06-13","Pediatrics","quantile","0.975",501
"Regular Baseline","2026-06-20",-1,"2026-06-13","Pediatrics","quantile","0.99",533
"Regular Baseline","2026-06-20",0,"2026-06-20","Pediatrics","quantile","0.01",179
"Regular Baseline","2026-06-20",0,"2026-06-20","Pediatrics","quantile","0.025",203
"Regular Baseline","2026-06-20",0,"2026-06-20","Pediatrics","quantile","0.05",224
"Regular Baseline","2026-06-20",0,"2026-06-20","Pediatrics","quantile","0.1",251
"Regular Baseline","2026-06-20",0,"2026-06-20","Pediatrics","quantile","0.15",269
"Regular Baseline","2026-06-20",0,"2026-06-20","Pediatrics","quantile","0.2",282
"Regular Baseline","2026-06-20",0,"2026-06-20","Pediatrics","quantile","0.25",295
"Regular Baseline","2026-06-20",0,"2026-06-20","Pediatrics","quantile","0.3",307
"Regular Baseline","2026-06-20",0,"2026-06-20","Pediatrics","quantile","0.35",317
"Regular Baseline","2026-06-20",0,"2026-06-20","Pediatrics","quantile","0.4",329
"Regular Baseline","2026-06-20",0,"2026-06-20","Pediatrics","quantile","0.45",339
"Regular Baseline","2026-06-20",0,"2026-06-20","Pediatrics","quantile","0.5",350
"Regular Baseline","2026-06-20",0,"2026-06-20","Pediatrics","quantile","0.55",360
"Regular Baseline","2026-06-20",0,"2026-06-20","Pediatrics","quantile","0.6",371
"Regular Baseline","2026-06-20",0,"2026-06-20","Pediatrics","quantile","0.65",384
"Regular Baseline","2026-06-20",0,"2026-06-20","Pediatrics","quantile","0.7",397
"Regular Baseline","2026-06-20",0,"2026-06-20","Pediatrics","quantile","0.75",411
"Regular Baseline","2026-06-20",0,"2026-06-20","Pediatrics","quantile","0.8",427
"Regular Baseline","2026-06-20",0,"2026-06-20","Pediatrics","quantile","0.85",446
"Regular Baseline","2026-06-20",0,"2026-06-20","Pediatrics","quantile","0.9",471
"Regular Baseline","2026-06-20",0,"2026-06-20","Pediatrics","quantile","0.95",507
"Regular Baseline","2026-06-20",0,"2026-06-20","Pediatrics","quantile","0.975",537
"Regular Baseline","2026-06-20",0,"2026-06-20","Pediatrics","quantile","0.99",570
"Regular Baseline","2026-06-20",1,"2026-06-27","Pediatrics","quantile","0.01",156
"Regular Baseline","2026-06-20",1,"2026-06-27","Pediatrics","quantile","0.025",183
"Regular Baseline","2026-06-20",1,"2026-06-27","Pediatrics","quantile","0.05",205
"Regular Baseline","2026-06-20",1,"2026-06-27","Pediatrics","quantile","0.1",234
"Regular Baseline","2026-06-20",1,"2026-06-27","Pediatrics","quantile","0.15",256
"Regular Baseline","2026-06-20",1,"2026-06-27","Pediatrics","quantile","0.2",272
"Regular Baseline","2026-06-20",1,"2026-06-27","Pediatrics","quantile","0.25",286
"Regular Baseline","2026-06-20",1,"2026-06-27","Pediatrics","quantile","0.3",300
"Regular Baseline","2026-06-20",1,"2026-06-27","Pediatrics","quantile","0.35",313
"Regular Baseline","2026-06-20",1,"2026-06-27","Pediatrics","quantile","0.4",325
"Regular Baseline","2026-06-20",1,"2026-06-27","Pediatrics","quantile","0.45",337
"Regular Baseline","2026-06-20",1,"2026-06-27","Pediatrics","quantile","0.5",350
"Regular Baseline","2026-06-20",1,"2026-06-27","Pediatrics","quantile","0.55",363
"Regular Baseline","2026-06-20",1,"2026-06-27","Pediatrics","quantile","0.6",376
"Regular Baseline","2026-06-20",1,"2026-06-27","Pediatrics","quantile","0.65",390
"Regular Baseline","2026-06-20",1,"2026-06-27","Pediatrics","quantile","0.7",406
"Regular Baseline","2026-06-20",1,"2026-06-27","Pediatrics","quantile","0.75",421
"Regular Baseline","2026-06-20",1,"2026-06-27","Pediatrics","quantile","0.8",441
"Regular Baseline","2026-06-20",1,"2026-06-27","Pediatrics","quantile","0.85",461
"Regular Baseline","2026-06-20",1,"2026-06-27","Pediatrics","quantile","0.9",489
"Regular Baseline","2026-06-20",1,"2026-06-27","Pediatrics","quantile","0.95",530
"Regular Baseline","2026-06-20",1,"2026-06-27","Pediatrics","quantile","0.975",568
"Regular Baseline","2026-06-20",1,"2026-06-27","Pediatrics","quantile","0.99",621
"Regular Baseline","2026-06-20",2,"2026-07-04","Pediatrics","quantile","0.01",135
"Regular Baseline","2026-06-20",2,"2026-07-04","Pediatrics","quantile","0.025",162
"Regular Baseline","2026-06-20",2,"2026-07-04","Pediatrics","quantile","0.05",190
"Regular Baseline","2026-06-20",2,"2026-07-04","Pediatrics","quantile","0.1",221
"Regular Baseline","2026-06-20",2,"2026-07-04","Pediatrics","quantile","0.15",243
"Regular Baseline","2026-06-20",2,"2026-07-04","Pediatrics","quantile","0.2",262
"Regular Baseline","2026-06-20",2,"2026-07-04","Pediatrics","quantile","0.25",278
"Regular Baseline","2026-06-20",2,"2026-07-04","Pediatrics","quantile","0.3",294
"Regular Baseline","2026-06-20",2,"2026-07-04","Pediatrics","quantile","0.35",309
"Regular Baseline","2026-06-20",2,"2026-07-04","Pediatrics","quantile","0.4",322
"Regular Baseline","2026-06-20",2,"2026-07-04","Pediatrics","quantile","0.45",336
"Regular Baseline","2026-06-20",2,"2026-07-04","Pediatrics","quantile","0.5",350
"Regular Baseline","2026-06-20",2,"2026-07-04","Pediatrics","quantile","0.55",364
"Regular Baseline","2026-06-20",2,"2026-07-04","Pediatrics","quantile","0.6",378
"Regular Baseline","2026-06-20",2,"2026-07-04","Pediatrics","quantile","0.65",394
"Regular Baseline","2026-06-20",2,"2026-07-04","Pediatrics","quantile","0.7",410
"Regular Baseline","2026-06-20",2,"2026-07-04","Pediatrics","quantile","0.75",429
"Regular Baseline","2026-06-20",2,"2026-07-04","Pediatrics","quantile","0.8",450
"Regular Baseline","2026-06-20",2,"2026-07-04","Pediatrics","quantile","0.85",476
"Regular Baseline","2026-06-20",2,"2026-07-04","Pediatrics","quantile","0.9",508
"Regular Baseline","2026-06-20",2,"2026-07-04","Pediatrics","quantile","0.95",554
"Regular Baseline","2026-06-20",2,"2026-07-04","Pediatrics","quantile","0.975",597
"Regular Baseline","2026-06-20",2,"2026-07-04","Pediatrics","quantile","0.99",651
"Regular Baseline","2026-06-20",3,"2026-07-11","Pediatrics","quantile","0.01",121
"Regular Baseline","2026-06-20",3,"2026-07-11","Pediatrics","quantile","0.025",150
"Regular Baseline","2026-06-20",3,"2026-07-11","Pediatrics","quantile","0.05",176
"Regular Baseline","2026-06-20",3,"2026-07-11","Pediatrics","quantile","0.1",209
"Regular Baseline","2026-06-20",3,"2026-07-11","Pediatrics","quantile","0.15",234
"Regular Baseline","2026-06-20",3,"2026-07-11","Pediatrics","quantile","0.2",255
"Regular Baseline","2026-06-20",3,"2026-07-11","Pediatrics","quantile","0.25",273
"Regular Baseline","2026-06-20",3,"2026-07-11","Pediatrics","quantile","0.3",289
"Regular Baseline","2026-06-20",3,"2026-07-11","Pediatrics","quantile","0.35",305
"Regular Baseline","2026-06-20",3,"2026-07-11","Pediatrics","quantile","0.4",320
"Regular Baseline","2026-06-20",3,"2026-07-11","Pediatrics","quantile","0.45",334
"Regular Baseline","2026-06-20",3,"2026-07-11","Pediatrics","quantile","0.5",350
"Regular Baseline","2026-06-20",3,"2026-07-11","Pediatrics","quantile","0.55",365
"Regular Baseline","2026-06-20",3,"2026-07-11","Pediatrics","quantile","0.6",382
"Regular Baseline","2026-06-20",3,"2026-07-11","Pediatrics","quantile","0.65",399
"Regular Baseline","2026-06-20",3,"2026-07-11","Pediatrics","quantile","0.7",417
"Regular Baseline","2026-06-20",3,"2026-07-11","Pediatrics","quantile","0.75",437
"Regular Baseline","2026-06-20",3,"2026-07-11","Pediatrics","quantile","0.8",460
"Regular Baseline","2026-06-20",3,"2026-07-11","Pediatrics","quantile","0.85",487
"Regular Baseline","2026-06-20",3,"2026-07-11","Pediatrics","quantile","0.9",523
"Regular Baseline","2026-06-20",3,"2026-07-11","Pediatrics","quantile","0.95",580
"Regular Baseline","2026-06-20",3,"2026-07-11","Pediatrics","quantile","0.975",626
"Regular Baseline","2026-06-20",3,"2026-07-11","Pediatrics","quantile","0.99",688
"Seasonal Baseline","2026-06-20",-2,"2026-06-06","Adults","quantile","0.01",85
"Seasonal Baseline","2026-06-20",-2,"2026-06-06","Adults","quantile","0.025",102
"Seasonal Baseline","2026-06-20",-2,"2026-06-06","Adults","quantile","0.05",119
"Seasonal Baseline","2026-06-20",-2,"2026-06-06","Adults","quantile","0.1",146
"Seasonal Baseline","2026-06-20",-2,"2026-06-06","Adults","quantile","0.15",168
"Seasonal Baseline","2026-06-20",-2,"2026-06-06","Adults","quantile","0.2",186
"Seasonal Baseline","2026-06-20",-2,"2026-06-06","Adults","quantile","0.25",202
"Seasonal Baseline","2026-06-20",-2,"2026-06-06","Adults","quantile","0.3",220
"Seasonal Baseline","2026-06-20",-2,"2026-06-06","Adults","quantile","0.35",238
"Seasonal Baseline","2026-06-20",-2,"2026-06-06","Adults","quantile","0.4",257
"Seasonal Baseline","2026-06-20",-2,"2026-06-06","Adults","quantile","0.45",273
"Seasonal Baseline","2026-06-20",-2,"2026-06-06","Adults","quantile","0.5",293
"Seasonal Baseline","2026-06-20",-2,"2026-06-06","Adults","quantile","0.55",314
"Seasonal Baseline","2026-06-20",-2,"2026-06-06","Adults","quantile","0.6",336
"Seasonal Baseline","2026-06-20",-2,"2026-06-06","Adults","quantile","0.65",361
"Seasonal Baseline","2026-06-20",-2,"2026-06-06","Adults","quantile","0.7",390
"Seasonal Baseline","2026-06-20",-2,"2026-06-06","Adults","quantile","0.75",422
"Seasonal Baseline","2026-06-20",-2,"2026-06-06","Adults","quantile","0.8",465
"Seasonal Baseline","2026-06-20",-2,"2026-06-06","Adults","quantile","0.85",518
"Seasonal Baseline","2026-06-20",-2,"2026-06-06","Adults","quantile","0.9",592
"Seasonal Baseline","2026-06-20",-2,"2026-06-06","Adults","quantile","0.95",719
"Seasonal Baseline","2026-06-20",-2,"2026-06-06","Adults","quantile","0.975",853
"Seasonal Baseline","2026-06-20",-2,"2026-06-06","Adults","quantile","0.99",1046
"Seasonal Baseline","2026-06-20",-1,"2026-06-13","Adults","quantile","0.01",91
"Seasonal Baseline","2026-06-20",-1,"2026-06-13","Adults","quantile","0.025",110
"Seasonal Baseline","2026-06-20",-1,"2026-06-13","Adults","quantile","0.05",130
"Seasonal Baseline","2026-06-20",-1,"2026-06-13","Adults","quantile","0.1",161
"Seasonal Baseline","2026-06-20",-1,"2026-06-13","Adults","quantile","0.15",183
"Seasonal Baseline","2026-06-20",-1,"2026-06-13","Adults","quantile","0.2",204
"Seasonal Baseline","2026-06-20",-1,"2026-06-13","Adults","quantile","0.25",225
"Seasonal Baseline","2026-06-20",-1,"2026-06-13","Adults","quantile","0.3",244
"Seasonal Baseline","2026-06-20",-1,"2026-06-13","Adults","quantile","0.35",261
"Seasonal Baseline","2026-06-20",-1,"2026-06-13","Adults","quantile","0.4",281
"Seasonal Baseline","2026-06-20",-1,"2026-06-13","Adults","quantile","0.45",301
"Seasonal Baseline","2026-06-20",-1,"2026-06-13","Adults","quantile","0.5",321
"Seasonal Baseline","2026-06-20",-1,"2026-06-13","Adults","quantile","0.55",344
"Seasonal Baseline","2026-06-20",-1,"2026-06-13","Adults","quantile","0.6",370
"Seasonal Baseline","2026-06-20",-1,"2026-06-13","Adults","quantile","0.65",397
"Seasonal Baseline","2026-06-20",-1,"2026-06-13","Adults","quantile","0.7",429
"Seasonal Baseline","2026-06-20",-1,"2026-06-13","Adults","quantile","0.75",462
"Seasonal Baseline","2026-06-20",-1,"2026-06-13","Adults","quantile","0.8",507
"Seasonal Baseline","2026-06-20",-1,"2026-06-13","Adults","quantile","0.85",560
"Seasonal Baseline","2026-06-20",-1,"2026-06-13","Adults","quantile","0.9",647
"Seasonal Baseline","2026-06-20",-1,"2026-06-13","Adults","quantile","0.95",785
"Seasonal Baseline","2026-06-20",-1,"2026-06-13","Adults","quantile","0.975",924
"Seasonal Baseline","2026-06-20",-1,"2026-06-13","Adults","quantile","0.99",1138
"Seasonal Baseline","2026-06-20",0,"2026-06-20","Adults","quantile","0.01",90
"Seasonal Baseline","2026-06-20",0,"2026-06-20","Adults","quantile","0.025",113
"Seasonal Baseline","2026-06-20",0,"2026-06-20","Adults","quantile","0.05",135
"Seasonal Baseline","2026-06-20",0,"2026-06-20","Adults","quantile","0.1",166
"Seasonal Baseline","2026-06-20",0,"2026-06-20","Adults","quantile","0.15",189
"Seasonal Baseline","2026-06-20",0,"2026-06-20","Adults","quantile","0.2",209
"Seasonal Baseline","2026-06-20",0,"2026-06-20","Adults","quantile","0.25",231
"Seasonal Baseline","2026-06-20",0,"2026-06-20","Adults","quantile","0.3",251
"Seasonal Baseline","2026-06-20",0,"2026-06-20","Adults","quantile","0.35",272
"Seasonal Baseline","2026-06-20",0,"2026-06-20","Adults","quantile","0.4",290
"Seasonal Baseline","2026-06-20",0,"2026-06-20","Adults","quantile","0.45",310
"Seasonal Baseline","2026-06-20",0,"2026-06-20","Adults","quantile","0.5",332
"Seasonal Baseline","2026-06-20",0,"2026-06-20","Adults","quantile","0.55",356
"Seasonal Baseline","2026-06-20",0,"2026-06-20","Adults","quantile","0.6",382
"Seasonal Baseline","2026-06-20",0,"2026-06-20","Adults","quantile","0.65",410
"Seasonal Baseline","2026-06-20",0,"2026-06-20","Adults","quantile","0.7",444
"Seasonal Baseline","2026-06-20",0,"2026-06-20","Adults","quantile","0.75",480
"Seasonal Baseline","2026-06-20",0,"2026-06-20","Adults","quantile","0.8",527
"Seasonal Baseline","2026-06-20",0,"2026-06-20","Adults","quantile","0.85",582
"Seasonal Baseline","2026-06-20",0,"2026-06-20","Adults","quantile","0.9",666
"Seasonal Baseline","2026-06-20",0,"2026-06-20","Adults","quantile","0.95",802
"Seasonal Baseline","2026-06-20",0,"2026-06-20","Adults","quantile","0.975",941
"Seasonal Baseline","2026-06-20",0,"2026-06-20","Adults","quantile","0.99",1146
"Seasonal Baseline","2026-06-20",1,"2026-06-27","Adults","quantile","0.01",95
"Seasonal Baseline","2026-06-20",1,"2026-06-27","Adults","quantile","0.025",117
"Seasonal Baseline","2026-06-20",1,"2026-06-27","Adults","quantile","0.05",139
"Seasonal Baseline","2026-06-20",1,"2026-06-27","Adults","quantile","0.1",168
"Seasonal Baseline","2026-06-20",1,"2026-06-27","Adults","quantile","0.15",193
"Seasonal Baseline","2026-06-20",1,"2026-06-27","Adults","quantile","0.2",214
"Seasonal Baseline","2026-06-20",1,"2026-06-27","Adults","quantile","0.25",234
"Seasonal Baseline","2026-06-20",1,"2026-06-27","Adults","quantile","0.3",254
"Seasonal Baseline","2026-06-20",1,"2026-06-27","Adults","quantile","0.35",276
"Seasonal Baseline","2026-06-20",1,"2026-06-27","Adults","quantile","0.4",296
"Seasonal Baseline","2026-06-20",1,"2026-06-27","Adults","quantile","0.45",317
"Seasonal Baseline","2026-06-20",1,"2026-06-27","Adults","quantile","0.5",339
"Seasonal Baseline","2026-06-20",1,"2026-06-27","Adults","quantile","0.55",362
"Seasonal Baseline","2026-06-20",1,"2026-06-27","Adults","quantile","0.6",387
"Seasonal Baseline","2026-06-20",1,"2026-06-27","Adults","quantile","0.65",415
"Seasonal Baseline","2026-06-20",1,"2026-06-27","Adults","quantile","0.7",450
"Seasonal Baseline","2026-06-20",1,"2026-06-27","Adults","quantile","0.75",487
"Seasonal Baseline","2026-06-20",1,"2026-06-27","Adults","quantile","0.8",533
"Seasonal Baseline","2026-06-20",1,"2026-06-27","Adults","quantile","0.85",591
"Seasonal Baseline","2026-06-20",1,"2026-06-27","Adults","quantile","0.9",672
"Seasonal Baseline","2026-06-20",1,"2026-06-27","Adults","quantile","0.95",808
"Seasonal Baseline","2026-06-20",1,"2026-06-27","Adults","quantile","0.975",961
"Seasonal Baseline","2026-06-20",1,"2026-06-27","Adults","quantile","0.99",1150
"Seasonal Baseline","2026-06-20",2,"2026-07-04","Adults","quantile","0.01",94
"Seasonal Baseline","2026-06-20",2,"2026-07-04","Adults","quantile","0.025",116
"Seasonal Baseline","2026-06-20",2,"2026-07-04","Adults","quantile","0.05",137
"Seasonal Baseline","2026-06-20",2,"2026-07-04","Adults","quantile","0.1",165
"Seasonal Baseline","2026-06-20",2,"2026-07-04","Adults","quantile","0.15",189
"Seasonal Baseline","2026-06-20",2,"2026-07-04","Adults","quantile","0.2",210
"Seasonal Baseline","2026-06-20",2,"2026-07-04","Adults","quantile","0.25",230
"Seasonal Baseline","2026-06-20",2,"2026-07-04","Adults","quantile","0.3",250
"Seasonal Baseline","2026-06-20",2,"2026-07-04","Adults","quantile","0.35",269
"Seasonal Baseline","2026-06-20",2,"2026-07-04","Adults","quantile","0.4",288
"Seasonal Baseline","2026-06-20",2,"2026-07-04","Adults","quantile","0.45",309
"Seasonal Baseline","2026-06-20",2,"2026-07-04","Adults","quantile","0.5",331
"Seasonal Baseline","2026-06-20",2,"2026-07-04","Adults","quantile","0.55",353
"Seasonal Baseline","2026-06-20",2,"2026-07-04","Adults","quantile","0.6",379
"Seasonal Baseline","2026-06-20",2,"2026-07-04","Adults","quantile","0.65",408
"Seasonal Baseline","2026-06-20",2,"2026-07-04","Adults","quantile","0.7",441
"Seasonal Baseline","2026-06-20",2,"2026-07-04","Adults","quantile","0.75",479
"Seasonal Baseline","2026-06-20",2,"2026-07-04","Adults","quantile","0.8",524
"Seasonal Baseline","2026-06-20",2,"2026-07-04","Adults","quantile","0.85",580
"Seasonal Baseline","2026-06-20",2,"2026-07-04","Adults","quantile","0.9",661
"Seasonal Baseline","2026-06-20",2,"2026-07-04","Adults","quantile","0.95",807
"Seasonal Baseline","2026-06-20",2,"2026-07-04","Adults","quantile","0.975",967
"Seasonal Baseline","2026-06-20",2,"2026-07-04","Adults","quantile","0.99",1193
"Seasonal Baseline","2026-06-20",3,"2026-07-11","Adults","quantile","0.01",93
"Seasonal Baseline","2026-06-20",3,"2026-07-11","Adults","quantile","0.025",111
"Seasonal Baseline","2026-06-20",3,"2026-07-11","Adults","quantile","0.05",132
"Seasonal Baseline","2026-06-20",3,"2026-07-11","Adults","quantile","0.1",160
"Seasonal Baseline","2026-06-20",3,"2026-07-11","Adults","quantile","0.15",183
"Seasonal Baseline","2026-06-20",3,"2026-07-11","Adults","quantile","0.2",203
"Seasonal Baseline","2026-06-20",3,"2026-07-11","Adults","quantile","0.25",222
"Seasonal Baseline","2026-06-20",3,"2026-07-11","Adults","quantile","0.3",241
"Seasonal Baseline","2026-06-20",3,"2026-07-11","Adults","quantile","0.35",259
"Seasonal Baseline","2026-06-20",3,"2026-07-11","Adults","quantile","0.4",278
"Seasonal Baseline","2026-06-20",3,"2026-07-11","Adults","quantile","0.45",298
"Seasonal Baseline","2026-06-20",3,"2026-07-11","Adults","quantile","0.5",318
"Seasonal Baseline","2026-06-20",3,"2026-07-11","Adults","quantile","0.55",341
"Seasonal Baseline","2026-06-20",3,"2026-07-11","Adults","quantile","0.6",365
"Seasonal Baseline","2026-06-20",3,"2026-07-11","Adults","quantile","0.65",392
"Seasonal Baseline","2026-06-20",3,"2026-07-11","Adults","quantile","0.7",424
"Seasonal Baseline","2026-06-20",3,"2026-07-11","Adults","quantile","0.75",457
"Seasonal Baseline","2026-06-20",3,"2026-07-11","Adults","quantile","0.8",503
"Seasonal Baseline","2026-06-20",3,"2026-07-11","Adults","quantile","0.85",557
"Seasonal Baseline","2026-06-20",3,"2026-07-11","Adults","quantile","0.9",633
"Seasonal Baseline","2026-06-20",3,"2026-07-11","Adults","quantile","0.95",767
"Seasonal Baseline","2026-06-20",3,"2026-07-11","Adults","quantile","0.975",897
"Seasonal Baseline","2026-06-20",3,"2026-07-11","Adults","quantile","0.99",1096
"Seasonal Baseline","2026-06-20",-2,"2026-06-06","Overall","quantile","0.01",293
"Seasonal Baseline","2026-06-20",-2,"2026-06-06","Overall","quantile","0.025",339
"Seasonal Baseline","2026-06-20",-2,"2026-06-06","Overall","quantile","0.05",384
"Seasonal Baseline","2026-06-20",-2,"2026-06-06","Overall","quantile","0.1",441
"Seasonal Baseline","2026-06-20",-2,"2026-06-06","Overall","quantile","0.15",480
"Seasonal Baseline","2026-06-20",-2,"2026-06-06","Overall","quantile","0.2",519
"Seasonal Baseline","2026-06-20",-2,"2026-06-06","Overall","quantile","0.25",556
"Seasonal Baseline","2026-06-20",-2,"2026-06-06","Overall","quantile","0.3",591
"Seasonal Baseline","2026-06-20",-2,"2026-06-06","Overall","quantile","0.35",628
"Seasonal Baseline","2026-06-20",-2,"2026-06-06","Overall","quantile","0.4",663
"Seasonal Baseline","2026-06-20",-2,"2026-06-06","Overall","quantile","0.45",700
"Seasonal Baseline","2026-06-20",-2,"2026-06-06","Overall","quantile","0.5",738
"Seasonal Baseline","2026-06-20",-2,"2026-06-06","Overall","quantile","0.55",777
"Seasonal Baseline","2026-06-20",-2,"2026-06-06","Overall","quantile","0.6",817
"Seasonal Baseline","2026-06-20",-2,"2026-06-06","Overall","quantile","0.65",864
"Seasonal Baseline","2026-06-20",-2,"2026-06-06","Overall","quantile","0.7",914
"Seasonal Baseline","2026-06-20",-2,"2026-06-06","Overall","quantile","0.75",969
"Seasonal Baseline","2026-06-20",-2,"2026-06-06","Overall","quantile","0.8",1042
"Seasonal Baseline","2026-06-20",-2,"2026-06-06","Overall","quantile","0.85",1130
"Seasonal Baseline","2026-06-20",-2,"2026-06-06","Overall","quantile","0.9",1251
"Seasonal Baseline","2026-06-20",-2,"2026-06-06","Overall","quantile","0.95",1442
"Seasonal Baseline","2026-06-20",-2,"2026-06-06","Overall","quantile","0.975",1651
"Seasonal Baseline","2026-06-20",-2,"2026-06-06","Overall","quantile","0.99",1888
"Seasonal Baseline","2026-06-20",-1,"2026-06-13","Overall","quantile","0.01",307
"Seasonal Baseline","2026-06-20",-1,"2026-06-13","Overall","quantile","0.025",360
"Seasonal Baseline","2026-06-20",-1,"2026-06-13","Overall","quantile","0.05",403
"Seasonal Baseline","2026-06-20",-1,"2026-06-13","Overall","quantile","0.1",469
"Seasonal Baseline","2026-06-20",-1,"2026-06-13","Overall","quantile","0.15",517
"Seasonal Baseline","2026-06-20",-1,"2026-06-13","Overall","quantile","0.2",558
"Seasonal Baseline","2026-06-20",-1,"2026-06-13","Overall","quantile","0.25",598
"Seasonal Baseline","2026-06-20",-1,"2026-06-13","Overall","quantile","0.3",642
"Seasonal Baseline","2026-06-20",-1,"2026-06-13","Overall","quantile","0.35",677
"Seasonal Baseline","2026-06-20",-1,"2026-06-13","Overall","quantile","0.4",715
"Seasonal Baseline","2026-06-20",-1,"2026-06-13","Overall","quantile","0.45",753
"Seasonal Baseline","2026-06-20",-1,"2026-06-13","Overall","quantile","0.5",790
"Seasonal Baseline","2026-06-20",-1,"2026-06-13","Overall","quantile","0.55",830
"Seasonal Baseline","2026-06-20",-1,"2026-06-13","Overall","quantile","0.6",873
"Seasonal Baseline","2026-06-20",-1,"2026-06-13","Overall","quantile","0.65",921
"Seasonal Baseline","2026-06-20",-1,"2026-06-13","Overall","quantile","0.7",977
"Seasonal Baseline","2026-06-20",-1,"2026-06-13","Overall","quantile","0.75",1041
"Seasonal Baseline","2026-06-20",-1,"2026-06-13","Overall","quantile","0.8",1114
"Seasonal Baseline","2026-06-20",-1,"2026-06-13","Overall","quantile","0.85",1213
"Seasonal Baseline","2026-06-20",-1,"2026-06-13","Overall","quantile","0.9",1344
"Seasonal Baseline","2026-06-20",-1,"2026-06-13","Overall","quantile","0.95",1563
"Seasonal Baseline","2026-06-20",-1,"2026-06-13","Overall","quantile","0.975",1783
"Seasonal Baseline","2026-06-20",-1,"2026-06-13","Overall","quantile","0.99",2070
"Seasonal Baseline","2026-06-20",0,"2026-06-20","Overall","quantile","0.01",312
"Seasonal Baseline","2026-06-20",0,"2026-06-20","Overall","quantile","0.025",367
"Seasonal Baseline","2026-06-20",0,"2026-06-20","Overall","quantile","0.05",420
"Seasonal Baseline","2026-06-20",0,"2026-06-20","Overall","quantile","0.1",489
"Seasonal Baseline","2026-06-20",0,"2026-06-20","Overall","quantile","0.15",537
"Seasonal Baseline","2026-06-20",0,"2026-06-20","Overall","quantile","0.2",584
"Seasonal Baseline","2026-06-20",0,"2026-06-20","Overall","quantile","0.25",626
"Seasonal Baseline","2026-06-20",0,"2026-06-20","Overall","quantile","0.3",667
"Seasonal Baseline","2026-06-20",0,"2026-06-20","Overall","quantile","0.35",704
"Seasonal Baseline","2026-06-20",0,"2026-06-20","Overall","quantile","0.4",744
"Seasonal Baseline","2026-06-20",0,"2026-06-20","Overall","quantile","0.45",783
"Seasonal Baseline","2026-06-20",0,"2026-06-20","Overall","quantile","0.5",823
"Seasonal Baseline","2026-06-20",0,"2026-06-20","Overall","quantile","0.55",864
"Seasonal Baseline","2026-06-20",0,"2026-06-20","Overall","quantile","0.6",913
"Seasonal Baseline","2026-06-20",0,"2026-06-20","Overall","quantile","0.65",964
"Seasonal Baseline","2026-06-20",0,"2026-06-20","Overall","quantile","0.7",1020
"Seasonal Baseline","2026-06-20",0,"2026-06-20","Overall","quantile","0.75",1089
"Seasonal Baseline","2026-06-20",0,"2026-06-20","Overall","quantile","0.8",1164
"Seasonal Baseline","2026-06-20",0,"2026-06-20","Overall","quantile","0.85",1251
"Seasonal Baseline","2026-06-20",0,"2026-06-20","Overall","quantile","0.9",1379
"Seasonal Baseline","2026-06-20",0,"2026-06-20","Overall","quantile","0.95",1607
"Seasonal Baseline","2026-06-20",0,"2026-06-20","Overall","quantile","0.975",1824
"Seasonal Baseline","2026-06-20",0,"2026-06-20","Overall","quantile","0.99",2143
"Seasonal Baseline","2026-06-20",1,"2026-06-27","Overall","quantile","0.01",324
"Seasonal Baseline","2026-06-20",1,"2026-06-27","Overall","quantile","0.025",375
"Seasonal Baseline","2026-06-20",1,"2026-06-27","Overall","quantile","0.05",428
"Seasonal Baseline","2026-06-20",1,"2026-06-27","Overall","quantile","0.1",494
"Seasonal Baseline","2026-06-20",1,"2026-06-27","Overall","quantile","0.15",546
"Seasonal Baseline","2026-06-20",1,"2026-06-27","Overall","quantile","0.2",588
"Seasonal Baseline","2026-06-20",1,"2026-06-27","Overall","quantile","0.25",629
"Seasonal Baseline","2026-06-20",1,"2026-06-27","Overall","quantile","0.3",670
"Seasonal Baseline","2026-06-20",1,"2026-06-27","Overall","quantile","0.35",712
"Seasonal Baseline","2026-06-20",1,"2026-06-27","Overall","quantile","0.4",752
"Seasonal Baseline","2026-06-20",1,"2026-06-27","Overall","quantile","0.45",792
"Seasonal Baseline","2026-06-20",1,"2026-06-27","Overall","quantile","0.5",835
"Seasonal Baseline","2026-06-20",1,"2026-06-27","Overall","quantile","0.55",881
"Seasonal Baseline","2026-06-20",1,"2026-06-27","Overall","quantile","0.6",929
"Seasonal Baseline","2026-06-20",1,"2026-06-27","Overall","quantile","0.65",980
"Seasonal Baseline","2026-06-20",1,"2026-06-27","Overall","quantile","0.7",1039
"Seasonal Baseline","2026-06-20",1,"2026-06-27","Overall","quantile","0.75",1106
"Seasonal Baseline","2026-06-20",1,"2026-06-27","Overall","quantile","0.8",1184
"Seasonal Baseline","2026-06-20",1,"2026-06-27","Overall","quantile","0.85",1283
"Seasonal Baseline","2026-06-20",1,"2026-06-27","Overall","quantile","0.9",1412
"Seasonal Baseline","2026-06-20",1,"2026-06-27","Overall","quantile","0.95",1649
"Seasonal Baseline","2026-06-20",1,"2026-06-27","Overall","quantile","0.975",1876
"Seasonal Baseline","2026-06-20",1,"2026-06-27","Overall","quantile","0.99",2172
"Seasonal Baseline","2026-06-20",2,"2026-07-04","Overall","quantile","0.01",318
"Seasonal Baseline","2026-06-20",2,"2026-07-04","Overall","quantile","0.025",368
"Seasonal Baseline","2026-06-20",2,"2026-07-04","Overall","quantile","0.05",419
"Seasonal Baseline","2026-06-20",2,"2026-07-04","Overall","quantile","0.1",485
"Seasonal Baseline","2026-06-20",2,"2026-07-04","Overall","quantile","0.15",538
"Seasonal Baseline","2026-06-20",2,"2026-07-04","Overall","quantile","0.2",579
"Seasonal Baseline","2026-06-20",2,"2026-07-04","Overall","quantile","0.25",624
"Seasonal Baseline","2026-06-20",2,"2026-07-04","Overall","quantile","0.3",662
"Seasonal Baseline","2026-06-20",2,"2026-07-04","Overall","quantile","0.35",698
"Seasonal Baseline","2026-06-20",2,"2026-07-04","Overall","quantile","0.4",738
"Seasonal Baseline","2026-06-20",2,"2026-07-04","Overall","quantile","0.45",776
"Seasonal Baseline","2026-06-20",2,"2026-07-04","Overall","quantile","0.5",817
"Seasonal Baseline","2026-06-20",2,"2026-07-04","Overall","quantile","0.55",860
"Seasonal Baseline","2026-06-20",2,"2026-07-04","Overall","quantile","0.6",907
"Seasonal Baseline","2026-06-20",2,"2026-07-04","Overall","quantile","0.65",957
"Seasonal Baseline","2026-06-20",2,"2026-07-04","Overall","quantile","0.7",1017
"Seasonal Baseline","2026-06-20",2,"2026-07-04","Overall","quantile","0.75",1082
"Seasonal Baseline","2026-06-20",2,"2026-07-04","Overall","quantile","0.8",1154
"Seasonal Baseline","2026-06-20",2,"2026-07-04","Overall","quantile","0.85",1250
"Seasonal Baseline","2026-06-20",2,"2026-07-04","Overall","quantile","0.9",1380
"Seasonal Baseline","2026-06-20",2,"2026-07-04","Overall","quantile","0.95",1621
"Seasonal Baseline","2026-06-20",2,"2026-07-04","Overall","quantile","0.975",1846
"Seasonal Baseline","2026-06-20",2,"2026-07-04","Overall","quantile","0.99",2122
"Seasonal Baseline","2026-06-20",3,"2026-07-11","Overall","quantile","0.01",306
"Seasonal Baseline","2026-06-20",3,"2026-07-11","Overall","quantile","0.025",355
"Seasonal Baseline","2026-06-20",3,"2026-07-11","Overall","quantile","0.05",403
"Seasonal Baseline","2026-06-20",3,"2026-07-11","Overall","quantile","0.1",469
"Seasonal Baseline","2026-06-20",3,"2026-07-11","Overall","quantile","0.15",520
"Seasonal Baseline","2026-06-20",3,"2026-07-11","Overall","quantile","0.2",562
"Seasonal Baseline","2026-06-20",3,"2026-07-11","Overall","quantile","0.25",602
"Seasonal Baseline","2026-06-20",3,"2026-07-11","Overall","quantile","0.3",639
"Seasonal Baseline","2026-06-20",3,"2026-07-11","Overall","quantile","0.35",675
"Seasonal Baseline","2026-06-20",3,"2026-07-11","Overall","quantile","0.4",713
"Seasonal Baseline","2026-06-20",3,"2026-07-11","Overall","quantile","0.45",751
"Seasonal Baseline","2026-06-20",3,"2026-07-11","Overall","quantile","0.5",791
"Seasonal Baseline","2026-06-20",3,"2026-07-11","Overall","quantile","0.55",833
"Seasonal Baseline","2026-06-20",3,"2026-07-11","Overall","quantile","0.6",880
"Seasonal Baseline","2026-06-20",3,"2026-07-11","Overall","quantile","0.65",928
"Seasonal Baseline","2026-06-20",3,"2026-07-11","Overall","quantile","0.7",982
"Seasonal Baseline","2026-06-20",3,"2026-07-11","Overall","quantile","0.75",1043
"Seasonal Baseline","2026-06-20",3,"2026-07-11","Overall","quantile","0.8",1114
"Seasonal Baseline","2026-06-20",3,"2026-07-11","Overall","quantile","0.85",1215
"Seasonal Baseline","2026-06-20",3,"2026-07-11","Overall","quantile","0.9",1352
"Seasonal Baseline","2026-06-20",3,"2026-07-11","Overall","quantile","0.95",1562
"Seasonal Baseline","2026-06-20",3,"2026-07-11","Overall","quantile","0.975",1785
"Seasonal Baseline","2026-06-20",3,"2026-07-11","Overall","quantile","0.99",2112
"Seasonal Baseline","2026-06-20",-2,"2026-06-06","Pediatrics","quantile","0.01",217
"Seasonal Baseline","2026-06-20",-2,"2026-06-06","Pediatrics","quantile","0.025",244
"Seasonal Baseline","2026-06-20",-2,"2026-06-06","Pediatrics","quantile","0.05",270
"Seasonal Baseline","2026-06-20",-2,"2026-06-06","Pediatrics","quantile","0.1",302
"Seasonal Baseline","2026-06-20",-2,"2026-06-06","Pediatrics","quantile","0.15",326
"Seasonal Baseline","2026-06-20",-2,"2026-06-06","Pediatrics","quantile","0.2",346
"Seasonal Baseline","2026-06-20",-2,"2026-06-06","Pediatrics","quantile","0.25",363
"Seasonal Baseline","2026-06-20",-2,"2026-06-06","Pediatrics","quantile","0.3",380
"Seasonal Baseline","2026-06-20",-2,"2026-06-06","Pediatrics","quantile","0.35",397
"Seasonal Baseline","2026-06-20",-2,"2026-06-06","Pediatrics","quantile","0.4",412
"Seasonal Baseline","2026-06-20",-2,"2026-06-06","Pediatrics","quantile","0.45",428
"Seasonal Baseline","2026-06-20",-2,"2026-06-06","Pediatrics","quantile","0.5",445
"Seasonal Baseline","2026-06-20",-2,"2026-06-06","Pediatrics","quantile","0.55",463
"Seasonal Baseline","2026-06-20",-2,"2026-06-06","Pediatrics","quantile","0.6",481
"Seasonal Baseline","2026-06-20",-2,"2026-06-06","Pediatrics","quantile","0.65",501
"Seasonal Baseline","2026-06-20",-2,"2026-06-06","Pediatrics","quantile","0.7",524
"Seasonal Baseline","2026-06-20",-2,"2026-06-06","Pediatrics","quantile","0.75",547
"Seasonal Baseline","2026-06-20",-2,"2026-06-06","Pediatrics","quantile","0.8",576
"Seasonal Baseline","2026-06-20",-2,"2026-06-06","Pediatrics","quantile","0.85",611
"Seasonal Baseline","2026-06-20",-2,"2026-06-06","Pediatrics","quantile","0.9",662
"Seasonal Baseline","2026-06-20",-2,"2026-06-06","Pediatrics","quantile","0.95",742
"Seasonal Baseline","2026-06-20",-2,"2026-06-06","Pediatrics","quantile","0.975",824
"Seasonal Baseline","2026-06-20",-2,"2026-06-06","Pediatrics","quantile","0.99",912
"Seasonal Baseline","2026-06-20",-1,"2026-06-13","Pediatrics","quantile","0.01",239
"Seasonal Baseline","2026-06-20",-1,"2026-06-13","Pediatrics","quantile","0.025",263
"Seasonal Baseline","2026-06-20",-1,"2026-06-13","Pediatrics","quantile","0.05",290
"Seasonal Baseline","2026-06-20",-1,"2026-06-13","Pediatrics","quantile","0.1",323
"Seasonal Baseline","2026-06-20",-1,"2026-06-13","Pediatrics","quantile","0.15",349
"Seasonal Baseline","2026-06-20",-1,"2026-06-13","Pediatrics","quantile","0.2",370
"Seasonal Baseline","2026-06-20",-1,"2026-06-13","Pediatrics","quantile","0.25",390
"Seasonal Baseline","2026-06-20",-1,"2026-06-13","Pediatrics","quantile","0.3",409
"Seasonal Baseline","2026-06-20",-1,"2026-06-13","Pediatrics","quantile","0.35",427
"Seasonal Baseline","2026-06-20",-1,"2026-06-13","Pediatrics","quantile","0.4",443
"Seasonal Baseline","2026-06-20",-1,"2026-06-13","Pediatrics","quantile","0.45",462
"Seasonal Baseline","2026-06-20",-1,"2026-06-13","Pediatrics","quantile","0.5",480
"Seasonal Baseline","2026-06-20",-1,"2026-06-13","Pediatrics","quantile","0.55",498
"Seasonal Baseline","2026-06-20",-1,"2026-06-13","Pediatrics","quantile","0.6",517
"Seasonal Baseline","2026-06-20",-1,"2026-06-13","Pediatrics","quantile","0.65",538
"Seasonal Baseline","2026-06-20",-1,"2026-06-13","Pediatrics","quantile","0.7",559
"Seasonal Baseline","2026-06-20",-1,"2026-06-13","Pediatrics","quantile","0.75",584
"Seasonal Baseline","2026-06-20",-1,"2026-06-13","Pediatrics","quantile","0.8",618
"Seasonal Baseline","2026-06-20",-1,"2026-06-13","Pediatrics","quantile","0.85",654
"Seasonal Baseline","2026-06-20",-1,"2026-06-13","Pediatrics","quantile","0.9",709
"Seasonal Baseline","2026-06-20",-1,"2026-06-13","Pediatrics","quantile","0.95",794
"Seasonal Baseline","2026-06-20",-1,"2026-06-13","Pediatrics","quantile","0.975",876
"Seasonal Baseline","2026-06-20",-1,"2026-06-13","Pediatrics","quantile","0.99",973
"Seasonal Baseline","2026-06-20",0,"2026-06-20","Pediatrics","quantile","0.01",246
"Seasonal Baseline","2026-06-20",0,"2026-06-20","Pediatrics","quantile","0.025",272
"Seasonal Baseline","2026-06-20",0,"2026-06-20","Pediatrics","quantile","0.05",298
"Seasonal Baseline","2026-06-20",0,"2026-06-20","Pediatrics","quantile","0.1",334
"Seasonal Baseline","2026-06-20",0,"2026-06-20","Pediatrics","quantile","0.15",361
"Seasonal Baseline","2026-06-20",0,"2026-06-20","Pediatrics","quantile","0.2",384
"Seasonal Baseline","2026-06-20",0,"2026-06-20","Pediatrics","quantile","0.25",403
"Seasonal Baseline","2026-06-20",0,"2026-06-20","Pediatrics","quantile","0.3",421
"Seasonal Baseline","2026-06-20",0,"2026-06-20","Pediatrics","quantile","0.35",439
"Seasonal Baseline","2026-06-20",0,"2026-06-20","Pediatrics","quantile","0.4",458
"Seasonal Baseline","2026-06-20",0,"2026-06-20","Pediatrics","quantile","0.45",474
"Seasonal Baseline","2026-06-20",0,"2026-06-20","Pediatrics","quantile","0.5",492
"Seasonal Baseline","2026-06-20",0,"2026-06-20","Pediatrics","quantile","0.55",510
"Seasonal Baseline","2026-06-20",0,"2026-06-20","Pediatrics","quantile","0.6",529
"Seasonal Baseline","2026-06-20",0,"2026-06-20","Pediatrics","quantile","0.65",552
"Seasonal Baseline","2026-06-20",0,"2026-06-20","Pediatrics","quantile","0.7",574
"Seasonal Baseline","2026-06-20",0,"2026-06-20","Pediatrics","quantile","0.75",601
"Seasonal Baseline","2026-06-20",0,"2026-06-20","Pediatrics","quantile","0.8",634
"Seasonal Baseline","2026-06-20",0,"2026-06-20","Pediatrics","quantile","0.85",675
"Seasonal Baseline","2026-06-20",0,"2026-06-20","Pediatrics","quantile","0.9",725
"Seasonal Baseline","2026-06-20",0,"2026-06-20","Pediatrics","quantile","0.95",805
"Seasonal Baseline","2026-06-20",0,"2026-06-20","Pediatrics","quantile","0.975",889
"Seasonal Baseline","2026-06-20",0,"2026-06-20","Pediatrics","quantile","0.99",1000
"Seasonal Baseline","2026-06-20",1,"2026-06-27","Pediatrics","quantile","0.01",242
"Seasonal Baseline","2026-06-20",1,"2026-06-27","Pediatrics","quantile","0.025",268
"Seasonal Baseline","2026-06-20",1,"2026-06-27","Pediatrics","quantile","0.05",295
"Seasonal Baseline","2026-06-20",1,"2026-06-27","Pediatrics","quantile","0.1",328
"Seasonal Baseline","2026-06-20",1,"2026-06-27","Pediatrics","quantile","0.15",356
"Seasonal Baseline","2026-06-20",1,"2026-06-27","Pediatrics","quantile","0.2",377
"Seasonal Baseline","2026-06-20",1,"2026-06-27","Pediatrics","quantile","0.25",396
"Seasonal Baseline","2026-06-20",1,"2026-06-27","Pediatrics","quantile","0.3",414
"Seasonal Baseline","2026-06-20",1,"2026-06-27","Pediatrics","quantile","0.35",432
"Seasonal Baseline","2026-06-20",1,"2026-06-27","Pediatrics","quantile","0.4",450
"Seasonal Baseline","2026-06-20",1,"2026-06-27","Pediatrics","quantile","0.45",468
"Seasonal Baseline","2026-06-20",1,"2026-06-27","Pediatrics","quantile","0.5",488
"Seasonal Baseline","2026-06-20",1,"2026-06-27","Pediatrics","quantile","0.55",508
"Seasonal Baseline","2026-06-20",1,"2026-06-27","Pediatrics","quantile","0.6",526
"Seasonal Baseline","2026-06-20",1,"2026-06-27","Pediatrics","quantile","0.65",546
"Seasonal Baseline","2026-06-20",1,"2026-06-27","Pediatrics","quantile","0.7",569
"Seasonal Baseline","2026-06-20",1,"2026-06-27","Pediatrics","quantile","0.75",596
"Seasonal Baseline","2026-06-20",1,"2026-06-27","Pediatrics","quantile","0.8",629
"Seasonal Baseline","2026-06-20",1,"2026-06-27","Pediatrics","quantile","0.85",670
"Seasonal Baseline","2026-06-20",1,"2026-06-27","Pediatrics","quantile","0.9",719
"Seasonal Baseline","2026-06-20",1,"2026-06-27","Pediatrics","quantile","0.95",807
"Seasonal Baseline","2026-06-20",1,"2026-06-27","Pediatrics","quantile","0.975",891
"Seasonal Baseline","2026-06-20",1,"2026-06-27","Pediatrics","quantile","0.99",987
"Seasonal Baseline","2026-06-20",2,"2026-07-04","Pediatrics","quantile","0.01",237
"Seasonal Baseline","2026-06-20",2,"2026-07-04","Pediatrics","quantile","0.025",263
"Seasonal Baseline","2026-06-20",2,"2026-07-04","Pediatrics","quantile","0.05",290
"Seasonal Baseline","2026-06-20",2,"2026-07-04","Pediatrics","quantile","0.1",323
"Seasonal Baseline","2026-06-20",2,"2026-07-04","Pediatrics","quantile","0.15",346
"Seasonal Baseline","2026-06-20",2,"2026-07-04","Pediatrics","quantile","0.2",367
"Seasonal Baseline","2026-06-20",2,"2026-07-04","Pediatrics","quantile","0.25",386
"Seasonal Baseline","2026-06-20",2,"2026-07-04","Pediatrics","quantile","0.3",405
"Seasonal Baseline","2026-06-20",2,"2026-07-04","Pediatrics","quantile","0.35",422
"Seasonal Baseline","2026-06-20",2,"2026-07-04","Pediatrics","quantile","0.4",439
"Seasonal Baseline","2026-06-20",2,"2026-07-04","Pediatrics","quantile","0.45",457
"Seasonal Baseline","2026-06-20",2,"2026-07-04","Pediatrics","quantile","0.5",474
"Seasonal Baseline","2026-06-20",2,"2026-07-04","Pediatrics","quantile","0.55",492
"Seasonal Baseline","2026-06-20",2,"2026-07-04","Pediatrics","quantile","0.6",510
"Seasonal Baseline","2026-06-20",2,"2026-07-04","Pediatrics","quantile","0.65",530
"Seasonal Baseline","2026-06-20",2,"2026-07-04","Pediatrics","quantile","0.7",554
"Seasonal Baseline","2026-06-20",2,"2026-07-04","Pediatrics","quantile","0.75",581
"Seasonal Baseline","2026-06-20",2,"2026-07-04","Pediatrics","quantile","0.8",611
"Seasonal Baseline","2026-06-20",2,"2026-07-04","Pediatrics","quantile","0.85",647
"Seasonal Baseline","2026-06-20",2,"2026-07-04","Pediatrics","quantile","0.9",697
"Seasonal Baseline","2026-06-20",2,"2026-07-04","Pediatrics","quantile","0.95",783
"Seasonal Baseline","2026-06-20",2,"2026-07-04","Pediatrics","quantile","0.975",866
"Seasonal Baseline","2026-06-20",2,"2026-07-04","Pediatrics","quantile","0.99",975
"Seasonal Baseline","2026-06-20",3,"2026-07-11","Pediatrics","quantile","0.01",225
"Seasonal Baseline","2026-06-20",3,"2026-07-11","Pediatrics","quantile","0.025",249
"Seasonal Baseline","2026-06-20",3,"2026-07-11","Pediatrics","quantile","0.05",274
"Seasonal Baseline","2026-06-20",3,"2026-07-11","Pediatrics","quantile","0.1",305
"Seasonal Baseline","2026-06-20",3,"2026-07-11","Pediatrics","quantile","0.15",331
"Seasonal Baseline","2026-06-20",3,"2026-07-11","Pediatrics","quantile","0.2",351
"Seasonal Baseline","2026-06-20",3,"2026-07-11","Pediatrics","quantile","0.25",369
"Seasonal Baseline","2026-06-20",3,"2026-07-11","Pediatrics","quantile","0.3",387
"Seasonal Baseline","2026-06-20",3,"2026-07-11","Pediatrics","quantile","0.35",403
"Seasonal Baseline","2026-06-20",3,"2026-07-11","Pediatrics","quantile","0.4",419
"Seasonal Baseline","2026-06-20",3,"2026-07-11","Pediatrics","quantile","0.45",435
"Seasonal Baseline","2026-06-20",3,"2026-07-11","Pediatrics","quantile","0.5",451
"Seasonal Baseline","2026-06-20",3,"2026-07-11","Pediatrics","quantile","0.55",469
"Seasonal Baseline","2026-06-20",3,"2026-07-11","Pediatrics","quantile","0.6",487
"Seasonal Baseline","2026-06-20",3,"2026-07-11","Pediatrics","quantile","0.65",507
"Seasonal Baseline","2026-06-20",3,"2026-07-11","Pediatrics","quantile","0.7",530
"Seasonal Baseline","2026-06-20",3,"2026-07-11","Pediatrics","quantile","0.75",553
"Seasonal Baseline","2026-06-20",3,"2026-07-11","Pediatrics","quantile","0.8",580
"Seasonal Baseline","2026-06-20",3,"2026-07-11","Pediatrics","quantile","0.85",617
"Seasonal Baseline","2026-06-20",3,"2026-07-11","Pediatrics","quantile","0.9",663
"Seasonal Baseline","2026-06-20",3,"2026-07-11","Pediatrics","quantile","0.95",742
"Seasonal Baseline","2026-06-20",3,"2026-07-11","Pediatrics","quantile","0.975",810
"Seasonal Baseline","2026-06-20",3,"2026-07-11","Pediatrics","quantile","0.99",905
"Opt Baseline","2026-06-20",-2,"2026-06-06","Adults","quantile","0.01",215
"Opt Baseline","2026-06-20",-2,"2026-06-06","Adults","quantile","0.025",215
"Opt Baseline","2026-06-20",-2,"2026-06-06","Adults","quantile","0.05",216
"Opt Baseline","2026-06-20",-2,"2026-06-06","Adults","quantile","0.1",219
"Opt Baseline","2026-06-20",-2,"2026-06-06","Adults","quantile","0.15",221
"Opt Baseline","2026-06-20",-2,"2026-06-06","Adults","quantile","0.2",223
"Opt Baseline","2026-06-20",-2,"2026-06-06","Adults","quantile","0.25",225
"Opt Baseline","2026-06-20",-2,"2026-06-06","Adults","quantile","0.3",234
"Opt Baseline","2026-06-20",-2,"2026-06-06","Adults","quantile","0.35",242
"Opt Baseline","2026-06-20",-2,"2026-06-06","Adults","quantile","0.4",243
"Opt Baseline","2026-06-20",-2,"2026-06-06","Adults","quantile","0.45",247
"Opt Baseline","2026-06-20",-2,"2026-06-06","Adults","quantile","0.5",265
"Opt Baseline","2026-06-20",-2,"2026-06-06","Adults","quantile","0.55",284
"Opt Baseline","2026-06-20",-2,"2026-06-06","Adults","quantile","0.6",288
"Opt Baseline","2026-06-20",-2,"2026-06-06","Adults","quantile","0.65",289
"Opt Baseline","2026-06-20",-2,"2026-06-06","Adults","quantile","0.7",298
"Opt Baseline","2026-06-20",-2,"2026-06-06","Adults","quantile","0.75",309
"Opt Baseline","2026-06-20",-2,"2026-06-06","Adults","quantile","0.8",310
"Opt Baseline","2026-06-20",-2,"2026-06-06","Adults","quantile","0.85",313
"Opt Baseline","2026-06-20",-2,"2026-06-06","Adults","quantile","0.9",316
"Opt Baseline","2026-06-20",-2,"2026-06-06","Adults","quantile","0.95",319
"Opt Baseline","2026-06-20",-2,"2026-06-06","Adults","quantile","0.975",320
"Opt Baseline","2026-06-20",-2,"2026-06-06","Adults","quantile","0.99",320
"Opt Baseline","2026-06-20",-1,"2026-06-13","Adults","quantile","0.01",173
"Opt Baseline","2026-06-20",-1,"2026-06-13","Adults","quantile","0.025",177
"Opt Baseline","2026-06-20",-1,"2026-06-13","Adults","quantile","0.05",181
"Opt Baseline","2026-06-20",-1,"2026-06-13","Adults","quantile","0.1",194
"Opt Baseline","2026-06-20",-1,"2026-06-13","Adults","quantile","0.15",202
"Opt Baseline","2026-06-20",-1,"2026-06-13","Adults","quantile","0.2",211
"Opt Baseline","2026-06-20",-1,"2026-06-13","Adults","quantile","0.25",227
"Opt Baseline","2026-06-20",-1,"2026-06-13","Adults","quantile","0.3",239
"Opt Baseline","2026-06-20",-1,"2026-06-13","Adults","quantile","0.35",246
"Opt Baseline","2026-06-20",-1,"2026-06-13","Adults","quantile","0.4",256
"Opt Baseline","2026-06-20",-1,"2026-06-13","Adults","quantile","0.45",262
"Opt Baseline","2026-06-20",-1,"2026-06-13","Adults","quantile","0.5",265
"Opt Baseline","2026-06-20",-1,"2026-06-13","Adults","quantile","0.55",268
"Opt Baseline","2026-06-20",-1,"2026-06-13","Adults","quantile","0.6",274
"Opt Baseline","2026-06-20",-1,"2026-06-13","Adults","quantile","0.65",285
"Opt Baseline","2026-06-20",-1,"2026-06-13","Adults","quantile","0.7",293
"Opt Baseline","2026-06-20",-1,"2026-06-13","Adults","quantile","0.75",306
"Opt Baseline","2026-06-20",-1,"2026-06-13","Adults","quantile","0.8",325
"Opt Baseline","2026-06-20",-1,"2026-06-13","Adults","quantile","0.85",336
"Opt Baseline","2026-06-20",-1,"2026-06-13","Adults","quantile","0.9",346
"Opt Baseline","2026-06-20",-1,"2026-06-13","Adults","quantile","0.95",364
"Opt Baseline","2026-06-20",-1,"2026-06-13","Adults","quantile","0.975",370
"Opt Baseline","2026-06-20",-1,"2026-06-13","Adults","quantile","0.99",375
"Opt Baseline","2026-06-20",0,"2026-06-20","Adults","quantile","0.01",143
"Opt Baseline","2026-06-20",0,"2026-06-20","Adults","quantile","0.025",154
"Opt Baseline","2026-06-20",0,"2026-06-20","Adults","quantile","0.05",163
"Opt Baseline","2026-06-20",0,"2026-06-20","Adults","quantile","0.1",184
"Opt Baseline","2026-06-20",0,"2026-06-20","Adults","quantile","0.15",200
"Opt Baseline","2026-06-20",0,"2026-06-20","Adults","quantile","0.2",214
"Opt Baseline","2026-06-20",0,"2026-06-20","Adults","quantile","0.25",221
"Opt Baseline","2026-06-20",0,"2026-06-20","Adults","quantile","0.3",227
"Opt Baseline","2026-06-20",0,"2026-06-20","Adults","quantile","0.35",237
"Opt Baseline","2026-06-20",0,"2026-06-20","Adults","quantile","0.4",245
"Opt Baseline","2026-06-20",0,"2026-06-20","Adults","quantile","0.45",254
"Opt Baseline","2026-06-20",0,"2026-06-20","Adults","quantile","0.5",265
"Opt Baseline","2026-06-20",0,"2026-06-20","Adults","quantile","0.55",277
"Opt Baseline","2026-06-20",0,"2026-06-20","Adults","quantile","0.6",287
"Opt Baseline","2026-06-20",0,"2026-06-20","Adults","quantile","0.65",296
"Opt Baseline","2026-06-20",0,"2026-06-20","Adults","quantile","0.7",307
"Opt Baseline","2026-06-20",0,"2026-06-20","Adults","quantile","0.75",314
"Opt Baseline","2026-06-20",0,"2026-06-20","Adults","quantile","0.8",324
"Opt Baseline","2026-06-20",0,"2026-06-20","Adults","quantile","0.85",340
"Opt Baseline","2026-06-20",0,"2026-06-20","Adults","quantile","0.9",362
"Opt Baseline","2026-06-20",0,"2026-06-20","Adults","quantile","0.95",393
"Opt Baseline","2026-06-20",0,"2026-06-20","Adults","quantile","0.975",408
"Opt Baseline","2026-06-20",0,"2026-06-20","Adults","quantile","0.99",426
"Opt Baseline","2026-06-20",1,"2026-06-27","Adults","quantile","0.01",121
"Opt Baseline","2026-06-20",1,"2026-06-27","Adults","quantile","0.025",135
"Opt Baseline","2026-06-20",1,"2026-06-27","Adults","quantile","0.05",153
"Opt Baseline","2026-06-20",1,"2026-06-27","Adults","quantile","0.1",175
"Opt Baseline","2026-06-20",1,"2026-06-27","Adults","quantile","0.15",189
"Opt Baseline","2026-06-20",1,"2026-06-27","Adults","quantile","0.2",201
"Opt Baseline","2026-06-20",1,"2026-06-27","Adults","quantile","0.25",212
"Opt Baseline","2026-06-20",1,"2026-06-27","Adults","quantile","0.3",224
"Opt Baseline","2026-06-20",1,"2026-06-27","Adults","quantile","0.35",236
"Opt Baseline","2026-06-20",1,"2026-06-27","Adults","quantile","0.4",246
"Opt Baseline","2026-06-20",1,"2026-06-27","Adults","quantile","0.45",257
"Opt Baseline","2026-06-20",1,"2026-06-27","Adults","quantile","0.5",265
"Opt Baseline","2026-06-20",1,"2026-06-27","Adults","quantile","0.55",273
"Opt Baseline","2026-06-20",1,"2026-06-27","Adults","quantile","0.6",284
"Opt Baseline","2026-06-20",1,"2026-06-27","Adults","quantile","0.65",294
"Opt Baseline","2026-06-20",1,"2026-06-27","Adults","quantile","0.7",306
"Opt Baseline","2026-06-20",1,"2026-06-27","Adults","quantile","0.75",321
"Opt Baseline","2026-06-20",1,"2026-06-27","Adults","quantile","0.8",337
"Opt Baseline","2026-06-20",1,"2026-06-27","Adults","quantile","0.85",353
"Opt Baseline","2026-06-20",1,"2026-06-27","Adults","quantile","0.9",374
"Opt Baseline","2026-06-20",1,"2026-06-27","Adults","quantile","0.95",410
"Opt Baseline","2026-06-20",1,"2026-06-27","Adults","quantile","0.975",440
"Opt Baseline","2026-06-20",1,"2026-06-27","Adults","quantile","0.99",462
"Opt Baseline","2026-06-20",2,"2026-07-04","Adults","quantile","0.01",105
"Opt Baseline","2026-06-20",2,"2026-07-04","Adults","quantile","0.025",124
"Opt Baseline","2026-06-20",2,"2026-07-04","Adults","quantile","0.05",142
"Opt Baseline","2026-06-20",2,"2026-07-04","Adults","quantile","0.1",164
"Opt Baseline","2026-06-20",2,"2026-07-04","Adults","quantile","0.15",181
"Opt Baseline","2026-06-20",2,"2026-07-04","Adults","quantile","0.2",196
"Opt Baseline","2026-06-20",2,"2026-07-04","Adults","quantile","0.25",210
"Opt Baseline","2026-06-20",2,"2026-07-04","Adults","quantile","0.3",221
"Opt Baseline","2026-06-20",2,"2026-07-04","Adults","quantile","0.35",231
"Opt Baseline","2026-06-20",2,"2026-07-04","Adults","quantile","0.4",243
"Opt Baseline","2026-06-20",2,"2026-07-04","Adults","quantile","0.45",253
"Opt Baseline","2026-06-20",2,"2026-07-04","Adults","quantile","0.5",265
"Opt Baseline","2026-06-20",2,"2026-07-04","Adults","quantile","0.55",277
"Opt Baseline","2026-06-20",2,"2026-07-04","Adults","quantile","0.6",289
"Opt Baseline","2026-06-20",2,"2026-07-04","Adults","quantile","0.65",301
"Opt Baseline","2026-06-20",2,"2026-07-04","Adults","quantile","0.7",313
"Opt Baseline","2026-06-20",2,"2026-07-04","Adults","quantile","0.75",327
"Opt Baseline","2026-06-20",2,"2026-07-04","Adults","quantile","0.8",343
"Opt Baseline","2026-06-20",2,"2026-07-04","Adults","quantile","0.85",363
"Opt Baseline","2026-06-20",2,"2026-07-04","Adults","quantile","0.9",390
"Opt Baseline","2026-06-20",2,"2026-07-04","Adults","quantile","0.95",425
"Opt Baseline","2026-06-20",2,"2026-07-04","Adults","quantile","0.975",456
"Opt Baseline","2026-06-20",2,"2026-07-04","Adults","quantile","0.99",495
"Opt Baseline","2026-06-20",3,"2026-07-11","Adults","quantile","0.01",94
"Opt Baseline","2026-06-20",3,"2026-07-11","Adults","quantile","0.025",113
"Opt Baseline","2026-06-20",3,"2026-07-11","Adults","quantile","0.05",131
"Opt Baseline","2026-06-20",3,"2026-07-11","Adults","quantile","0.1",157
"Opt Baseline","2026-06-20",3,"2026-07-11","Adults","quantile","0.15",175
"Opt Baseline","2026-06-20",3,"2026-07-11","Adults","quantile","0.2",190
"Opt Baseline","2026-06-20",3,"2026-07-11","Adults","quantile","0.25",202
"Opt Baseline","2026-06-20",3,"2026-07-11","Adults","quantile","0.3",215
"Opt Baseline","2026-06-20",3,"2026-07-11","Adults","quantile","0.35",228
"Opt Baseline","2026-06-20",3,"2026-07-11","Adults","quantile","0.4",240
"Opt Baseline","2026-06-20",3,"2026-07-11","Adults","quantile","0.45",252
"Opt Baseline","2026-06-20",3,"2026-07-11","Adults","quantile","0.5",265
"Opt Baseline","2026-06-20",3,"2026-07-11","Adults","quantile","0.55",277
"Opt Baseline","2026-06-20",3,"2026-07-11","Adults","quantile","0.6",289
"Opt Baseline","2026-06-20",3,"2026-07-11","Adults","quantile","0.65",302
"Opt Baseline","2026-06-20",3,"2026-07-11","Adults","quantile","0.7",317
"Opt Baseline","2026-06-20",3,"2026-07-11","Adults","quantile","0.75",334
"Opt Baseline","2026-06-20",3,"2026-07-11","Adults","quantile","0.8",353
"Opt Baseline","2026-06-20",3,"2026-07-11","Adults","quantile","0.85",373
"Opt Baseline","2026-06-20",3,"2026-07-11","Adults","quantile","0.9",401
"Opt Baseline","2026-06-20",3,"2026-07-11","Adults","quantile","0.95",440
"Opt Baseline","2026-06-20",3,"2026-07-11","Adults","quantile","0.975",477
"Opt Baseline","2026-06-20",3,"2026-07-11","Adults","quantile","0.99",520
"Opt Baseline","2026-06-20",-2,"2026-06-06","Overall","quantile","0.01",520
"Opt Baseline","2026-06-20",-2,"2026-06-06","Overall","quantile","0.025",523
"Opt Baseline","2026-06-20",-2,"2026-06-06","Overall","quantile","0.05",529
"Opt Baseline","2026-06-20",-2,"2026-06-06","Overall","quantile","0.1",537
"Opt Baseline","2026-06-20",-2,"2026-06-06","Overall","quantile","0.15",545
"Opt Baseline","2026-06-20",-2,"2026-06-06","Overall","quantile","0.2",558
"Opt Baseline","2026-06-20",-2,"2026-06-06","Overall","quantile","0.25",569
"Opt Baseline","2026-06-20",-2,"2026-06-06","Overall","quantile","0.3",579
"Opt Baseline","2026-06-20",-2,"2026-06-06","Overall","quantile","0.35",590
"Opt Baseline","2026-06-20",-2,"2026-06-06","Overall","quantile","0.4",607
"Opt Baseline","2026-06-20",-2,"2026-06-06","Overall","quantile","0.45",608
"Opt Baseline","2026-06-20",-2,"2026-06-06","Overall","quantile","0.5",615
"Opt Baseline","2026-06-20",-2,"2026-06-06","Overall","quantile","0.55",622
"Opt Baseline","2026-06-20",-2,"2026-06-06","Overall","quantile","0.6",624
"Opt Baseline","2026-06-20",-2,"2026-06-06","Overall","quantile","0.65",640
"Opt Baseline","2026-06-20",-2,"2026-06-06","Overall","quantile","0.7",652
"Opt Baseline","2026-06-20",-2,"2026-06-06","Overall","quantile","0.75",662
"Opt Baseline","2026-06-20",-2,"2026-06-06","Overall","quantile","0.8",675
"Opt Baseline","2026-06-20",-2,"2026-06-06","Overall","quantile","0.85",689
"Opt Baseline","2026-06-20",-2,"2026-06-06","Overall","quantile","0.9",698
"Opt Baseline","2026-06-20",-2,"2026-06-06","Overall","quantile","0.95",708
"Opt Baseline","2026-06-20",-2,"2026-06-06","Overall","quantile","0.975",714
"Opt Baseline","2026-06-20",-2,"2026-06-06","Overall","quantile","0.99",718
"Opt Baseline","2026-06-20",-1,"2026-06-13","Overall","quantile","0.01",453
"Opt Baseline","2026-06-20",-1,"2026-06-13","Overall","quantile","0.025",468
"Opt Baseline","2026-06-20",-1,"2026-06-13","Overall","quantile","0.05",486
"Opt Baseline","2026-06-20",-1,"2026-06-13","Overall","quantile","0.1",513
"Opt Baseline","2026-06-20",-1,"2026-06-13","Overall","quantile","0.15",531
"Opt Baseline","2026-06-20",-1,"2026-06-13","Overall","quantile","0.2",545
"Opt Baseline","2026-06-20",-1,"2026-06-13","Overall","quantile","0.25",560
"Opt Baseline","2026-06-20",-1,"2026-06-13","Overall","quantile","0.3",572
"Opt Baseline","2026-06-20",-1,"2026-06-13","Overall","quantile","0.35",584
"Opt Baseline","2026-06-20",-1,"2026-06-13","Overall","quantile","0.4",595
"Opt Baseline","2026-06-20",-1,"2026-06-13","Overall","quantile","0.45",605
"Opt Baseline","2026-06-20",-1,"2026-06-13","Overall","quantile","0.5",615
"Opt Baseline","2026-06-20",-1,"2026-06-13","Overall","quantile","0.55",624
"Opt Baseline","2026-06-20",-1,"2026-06-13","Overall","quantile","0.6",635
"Opt Baseline","2026-06-20",-1,"2026-06-13","Overall","quantile","0.65",648
"Opt Baseline","2026-06-20",-1,"2026-06-13","Overall","quantile","0.7",659
"Opt Baseline","2026-06-20",-1,"2026-06-13","Overall","quantile","0.75",673
"Opt Baseline","2026-06-20",-1,"2026-06-13","Overall","quantile","0.8",688
"Opt Baseline","2026-06-20",-1,"2026-06-13","Overall","quantile","0.85",703
"Opt Baseline","2026-06-20",-1,"2026-06-13","Overall","quantile","0.9",724
"Opt Baseline","2026-06-20",-1,"2026-06-13","Overall","quantile","0.95",756
"Opt Baseline","2026-06-20",-1,"2026-06-13","Overall","quantile","0.975",778
"Opt Baseline","2026-06-20",-1,"2026-06-13","Overall","quantile","0.99",797
"Opt Baseline","2026-06-20",0,"2026-06-20","Overall","quantile","0.01",416
"Opt Baseline","2026-06-20",0,"2026-06-20","Overall","quantile","0.025",441
"Opt Baseline","2026-06-20",0,"2026-06-20","Overall","quantile","0.05",464
"Opt Baseline","2026-06-20",0,"2026-06-20","Overall","quantile","0.1",493
"Opt Baseline","2026-06-20",0,"2026-06-20","Overall","quantile","0.15",515
"Opt Baseline","2026-06-20",0,"2026-06-20","Overall","quantile","0.2",532
"Opt Baseline","2026-06-20",0,"2026-06-20","Overall","quantile","0.25",547
"Opt Baseline","2026-06-20",0,"2026-06-20","Overall","quantile","0.3",562
"Opt Baseline","2026-06-20",0,"2026-06-20","Overall","quantile","0.35",575
"Opt Baseline","2026-06-20",0,"2026-06-20","Overall","quantile","0.4",589
"Opt Baseline","2026-06-20",0,"2026-06-20","Overall","quantile","0.45",603
"Opt Baseline","2026-06-20",0,"2026-06-20","Overall","quantile","0.5",615
"Opt Baseline","2026-06-20",0,"2026-06-20","Overall","quantile","0.55",627
"Opt Baseline","2026-06-20",0,"2026-06-20","Overall","quantile","0.6",640
"Opt Baseline","2026-06-20",0,"2026-06-20","Overall","quantile","0.65",654
"Opt Baseline","2026-06-20",0,"2026-06-20","Overall","quantile","0.7",669
"Opt Baseline","2026-06-20",0,"2026-06-20","Overall","quantile","0.75",684
"Opt Baseline","2026-06-20",0,"2026-06-20","Overall","quantile","0.8",701
"Opt Baseline","2026-06-20",0,"2026-06-20","Overall","quantile","0.85",721
"Opt Baseline","2026-06-20",0,"2026-06-20","Overall","quantile","0.9",747
"Opt Baseline","2026-06-20",0,"2026-06-20","Overall","quantile","0.95",784
"Opt Baseline","2026-06-20",0,"2026-06-20","Overall","quantile","0.975",816
"Opt Baseline","2026-06-20",0,"2026-06-20","Overall","quantile","0.99",852
"Opt Baseline","2026-06-20",1,"2026-06-27","Overall","quantile","0.01",385
"Opt Baseline","2026-06-20",1,"2026-06-27","Overall","quantile","0.025",413
"Opt Baseline","2026-06-20",1,"2026-06-27","Overall","quantile","0.05",442
"Opt Baseline","2026-06-20",1,"2026-06-27","Overall","quantile","0.1",477
"Opt Baseline","2026-06-20",1,"2026-06-27","Overall","quantile","0.15",501
"Opt Baseline","2026-06-20",1,"2026-06-27","Overall","quantile","0.2",522
"Opt Baseline","2026-06-20",1,"2026-06-27","Overall","quantile","0.25",539
"Opt Baseline","2026-06-20",1,"2026-06-27","Overall","quantile","0.3",556
"Opt Baseline","2026-06-20",1,"2026-06-27","Overall","quantile","0.35",571
"Opt Baseline","2026-06-20",1,"2026-06-27","Overall","quantile","0.4",586
"Opt Baseline","2026-06-20",1,"2026-06-27","Overall","quantile","0.45",601
"Opt Baseline","2026-06-20",1,"2026-06-27","Overall","quantile","0.5",615
"Opt Baseline","2026-06-20",1,"2026-06-27","Overall","quantile","0.55",630
"Opt Baseline","2026-06-20",1,"2026-06-27","Overall","quantile","0.6",645
"Opt Baseline","2026-06-20",1,"2026-06-27","Overall","quantile","0.65",661
"Opt Baseline","2026-06-20",1,"2026-06-27","Overall","quantile","0.7",679
"Opt Baseline","2026-06-20",1,"2026-06-27","Overall","quantile","0.75",696
"Opt Baseline","2026-06-20",1,"2026-06-27","Overall","quantile","0.8",715
"Opt Baseline","2026-06-20",1,"2026-06-27","Overall","quantile","0.85",739
"Opt Baseline","2026-06-20",1,"2026-06-27","Overall","quantile","0.9",769
"Opt Baseline","2026-06-20",1,"2026-06-27","Overall","quantile","0.95",813
"Opt Baseline","2026-06-20",1,"2026-06-27","Overall","quantile","0.975",851
"Opt Baseline","2026-06-20",1,"2026-06-27","Overall","quantile","0.99",893
"Opt Baseline","2026-06-20",2,"2026-07-04","Overall","quantile","0.01",359
"Opt Baseline","2026-06-20",2,"2026-07-04","Overall","quantile","0.025",390
"Opt Baseline","2026-06-20",2,"2026-07-04","Overall","quantile","0.05",423
"Opt Baseline","2026-06-20",2,"2026-07-04","Overall","quantile","0.1",461
"Opt Baseline","2026-06-20",2,"2026-07-04","Overall","quantile","0.15",488
"Opt Baseline","2026-06-20",2,"2026-07-04","Overall","quantile","0.2",511
"Opt Baseline","2026-06-20",2,"2026-07-04","Overall","quantile","0.25",532
"Opt Baseline","2026-06-20",2,"2026-07-04","Overall","quantile","0.3",549
"Opt Baseline","2026-06-20",2,"2026-07-04","Overall","quantile","0.35",566
"Opt Baseline","2026-06-20",2,"2026-07-04","Overall","quantile","0.4",582
"Opt Baseline","2026-06-20",2,"2026-07-04","Overall","quantile","0.45",599
"Opt Baseline","2026-06-20",2,"2026-07-04","Overall","quantile","0.5",615
"Opt Baseline","2026-06-20",2,"2026-07-04","Overall","quantile","0.55",631
"Opt Baseline","2026-06-20",2,"2026-07-04","Overall","quantile","0.6",649
"Opt Baseline","2026-06-20",2,"2026-07-04","Overall","quantile","0.65",667
"Opt Baseline","2026-06-20",2,"2026-07-04","Overall","quantile","0.7",684
"Opt Baseline","2026-06-20",2,"2026-07-04","Overall","quantile","0.75",703
"Opt Baseline","2026-06-20",2,"2026-07-04","Overall","quantile","0.8",726
"Opt Baseline","2026-06-20",2,"2026-07-04","Overall","quantile","0.85",752
"Opt Baseline","2026-06-20",2,"2026-07-04","Overall","quantile","0.9",787
"Opt Baseline","2026-06-20",2,"2026-07-04","Overall","quantile","0.95",839
"Opt Baseline","2026-06-20",2,"2026-07-04","Overall","quantile","0.975",885
"Opt Baseline","2026-06-20",2,"2026-07-04","Overall","quantile","0.99",942
"Opt Baseline","2026-06-20",3,"2026-07-11","Overall","quantile","0.01",337
"Opt Baseline","2026-06-20",3,"2026-07-11","Overall","quantile","0.025",373
"Opt Baseline","2026-06-20",3,"2026-07-11","Overall","quantile","0.05",407
"Opt Baseline","2026-06-20",3,"2026-07-11","Overall","quantile","0.1",448
"Opt Baseline","2026-06-20",3,"2026-07-11","Overall","quantile","0.15",476
"Opt Baseline","2026-06-20",3,"2026-07-11","Overall","quantile","0.2",500
"Opt Baseline","2026-06-20",3,"2026-07-11","Overall","quantile","0.25",523
"Opt Baseline","2026-06-20",3,"2026-07-11","Overall","quantile","0.3",542
"Opt Baseline","2026-06-20",3,"2026-07-11","Overall","quantile","0.35",560
"Opt Baseline","2026-06-20",3,"2026-07-11","Overall","quantile","0.4",579
"Opt Baseline","2026-06-20",3,"2026-07-11","Overall","quantile","0.45",597
"Opt Baseline","2026-06-20",3,"2026-07-11","Overall","quantile","0.5",615
"Opt Baseline","2026-06-20",3,"2026-07-11","Overall","quantile","0.55",632
"Opt Baseline","2026-06-20",3,"2026-07-11","Overall","quantile","0.6",651
"Opt Baseline","2026-06-20",3,"2026-07-11","Overall","quantile","0.65",670
"Opt Baseline","2026-06-20",3,"2026-07-11","Overall","quantile","0.7",690
"Opt Baseline","2026-06-20",3,"2026-07-11","Overall","quantile","0.75",713
"Opt Baseline","2026-06-20",3,"2026-07-11","Overall","quantile","0.8",737
"Opt Baseline","2026-06-20",3,"2026-07-11","Overall","quantile","0.85",767
"Opt Baseline","2026-06-20",3,"2026-07-11","Overall","quantile","0.9",804
"Opt Baseline","2026-06-20",3,"2026-07-11","Overall","quantile","0.95",862
"Opt Baseline","2026-06-20",3,"2026-07-11","Overall","quantile","0.975",917
"Opt Baseline","2026-06-20",3,"2026-07-11","Overall","quantile","0.99",976
"Opt Baseline","2026-06-20",-2,"2026-06-06","Pediatrics","quantile","0.01",292
"Opt Baseline","2026-06-20",-2,"2026-06-06","Pediatrics","quantile","0.025",292
"Opt Baseline","2026-06-20",-2,"2026-06-06","Pediatrics","quantile","0.05",293
"Opt Baseline","2026-06-20",-2,"2026-06-06","Pediatrics","quantile","0.1",301
"Opt Baseline","2026-06-20",-2,"2026-06-06","Pediatrics","quantile","0.15",314
"Opt Baseline","2026-06-20",-2,"2026-06-06","Pediatrics","quantile","0.2",326
"Opt Baseline","2026-06-20",-2,"2026-06-06","Pediatrics","quantile","0.25",327
"Opt Baseline","2026-06-20",-2,"2026-06-06","Pediatrics","quantile","0.3",329
"Opt Baseline","2026-06-20",-2,"2026-06-06","Pediatrics","quantile","0.35",333
"Opt Baseline","2026-06-20",-2,"2026-06-06","Pediatrics","quantile","0.4",336
"Opt Baseline","2026-06-20",-2,"2026-06-06","Pediatrics","quantile","0.45",340
"Opt Baseline","2026-06-20",-2,"2026-06-06","Pediatrics","quantile","0.5",350
"Opt Baseline","2026-06-20",-2,"2026-06-06","Pediatrics","quantile","0.55",360
"Opt Baseline","2026-06-20",-2,"2026-06-06","Pediatrics","quantile","0.6",365
"Opt Baseline","2026-06-20",-2,"2026-06-06","Pediatrics","quantile","0.65",368
"Opt Baseline","2026-06-20",-2,"2026-06-06","Pediatrics","quantile","0.7",371
"Opt Baseline","2026-06-20",-2,"2026-06-06","Pediatrics","quantile","0.75",374
"Opt Baseline","2026-06-20",-2,"2026-06-06","Pediatrics","quantile","0.8",375
"Opt Baseline","2026-06-20",-2,"2026-06-06","Pediatrics","quantile","0.85",388
"Opt Baseline","2026-06-20",-2,"2026-06-06","Pediatrics","quantile","0.9",403
"Opt Baseline","2026-06-20",-2,"2026-06-06","Pediatrics","quantile","0.95",413
"Opt Baseline","2026-06-20",-2,"2026-06-06","Pediatrics","quantile","0.975",413
"Opt Baseline","2026-06-20",-2,"2026-06-06","Pediatrics","quantile","0.99",413
"Opt Baseline","2026-06-20",-1,"2026-06-13","Pediatrics","quantile","0.01",249
"Opt Baseline","2026-06-20",-1,"2026-06-13","Pediatrics","quantile","0.025",267
"Opt Baseline","2026-06-20",-1,"2026-06-13","Pediatrics","quantile","0.05",275
"Opt Baseline","2026-06-20",-1,"2026-06-13","Pediatrics","quantile","0.1",288
"Opt Baseline","2026-06-20",-1,"2026-06-13","Pediatrics","quantile","0.15",303
"Opt Baseline","2026-06-20",-1,"2026-06-13","Pediatrics","quantile","0.2",310
"Opt Baseline","2026-06-20",-1,"2026-06-13","Pediatrics","quantile","0.25",315
"Opt Baseline","2026-06-20",-1,"2026-06-13","Pediatrics","quantile","0.3",322
"Opt Baseline","2026-06-20",-1,"2026-06-13","Pediatrics","quantile","0.35",330
"Opt Baseline","2026-06-20",-1,"2026-06-13","Pediatrics","quantile","0.4",339
"Opt Baseline","2026-06-20",-1,"2026-06-13","Pediatrics","quantile","0.45",345
"Opt Baseline","2026-06-20",-1,"2026-06-13","Pediatrics","quantile","0.5",350
"Opt Baseline","2026-06-20",-1,"2026-06-13","Pediatrics","quantile","0.55",354
"Opt Baseline","2026-06-20",-1,"2026-06-13","Pediatrics","quantile","0.6",360
"Opt Baseline","2026-06-20",-1,"2026-06-13","Pediatrics","quantile","0.65",369
"Opt Baseline","2026-06-20",-1,"2026-06-13","Pediatrics","quantile","0.7",379
"Opt Baseline","2026-06-20",-1,"2026-06-13","Pediatrics","quantile","0.75",387
"Opt Baseline","2026-06-20",-1,"2026-06-13","Pediatrics","quantile","0.8",393
"Opt Baseline","2026-06-20",-1,"2026-06-13","Pediatrics","quantile","0.85",402
"Opt Baseline","2026-06-20",-1,"2026-06-13","Pediatrics","quantile","0.9",418
"Opt Baseline","2026-06-20",-1,"2026-06-13","Pediatrics","quantile","0.95",434
"Opt Baseline","2026-06-20",-1,"2026-06-13","Pediatrics","quantile","0.975",447
"Opt Baseline","2026-06-20",-1,"2026-06-13","Pediatrics","quantile","0.99",470
"Opt Baseline","2026-06-20",0,"2026-06-20","Pediatrics","quantile","0.01",229
"Opt Baseline","2026-06-20",0,"2026-06-20","Pediatrics","quantile","0.025",248
"Opt Baseline","2026-06-20",0,"2026-06-20","Pediatrics","quantile","0.05",260
"Opt Baseline","2026-06-20",0,"2026-06-20","Pediatrics","quantile","0.1",278
"Opt Baseline","2026-06-20",0,"2026-06-20","Pediatrics","quantile","0.15",290
"Opt Baseline","2026-06-20",0,"2026-06-20","Pediatrics","quantile","0.2",300
"Opt Baseline","2026-06-20",0,"2026-06-20","Pediatrics","quantile","0.25",310
"Opt Baseline","2026-06-20",0,"2026-06-20","Pediatrics","quantile","0.3",319
"Opt Baseline","2026-06-20",0,"2026-06-20","Pediatrics","quantile","0.35",327
"Opt Baseline","2026-06-20",0,"2026-06-20","Pediatrics","quantile","0.4",335
"Opt Baseline","2026-06-20",0,"2026-06-20","Pediatrics","quantile","0.45",342
"Opt Baseline","2026-06-20",0,"2026-06-20","Pediatrics","quantile","0.5",350
"Opt Baseline","2026-06-20",0,"2026-06-20","Pediatrics","quantile","0.55",358
"Opt Baseline","2026-06-20",0,"2026-06-20","Pediatrics","quantile","0.6",366
"Opt Baseline","2026-06-20",0,"2026-06-20","Pediatrics","quantile","0.65",373
"Opt Baseline","2026-06-20",0,"2026-06-20","Pediatrics","quantile","0.7",383
"Opt Baseline","2026-06-20",0,"2026-06-20","Pediatrics","quantile","0.75",393
"Opt Baseline","2026-06-20",0,"2026-06-20","Pediatrics","quantile","0.8",404
"Opt Baseline","2026-06-20",0,"2026-06-20","Pediatrics","quantile","0.85",416
"Opt Baseline","2026-06-20",0,"2026-06-20","Pediatrics","quantile","0.9",433
"Opt Baseline","2026-06-20",0,"2026-06-20","Pediatrics","quantile","0.95",456
"Opt Baseline","2026-06-20",0,"2026-06-20","Pediatrics","quantile","0.975",476
"Opt Baseline","2026-06-20",0,"2026-06-20","Pediatrics","quantile","0.99",499
"Opt Baseline","2026-06-20",1,"2026-06-27","Pediatrics","quantile","0.01",211
"Opt Baseline","2026-06-20",1,"2026-06-27","Pediatrics","quantile","0.025",230
"Opt Baseline","2026-06-20",1,"2026-06-27","Pediatrics","quantile","0.05",246
"Opt Baseline","2026-06-20",1,"2026-06-27","Pediatrics","quantile","0.1",267
"Opt Baseline","2026-06-20",1,"2026-06-27","Pediatrics","quantile","0.15",282
"Opt Baseline","2026-06-20",1,"2026-06-27","Pediatrics","quantile","0.2",295
"Opt Baseline","2026-06-20",1,"2026-06-27","Pediatrics","quantile","0.25",306
"Opt Baseline","2026-06-20",1,"2026-06-27","Pediatrics","quantile","0.3",315
"Opt Baseline","2026-06-20",1,"2026-06-27","Pediatrics","quantile","0.35",324
"Opt Baseline","2026-06-20",1,"2026-06-27","Pediatrics","quantile","0.4",333
"Opt Baseline","2026-06-20",1,"2026-06-27","Pediatrics","quantile","0.45",341
"Opt Baseline","2026-06-20",1,"2026-06-27","Pediatrics","quantile","0.5",350
"Opt Baseline","2026-06-20",1,"2026-06-27","Pediatrics","quantile","0.55",359
"Opt Baseline","2026-06-20",1,"2026-06-27","Pediatrics","quantile","0.6",368
"Opt Baseline","2026-06-20",1,"2026-06-27","Pediatrics","quantile","0.65",378
"Opt Baseline","2026-06-20",1,"2026-06-27","Pediatrics","quantile","0.7",388
"Opt Baseline","2026-06-20",1,"2026-06-27","Pediatrics","quantile","0.75",400
"Opt Baseline","2026-06-20",1,"2026-06-27","Pediatrics","quantile","0.8",413
"Opt Baseline","2026-06-20",1,"2026-06-27","Pediatrics","quantile","0.85",428
"Opt Baseline","2026-06-20",1,"2026-06-27","Pediatrics","quantile","0.9",446
"Opt Baseline","2026-06-20",1,"2026-06-27","Pediatrics","quantile","0.95",476
"Opt Baseline","2026-06-20",1,"2026-06-27","Pediatrics","quantile","0.975",500
"Opt Baseline","2026-06-20",1,"2026-06-27","Pediatrics","quantile","0.99",529
"Opt Baseline","2026-06-20",2,"2026-07-04","Pediatrics","quantile","0.01",197
"Opt Baseline","2026-06-20",2,"2026-07-04","Pediatrics","quantile","0.025",216
"Opt Baseline","2026-06-20",2,"2026-07-04","Pediatrics","quantile","0.05",236
"Opt Baseline","2026-06-20",2,"2026-07-04","Pediatrics","quantile","0.1",258
"Opt Baseline","2026-06-20",2,"2026-07-04","Pediatrics","quantile","0.15",274
"Opt Baseline","2026-06-20",2,"2026-07-04","Pediatrics","quantile","0.2",288
"Opt Baseline","2026-06-20",2,"2026-07-04","Pediatrics","quantile","0.25",300
"Opt Baseline","2026-06-20",2,"2026-07-04","Pediatrics","quantile","0.3",311
"Opt Baseline","2026-06-20",2,"2026-07-04","Pediatrics","quantile","0.35",321
"Opt Baseline","2026-06-20",2,"2026-07-04","Pediatrics","quantile","0.4",331
"Opt Baseline","2026-06-20",2,"2026-07-04","Pediatrics","quantile","0.45",340
"Opt Baseline","2026-06-20",2,"2026-07-04","Pediatrics","quantile","0.5",350
"Opt Baseline","2026-06-20",2,"2026-07-04","Pediatrics","quantile","0.55",360
"Opt Baseline","2026-06-20",2,"2026-07-04","Pediatrics","quantile","0.6",370
"Opt Baseline","2026-06-20",2,"2026-07-04","Pediatrics","quantile","0.65",381
"Opt Baseline","2026-06-20",2,"2026-07-04","Pediatrics","quantile","0.7",393
"Opt Baseline","2026-06-20",2,"2026-07-04","Pediatrics","quantile","0.75",405
"Opt Baseline","2026-06-20",2,"2026-07-04","Pediatrics","quantile","0.8",420
"Opt Baseline","2026-06-20",2,"2026-07-04","Pediatrics","quantile","0.85",436
"Opt Baseline","2026-06-20",2,"2026-07-04","Pediatrics","quantile","0.9",458
"Opt Baseline","2026-06-20",2,"2026-07-04","Pediatrics","quantile","0.95",489
"Opt Baseline","2026-06-20",2,"2026-07-04","Pediatrics","quantile","0.975",517
"Opt Baseline","2026-06-20",2,"2026-07-04","Pediatrics","quantile","0.99",551
"Opt Baseline","2026-06-20",3,"2026-07-11","Pediatrics","quantile","0.01",184
"Opt Baseline","2026-06-20",3,"2026-07-11","Pediatrics","quantile","0.025",203
"Opt Baseline","2026-06-20",3,"2026-07-11","Pediatrics","quantile","0.05",224
"Opt Baseline","2026-06-20",3,"2026-07-11","Pediatrics","quantile","0.1",250
"Opt Baseline","2026-06-20",3,"2026-07-11","Pediatrics","quantile","0.15",268
"Opt Baseline","2026-06-20",3,"2026-07-11","Pediatrics","quantile","0.2",282
"Opt Baseline","2026-06-20",3,"2026-07-11","Pediatrics","quantile","0.25",295
"Opt Baseline","2026-06-20",3,"2026-07-11","Pediatrics","quantile","0.3",307
"Opt Baseline","2026-06-20",3,"2026-07-11","Pediatrics","quantile","0.35",318
"Opt Baseline","2026-06-20",3,"2026-07-11","Pediatrics","quantile","0.4",328
"Opt Baseline","2026-06-20",3,"2026-07-11","Pediatrics","quantile","0.45",339
"Opt Baseline","2026-06-20",3,"2026-07-11","Pediatrics","quantile","0.5",350
"Opt Baseline","2026-06-20",3,"2026-07-11","Pediatrics","quantile","0.55",362
"Opt Baseline","2026-06-20",3,"2026-07-11","Pediatrics","quantile","0.6",372
"Opt Baseline","2026-06-20",3,"2026-07-11","Pediatrics","quantile","0.65",384
"Opt Baseline","2026-06-20",3,"2026-07-11","Pediatrics","quantile","0.7",397
"Opt Baseline","2026-06-20",3,"2026-07-11","Pediatrics","quantile","0.75",410
"Opt Baseline","2026-06-20",3,"2026-07-11","Pediatrics","quantile","0.8",426
"Opt Baseline","2026-06-20",3,"2026-07-11","Pediatrics","quantile","0.85",445
"Opt Baseline","2026-06-20",3,"2026-07-11","Pediatrics","quantile","0.9",467
"Opt Baseline","2026-06-20",3,"2026-07-11","Pediatrics","quantile","0.95",500
"Opt Baseline","2026-06-20",3,"2026-07-11","Pediatrics","quantile","0.975",532
"Opt Baseline","2026-06-20",3,"2026-07-11","Pediatrics","quantile","0.99",570
"INFLAenza","2026-06-20",-2,"2026-06-06","Adults","quantile","0.01",218
"INFLAenza","2026-06-20",-2,"2026-06-06","Adults","quantile","0.025",233
"INFLAenza","2026-06-20",-2,"2026-06-06","Adults","quantile","0.05",244
"INFLAenza","2026-06-20",-2,"2026-06-06","Adults","quantile","0.1",259
"INFLAenza","2026-06-20",-2,"2026-06-06","Adults","quantile","0.15",269
"INFLAenza","2026-06-20",-2,"2026-06-06","Adults","quantile","0.2",277
"INFLAenza","2026-06-20",-2,"2026-06-06","Adults","quantile","0.25",284
"INFLAenza","2026-06-20",-2,"2026-06-06","Adults","quantile","0.3",291
"INFLAenza","2026-06-20",-2,"2026-06-06","Adults","quantile","0.35",297
"INFLAenza","2026-06-20",-2,"2026-06-06","Adults","quantile","0.4",304
"INFLAenza","2026-06-20",-2,"2026-06-06","Adults","quantile","0.45",310
"INFLAenza","2026-06-20",-2,"2026-06-06","Adults","quantile","0.5",317
"INFLAenza","2026-06-20",-2,"2026-06-06","Adults","quantile","0.55",324
"INFLAenza","2026-06-20",-2,"2026-06-06","Adults","quantile","0.6",330
"INFLAenza","2026-06-20",-2,"2026-06-06","Adults","quantile","0.65",338
"INFLAenza","2026-06-20",-2,"2026-06-06","Adults","quantile","0.7",345
"INFLAenza","2026-06-20",-2,"2026-06-06","Adults","quantile","0.75",354
"INFLAenza","2026-06-20",-2,"2026-06-06","Adults","quantile","0.8",363
"INFLAenza","2026-06-20",-2,"2026-06-06","Adults","quantile","0.85",375
"INFLAenza","2026-06-20",-2,"2026-06-06","Adults","quantile","0.9",391
"INFLAenza","2026-06-20",-2,"2026-06-06","Adults","quantile","0.95",416
"INFLAenza","2026-06-20",-2,"2026-06-06","Adults","quantile","0.975",436
"INFLAenza","2026-06-20",-2,"2026-06-06","Adults","quantile","0.99",462
"INFLAenza","2026-06-20",-2,"2026-06-06","Overall","quantile","0.01",535
"INFLAenza","2026-06-20",-2,"2026-06-06","Overall","quantile","0.025",562
"INFLAenza","2026-06-20",-2,"2026-06-06","Overall","quantile","0.05",589
"INFLAenza","2026-06-20",-2,"2026-06-06","Overall","quantile","0.1",616
"INFLAenza","2026-06-20",-2,"2026-06-06","Overall","quantile","0.15",637
"INFLAenza","2026-06-20",-2,"2026-06-06","Overall","quantile","0.2",653
"INFLAenza","2026-06-20",-2,"2026-06-06","Overall","quantile","0.25",667
"INFLAenza","2026-06-20",-2,"2026-06-06","Overall","quantile","0.3",680
"INFLAenza","2026-06-20",-2,"2026-06-06","Overall","quantile","0.35",692
"INFLAenza","2026-06-20",-2,"2026-06-06","Overall","quantile","0.4",704
"INFLAenza","2026-06-20",-2,"2026-06-06","Overall","quantile","0.45",716
"INFLAenza","2026-06-20",-2,"2026-06-06","Overall","quantile","0.5",727
"INFLAenza","2026-06-20",-2,"2026-06-06","Overall","quantile","0.55",738
"INFLAenza","2026-06-20",-2,"2026-06-06","Overall","quantile","0.6",751
"INFLAenza","2026-06-20",-2,"2026-06-06","Overall","quantile","0.65",765
"INFLAenza","2026-06-20",-2,"2026-06-06","Overall","quantile","0.7",779
"INFLAenza","2026-06-20",-2,"2026-06-06","Overall","quantile","0.75",793
"INFLAenza","2026-06-20",-2,"2026-06-06","Overall","quantile","0.8",811
"INFLAenza","2026-06-20",-2,"2026-06-06","Overall","quantile","0.85",831
"INFLAenza","2026-06-20",-2,"2026-06-06","Overall","quantile","0.9",860
"INFLAenza","2026-06-20",-2,"2026-06-06","Overall","quantile","0.95",905
"INFLAenza","2026-06-20",-2,"2026-06-06","Overall","quantile","0.975",939
"INFLAenza","2026-06-20",-2,"2026-06-06","Overall","quantile","0.99",975
"INFLAenza","2026-06-20",-2,"2026-06-06","Pediatrics","quantile","0.01",277
"INFLAenza","2026-06-20",-2,"2026-06-06","Pediatrics","quantile","0.025",295
"INFLAenza","2026-06-20",-2,"2026-06-06","Pediatrics","quantile","0.05",312
"INFLAenza","2026-06-20",-2,"2026-06-06","Pediatrics","quantile","0.1",331
"INFLAenza","2026-06-20",-2,"2026-06-06","Pediatrics","quantile","0.15",345
"INFLAenza","2026-06-20",-2,"2026-06-06","Pediatrics","quantile","0.2",356
"INFLAenza","2026-06-20",-2,"2026-06-06","Pediatrics","quantile","0.25",366
"INFLAenza","2026-06-20",-2,"2026-06-06","Pediatrics","quantile","0.3",375
"INFLAenza","2026-06-20",-2,"2026-06-06","Pediatrics","quantile","0.35",383
"INFLAenza","2026-06-20",-2,"2026-06-06","Pediatrics","quantile","0.4",391
"INFLAenza","2026-06-20",-2,"2026-06-06","Pediatrics","quantile","0.45",399
"INFLAenza","2026-06-20",-2,"2026-06-06","Pediatrics","quantile","0.5",407
"INFLAenza","2026-06-20",-2,"2026-06-06","Pediatrics","quantile","0.55",415
"INFLAenza","2026-06-20",-2,"2026-06-06","Pediatrics","quantile","0.6",424
"INFLAenza","2026-06-20",-2,"2026-06-06","Pediatrics","quantile","0.65",433
"INFLAenza","2026-06-20",-2,"2026-06-06","Pediatrics","quantile","0.7",443
"INFLAenza","2026-06-20",-2,"2026-06-06","Pediatrics","quantile","0.75",454
"INFLAenza","2026-06-20",-2,"2026-06-06","Pediatrics","quantile","0.8",467
"INFLAenza","2026-06-20",-2,"2026-06-06","Pediatrics","quantile","0.85",482
"INFLAenza","2026-06-20",-2,"2026-06-06","Pediatrics","quantile","0.9",501
"INFLAenza","2026-06-20",-2,"2026-06-06","Pediatrics","quantile","0.95",532
"INFLAenza","2026-06-20",-2,"2026-06-06","Pediatrics","quantile","0.975",559
"INFLAenza","2026-06-20",-2,"2026-06-06","Pediatrics","quantile","0.99",590
"INFLAenza","2026-06-20",-1,"2026-06-13","Adults","quantile","0.01",213
"INFLAenza","2026-06-20",-1,"2026-06-13","Adults","quantile","0.025",235
"INFLAenza","2026-06-20",-1,"2026-06-13","Adults","quantile","0.05",249
"INFLAenza","2026-06-20",-1,"2026-06-13","Adults","quantile","0.1",270
"INFLAenza","2026-06-20",-1,"2026-06-13","Adults","quantile","0.15",285
"INFLAenza","2026-06-20",-1,"2026-06-13","Adults","quantile","0.2",296
"INFLAenza","2026-06-20",-1,"2026-06-13","Adults","quantile","0.25",307
"INFLAenza","2026-06-20",-1,"2026-06-13","Adults","quantile","0.3",317
"INFLAenza","2026-06-20",-1,"2026-06-13","Adults","quantile","0.35",326
"INFLAenza","2026-06-20",-1,"2026-06-13","Adults","quantile","0.4",335
"INFLAenza","2026-06-20",-1,"2026-06-13","Adults","quantile","0.45",345
"INFLAenza","2026-06-20",-1,"2026-06-13","Adults","quantile","0.5",355
"INFLAenza","2026-06-20",-1,"2026-06-13","Adults","quantile","0.55",364
"INFLAenza","2026-06-20",-1,"2026-06-13","Adults","quantile","0.6",375
"INFLAenza","2026-06-20",-1,"2026-06-13","Adults","quantile","0.65",386
"INFLAenza","2026-06-20",-1,"2026-06-13","Adults","quantile","0.7",397
"INFLAenza","2026-06-20",-1,"2026-06-13","Adults","quantile","0.75",410
"INFLAenza","2026-06-20",-1,"2026-06-13","Adults","quantile","0.8",427
"INFLAenza","2026-06-20",-1,"2026-06-13","Adults","quantile","0.85",446
"INFLAenza","2026-06-20",-1,"2026-06-13","Adults","quantile","0.9",468
"INFLAenza","2026-06-20",-1,"2026-06-13","Adults","quantile","0.95",507
"INFLAenza","2026-06-20",-1,"2026-06-13","Adults","quantile","0.975",547
"INFLAenza","2026-06-20",-1,"2026-06-13","Adults","quantile","0.99",591
"INFLAenza","2026-06-20",-1,"2026-06-13","Overall","quantile","0.01",540
"INFLAenza","2026-06-20",-1,"2026-06-13","Overall","quantile","0.025",581
"INFLAenza","2026-06-20",-1,"2026-06-13","Overall","quantile","0.05",616
"INFLAenza","2026-06-20",-1,"2026-06-13","Overall","quantile","0.1",653
"INFLAenza","2026-06-20",-1,"2026-06-13","Overall","quantile","0.15",682
"INFLAenza","2026-06-20",-1,"2026-06-13","Overall","quantile","0.2",704
"INFLAenza","2026-06-20",-1,"2026-06-13","Overall","quantile","0.25",724
"INFLAenza","2026-06-20",-1,"2026-06-13","Overall","quantile","0.3",743
"INFLAenza","2026-06-20",-1,"2026-06-13","Overall","quantile","0.35",762
"INFLAenza","2026-06-20",-1,"2026-06-13","Overall","quantile","0.4",781
"INFLAenza","2026-06-20",-1,"2026-06-13","Overall","quantile","0.45",796
"INFLAenza","2026-06-20",-1,"2026-06-13","Overall","quantile","0.5",814
"INFLAenza","2026-06-20",-1,"2026-06-13","Overall","quantile","0.55",833
"INFLAenza","2026-06-20",-1,"2026-06-13","Overall","quantile","0.6",850
"INFLAenza","2026-06-20",-1,"2026-06-13","Overall","quantile","0.65",869
"INFLAenza","2026-06-20",-1,"2026-06-13","Overall","quantile","0.7",893
"INFLAenza","2026-06-20",-1,"2026-06-13","Overall","quantile","0.75",916
"INFLAenza","2026-06-20",-1,"2026-06-13","Overall","quantile","0.8",943
"INFLAenza","2026-06-20",-1,"2026-06-13","Overall","quantile","0.85",978
"INFLAenza","2026-06-20",-1,"2026-06-13","Overall","quantile","0.9",1021
"INFLAenza","2026-06-20",-1,"2026-06-13","Overall","quantile","0.95",1089
"INFLAenza","2026-06-20",-1,"2026-06-13","Overall","quantile","0.975",1151
"INFLAenza","2026-06-20",-1,"2026-06-13","Overall","quantile","0.99",1216
"INFLAenza","2026-06-20",-1,"2026-06-13","Pediatrics","quantile","0.01",276
"INFLAenza","2026-06-20",-1,"2026-06-13","Pediatrics","quantile","0.025",298
"INFLAenza","2026-06-20",-1,"2026-06-13","Pediatrics","quantile","0.05",316
"INFLAenza","2026-06-20",-1,"2026-06-13","Pediatrics","quantile","0.1",342
"INFLAenza","2026-06-20",-1,"2026-06-13","Pediatrics","quantile","0.15",364
"INFLAenza","2026-06-20",-1,"2026-06-13","Pediatrics","quantile","0.2",380
"INFLAenza","2026-06-20",-1,"2026-06-13","Pediatrics","quantile","0.25",395
"INFLAenza","2026-06-20",-1,"2026-06-13","Pediatrics","quantile","0.3",408
"INFLAenza","2026-06-20",-1,"2026-06-13","Pediatrics","quantile","0.35",419
"INFLAenza","2026-06-20",-1,"2026-06-13","Pediatrics","quantile","0.4",432
"INFLAenza","2026-06-20",-1,"2026-06-13","Pediatrics","quantile","0.45",444
"INFLAenza","2026-06-20",-1,"2026-06-13","Pediatrics","quantile","0.5",456
"INFLAenza","2026-06-20",-1,"2026-06-13","Pediatrics","quantile","0.55",466
"INFLAenza","2026-06-20",-1,"2026-06-13","Pediatrics","quantile","0.6",478
"INFLAenza","2026-06-20",-1,"2026-06-13","Pediatrics","quantile","0.65",493
"INFLAenza","2026-06-20",-1,"2026-06-13","Pediatrics","quantile","0.7",507
"INFLAenza","2026-06-20",-1,"2026-06-13","Pediatrics","quantile","0.75",524
"INFLAenza","2026-06-20",-1,"2026-06-13","Pediatrics","quantile","0.8",541
"INFLAenza","2026-06-20",-1,"2026-06-13","Pediatrics","quantile","0.85",565
"INFLAenza","2026-06-20",-1,"2026-06-13","Pediatrics","quantile","0.9",596
"INFLAenza","2026-06-20",-1,"2026-06-13","Pediatrics","quantile","0.95",640
"INFLAenza","2026-06-20",-1,"2026-06-13","Pediatrics","quantile","0.975",692
"INFLAenza","2026-06-20",-1,"2026-06-13","Pediatrics","quantile","0.99",754
"INFLAenza","2026-06-20",0,"2026-06-20","Adults","quantile","0.01",195
"INFLAenza","2026-06-20",0,"2026-06-20","Adults","quantile","0.025",218
"INFLAenza","2026-06-20",0,"2026-06-20","Adults","quantile","0.05",234
"INFLAenza","2026-06-20",0,"2026-06-20","Adults","quantile","0.1",259
"INFLAenza","2026-06-20",0,"2026-06-20","Adults","quantile","0.15",276
"INFLAenza","2026-06-20",0,"2026-06-20","Adults","quantile","0.2",290
"INFLAenza","2026-06-20",0,"2026-06-20","Adults","quantile","0.25",303
"INFLAenza","2026-06-20",0,"2026-06-20","Adults","quantile","0.3",315
"INFLAenza","2026-06-20",0,"2026-06-20","Adults","quantile","0.35",326
"INFLAenza","2026-06-20",0,"2026-06-20","Adults","quantile","0.4",337
"INFLAenza","2026-06-20",0,"2026-06-20","Adults","quantile","0.45",349
"INFLAenza","2026-06-20",0,"2026-06-20","Adults","quantile","0.5",360
"INFLAenza","2026-06-20",0,"2026-06-20","Adults","quantile","0.55",372
"INFLAenza","2026-06-20",0,"2026-06-20","Adults","quantile","0.6",384
"INFLAenza","2026-06-20",0,"2026-06-20","Adults","quantile","0.65",396
"INFLAenza","2026-06-20",0,"2026-06-20","Adults","quantile","0.7",412
"INFLAenza","2026-06-20",0,"2026-06-20","Adults","quantile","0.75",426
"INFLAenza","2026-06-20",0,"2026-06-20","Adults","quantile","0.8",445
"INFLAenza","2026-06-20",0,"2026-06-20","Adults","quantile","0.85",469
"INFLAenza","2026-06-20",0,"2026-06-20","Adults","quantile","0.9",500
"INFLAenza","2026-06-20",0,"2026-06-20","Adults","quantile","0.95",554
"INFLAenza","2026-06-20",0,"2026-06-20","Adults","quantile","0.975",600
"INFLAenza","2026-06-20",0,"2026-06-20","Adults","quantile","0.99",658
"INFLAenza","2026-06-20",0,"2026-06-20","Overall","quantile","0.01",506
"INFLAenza","2026-06-20",0,"2026-06-20","Overall","quantile","0.025",548
"INFLAenza","2026-06-20",0,"2026-06-20","Overall","quantile","0.05",590
"INFLAenza","2026-06-20",0,"2026-06-20","Overall","quantile","0.1",632
"INFLAenza","2026-06-20",0,"2026-06-20","Overall","quantile","0.15",664
"INFLAenza","2026-06-20",0,"2026-06-20","Overall","quantile","0.2",690
"INFLAenza","2026-06-20",0,"2026-06-20","Overall","quantile","0.25",716
"INFLAenza","2026-06-20",0,"2026-06-20","Overall","quantile","0.3",738
"INFLAenza","2026-06-20",0,"2026-06-20","Overall","quantile","0.35",759
"INFLAenza","2026-06-20",0,"2026-06-20","Overall","quantile","0.4",780
"INFLAenza","2026-06-20",0,"2026-06-20","Overall","quantile","0.45",803
"INFLAenza","2026-06-20",0,"2026-06-20","Overall","quantile","0.5",823
"INFLAenza","2026-06-20",0,"2026-06-20","Overall","quantile","0.55",845
"INFLAenza","2026-06-20",0,"2026-06-20","Overall","quantile","0.6",870
"INFLAenza","2026-06-20",0,"2026-06-20","Overall","quantile","0.65",895
"INFLAenza","2026-06-20",0,"2026-06-20","Overall","quantile","0.7",922
"INFLAenza","2026-06-20",0,"2026-06-20","Overall","quantile","0.75",951
"INFLAenza","2026-06-20",0,"2026-06-20","Overall","quantile","0.8",986
"INFLAenza","2026-06-20",0,"2026-06-20","Overall","quantile","0.85",1028
"INFLAenza","2026-06-20",0,"2026-06-20","Overall","quantile","0.9",1084
"INFLAenza","2026-06-20",0,"2026-06-20","Overall","quantile","0.95",1175
"INFLAenza","2026-06-20",0,"2026-06-20","Overall","quantile","0.975",1254
"INFLAenza","2026-06-20",0,"2026-06-20","Overall","quantile","0.99",1349
"INFLAenza","2026-06-20",0,"2026-06-20","Pediatrics","quantile","0.01",254
"INFLAenza","2026-06-20",0,"2026-06-20","Pediatrics","quantile","0.025",274
"INFLAenza","2026-06-20",0,"2026-06-20","Pediatrics","quantile","0.05",297
"INFLAenza","2026-06-20",0,"2026-06-20","Pediatrics","quantile","0.1",328
"INFLAenza","2026-06-20",0,"2026-06-20","Pediatrics","quantile","0.15",350
"INFLAenza","2026-06-20",0,"2026-06-20","Pediatrics","quantile","0.2",369
"INFLAenza","2026-06-20",0,"2026-06-20","Pediatrics","quantile","0.25",385
"INFLAenza","2026-06-20",0,"2026-06-20","Pediatrics","quantile","0.3",400
"INFLAenza","2026-06-20",0,"2026-06-20","Pediatrics","quantile","0.35",413
"INFLAenza","2026-06-20",0,"2026-06-20","Pediatrics","quantile","0.4",428
"INFLAenza","2026-06-20",0,"2026-06-20","Pediatrics","quantile","0.45",441
"INFLAenza","2026-06-20",0,"2026-06-20","Pediatrics","quantile","0.5",455
"INFLAenza","2026-06-20",0,"2026-06-20","Pediatrics","quantile","0.55",469
"INFLAenza","2026-06-20",0,"2026-06-20","Pediatrics","quantile","0.6",486
"INFLAenza","2026-06-20",0,"2026-06-20","Pediatrics","quantile","0.65",503
"INFLAenza","2026-06-20",0,"2026-06-20","Pediatrics","quantile","0.7",522
"INFLAenza","2026-06-20",0,"2026-06-20","Pediatrics","quantile","0.75",544
"INFLAenza","2026-06-20",0,"2026-06-20","Pediatrics","quantile","0.8",568
"INFLAenza","2026-06-20",0,"2026-06-20","Pediatrics","quantile","0.85",599
"INFLAenza","2026-06-20",0,"2026-06-20","Pediatrics","quantile","0.9",637
"INFLAenza","2026-06-20",0,"2026-06-20","Pediatrics","quantile","0.95",704
"INFLAenza","2026-06-20",0,"2026-06-20","Pediatrics","quantile","0.975",762
"INFLAenza","2026-06-20",0,"2026-06-20","Pediatrics","quantile","0.99",847
"INFLAenza","2026-06-20",1,"2026-06-27","Adults","quantile","0.01",176
"INFLAenza","2026-06-20",1,"2026-06-27","Adults","quantile","0.025",197
"INFLAenza","2026-06-20",1,"2026-06-27","Adults","quantile","0.05",217
"INFLAenza","2026-06-20",1,"2026-06-27","Adults","quantile","0.1",241
"INFLAenza","2026-06-20",1,"2026-06-27","Adults","quantile","0.15",261
"INFLAenza","2026-06-20",1,"2026-06-27","Adults","quantile","0.2",276
"INFLAenza","2026-06-20",1,"2026-06-27","Adults","quantile","0.25",290
"INFLAenza","2026-06-20",1,"2026-06-27","Adults","quantile","0.3",303
"INFLAenza","2026-06-20",1,"2026-06-27","Adults","quantile","0.35",316
"INFLAenza","2026-06-20",1,"2026-06-27","Adults","quantile","0.4",328
"INFLAenza","2026-06-20",1,"2026-06-27","Adults","quantile","0.45",340
"INFLAenza","2026-06-20",1,"2026-06-27","Adults","quantile","0.5",352
"INFLAenza","2026-06-20",1,"2026-06-27","Adults","quantile","0.55",364
"INFLAenza","2026-06-20",1,"2026-06-27","Adults","quantile","0.6",377
"INFLAenza","2026-06-20",1,"2026-06-27","Adults","quantile","0.65",394
"INFLAenza","2026-06-20",1,"2026-06-27","Adults","quantile","0.7",412
"INFLAenza","2026-06-20",1,"2026-06-27","Adults","quantile","0.75",430
"INFLAenza","2026-06-20",1,"2026-06-27","Adults","quantile","0.8",451
"INFLAenza","2026-06-20",1,"2026-06-27","Adults","quantile","0.85",478
"INFLAenza","2026-06-20",1,"2026-06-27","Adults","quantile","0.9",513
"INFLAenza","2026-06-20",1,"2026-06-27","Adults","quantile","0.95",574
"INFLAenza","2026-06-20",1,"2026-06-27","Adults","quantile","0.975",637
"INFLAenza","2026-06-20",1,"2026-06-27","Adults","quantile","0.99",723
"INFLAenza","2026-06-20",1,"2026-06-27","Overall","quantile","0.01",464
"INFLAenza","2026-06-20",1,"2026-06-27","Overall","quantile","0.025",503
"INFLAenza","2026-06-20",1,"2026-06-27","Overall","quantile","0.05",547
"INFLAenza","2026-06-20",1,"2026-06-27","Overall","quantile","0.1",594
"INFLAenza","2026-06-20",1,"2026-06-27","Overall","quantile","0.15",632
"INFLAenza","2026-06-20",1,"2026-06-27","Overall","quantile","0.2",660
"INFLAenza","2026-06-20",1,"2026-06-27","Overall","quantile","0.25",687
"INFLAenza","2026-06-20",1,"2026-06-27","Overall","quantile","0.3",713
"INFLAenza","2026-06-20",1,"2026-06-27","Overall","quantile","0.35",735
"INFLAenza","2026-06-20",1,"2026-06-27","Overall","quantile","0.4",759
"INFLAenza","2026-06-20",1,"2026-06-27","Overall","quantile","0.45",783
"INFLAenza","2026-06-20",1,"2026-06-27","Overall","quantile","0.5",805
"INFLAenza","2026-06-20",1,"2026-06-27","Overall","quantile","0.55",831
"INFLAenza","2026-06-20",1,"2026-06-27","Overall","quantile","0.6",857
"INFLAenza","2026-06-20",1,"2026-06-27","Overall","quantile","0.65",884
"INFLAenza","2026-06-20",1,"2026-06-27","Overall","quantile","0.7",916
"INFLAenza","2026-06-20",1,"2026-06-27","Overall","quantile","0.75",955
"INFLAenza","2026-06-20",1,"2026-06-27","Overall","quantile","0.8",994
"INFLAenza","2026-06-20",1,"2026-06-27","Overall","quantile","0.85",1040
"INFLAenza","2026-06-20",1,"2026-06-27","Overall","quantile","0.9",1099
"INFLAenza","2026-06-20",1,"2026-06-27","Overall","quantile","0.95",1213
"INFLAenza","2026-06-20",1,"2026-06-27","Overall","quantile","0.975",1303
"INFLAenza","2026-06-20",1,"2026-06-27","Overall","quantile","0.99",1425
"INFLAenza","2026-06-20",1,"2026-06-27","Pediatrics","quantile","0.01",228
"INFLAenza","2026-06-20",1,"2026-06-27","Pediatrics","quantile","0.025",250
"INFLAenza","2026-06-20",1,"2026-06-27","Pediatrics","quantile","0.05",277
"INFLAenza","2026-06-20",1,"2026-06-27","Pediatrics","quantile","0.1",307
"INFLAenza","2026-06-20",1,"2026-06-27","Pediatrics","quantile","0.15",331
"INFLAenza","2026-06-20",1,"2026-06-27","Pediatrics","quantile","0.2",349
"INFLAenza","2026-06-20",1,"2026-06-27","Pediatrics","quantile","0.25",368
"INFLAenza","2026-06-20",1,"2026-06-27","Pediatrics","quantile","0.3",382
"INFLAenza","2026-06-20",1,"2026-06-27","Pediatrics","quantile","0.35",397
"INFLAenza","2026-06-20",1,"2026-06-27","Pediatrics","quantile","0.4",412
"INFLAenza","2026-06-20",1,"2026-06-27","Pediatrics","quantile","0.45",427
"INFLAenza","2026-06-20",1,"2026-06-27","Pediatrics","quantile","0.5",442
"INFLAenza","2026-06-20",1,"2026-06-27","Pediatrics","quantile","0.55",459
"INFLAenza","2026-06-20",1,"2026-06-27","Pediatrics","quantile","0.6",478
"INFLAenza","2026-06-20",1,"2026-06-27","Pediatrics","quantile","0.65",497
"INFLAenza","2026-06-20",1,"2026-06-27","Pediatrics","quantile","0.7",516
"INFLAenza","2026-06-20",1,"2026-06-27","Pediatrics","quantile","0.75",541
"INFLAenza","2026-06-20",1,"2026-06-27","Pediatrics","quantile","0.8",567
"INFLAenza","2026-06-20",1,"2026-06-27","Pediatrics","quantile","0.85",602
"INFLAenza","2026-06-20",1,"2026-06-27","Pediatrics","quantile","0.9",649
"INFLAenza","2026-06-20",1,"2026-06-27","Pediatrics","quantile","0.95",729
"INFLAenza","2026-06-20",1,"2026-06-27","Pediatrics","quantile","0.975",795
"INFLAenza","2026-06-20",1,"2026-06-27","Pediatrics","quantile","0.99",895
"INFLAenza","2026-06-20",2,"2026-07-04","Adults","quantile","0.01",161
"INFLAenza","2026-06-20",2,"2026-07-04","Adults","quantile","0.025",184
"INFLAenza","2026-06-20",2,"2026-07-04","Adults","quantile","0.05",203
"INFLAenza","2026-06-20",2,"2026-07-04","Adults","quantile","0.1",229
"INFLAenza","2026-06-20",2,"2026-07-04","Adults","quantile","0.15",246
"INFLAenza","2026-06-20",2,"2026-07-04","Adults","quantile","0.2",261
"INFLAenza","2026-06-20",2,"2026-07-04","Adults","quantile","0.25",277
"INFLAenza","2026-06-20",2,"2026-07-04","Adults","quantile","0.3",291
"INFLAenza","2026-06-20",2,"2026-07-04","Adults","quantile","0.35",304
"INFLAenza","2026-06-20",2,"2026-07-04","Adults","quantile","0.4",318
"INFLAenza","2026-06-20",2,"2026-07-04","Adults","quantile","0.45",329
"INFLAenza","2026-06-20",2,"2026-07-04","Adults","quantile","0.5",344
"INFLAenza","2026-06-20",2,"2026-07-04","Adults","quantile","0.55",358
"INFLAenza","2026-06-20",2,"2026-07-04","Adults","quantile","0.6",374
"INFLAenza","2026-06-20",2,"2026-07-04","Adults","quantile","0.65",390
"INFLAenza","2026-06-20",2,"2026-07-04","Adults","quantile","0.7",409
"INFLAenza","2026-06-20",2,"2026-07-04","Adults","quantile","0.75",429
"INFLAenza","2026-06-20",2,"2026-07-04","Adults","quantile","0.8",453
"INFLAenza","2026-06-20",2,"2026-07-04","Adults","quantile","0.85",484
"INFLAenza","2026-06-20",2,"2026-07-04","Adults","quantile","0.9",524
"INFLAenza","2026-06-20",2,"2026-07-04","Adults","quantile","0.95",586
"INFLAenza","2026-06-20",2,"2026-07-04","Adults","quantile","0.975",659
"INFLAenza","2026-06-20",2,"2026-07-04","Adults","quantile","0.99",737
"INFLAenza","2026-06-20",2,"2026-07-04","Overall","quantile","0.01",428
"INFLAenza","2026-06-20",2,"2026-07-04","Overall","quantile","0.025",474
"INFLAenza","2026-06-20",2,"2026-07-04","Overall","quantile","0.05",511
"INFLAenza","2026-06-20",2,"2026-07-04","Overall","quantile","0.1",559
"INFLAenza","2026-06-20",2,"2026-07-04","Overall","quantile","0.15",601
"INFLAenza","2026-06-20",2,"2026-07-04","Overall","quantile","0.2",634
"INFLAenza","2026-06-20",2,"2026-07-04","Overall","quantile","0.25",660
"INFLAenza","2026-06-20",2,"2026-07-04","Overall","quantile","0.3",687
"INFLAenza","2026-06-20",2,"2026-07-04","Overall","quantile","0.35",712
"INFLAenza","2026-06-20",2,"2026-07-04","Overall","quantile","0.4",738
"INFLAenza","2026-06-20",2,"2026-07-04","Overall","quantile","0.45",766
"INFLAenza","2026-06-20",2,"2026-07-04","Overall","quantile","0.5",794
"INFLAenza","2026-06-20",2,"2026-07-04","Overall","quantile","0.55",819
"INFLAenza","2026-06-20",2,"2026-07-04","Overall","quantile","0.6",847
"INFLAenza","2026-06-20",2,"2026-07-04","Overall","quantile","0.65",875
"INFLAenza","2026-06-20",2,"2026-07-04","Overall","quantile","0.7",907
"INFLAenza","2026-06-20",2,"2026-07-04","Overall","quantile","0.75",947
"INFLAenza","2026-06-20",2,"2026-07-04","Overall","quantile","0.8",989
"INFLAenza","2026-06-20",2,"2026-07-04","Overall","quantile","0.85",1043
"INFLAenza","2026-06-20",2,"2026-07-04","Overall","quantile","0.9",1112
"INFLAenza","2026-06-20",2,"2026-07-04","Overall","quantile","0.95",1225
"INFLAenza","2026-06-20",2,"2026-07-04","Overall","quantile","0.975",1338
"INFLAenza","2026-06-20",2,"2026-07-04","Overall","quantile","0.99",1516
"INFLAenza","2026-06-20",2,"2026-07-04","Pediatrics","quantile","0.01",205
"INFLAenza","2026-06-20",2,"2026-07-04","Pediatrics","quantile","0.025",229
"INFLAenza","2026-06-20",2,"2026-07-04","Pediatrics","quantile","0.05",256
"INFLAenza","2026-06-20",2,"2026-07-04","Pediatrics","quantile","0.1",286
"INFLAenza","2026-06-20",2,"2026-07-04","Pediatrics","quantile","0.15",309
"INFLAenza","2026-06-20",2,"2026-07-04","Pediatrics","quantile","0.2",332
"INFLAenza","2026-06-20",2,"2026-07-04","Pediatrics","quantile","0.25",349
"INFLAenza","2026-06-20",2,"2026-07-04","Pediatrics","quantile","0.3",365
"INFLAenza","2026-06-20",2,"2026-07-04","Pediatrics","quantile","0.35",382
"INFLAenza","2026-06-20",2,"2026-07-04","Pediatrics","quantile","0.4",398
"INFLAenza","2026-06-20",2,"2026-07-04","Pediatrics","quantile","0.45",414
"INFLAenza","2026-06-20",2,"2026-07-04","Pediatrics","quantile","0.5",431
"INFLAenza","2026-06-20",2,"2026-07-04","Pediatrics","quantile","0.55",448
"INFLAenza","2026-06-20",2,"2026-07-04","Pediatrics","quantile","0.6",468
"INFLAenza","2026-06-20",2,"2026-07-04","Pediatrics","quantile","0.65",492
"INFLAenza","2026-06-20",2,"2026-07-04","Pediatrics","quantile","0.7",513
"INFLAenza","2026-06-20",2,"2026-07-04","Pediatrics","quantile","0.75",540
"INFLAenza","2026-06-20",2,"2026-07-04","Pediatrics","quantile","0.8",568
"INFLAenza","2026-06-20",2,"2026-07-04","Pediatrics","quantile","0.85",609
"INFLAenza","2026-06-20",2,"2026-07-04","Pediatrics","quantile","0.9",659
"INFLAenza","2026-06-20",2,"2026-07-04","Pediatrics","quantile","0.95",739
"INFLAenza","2026-06-20",2,"2026-07-04","Pediatrics","quantile","0.975",832
"INFLAenza","2026-06-20",2,"2026-07-04","Pediatrics","quantile","0.99",947
"INFLAenza","2026-06-20",3,"2026-07-11","Adults","quantile","0.01",149
"INFLAenza","2026-06-20",3,"2026-07-11","Adults","quantile","0.025",169
"INFLAenza","2026-06-20",3,"2026-07-11","Adults","quantile","0.05",187
"INFLAenza","2026-06-20",3,"2026-07-11","Adults","quantile","0.1",215
"INFLAenza","2026-06-20",3,"2026-07-11","Adults","quantile","0.15",234
"INFLAenza","2026-06-20",3,"2026-07-11","Adults","quantile","0.2",251
"INFLAenza","2026-06-20",3,"2026-07-11","Adults","quantile","0.25",264
"INFLAenza","2026-06-20",3,"2026-07-11","Adults","quantile","0.3",278
"INFLAenza","2026-06-20",3,"2026-07-11","Adults","quantile","0.35",293
"INFLAenza","2026-06-20",3,"2026-07-11","Adults","quantile","0.4",308
"INFLAenza","2026-06-20",3,"2026-07-11","Adults","quantile","0.45",322
"INFLAenza","2026-06-20",3,"2026-07-11","Adults","quantile","0.5",336
"INFLAenza","2026-06-20",3,"2026-07-11","Adults","quantile","0.55",351
"INFLAenza","2026-06-20",3,"2026-07-11","Adults","quantile","0.6",368
"INFLAenza","2026-06-20",3,"2026-07-11","Adults","quantile","0.65",384
"INFLAenza","2026-06-20",3,"2026-07-11","Adults","quantile","0.7",406
"INFLAenza","2026-06-20",3,"2026-07-11","Adults","quantile","0.75",427
"INFLAenza","2026-06-20",3,"2026-07-11","Adults","quantile","0.8",454
"INFLAenza","2026-06-20",3,"2026-07-11","Adults","quantile","0.85",484
"INFLAenza","2026-06-20",3,"2026-07-11","Adults","quantile","0.9",520
"INFLAenza","2026-06-20",3,"2026-07-11","Adults","quantile","0.95",593
"INFLAenza","2026-06-20",3,"2026-07-11","Adults","quantile","0.975",662
"INFLAenza","2026-06-20",3,"2026-07-11","Adults","quantile","0.99",770
"INFLAenza","2026-06-20",3,"2026-07-11","Overall","quantile","0.01",400
"INFLAenza","2026-06-20",3,"2026-07-11","Overall","quantile","0.025",440
"INFLAenza","2026-06-20",3,"2026-07-11","Overall","quantile","0.05",476
"INFLAenza","2026-06-20",3,"2026-07-11","Overall","quantile","0.1",531
"INFLAenza","2026-06-20",3,"2026-07-11","Overall","quantile","0.15",572
"INFLAenza","2026-06-20",3,"2026-07-11","Overall","quantile","0.2",605
"INFLAenza","2026-06-20",3,"2026-07-11","Overall","quantile","0.25",635
"INFLAenza","2026-06-20",3,"2026-07-11","Overall","quantile","0.3",663
"INFLAenza","2026-06-20",3,"2026-07-11","Overall","quantile","0.35",692
"INFLAenza","2026-06-20",3,"2026-07-11","Overall","quantile","0.4",721
"INFLAenza","2026-06-20",3,"2026-07-11","Overall","quantile","0.45",749
"INFLAenza","2026-06-20",3,"2026-07-11","Overall","quantile","0.5",776
"INFLAenza","2026-06-20",3,"2026-07-11","Overall","quantile","0.55",804
"INFLAenza","2026-06-20",3,"2026-07-11","Overall","quantile","0.6",834
"INFLAenza","2026-06-20",3,"2026-07-11","Overall","quantile","0.65",865
"INFLAenza","2026-06-20",3,"2026-07-11","Overall","quantile","0.7",899
"INFLAenza","2026-06-20",3,"2026-07-11","Overall","quantile","0.75",935
"INFLAenza","2026-06-20",3,"2026-07-11","Overall","quantile","0.8",979
"INFLAenza","2026-06-20",3,"2026-07-11","Overall","quantile","0.85",1034
"INFLAenza","2026-06-20",3,"2026-07-11","Overall","quantile","0.9",1116
"INFLAenza","2026-06-20",3,"2026-07-11","Overall","quantile","0.95",1232
"INFLAenza","2026-06-20",3,"2026-07-11","Overall","quantile","0.975",1379
"INFLAenza","2026-06-20",3,"2026-07-11","Overall","quantile","0.99",1556
"INFLAenza","2026-06-20",3,"2026-07-11","Pediatrics","quantile","0.01",191
"INFLAenza","2026-06-20",3,"2026-07-11","Pediatrics","quantile","0.025",211
"INFLAenza","2026-06-20",3,"2026-07-11","Pediatrics","quantile","0.05",236
"INFLAenza","2026-06-20",3,"2026-07-11","Pediatrics","quantile","0.1",268
"INFLAenza","2026-06-20",3,"2026-07-11","Pediatrics","quantile","0.15",292
"INFLAenza","2026-06-20",3,"2026-07-11","Pediatrics","quantile","0.2",313
"INFLAenza","2026-06-20",3,"2026-07-11","Pediatrics","quantile","0.25",333
"INFLAenza","2026-06-20",3,"2026-07-11","Pediatrics","quantile","0.3",352
"INFLAenza","2026-06-20",3,"2026-07-11","Pediatrics","quantile","0.35",370
"INFLAenza","2026-06-20",3,"2026-07-11","Pediatrics","quantile","0.4",387
"INFLAenza","2026-06-20",3,"2026-07-11","Pediatrics","quantile","0.45",404
"INFLAenza","2026-06-20",3,"2026-07-11","Pediatrics","quantile","0.5",422
"INFLAenza","2026-06-20",3,"2026-07-11","Pediatrics","quantile","0.55",441
"INFLAenza","2026-06-20",3,"2026-07-11","Pediatrics","quantile","0.6",459
"INFLAenza","2026-06-20",3,"2026-07-11","Pediatrics","quantile","0.65",480
"INFLAenza","2026-06-20",3,"2026-07-11","Pediatrics","quantile","0.7",504
"INFLAenza","2026-06-20",3,"2026-07-11","Pediatrics","quantile","0.75",531
"INFLAenza","2026-06-20",3,"2026-07-11","Pediatrics","quantile","0.8",565
"INFLAenza","2026-06-20",3,"2026-07-11","Pediatrics","quantile","0.85",604
"INFLAenza","2026-06-20",3,"2026-07-11","Pediatrics","quantile","0.9",660
"INFLAenza","2026-06-20",3,"2026-07-11","Pediatrics","quantile","0.95",750
"INFLAenza","2026-06-20",3,"2026-07-11","Pediatrics","quantile","0.975",853
"INFLAenza","2026-06-20",3,"2026-07-11","Pediatrics","quantile","0.99",978
"Copycat","2026-06-20",-2,"2026-06-06","Adults","quantile","0.01",231
"Copycat","2026-06-20",-2,"2026-06-06","Adults","quantile","0.025",240
"Copycat","2026-06-20",-2,"2026-06-06","Adults","quantile","0.05",247
"Copycat","2026-06-20",-2,"2026-06-06","Adults","quantile","0.1",256
"Copycat","2026-06-20",-2,"2026-06-06","Adults","quantile","0.15",263
"Copycat","2026-06-20",-2,"2026-06-06","Adults","quantile","0.2",268
"Copycat","2026-06-20",-2,"2026-06-06","Adults","quantile","0.25",273
"Copycat","2026-06-20",-2,"2026-06-06","Adults","quantile","0.3",278
"Copycat","2026-06-20",-2,"2026-06-06","Adults","quantile","0.35",282
"Copycat","2026-06-20",-2,"2026-06-06","Adults","quantile","0.4",286
"Copycat","2026-06-20",-2,"2026-06-06","Adults","quantile","0.45",289
"Copycat","2026-06-20",-2,"2026-06-06","Adults","quantile","0.5",293
"Copycat","2026-06-20",-2,"2026-06-06","Adults","quantile","0.55",296
"Copycat","2026-06-20",-2,"2026-06-06","Adults","quantile","0.6",300
"Copycat","2026-06-20",-2,"2026-06-06","Adults","quantile","0.65",304
"Copycat","2026-06-20",-2,"2026-06-06","Adults","quantile","0.7",310
"Copycat","2026-06-20",-2,"2026-06-06","Adults","quantile","0.75",315
"Copycat","2026-06-20",-2,"2026-06-06","Adults","quantile","0.8",321
"Copycat","2026-06-20",-2,"2026-06-06","Adults","quantile","0.85",326
"Copycat","2026-06-20",-2,"2026-06-06","Adults","quantile","0.9",336
"Copycat","2026-06-20",-2,"2026-06-06","Adults","quantile","0.95",353
"Copycat","2026-06-20",-2,"2026-06-06","Adults","quantile","0.975",365
"Copycat","2026-06-20",-2,"2026-06-06","Adults","quantile","0.99",383
"Copycat","2026-06-20",-1,"2026-06-13","Adults","quantile","0.01",211
"Copycat","2026-06-20",-1,"2026-06-13","Adults","quantile","0.025",226
"Copycat","2026-06-20",-1,"2026-06-13","Adults","quantile","0.05",236
"Copycat","2026-06-20",-1,"2026-06-13","Adults","quantile","0.1",251
"Copycat","2026-06-20",-1,"2026-06-13","Adults","quantile","0.15",261
"Copycat","2026-06-20",-1,"2026-06-13","Adults","quantile","0.2",270
"Copycat","2026-06-20",-1,"2026-06-13","Adults","quantile","0.25",278
"Copycat","2026-06-20",-1,"2026-06-13","Adults","quantile","0.3",283
"Copycat","2026-06-20",-1,"2026-06-13","Adults","quantile","0.35",290
"Copycat","2026-06-20",-1,"2026-06-13","Adults","quantile","0.4",298
"Copycat","2026-06-20",-1,"2026-06-13","Adults","quantile","0.45",305
"Copycat","2026-06-20",-1,"2026-06-13","Adults","quantile","0.5",312
"Copycat","2026-06-20",-1,"2026-06-13","Adults","quantile","0.55",319
"Copycat","2026-06-20",-1,"2026-06-13","Adults","quantile","0.6",328
"Copycat","2026-06-20",-1,"2026-06-13","Adults","quantile","0.65",334
"Copycat","2026-06-20",-1,"2026-06-13","Adults","quantile","0.7",344
"Copycat","2026-06-20",-1,"2026-06-13","Adults","quantile","0.75",354
"Copycat","2026-06-20",-1,"2026-06-13","Adults","quantile","0.8",364
"Copycat","2026-06-20",-1,"2026-06-13","Adults","quantile","0.85",379
"Copycat","2026-06-20",-1,"2026-06-13","Adults","quantile","0.9",395
"Copycat","2026-06-20",-1,"2026-06-13","Adults","quantile","0.95",422
"Copycat","2026-06-20",-1,"2026-06-13","Adults","quantile","0.975",447
"Copycat","2026-06-20",-1,"2026-06-13","Adults","quantile","0.99",463
"Copycat","2026-06-20",0,"2026-06-20","Adults","quantile","0.01",191
"Copycat","2026-06-20",0,"2026-06-20","Adults","quantile","0.025",207
"Copycat","2026-06-20",0,"2026-06-20","Adults","quantile","0.05",221
"Copycat","2026-06-20",0,"2026-06-20","Adults","quantile","0.1",244
"Copycat","2026-06-20",0,"2026-06-20","Adults","quantile","0.15",256
"Copycat","2026-06-20",0,"2026-06-20","Adults","quantile","0.2",266
"Copycat","2026-06-20",0,"2026-06-20","Adults","quantile","0.25",277
"Copycat","2026-06-20",0,"2026-06-20","Adults","quantile","0.3",286
"Copycat","2026-06-20",0,"2026-06-20","Adults","quantile","0.35",295
"Copycat","2026-06-20",0,"2026-06-20","Adults","quantile","0.4",304
"Copycat","2026-06-20",0,"2026-06-20","Adults","quantile","0.45",312
"Copycat","2026-06-20",0,"2026-06-20","Adults","quantile","0.5",322
"Copycat","2026-06-20",0,"2026-06-20","Adults","quantile","0.55",334
"Copycat","2026-06-20",0,"2026-06-20","Adults","quantile","0.6",345
"Copycat","2026-06-20",0,"2026-06-20","Adults","quantile","0.65",357
"Copycat","2026-06-20",0,"2026-06-20","Adults","quantile","0.7",372
"Copycat","2026-06-20",0,"2026-06-20","Adults","quantile","0.75",385
"Copycat","2026-06-20",0,"2026-06-20","Adults","quantile","0.8",403
"Copycat","2026-06-20",0,"2026-06-20","Adults","quantile","0.85",421
"Copycat","2026-06-20",0,"2026-06-20","Adults","quantile","0.9",449
"Copycat","2026-06-20",0,"2026-06-20","Adults","quantile","0.95",492
"Copycat","2026-06-20",0,"2026-06-20","Adults","quantile","0.975",539
"Copycat","2026-06-20",0,"2026-06-20","Adults","quantile","0.99",561
"Copycat","2026-06-20",1,"2026-06-27","Adults","quantile","0.01",178
"Copycat","2026-06-20",1,"2026-06-27","Adults","quantile","0.025",191
"Copycat","2026-06-20",1,"2026-06-27","Adults","quantile","0.05",210
"Copycat","2026-06-20",1,"2026-06-27","Adults","quantile","0.1",229
"Copycat","2026-06-20",1,"2026-06-27","Adults","quantile","0.15",242
"Copycat","2026-06-20",1,"2026-06-27","Adults","quantile","0.2",254
"Copycat","2026-06-20",1,"2026-06-27","Adults","quantile","0.25",266
"Copycat","2026-06-20",1,"2026-06-27","Adults","quantile","0.3",276
"Copycat","2026-06-20",1,"2026-06-27","Adults","quantile","0.35",287
"Copycat","2026-06-20",1,"2026-06-27","Adults","quantile","0.4",299
"Copycat","2026-06-20",1,"2026-06-27","Adults","quantile","0.45",310
"Copycat","2026-06-20",1,"2026-06-27","Adults","quantile","0.5",323
"Copycat","2026-06-20",1,"2026-06-27","Adults","quantile","0.55",338
"Copycat","2026-06-20",1,"2026-06-27","Adults","quantile","0.6",351
"Copycat","2026-06-20",1,"2026-06-27","Adults","quantile","0.65",367
"Copycat","2026-06-20",1,"2026-06-27","Adults","quantile","0.7",386
"Copycat","2026-06-20",1,"2026-06-27","Adults","quantile","0.75",407
"Copycat","2026-06-20",1,"2026-06-27","Adults","quantile","0.8",429
"Copycat","2026-06-20",1,"2026-06-27","Adults","quantile","0.85",462
"Copycat","2026-06-20",1,"2026-06-27","Adults","quantile","0.9",489
"Copycat","2026-06-20",1,"2026-06-27","Adults","quantile","0.95",539
"Copycat","2026-06-20",1,"2026-06-27","Adults","quantile","0.975",606
"Copycat","2026-06-20",1,"2026-06-27","Adults","quantile","0.99",661
"Copycat","2026-06-20",2,"2026-07-04","Adults","quantile","0.01",154
"Copycat","2026-06-20",2,"2026-07-04","Adults","quantile","0.025",168
"Copycat","2026-06-20",2,"2026-07-04","Adults","quantile","0.05",186
"Copycat","2026-06-20",2,"2026-07-04","Adults","quantile","0.1",209
"Copycat","2026-06-20",2,"2026-07-04","Adults","quantile","0.15",225
"Copycat","2026-06-20",2,"2026-07-04","Adults","quantile","0.2",236
"Copycat","2026-06-20",2,"2026-07-04","Adults","quantile","0.25",249
"Copycat","2026-06-20",2,"2026-07-04","Adults","quantile","0.3",261
"Copycat","2026-06-20",2,"2026-07-04","Adults","quantile","0.35",279
"Copycat","2026-06-20",2,"2026-07-04","Adults","quantile","0.4",291
"Copycat","2026-06-20",2,"2026-07-04","Adults","quantile","0.45",301
"Copycat","2026-06-20",2,"2026-07-04","Adults","quantile","0.5",314
"Copycat","2026-06-20",2,"2026-07-04","Adults","quantile","0.55",330
"Copycat","2026-06-20",2,"2026-07-04","Adults","quantile","0.6",347
"Copycat","2026-06-20",2,"2026-07-04","Adults","quantile","0.65",366
"Copycat","2026-06-20",2,"2026-07-04","Adults","quantile","0.7",383
"Copycat","2026-06-20",2,"2026-07-04","Adults","quantile","0.75",412
"Copycat","2026-06-20",2,"2026-07-04","Adults","quantile","0.8",450
"Copycat","2026-06-20",2,"2026-07-04","Adults","quantile","0.85",482
"Copycat","2026-06-20",2,"2026-07-04","Adults","quantile","0.9",509
"Copycat","2026-06-20",2,"2026-07-04","Adults","quantile","0.95",578
"Copycat","2026-06-20",2,"2026-07-04","Adults","quantile","0.975",642
"Copycat","2026-06-20",2,"2026-07-04","Adults","quantile","0.99",708
"Copycat","2026-06-20",3,"2026-07-11","Adults","quantile","0.01",132
"Copycat","2026-06-20",3,"2026-07-11","Adults","quantile","0.025",152
"Copycat","2026-06-20",3,"2026-07-11","Adults","quantile","0.05",169
"Copycat","2026-06-20",3,"2026-07-11","Adults","quantile","0.1",190
"Copycat","2026-06-20",3,"2026-07-11","Adults","quantile","0.15",204
"Copycat","2026-06-20",3,"2026-07-11","Adults","quantile","0.2",217
"Copycat","2026-06-20",3,"2026-07-11","Adults","quantile","0.25",231
"Copycat","2026-06-20",3,"2026-07-11","Adults","quantile","0.3",244
"Copycat","2026-06-20",3,"2026-07-11","Adults","quantile","0.35",257
"Copycat","2026-06-20",3,"2026-07-11","Adults","quantile","0.4",275
"Copycat","2026-06-20",3,"2026-07-11","Adults","quantile","0.45",290
"Copycat","2026-06-20",3,"2026-07-11","Adults","quantile","0.5",304
"Copycat","2026-06-20",3,"2026-07-11","Adults","quantile","0.55",318
"Copycat","2026-06-20",3,"2026-07-11","Adults","quantile","0.6",339
"Copycat","2026-06-20",3,"2026-07-11","Adults","quantile","0.65",362
"Copycat","2026-06-20",3,"2026-07-11","Adults","quantile","0.7",386
"Copycat","2026-06-20",3,"2026-07-11","Adults","quantile","0.75",411
"Copycat","2026-06-20",3,"2026-07-11","Adults","quantile","0.8",445
"Copycat","2026-06-20",3,"2026-07-11","Adults","quantile","0.85",482
"Copycat","2026-06-20",3,"2026-07-11","Adults","quantile","0.9",528
"Copycat","2026-06-20",3,"2026-07-11","Adults","quantile","0.95",592
"Copycat","2026-06-20",3,"2026-07-11","Adults","quantile","0.975",661
"Copycat","2026-06-20",3,"2026-07-11","Adults","quantile","0.99",715
"Copycat","2026-06-20",-2,"2026-06-06","Overall","quantile","0.01",535
"Copycat","2026-06-20",-2,"2026-06-06","Overall","quantile","0.025",550
"Copycat","2026-06-20",-2,"2026-06-06","Overall","quantile","0.05",573
"Copycat","2026-06-20",-2,"2026-06-06","Overall","quantile","0.1",594
"Copycat","2026-06-20",-2,"2026-06-06","Overall","quantile","0.15",608
"Copycat","2026-06-20",-2,"2026-06-06","Overall","quantile","0.2",619
"Copycat","2026-06-20",-2,"2026-06-06","Overall","quantile","0.25",626
"Copycat","2026-06-20",-2,"2026-06-06","Overall","quantile","0.3",635
"Copycat","2026-06-20",-2,"2026-06-06","Overall","quantile","0.35",646
"Copycat","2026-06-20",-2,"2026-06-06","Overall","quantile","0.4",659
"Copycat","2026-06-20",-2,"2026-06-06","Overall","quantile","0.45",666
"Copycat","2026-06-20",-2,"2026-06-06","Overall","quantile","0.5",674
"Copycat","2026-06-20",-2,"2026-06-06","Overall","quantile","0.55",684
"Copycat","2026-06-20",-2,"2026-06-06","Overall","quantile","0.6",692
"Copycat","2026-06-20",-2,"2026-06-06","Overall","quantile","0.65",701
"Copycat","2026-06-20",-2,"2026-06-06","Overall","quantile","0.7",710
"Copycat","2026-06-20",-2,"2026-06-06","Overall","quantile","0.75",720
"Copycat","2026-06-20",-2,"2026-06-06","Overall","quantile","0.8",735
"Copycat","2026-06-20",-2,"2026-06-06","Overall","quantile","0.85",750
"Copycat","2026-06-20",-2,"2026-06-06","Overall","quantile","0.9",768
"Copycat","2026-06-20",-2,"2026-06-06","Overall","quantile","0.95",799
"Copycat","2026-06-20",-2,"2026-06-06","Overall","quantile","0.975",826
"Copycat","2026-06-20",-2,"2026-06-06","Overall","quantile","0.99",864
"Copycat","2026-06-20",-1,"2026-06-13","Overall","quantile","0.01",496
"Copycat","2026-06-20",-1,"2026-06-13","Overall","quantile","0.025",522
"Copycat","2026-06-20",-1,"2026-06-13","Overall","quantile","0.05",547
"Copycat","2026-06-20",-1,"2026-06-13","Overall","quantile","0.1",580
"Copycat","2026-06-20",-1,"2026-06-13","Overall","quantile","0.15",606
"Copycat","2026-06-20",-1,"2026-06-13","Overall","quantile","0.2",624
"Copycat","2026-06-20",-1,"2026-06-13","Overall","quantile","0.25",639
"Copycat","2026-06-20",-1,"2026-06-13","Overall","quantile","0.3",655
"Copycat","2026-06-20",-1,"2026-06-13","Overall","quantile","0.35",674
"Copycat","2026-06-20",-1,"2026-06-13","Overall","quantile","0.4",691
"Copycat","2026-06-20",-1,"2026-06-13","Overall","quantile","0.45",704
"Copycat","2026-06-20",-1,"2026-06-13","Overall","quantile","0.5",718
"Copycat","2026-06-20",-1,"2026-06-13","Overall","quantile","0.55",732
"Copycat","2026-06-20",-1,"2026-06-13","Overall","quantile","0.6",747
"Copycat","2026-06-20",-1,"2026-06-13","Overall","quantile","0.65",768
"Copycat","2026-06-20",-1,"2026-06-13","Overall","quantile","0.7",786
"Copycat","2026-06-20",-1,"2026-06-13","Overall","quantile","0.75",807
"Copycat","2026-06-20",-1,"2026-06-13","Overall","quantile","0.8",836
"Copycat","2026-06-20",-1,"2026-06-13","Overall","quantile","0.85",863
"Copycat","2026-06-20",-1,"2026-06-13","Overall","quantile","0.9",909
"Copycat","2026-06-20",-1,"2026-06-13","Overall","quantile","0.95",967
"Copycat","2026-06-20",-1,"2026-06-13","Overall","quantile","0.975",1005
"Copycat","2026-06-20",-1,"2026-06-13","Overall","quantile","0.99",1052
"Copycat","2026-06-20",0,"2026-06-20","Overall","quantile","0.01",459
"Copycat","2026-06-20",0,"2026-06-20","Overall","quantile","0.025",484
"Copycat","2026-06-20",0,"2026-06-20","Overall","quantile","0.05",509
"Copycat","2026-06-20",0,"2026-06-20","Overall","quantile","0.1",545
"Copycat","2026-06-20",0,"2026-06-20","Overall","quantile","0.15",575
"Copycat","2026-06-20",0,"2026-06-20","Overall","quantile","0.2",599
"Copycat","2026-06-20",0,"2026-06-20","Overall","quantile","0.25",631
"Copycat","2026-06-20",0,"2026-06-20","Overall","quantile","0.3",650
"Copycat","2026-06-20",0,"2026-06-20","Overall","quantile","0.35",674
"Copycat","2026-06-20",0,"2026-06-20","Overall","quantile","0.4",695
"Copycat","2026-06-20",0,"2026-06-20","Overall","quantile","0.45",713
"Copycat","2026-06-20",0,"2026-06-20","Overall","quantile","0.5",738
"Copycat","2026-06-20",0,"2026-06-20","Overall","quantile","0.55",764
"Copycat","2026-06-20",0,"2026-06-20","Overall","quantile","0.6",793
"Copycat","2026-06-20",0,"2026-06-20","Overall","quantile","0.65",824
"Copycat","2026-06-20",0,"2026-06-20","Overall","quantile","0.7",852
"Copycat","2026-06-20",0,"2026-06-20","Overall","quantile","0.75",881
"Copycat","2026-06-20",0,"2026-06-20","Overall","quantile","0.8",918
"Copycat","2026-06-20",0,"2026-06-20","Overall","quantile","0.85",973
"Copycat","2026-06-20",0,"2026-06-20","Overall","quantile","0.9",1032
"Copycat","2026-06-20",0,"2026-06-20","Overall","quantile","0.95",1118
"Copycat","2026-06-20",0,"2026-06-20","Overall","quantile","0.975",1191
"Copycat","2026-06-20",0,"2026-06-20","Overall","quantile","0.99",1278
"Copycat","2026-06-20",1,"2026-06-27","Overall","quantile","0.01",418
"Copycat","2026-06-20",1,"2026-06-27","Overall","quantile","0.025",436
"Copycat","2026-06-20",1,"2026-06-27","Overall","quantile","0.05",465
"Copycat","2026-06-20",1,"2026-06-27","Overall","quantile","0.1",503
"Copycat","2026-06-20",1,"2026-06-27","Overall","quantile","0.15",540
"Copycat","2026-06-20",1,"2026-06-27","Overall","quantile","0.2",569
"Copycat","2026-06-20",1,"2026-06-27","Overall","quantile","0.25",596
"Copycat","2026-06-20",1,"2026-06-27","Overall","quantile","0.3",626
"Copycat","2026-06-20",1,"2026-06-27","Overall","quantile","0.35",653
"Copycat","2026-06-20",1,"2026-06-27","Overall","quantile","0.4",682
"Copycat","2026-06-20",1,"2026-06-27","Overall","quantile","0.45",711
"Copycat","2026-06-20",1,"2026-06-27","Overall","quantile","0.5",744
"Copycat","2026-06-20",1,"2026-06-27","Overall","quantile","0.55",777
"Copycat","2026-06-20",1,"2026-06-27","Overall","quantile","0.6",803
"Copycat","2026-06-20",1,"2026-06-27","Overall","quantile","0.65",837
"Copycat","2026-06-20",1,"2026-06-27","Overall","quantile","0.7",878
"Copycat","2026-06-20",1,"2026-06-27","Overall","quantile","0.75",930
"Copycat","2026-06-20",1,"2026-06-27","Overall","quantile","0.8",981
"Copycat","2026-06-20",1,"2026-06-27","Overall","quantile","0.85",1052
"Copycat","2026-06-20",1,"2026-06-27","Overall","quantile","0.9",1138
"Copycat","2026-06-20",1,"2026-06-27","Overall","quantile","0.95",1227
"Copycat","2026-06-20",1,"2026-06-27","Overall","quantile","0.975",1347
"Copycat","2026-06-20",1,"2026-06-27","Overall","quantile","0.99",1458
"Copycat","2026-06-20",2,"2026-07-04","Overall","quantile","0.01",360
"Copycat","2026-06-20",2,"2026-07-04","Overall","quantile","0.025",396
"Copycat","2026-06-20",2,"2026-07-04","Overall","quantile","0.05",421
"Copycat","2026-06-20",2,"2026-07-04","Overall","quantile","0.1",463
"Copycat","2026-06-20",2,"2026-07-04","Overall","quantile","0.15",494
"Copycat","2026-06-20",2,"2026-07-04","Overall","quantile","0.2",527
"Copycat","2026-06-20",2,"2026-07-04","Overall","quantile","0.25",565
"Copycat","2026-06-20",2,"2026-07-04","Overall","quantile","0.3",591
"Copycat","2026-06-20",2,"2026-07-04","Overall","quantile","0.35",621
"Copycat","2026-06-20",2,"2026-07-04","Overall","quantile","0.4",655
"Copycat","2026-06-20",2,"2026-07-04","Overall","quantile","0.45",696
"Copycat","2026-06-20",2,"2026-07-04","Overall","quantile","0.5",727
"Copycat","2026-06-20",2,"2026-07-04","Overall","quantile","0.55",759
"Copycat","2026-06-20",2,"2026-07-04","Overall","quantile","0.6",803
"Copycat","2026-06-20",2,"2026-07-04","Overall","quantile","0.65",845
"Copycat","2026-06-20",2,"2026-07-04","Overall","quantile","0.7",888
"Copycat","2026-06-20",2,"2026-07-04","Overall","quantile","0.75",954
"Copycat","2026-06-20",2,"2026-07-04","Overall","quantile","0.8",1017
"Copycat","2026-06-20",2,"2026-07-04","Overall","quantile","0.85",1110
"Copycat","2026-06-20",2,"2026-07-04","Overall","quantile","0.9",1188
"Copycat","2026-06-20",2,"2026-07-04","Overall","quantile","0.95",1313
"Copycat","2026-06-20",2,"2026-07-04","Overall","quantile","0.975",1478
"Copycat","2026-06-20",2,"2026-07-04","Overall","quantile","0.99",1605
"Copycat","2026-06-20",3,"2026-07-11","Overall","quantile","0.01",319
"Copycat","2026-06-20",3,"2026-07-11","Overall","quantile","0.025",346
"Copycat","2026-06-20",3,"2026-07-11","Overall","quantile","0.05",375
"Copycat","2026-06-20",3,"2026-07-11","Overall","quantile","0.1",419
"Copycat","2026-06-20",3,"2026-07-11","Overall","quantile","0.15",452
"Copycat","2026-06-20",3,"2026-07-11","Overall","quantile","0.2",492
"Copycat","2026-06-20",3,"2026-07-11","Overall","quantile","0.25",521
"Copycat","2026-06-20",3,"2026-07-11","Overall","quantile","0.3",553
"Copycat","2026-06-20",3,"2026-07-11","Overall","quantile","0.35",585
"Copycat","2026-06-20",3,"2026-07-11","Overall","quantile","0.4",624
"Copycat","2026-06-20",3,"2026-07-11","Overall","quantile","0.45",660
"Copycat","2026-06-20",3,"2026-07-11","Overall","quantile","0.5",693
"Copycat","2026-06-20",3,"2026-07-11","Overall","quantile","0.55",726
"Copycat","2026-06-20",3,"2026-07-11","Overall","quantile","0.6",771
"Copycat","2026-06-20",3,"2026-07-11","Overall","quantile","0.65",824
"Copycat","2026-06-20",3,"2026-07-11","Overall","quantile","0.7",876
"Copycat","2026-06-20",3,"2026-07-11","Overall","quantile","0.75",947
"Copycat","2026-06-20",3,"2026-07-11","Overall","quantile","0.8",1022
"Copycat","2026-06-20",3,"2026-07-11","Overall","quantile","0.85",1115
"Copycat","2026-06-20",3,"2026-07-11","Overall","quantile","0.9",1217
"Copycat","2026-06-20",3,"2026-07-11","Overall","quantile","0.95",1383
"Copycat","2026-06-20",3,"2026-07-11","Overall","quantile","0.975",1544
"Copycat","2026-06-20",3,"2026-07-11","Overall","quantile","0.99",1684
"Copycat","2026-06-20",-2,"2026-06-06","Pediatrics","quantile","0.01",298
"Copycat","2026-06-20",-2,"2026-06-06","Pediatrics","quantile","0.025",310
"Copycat","2026-06-20",-2,"2026-06-06","Pediatrics","quantile","0.05",321
"Copycat","2026-06-20",-2,"2026-06-06","Pediatrics","quantile","0.1",336
"Copycat","2026-06-20",-2,"2026-06-06","Pediatrics","quantile","0.15",343
"Copycat","2026-06-20",-2,"2026-06-06","Pediatrics","quantile","0.2",350
"Copycat","2026-06-20",-2,"2026-06-06","Pediatrics","quantile","0.25",355
"Copycat","2026-06-20",-2,"2026-06-06","Pediatrics","quantile","0.3",362
"Copycat","2026-06-20",-2,"2026-06-06","Pediatrics","quantile","0.35",369
"Copycat","2026-06-20",-2,"2026-06-06","Pediatrics","quantile","0.4",374
"Copycat","2026-06-20",-2,"2026-06-06","Pediatrics","quantile","0.45",379
"Copycat","2026-06-20",-2,"2026-06-06","Pediatrics","quantile","0.5",385
"Copycat","2026-06-20",-2,"2026-06-06","Pediatrics","quantile","0.55",390
"Copycat","2026-06-20",-2,"2026-06-06","Pediatrics","quantile","0.6",395
"Copycat","2026-06-20",-2,"2026-06-06","Pediatrics","quantile","0.65",399
"Copycat","2026-06-20",-2,"2026-06-06","Pediatrics","quantile","0.7",404
"Copycat","2026-06-20",-2,"2026-06-06","Pediatrics","quantile","0.75",411
"Copycat","2026-06-20",-2,"2026-06-06","Pediatrics","quantile","0.8",419
"Copycat","2026-06-20",-2,"2026-06-06","Pediatrics","quantile","0.85",427
"Copycat","2026-06-20",-2,"2026-06-06","Pediatrics","quantile","0.9",437
"Copycat","2026-06-20",-2,"2026-06-06","Pediatrics","quantile","0.95",456
"Copycat","2026-06-20",-2,"2026-06-06","Pediatrics","quantile","0.975",476
"Copycat","2026-06-20",-2,"2026-06-06","Pediatrics","quantile","0.99",492
"Copycat","2026-06-20",-1,"2026-06-13","Pediatrics","quantile","0.01",280
"Copycat","2026-06-20",-1,"2026-06-13","Pediatrics","quantile","0.025",291
"Copycat","2026-06-20",-1,"2026-06-13","Pediatrics","quantile","0.05",309
"Copycat","2026-06-20",-1,"2026-06-13","Pediatrics","quantile","0.1",328
"Copycat","2026-06-20",-1,"2026-06-13","Pediatrics","quantile","0.15",340
"Copycat","2026-06-20",-1,"2026-06-13","Pediatrics","quantile","0.2",351
"Copycat","2026-06-20",-1,"2026-06-13","Pediatrics","quantile","0.25",363
"Copycat","2026-06-20",-1,"2026-06-13","Pediatrics","quantile","0.3",372
"Copycat","2026-06-20",-1,"2026-06-13","Pediatrics","quantile","0.35",383
"Copycat","2026-06-20",-1,"2026-06-13","Pediatrics","quantile","0.4",392
"Copycat","2026-06-20",-1,"2026-06-13","Pediatrics","quantile","0.45",400
"Copycat","2026-06-20",-1,"2026-06-13","Pediatrics","quantile","0.5",407
"Copycat","2026-06-20",-1,"2026-06-13","Pediatrics","quantile","0.55",417
"Copycat","2026-06-20",-1,"2026-06-13","Pediatrics","quantile","0.6",426
"Copycat","2026-06-20",-1,"2026-06-13","Pediatrics","quantile","0.65",435
"Copycat","2026-06-20",-1,"2026-06-13","Pediatrics","quantile","0.7",444
"Copycat","2026-06-20",-1,"2026-06-13","Pediatrics","quantile","0.75",457
"Copycat","2026-06-20",-1,"2026-06-13","Pediatrics","quantile","0.8",470
"Copycat","2026-06-20",-1,"2026-06-13","Pediatrics","quantile","0.85",488
"Copycat","2026-06-20",-1,"2026-06-13","Pediatrics","quantile","0.9",507
"Copycat","2026-06-20",-1,"2026-06-13","Pediatrics","quantile","0.95",545
"Copycat","2026-06-20",-1,"2026-06-13","Pediatrics","quantile","0.975",571
"Copycat","2026-06-20",-1,"2026-06-13","Pediatrics","quantile","0.99",608
"Copycat","2026-06-20",0,"2026-06-20","Pediatrics","quantile","0.01",261
"Copycat","2026-06-20",0,"2026-06-20","Pediatrics","quantile","0.025",276
"Copycat","2026-06-20",0,"2026-06-20","Pediatrics","quantile","0.05",296
"Copycat","2026-06-20",0,"2026-06-20","Pediatrics","quantile","0.1",315
"Copycat","2026-06-20",0,"2026-06-20","Pediatrics","quantile","0.15",332
"Copycat","2026-06-20",0,"2026-06-20","Pediatrics","quantile","0.2",345
"Copycat","2026-06-20",0,"2026-06-20","Pediatrics","quantile","0.25",358
"Copycat","2026-06-20",0,"2026-06-20","Pediatrics","quantile","0.3",371
"Copycat","2026-06-20",0,"2026-06-20","Pediatrics","quantile","0.35",385
"Copycat","2026-06-20",0,"2026-06-20","Pediatrics","quantile","0.4",396
"Copycat","2026-06-20",0,"2026-06-20","Pediatrics","quantile","0.45",410
"Copycat","2026-06-20",0,"2026-06-20","Pediatrics","quantile","0.5",422
"Copycat","2026-06-20",0,"2026-06-20","Pediatrics","quantile","0.55",435
"Copycat","2026-06-20",0,"2026-06-20","Pediatrics","quantile","0.6",448
"Copycat","2026-06-20",0,"2026-06-20","Pediatrics","quantile","0.65",463
"Copycat","2026-06-20",0,"2026-06-20","Pediatrics","quantile","0.7",479
"Copycat","2026-06-20",0,"2026-06-20","Pediatrics","quantile","0.75",498
"Copycat","2026-06-20",0,"2026-06-20","Pediatrics","quantile","0.8",515
"Copycat","2026-06-20",0,"2026-06-20","Pediatrics","quantile","0.85",545
"Copycat","2026-06-20",0,"2026-06-20","Pediatrics","quantile","0.9",575
"Copycat","2026-06-20",0,"2026-06-20","Pediatrics","quantile","0.95",633
"Copycat","2026-06-20",0,"2026-06-20","Pediatrics","quantile","0.975",681
"Copycat","2026-06-20",0,"2026-06-20","Pediatrics","quantile","0.99",739
"Copycat","2026-06-20",1,"2026-06-27","Pediatrics","quantile","0.01",225
"Copycat","2026-06-20",1,"2026-06-27","Pediatrics","quantile","0.025",248
"Copycat","2026-06-20",1,"2026-06-27","Pediatrics","quantile","0.05",264
"Copycat","2026-06-20",1,"2026-06-27","Pediatrics","quantile","0.1",293
"Copycat","2026-06-20",1,"2026-06-27","Pediatrics","quantile","0.15",314
"Copycat","2026-06-20",1,"2026-06-27","Pediatrics","quantile","0.2",326
"Copycat","2026-06-20",1,"2026-06-27","Pediatrics","quantile","0.25",342
"Copycat","2026-06-20",1,"2026-06-27","Pediatrics","quantile","0.3",358
"Copycat","2026-06-20",1,"2026-06-27","Pediatrics","quantile","0.35",374
"Copycat","2026-06-20",1,"2026-06-27","Pediatrics","quantile","0.4",388
"Copycat","2026-06-20",1,"2026-06-27","Pediatrics","quantile","0.45",401
"Copycat","2026-06-20",1,"2026-06-27","Pediatrics","quantile","0.5",416
"Copycat","2026-06-20",1,"2026-06-27","Pediatrics","quantile","0.55",433
"Copycat","2026-06-20",1,"2026-06-27","Pediatrics","quantile","0.6",452
"Copycat","2026-06-20",1,"2026-06-27","Pediatrics","quantile","0.65",472
"Copycat","2026-06-20",1,"2026-06-27","Pediatrics","quantile","0.7",495
"Copycat","2026-06-20",1,"2026-06-27","Pediatrics","quantile","0.75",522
"Copycat","2026-06-20",1,"2026-06-27","Pediatrics","quantile","0.8",547
"Copycat","2026-06-20",1,"2026-06-27","Pediatrics","quantile","0.85",584
"Copycat","2026-06-20",1,"2026-06-27","Pediatrics","quantile","0.9",630
"Copycat","2026-06-20",1,"2026-06-27","Pediatrics","quantile","0.95",706
"Copycat","2026-06-20",1,"2026-06-27","Pediatrics","quantile","0.975",770
"Copycat","2026-06-20",1,"2026-06-27","Pediatrics","quantile","0.99",822
"Copycat","2026-06-20",2,"2026-07-04","Pediatrics","quantile","0.01",196
"Copycat","2026-06-20",2,"2026-07-04","Pediatrics","quantile","0.025",220
"Copycat","2026-06-20",2,"2026-07-04","Pediatrics","quantile","0.05",239
"Copycat","2026-06-20",2,"2026-07-04","Pediatrics","quantile","0.1",265
"Copycat","2026-06-20",2,"2026-07-04","Pediatrics","quantile","0.15",284
"Copycat","2026-06-20",2,"2026-07-04","Pediatrics","quantile","0.2",303
"Copycat","2026-06-20",2,"2026-07-04","Pediatrics","quantile","0.25",319
"Copycat","2026-06-20",2,"2026-07-04","Pediatrics","quantile","0.3",338
"Copycat","2026-06-20",2,"2026-07-04","Pediatrics","quantile","0.35",354
"Copycat","2026-06-20",2,"2026-07-04","Pediatrics","quantile","0.4",370
"Copycat","2026-06-20",2,"2026-07-04","Pediatrics","quantile","0.45",388
"Copycat","2026-06-20",2,"2026-07-04","Pediatrics","quantile","0.5",407
"Copycat","2026-06-20",2,"2026-07-04","Pediatrics","quantile","0.55",425
"Copycat","2026-06-20",2,"2026-07-04","Pediatrics","quantile","0.6",444
"Copycat","2026-06-20",2,"2026-07-04","Pediatrics","quantile","0.65",466
"Copycat","2026-06-20",2,"2026-07-04","Pediatrics","quantile","0.7",490
"Copycat","2026-06-20",2,"2026-07-04","Pediatrics","quantile","0.75",523
"Copycat","2026-06-20",2,"2026-07-04","Pediatrics","quantile","0.8",552
"Copycat","2026-06-20",2,"2026-07-04","Pediatrics","quantile","0.85",605
"Copycat","2026-06-20",2,"2026-07-04","Pediatrics","quantile","0.9",661
"Copycat","2026-06-20",2,"2026-07-04","Pediatrics","quantile","0.95",728
"Copycat","2026-06-20",2,"2026-07-04","Pediatrics","quantile","0.975",820
"Copycat","2026-06-20",2,"2026-07-04","Pediatrics","quantile","0.99",895
"Copycat","2026-06-20",3,"2026-07-11","Pediatrics","quantile","0.01",177
"Copycat","2026-06-20",3,"2026-07-11","Pediatrics","quantile","0.025",196
"Copycat","2026-06-20",3,"2026-07-11","Pediatrics","quantile","0.05",213
"Copycat","2026-06-20",3,"2026-07-11","Pediatrics","quantile","0.1",240
"Copycat","2026-06-20",3,"2026-07-11","Pediatrics","quantile","0.15",257
"Copycat","2026-06-20",3,"2026-07-11","Pediatrics","quantile","0.2",281
"Copycat","2026-06-20",3,"2026-07-11","Pediatrics","quantile","0.25",299
"Copycat","2026-06-20",3,"2026-07-11","Pediatrics","quantile","0.3",318
"Copycat","2026-06-20",3,"2026-07-11","Pediatrics","quantile","0.35",334
"Copycat","2026-06-20",3,"2026-07-11","Pediatrics","quantile","0.4",352
"Copycat","2026-06-20",3,"2026-07-11","Pediatrics","quantile","0.45",367
"Copycat","2026-06-20",3,"2026-07-11","Pediatrics","quantile","0.5",386
"Copycat","2026-06-20",3,"2026-07-11","Pediatrics","quantile","0.55",405
"Copycat","2026-06-20",3,"2026-07-11","Pediatrics","quantile","0.6",425
"Copycat","2026-06-20",3,"2026-07-11","Pediatrics","quantile","0.65",454
"Copycat","2026-06-20",3,"2026-07-11","Pediatrics","quantile","0.7",475
"Copycat","2026-06-20",3,"2026-07-11","Pediatrics","quantile","0.75",504
"Copycat","2026-06-20",3,"2026-07-11","Pediatrics","quantile","0.8",542
"Copycat","2026-06-20",3,"2026-07-11","Pediatrics","quantile","0.85",594
"Copycat","2026-06-20",3,"2026-07-11","Pediatrics","quantile","0.9",666
"Copycat","2026-06-20",3,"2026-07-11","Pediatrics","quantile","0.95",755
"Copycat","2026-06-20",3,"2026-07-11","Pediatrics","quantile","0.975",824
"Copycat","2026-06-20",3,"2026-07-11","Pediatrics","quantile","0.99",957
"newGBQR","2026-06-20",-2,"2026-06-06","Adults","quantile","0.01",153
"newGBQR","2026-06-20",-2,"2026-06-06","Adults","quantile","0.025",199
"newGBQR","2026-06-20",-2,"2026-06-06","Adults","quantile","0.05",218
"newGBQR","2026-06-20",-2,"2026-06-06","Adults","quantile","0.1",238
"newGBQR","2026-06-20",-2,"2026-06-06","Adults","quantile","0.15",253
"newGBQR","2026-06-20",-2,"2026-06-06","Adults","quantile","0.2",261
"newGBQR","2026-06-20",-2,"2026-06-06","Adults","quantile","0.25",274
"newGBQR","2026-06-20",-2,"2026-06-06","Adults","quantile","0.3",282
"newGBQR","2026-06-20",-2,"2026-06-06","Adults","quantile","0.35",288
"newGBQR","2026-06-20",-2,"2026-06-06","Adults","quantile","0.4",294
"newGBQR","2026-06-20",-2,"2026-06-06","Adults","quantile","0.45",299
"newGBQR","2026-06-20",-2,"2026-06-06","Adults","quantile","0.5",301
"newGBQR","2026-06-20",-2,"2026-06-06","Adults","quantile","0.55",307
"newGBQR","2026-06-20",-2,"2026-06-06","Adults","quantile","0.6",311
"newGBQR","2026-06-20",-2,"2026-06-06","Adults","quantile","0.65",311
"newGBQR","2026-06-20",-2,"2026-06-06","Adults","quantile","0.7",312
"newGBQR","2026-06-20",-2,"2026-06-06","Adults","quantile","0.75",315
"newGBQR","2026-06-20",-2,"2026-06-06","Adults","quantile","0.8",319
"newGBQR","2026-06-20",-2,"2026-06-06","Adults","quantile","0.85",344
"newGBQR","2026-06-20",-2,"2026-06-06","Adults","quantile","0.9",361
"newGBQR","2026-06-20",-2,"2026-06-06","Adults","quantile","0.95",404
"newGBQR","2026-06-20",-2,"2026-06-06","Adults","quantile","0.975",439
"newGBQR","2026-06-20",-2,"2026-06-06","Adults","quantile","0.99",469
"newGBQR","2026-06-20",-1,"2026-06-13","Adults","quantile","0.01",153
"newGBQR","2026-06-20",-1,"2026-06-13","Adults","quantile","0.025",195
"newGBQR","2026-06-20",-1,"2026-06-13","Adults","quantile","0.05",213
"newGBQR","2026-06-20",-1,"2026-06-13","Adults","quantile","0.1",236
"newGBQR","2026-06-20",-1,"2026-06-13","Adults","quantile","0.15",248
"newGBQR","2026-06-20",-1,"2026-06-13","Adults","quantile","0.2",259
"newGBQR","2026-06-20",-1,"2026-06-13","Adults","quantile","0.25",273
"newGBQR","2026-06-20",-1,"2026-06-13","Adults","quantile","0.3",280
"newGBQR","2026-06-20",-1,"2026-06-13","Adults","quantile","0.35",289
"newGBQR","2026-06-20",-1,"2026-06-13","Adults","quantile","0.4",298
"newGBQR","2026-06-20",-1,"2026-06-13","Adults","quantile","0.45",306
"newGBQR","2026-06-20",-1,"2026-06-13","Adults","quantile","0.5",312
"newGBQR","2026-06-20",-1,"2026-06-13","Adults","quantile","0.55",324
"newGBQR","2026-06-20",-1,"2026-06-13","Adults","quantile","0.6",326
"newGBQR","2026-06-20",-1,"2026-06-13","Adults","quantile","0.65",326
"newGBQR","2026-06-20",-1,"2026-06-13","Adults","quantile","0.7",327
"newGBQR","2026-06-20",-1,"2026-06-13","Adults","quantile","0.75",328
"newGBQR","2026-06-20",-1,"2026-06-13","Adults","quantile","0.8",336
"newGBQR","2026-06-20",-1,"2026-06-13","Adults","quantile","0.85",358
"newGBQR","2026-06-20",-1,"2026-06-13","Adults","quantile","0.9",370
"newGBQR","2026-06-20",-1,"2026-06-13","Adults","quantile","0.95",424
"newGBQR","2026-06-20",-1,"2026-06-13","Adults","quantile","0.975",447
"newGBQR","2026-06-20",-1,"2026-06-13","Adults","quantile","0.99",476
"newGBQR","2026-06-20",0,"2026-06-20","Adults","quantile","0.01",153
"newGBQR","2026-06-20",0,"2026-06-20","Adults","quantile","0.025",194
"newGBQR","2026-06-20",0,"2026-06-20","Adults","quantile","0.05",210
"newGBQR","2026-06-20",0,"2026-06-20","Adults","quantile","0.1",235
"newGBQR","2026-06-20",0,"2026-06-20","Adults","quantile","0.15",244
"newGBQR","2026-06-20",0,"2026-06-20","Adults","quantile","0.2",257
"newGBQR","2026-06-20",0,"2026-06-20","Adults","quantile","0.25",274
"newGBQR","2026-06-20",0,"2026-06-20","Adults","quantile","0.3",281
"newGBQR","2026-06-20",0,"2026-06-20","Adults","quantile","0.35",292
"newGBQR","2026-06-20",0,"2026-06-20","Adults","quantile","0.4",302
"newGBQR","2026-06-20",0,"2026-06-20","Adults","quantile","0.45",314
"newGBQR","2026-06-20",0,"2026-06-20","Adults","quantile","0.5",323
"newGBQR","2026-06-20",0,"2026-06-20","Adults","quantile","0.55",339
"newGBQR","2026-06-20",0,"2026-06-20","Adults","quantile","0.6",341
"newGBQR","2026-06-20",0,"2026-06-20","Adults","quantile","0.65",342
"newGBQR","2026-06-20",0,"2026-06-20","Adults","quantile","0.7",342
"newGBQR","2026-06-20",0,"2026-06-20","Adults","quantile","0.75",343
"newGBQR","2026-06-20",0,"2026-06-20","Adults","quantile","0.8",346
"newGBQR","2026-06-20",0,"2026-06-20","Adults","quantile","0.85",364
"newGBQR","2026-06-20",0,"2026-06-20","Adults","quantile","0.9",386
"newGBQR","2026-06-20",0,"2026-06-20","Adults","quantile","0.95",430
"newGBQR","2026-06-20",0,"2026-06-20","Adults","quantile","0.975",464
"newGBQR","2026-06-20",0,"2026-06-20","Adults","quantile","0.99",486
"newGBQR","2026-06-20",1,"2026-06-27","Adults","quantile","0.01",150
"newGBQR","2026-06-20",1,"2026-06-27","Adults","quantile","0.025",187
"newGBQR","2026-06-20",1,"2026-06-27","Adults","quantile","0.05",205
"newGBQR","2026-06-20",1,"2026-06-27","Adults","quantile","0.1",225
"newGBQR","2026-06-20",1,"2026-06-27","Adults","quantile","0.15",242
"newGBQR","2026-06-20",1,"2026-06-27","Adults","quantile","0.2",257
"newGBQR","2026-06-20",1,"2026-06-27","Adults","quantile","0.25",277
"newGBQR","2026-06-20",1,"2026-06-27","Adults","quantile","0.3",281
"newGBQR","2026-06-20",1,"2026-06-27","Adults","quantile","0.35",289
"newGBQR","2026-06-20",1,"2026-06-27","Adults","quantile","0.4",298
"newGBQR","2026-06-20",1,"2026-06-27","Adults","quantile","0.45",315
"newGBQR","2026-06-20",1,"2026-06-27","Adults","quantile","0.5",317
"newGBQR","2026-06-20",1,"2026-06-27","Adults","quantile","0.55",330
"newGBQR","2026-06-20",1,"2026-06-27","Adults","quantile","0.6",337
"newGBQR","2026-06-20",1,"2026-06-27","Adults","quantile","0.65",343
"newGBQR","2026-06-20",1,"2026-06-27","Adults","quantile","0.7",344
"newGBQR","2026-06-20",1,"2026-06-27","Adults","quantile","0.75",345
"newGBQR","2026-06-20",1,"2026-06-27","Adults","quantile","0.8",349
"newGBQR","2026-06-20",1,"2026-06-27","Adults","quantile","0.85",369
"newGBQR","2026-06-20",1,"2026-06-27","Adults","quantile","0.9",394
"newGBQR","2026-06-20",1,"2026-06-27","Adults","quantile","0.95",431
"newGBQR","2026-06-20",1,"2026-06-27","Adults","quantile","0.975",464
"newGBQR","2026-06-20",1,"2026-06-27","Adults","quantile","0.99",485
"newGBQR","2026-06-20",2,"2026-07-04","Adults","quantile","0.01",143
"newGBQR","2026-06-20",2,"2026-07-04","Adults","quantile","0.025",182
"newGBQR","2026-06-20",2,"2026-07-04","Adults","quantile","0.05",194
"newGBQR","2026-06-20",2,"2026-07-04","Adults","quantile","0.1",219
"newGBQR","2026-06-20",2,"2026-07-04","Adults","quantile","0.15",240
"newGBQR","2026-06-20",2,"2026-07-04","Adults","quantile","0.2",254
"newGBQR","2026-06-20",2,"2026-07-04","Adults","quantile","0.25",271
"newGBQR","2026-06-20",2,"2026-07-04","Adults","quantile","0.3",275
"newGBQR","2026-06-20",2,"2026-07-04","Adults","quantile","0.35",280
"newGBQR","2026-06-20",2,"2026-07-04","Adults","quantile","0.4",293
"newGBQR","2026-06-20",2,"2026-07-04","Adults","quantile","0.45",307
"newGBQR","2026-06-20",2,"2026-07-04","Adults","quantile","0.5",314
"newGBQR","2026-06-20",2,"2026-07-04","Adults","quantile","0.55",343
"newGBQR","2026-06-20",2,"2026-07-04","Adults","quantile","0.6",343
"newGBQR","2026-06-20",2,"2026-07-04","Adults","quantile","0.65",350
"newGBQR","2026-06-20",2,"2026-07-04","Adults","quantile","0.7",350
"newGBQR","2026-06-20",2,"2026-07-04","Adults","quantile","0.75",352
"newGBQR","2026-06-20",2,"2026-07-04","Adults","quantile","0.8",354
"newGBQR","2026-06-20",2,"2026-07-04","Adults","quantile","0.85",374
"newGBQR","2026-06-20",2,"2026-07-04","Adults","quantile","0.9",395
"newGBQR","2026-06-20",2,"2026-07-04","Adults","quantile","0.95",434
"newGBQR","2026-06-20",2,"2026-07-04","Adults","quantile","0.975",459
"newGBQR","2026-06-20",2,"2026-07-04","Adults","quantile","0.99",476
"newGBQR","2026-06-20",3,"2026-07-11","Adults","quantile","0.01",137
"newGBQR","2026-06-20",3,"2026-07-11","Adults","quantile","0.025",180
"newGBQR","2026-06-20",3,"2026-07-11","Adults","quantile","0.05",194
"newGBQR","2026-06-20",3,"2026-07-11","Adults","quantile","0.1",216
"newGBQR","2026-06-20",3,"2026-07-11","Adults","quantile","0.15",238
"newGBQR","2026-06-20",3,"2026-07-11","Adults","quantile","0.2",249
"newGBQR","2026-06-20",3,"2026-07-11","Adults","quantile","0.25",265
"newGBQR","2026-06-20",3,"2026-07-11","Adults","quantile","0.3",270
"newGBQR","2026-06-20",3,"2026-07-11","Adults","quantile","0.35",275
"newGBQR","2026-06-20",3,"2026-07-11","Adults","quantile","0.4",292
"newGBQR","2026-06-20",3,"2026-07-11","Adults","quantile","0.45",306
"newGBQR","2026-06-20",3,"2026-07-11","Adults","quantile","0.5",312
"newGBQR","2026-06-20",3,"2026-07-11","Adults","quantile","0.55",340
"newGBQR","2026-06-20",3,"2026-07-11","Adults","quantile","0.6",342
"newGBQR","2026-06-20",3,"2026-07-11","Adults","quantile","0.65",347
"newGBQR","2026-06-20",3,"2026-07-11","Adults","quantile","0.7",350
"newGBQR","2026-06-20",3,"2026-07-11","Adults","quantile","0.75",351
"newGBQR","2026-06-20",3,"2026-07-11","Adults","quantile","0.8",359
"newGBQR","2026-06-20",3,"2026-07-11","Adults","quantile","0.85",377
"newGBQR","2026-06-20",3,"2026-07-11","Adults","quantile","0.9",394
"newGBQR","2026-06-20",3,"2026-07-11","Adults","quantile","0.95",433
"newGBQR","2026-06-20",3,"2026-07-11","Adults","quantile","0.975",458
"newGBQR","2026-06-20",3,"2026-07-11","Adults","quantile","0.99",477
"newGBQR","2026-06-20",-2,"2026-06-06","Overall","quantile","0.01",387
"newGBQR","2026-06-20",-2,"2026-06-06","Overall","quantile","0.025",482
"newGBQR","2026-06-20",-2,"2026-06-06","Overall","quantile","0.05",518
"newGBQR","2026-06-20",-2,"2026-06-06","Overall","quantile","0.1",558
"newGBQR","2026-06-20",-2,"2026-06-06","Overall","quantile","0.15",585
"newGBQR","2026-06-20",-2,"2026-06-06","Overall","quantile","0.2",610
"newGBQR","2026-06-20",-2,"2026-06-06","Overall","quantile","0.25",634
"newGBQR","2026-06-20",-2,"2026-06-06","Overall","quantile","0.3",645
"newGBQR","2026-06-20",-2,"2026-06-06","Overall","quantile","0.35",656
"newGBQR","2026-06-20",-2,"2026-06-06","Overall","quantile","0.4",677
"newGBQR","2026-06-20",-2,"2026-06-06","Overall","quantile","0.45",683
"newGBQR","2026-06-20",-2,"2026-06-06","Overall","quantile","0.5",685
"newGBQR","2026-06-20",-2,"2026-06-06","Overall","quantile","0.55",690
"newGBQR","2026-06-20",-2,"2026-06-06","Overall","quantile","0.6",699
"newGBQR","2026-06-20",-2,"2026-06-06","Overall","quantile","0.65",702
"newGBQR","2026-06-20",-2,"2026-06-06","Overall","quantile","0.7",703
"newGBQR","2026-06-20",-2,"2026-06-06","Overall","quantile","0.75",707
"newGBQR","2026-06-20",-2,"2026-06-06","Overall","quantile","0.8",720
"newGBQR","2026-06-20",-2,"2026-06-06","Overall","quantile","0.85",783
"newGBQR","2026-06-20",-2,"2026-06-06","Overall","quantile","0.9",811
"newGBQR","2026-06-20",-2,"2026-06-06","Overall","quantile","0.95",906
"newGBQR","2026-06-20",-2,"2026-06-06","Overall","quantile","0.975",972
"newGBQR","2026-06-20",-2,"2026-06-06","Overall","quantile","0.99",1035
"newGBQR","2026-06-20",-1,"2026-06-13","Overall","quantile","0.01",386
"newGBQR","2026-06-20",-1,"2026-06-13","Overall","quantile","0.025",474
"newGBQR","2026-06-20",-1,"2026-06-13","Overall","quantile","0.05",508
"newGBQR","2026-06-20",-1,"2026-06-13","Overall","quantile","0.1",552
"newGBQR","2026-06-20",-1,"2026-06-13","Overall","quantile","0.15",578
"newGBQR","2026-06-20",-1,"2026-06-13","Overall","quantile","0.2",609
"newGBQR","2026-06-20",-1,"2026-06-13","Overall","quantile","0.25",637
"newGBQR","2026-06-20",-1,"2026-06-13","Overall","quantile","0.3",649
"newGBQR","2026-06-20",-1,"2026-06-13","Overall","quantile","0.35",663
"newGBQR","2026-06-20",-1,"2026-06-13","Overall","quantile","0.4",691
"newGBQR","2026-06-20",-1,"2026-06-13","Overall","quantile","0.45",698
"newGBQR","2026-06-20",-1,"2026-06-13","Overall","quantile","0.5",716
"newGBQR","2026-06-20",-1,"2026-06-13","Overall","quantile","0.55",735
"newGBQR","2026-06-20",-1,"2026-06-13","Overall","quantile","0.6",740
"newGBQR","2026-06-20",-1,"2026-06-13","Overall","quantile","0.65",746
"newGBQR","2026-06-20",-1,"2026-06-13","Overall","quantile","0.7",750
"newGBQR","2026-06-20",-1,"2026-06-13","Overall","quantile","0.75",756
"newGBQR","2026-06-20",-1,"2026-06-13","Overall","quantile","0.8",781
"newGBQR","2026-06-20",-1,"2026-06-13","Overall","quantile","0.85",829
"newGBQR","2026-06-20",-1,"2026-06-13","Overall","quantile","0.9",830
"newGBQR","2026-06-20",-1,"2026-06-13","Overall","quantile","0.95",942
"newGBQR","2026-06-20",-1,"2026-06-13","Overall","quantile","0.975",987
"newGBQR","2026-06-20",-1,"2026-06-13","Overall","quantile","0.99",1039
"newGBQR","2026-06-20",0,"2026-06-20","Overall","quantile","0.01",383
"newGBQR","2026-06-20",0,"2026-06-20","Overall","quantile","0.025",462
"newGBQR","2026-06-20",0,"2026-06-20","Overall","quantile","0.05",497
"newGBQR","2026-06-20",0,"2026-06-20","Overall","quantile","0.1",545
"newGBQR","2026-06-20",0,"2026-06-20","Overall","quantile","0.15",573
"newGBQR","2026-06-20",0,"2026-06-20","Overall","quantile","0.2",608
"newGBQR","2026-06-20",0,"2026-06-20","Overall","quantile","0.25",636
"newGBQR","2026-06-20",0,"2026-06-20","Overall","quantile","0.3",651
"newGBQR","2026-06-20",0,"2026-06-20","Overall","quantile","0.35",672
"newGBQR","2026-06-20",0,"2026-06-20","Overall","quantile","0.4",700
"newGBQR","2026-06-20",0,"2026-06-20","Overall","quantile","0.45",717
"newGBQR","2026-06-20",0,"2026-06-20","Overall","quantile","0.5",742
"newGBQR","2026-06-20",0,"2026-06-20","Overall","quantile","0.55",781
"newGBQR","2026-06-20",0,"2026-06-20","Overall","quantile","0.6",782
"newGBQR","2026-06-20",0,"2026-06-20","Overall","quantile","0.65",786
"newGBQR","2026-06-20",0,"2026-06-20","Overall","quantile","0.7",798
"newGBQR","2026-06-20",0,"2026-06-20","Overall","quantile","0.75",799
"newGBQR","2026-06-20",0,"2026-06-20","Overall","quantile","0.8",811
"newGBQR","2026-06-20",0,"2026-06-20","Overall","quantile","0.85",862
"newGBQR","2026-06-20",0,"2026-06-20","Overall","quantile","0.9",868
"newGBQR","2026-06-20",0,"2026-06-20","Overall","quantile","0.95",953
"newGBQR","2026-06-20",0,"2026-06-20","Overall","quantile","0.975",1026
"newGBQR","2026-06-20",0,"2026-06-20","Overall","quantile","0.99",1060
"newGBQR","2026-06-20",1,"2026-06-27","Overall","quantile","0.01",380
"newGBQR","2026-06-20",1,"2026-06-27","Overall","quantile","0.025",458
"newGBQR","2026-06-20",1,"2026-06-27","Overall","quantile","0.05",493
"newGBQR","2026-06-20",1,"2026-06-27","Overall","quantile","0.1",530
"newGBQR","2026-06-20",1,"2026-06-27","Overall","quantile","0.15",573
"newGBQR","2026-06-20",1,"2026-06-27","Overall","quantile","0.2",607
"newGBQR","2026-06-20",1,"2026-06-27","Overall","quantile","0.25",639
"newGBQR","2026-06-20",1,"2026-06-27","Overall","quantile","0.3",652
"newGBQR","2026-06-20",1,"2026-06-27","Overall","quantile","0.35",671
"newGBQR","2026-06-20",1,"2026-06-27","Overall","quantile","0.4",699
"newGBQR","2026-06-20",1,"2026-06-27","Overall","quantile","0.45",723
"newGBQR","2026-06-20",1,"2026-06-27","Overall","quantile","0.5",753
"newGBQR","2026-06-20",1,"2026-06-27","Overall","quantile","0.55",784
"newGBQR","2026-06-20",1,"2026-06-27","Overall","quantile","0.6",785
"newGBQR","2026-06-20",1,"2026-06-27","Overall","quantile","0.65",795
"newGBQR","2026-06-20",1,"2026-06-27","Overall","quantile","0.7",800
"newGBQR","2026-06-20",1,"2026-06-27","Overall","quantile","0.75",811
"newGBQR","2026-06-20",1,"2026-06-27","Overall","quantile","0.8",816
"newGBQR","2026-06-20",1,"2026-06-27","Overall","quantile","0.85",854
"newGBQR","2026-06-20",1,"2026-06-27","Overall","quantile","0.9",889
"newGBQR","2026-06-20",1,"2026-06-27","Overall","quantile","0.95",969
"newGBQR","2026-06-20",1,"2026-06-27","Overall","quantile","0.975",1020
"newGBQR","2026-06-20",1,"2026-06-27","Overall","quantile","0.99",1052
"newGBQR","2026-06-20",2,"2026-07-04","Overall","quantile","0.01",365
"newGBQR","2026-06-20",2,"2026-07-04","Overall","quantile","0.025",447
"newGBQR","2026-06-20",2,"2026-07-04","Overall","quantile","0.05",475
"newGBQR","2026-06-20",2,"2026-07-04","Overall","quantile","0.1",517
"newGBQR","2026-06-20",2,"2026-07-04","Overall","quantile","0.15",570
"newGBQR","2026-06-20",2,"2026-07-04","Overall","quantile","0.2",603
"newGBQR","2026-06-20",2,"2026-07-04","Overall","quantile","0.25",631
"newGBQR","2026-06-20",2,"2026-07-04","Overall","quantile","0.3",643
"newGBQR","2026-06-20",2,"2026-07-04","Overall","quantile","0.35",653
"newGBQR","2026-06-20",2,"2026-07-04","Overall","quantile","0.4",691
"newGBQR","2026-06-20",2,"2026-07-04","Overall","quantile","0.45",713
"newGBQR","2026-06-20",2,"2026-07-04","Overall","quantile","0.5",749
"newGBQR","2026-06-20",2,"2026-07-04","Overall","quantile","0.55",784
"newGBQR","2026-06-20",2,"2026-07-04","Overall","quantile","0.6",797
"newGBQR","2026-06-20",2,"2026-07-04","Overall","quantile","0.65",808
"newGBQR","2026-06-20",2,"2026-07-04","Overall","quantile","0.7",812
"newGBQR","2026-06-20",2,"2026-07-04","Overall","quantile","0.75",823
"newGBQR","2026-06-20",2,"2026-07-04","Overall","quantile","0.8",837
"newGBQR","2026-06-20",2,"2026-07-04","Overall","quantile","0.85",860
"newGBQR","2026-06-20",2,"2026-07-04","Overall","quantile","0.9",883
"newGBQR","2026-06-20",2,"2026-07-04","Overall","quantile","0.95",978
"newGBQR","2026-06-20",2,"2026-07-04","Overall","quantile","0.975",1013
"newGBQR","2026-06-20",2,"2026-07-04","Overall","quantile","0.99",1048
"newGBQR","2026-06-20",3,"2026-07-11","Overall","quantile","0.01",355
"newGBQR","2026-06-20",3,"2026-07-11","Overall","quantile","0.025",438
"newGBQR","2026-06-20",3,"2026-07-11","Overall","quantile","0.05",469
"newGBQR","2026-06-20",3,"2026-07-11","Overall","quantile","0.1",513
"newGBQR","2026-06-20",3,"2026-07-11","Overall","quantile","0.15",557
"newGBQR","2026-06-20",3,"2026-07-11","Overall","quantile","0.2",586
"newGBQR","2026-06-20",3,"2026-07-11","Overall","quantile","0.25",618
"newGBQR","2026-06-20",3,"2026-07-11","Overall","quantile","0.3",625
"newGBQR","2026-06-20",3,"2026-07-11","Overall","quantile","0.35",642
"newGBQR","2026-06-20",3,"2026-07-11","Overall","quantile","0.4",677
"newGBQR","2026-06-20",3,"2026-07-11","Overall","quantile","0.45",709
"newGBQR","2026-06-20",3,"2026-07-11","Overall","quantile","0.5",742
"newGBQR","2026-06-20",3,"2026-07-11","Overall","quantile","0.55",780
"newGBQR","2026-06-20",3,"2026-07-11","Overall","quantile","0.6",792
"newGBQR","2026-06-20",3,"2026-07-11","Overall","quantile","0.65",799
"newGBQR","2026-06-20",3,"2026-07-11","Overall","quantile","0.7",799
"newGBQR","2026-06-20",3,"2026-07-11","Overall","quantile","0.75",810
"newGBQR","2026-06-20",3,"2026-07-11","Overall","quantile","0.8",830
"newGBQR","2026-06-20",3,"2026-07-11","Overall","quantile","0.85",864
"newGBQR","2026-06-20",3,"2026-07-11","Overall","quantile","0.9",885
"newGBQR","2026-06-20",3,"2026-07-11","Overall","quantile","0.95",971
"newGBQR","2026-06-20",3,"2026-07-11","Overall","quantile","0.975",1013
"newGBQR","2026-06-20",3,"2026-07-11","Overall","quantile","0.99",1047
"newGBQR","2026-06-20",-2,"2026-06-06","Pediatrics","quantile","0.01",225
"newGBQR","2026-06-20",-2,"2026-06-06","Pediatrics","quantile","0.025",279
"newGBQR","2026-06-20",-2,"2026-06-06","Pediatrics","quantile","0.05",297
"newGBQR","2026-06-20",-2,"2026-06-06","Pediatrics","quantile","0.1",324
"newGBQR","2026-06-20",-2,"2026-06-06","Pediatrics","quantile","0.15",342
"newGBQR","2026-06-20",-2,"2026-06-06","Pediatrics","quantile","0.2",356
"newGBQR","2026-06-20",-2,"2026-06-06","Pediatrics","quantile","0.25",367
"newGBQR","2026-06-20",-2,"2026-06-06","Pediatrics","quantile","0.3",378
"newGBQR","2026-06-20",-2,"2026-06-06","Pediatrics","quantile","0.35",390
"newGBQR","2026-06-20",-2,"2026-06-06","Pediatrics","quantile","0.4",398
"newGBQR","2026-06-20",-2,"2026-06-06","Pediatrics","quantile","0.45",400
"newGBQR","2026-06-20",-2,"2026-06-06","Pediatrics","quantile","0.5",407
"newGBQR","2026-06-20",-2,"2026-06-06","Pediatrics","quantile","0.55",412
"newGBQR","2026-06-20",-2,"2026-06-06","Pediatrics","quantile","0.6",422
"newGBQR","2026-06-20",-2,"2026-06-06","Pediatrics","quantile","0.65",424
"newGBQR","2026-06-20",-2,"2026-06-06","Pediatrics","quantile","0.7",427
"newGBQR","2026-06-20",-2,"2026-06-06","Pediatrics","quantile","0.75",430
"newGBQR","2026-06-20",-2,"2026-06-06","Pediatrics","quantile","0.8",445
"newGBQR","2026-06-20",-2,"2026-06-06","Pediatrics","quantile","0.85",450
"newGBQR","2026-06-20",-2,"2026-06-06","Pediatrics","quantile","0.9",466
"newGBQR","2026-06-20",-2,"2026-06-06","Pediatrics","quantile","0.95",522
"newGBQR","2026-06-20",-2,"2026-06-06","Pediatrics","quantile","0.975",560
"newGBQR","2026-06-20",-2,"2026-06-06","Pediatrics","quantile","0.99",615
"newGBQR","2026-06-20",-1,"2026-06-13","Pediatrics","quantile","0.01",224
"newGBQR","2026-06-20",-1,"2026-06-13","Pediatrics","quantile","0.025",275
"newGBQR","2026-06-20",-1,"2026-06-13","Pediatrics","quantile","0.05",293
"newGBQR","2026-06-20",-1,"2026-06-13","Pediatrics","quantile","0.1",321
"newGBQR","2026-06-20",-1,"2026-06-13","Pediatrics","quantile","0.15",339
"newGBQR","2026-06-20",-1,"2026-06-13","Pediatrics","quantile","0.2",356
"newGBQR","2026-06-20",-1,"2026-06-13","Pediatrics","quantile","0.25",370
"newGBQR","2026-06-20",-1,"2026-06-13","Pediatrics","quantile","0.3",381
"newGBQR","2026-06-20",-1,"2026-06-13","Pediatrics","quantile","0.35",396
"newGBQR","2026-06-20",-1,"2026-06-13","Pediatrics","quantile","0.4",412
"newGBQR","2026-06-20",-1,"2026-06-13","Pediatrics","quantile","0.45",416
"newGBQR","2026-06-20",-1,"2026-06-13","Pediatrics","quantile","0.5",435
"newGBQR","2026-06-20",-1,"2026-06-13","Pediatrics","quantile","0.55",447
"newGBQR","2026-06-20",-1,"2026-06-13","Pediatrics","quantile","0.6",459
"newGBQR","2026-06-20",-1,"2026-06-13","Pediatrics","quantile","0.65",466
"newGBQR","2026-06-20",-1,"2026-06-13","Pediatrics","quantile","0.7",474
"newGBQR","2026-06-20",-1,"2026-06-13","Pediatrics","quantile","0.75",480
"newGBQR","2026-06-20",-1,"2026-06-13","Pediatrics","quantile","0.8",487
"newGBQR","2026-06-20",-1,"2026-06-13","Pediatrics","quantile","0.85",495
"newGBQR","2026-06-20",-1,"2026-06-13","Pediatrics","quantile","0.9",499
"newGBQR","2026-06-20",-1,"2026-06-13","Pediatrics","quantile","0.95",538
"newGBQR","2026-06-20",-1,"2026-06-13","Pediatrics","quantile","0.975",568
"newGBQR","2026-06-20",-1,"2026-06-13","Pediatrics","quantile","0.99",619
"newGBQR","2026-06-20",0,"2026-06-20","Pediatrics","quantile","0.01",224
"newGBQR","2026-06-20",0,"2026-06-20","Pediatrics","quantile","0.025",270
"newGBQR","2026-06-20",0,"2026-06-20","Pediatrics","quantile","0.05",291
"newGBQR","2026-06-20",0,"2026-06-20","Pediatrics","quantile","0.1",319
"newGBQR","2026-06-20",0,"2026-06-20","Pediatrics","quantile","0.15",341
"newGBQR","2026-06-20",0,"2026-06-20","Pediatrics","quantile","0.2",356
"newGBQR","2026-06-20",0,"2026-06-20","Pediatrics","quantile","0.25",371
"newGBQR","2026-06-20",0,"2026-06-20","Pediatrics","quantile","0.3",385
"newGBQR","2026-06-20",0,"2026-06-20","Pediatrics","quantile","0.35",405
"newGBQR","2026-06-20",0,"2026-06-20","Pediatrics","quantile","0.4",422
"newGBQR","2026-06-20",0,"2026-06-20","Pediatrics","quantile","0.45",428
"newGBQR","2026-06-20",0,"2026-06-20","Pediatrics","quantile","0.5",456
"newGBQR","2026-06-20",0,"2026-06-20","Pediatrics","quantile","0.55",475
"newGBQR","2026-06-20",0,"2026-06-20","Pediatrics","quantile","0.6",490
"newGBQR","2026-06-20",0,"2026-06-20","Pediatrics","quantile","0.65",506
"newGBQR","2026-06-20",0,"2026-06-20","Pediatrics","quantile","0.7",508
"newGBQR","2026-06-20",0,"2026-06-20","Pediatrics","quantile","0.75",521
"newGBQR","2026-06-20",0,"2026-06-20","Pediatrics","quantile","0.8",523
"newGBQR","2026-06-20",0,"2026-06-20","Pediatrics","quantile","0.85",528
"newGBQR","2026-06-20",0,"2026-06-20","Pediatrics","quantile","0.9",532
"newGBQR","2026-06-20",0,"2026-06-20","Pediatrics","quantile","0.95",556
"newGBQR","2026-06-20",0,"2026-06-20","Pediatrics","quantile","0.975",599
"newGBQR","2026-06-20",0,"2026-06-20","Pediatrics","quantile","0.99",633
"newGBQR","2026-06-20",1,"2026-06-27","Pediatrics","quantile","0.01",221
"newGBQR","2026-06-20",1,"2026-06-27","Pediatrics","quantile","0.025",265
"newGBQR","2026-06-20",1,"2026-06-27","Pediatrics","quantile","0.05",286
"newGBQR","2026-06-20",1,"2026-06-27","Pediatrics","quantile","0.1",312
"newGBQR","2026-06-20",1,"2026-06-27","Pediatrics","quantile","0.15",340
"newGBQR","2026-06-20",1,"2026-06-27","Pediatrics","quantile","0.2",357
"newGBQR","2026-06-20",1,"2026-06-27","Pediatrics","quantile","0.25",374
"newGBQR","2026-06-20",1,"2026-06-27","Pediatrics","quantile","0.3",385
"newGBQR","2026-06-20",1,"2026-06-27","Pediatrics","quantile","0.35",410
"newGBQR","2026-06-20",1,"2026-06-27","Pediatrics","quantile","0.4",428
"newGBQR","2026-06-20",1,"2026-06-27","Pediatrics","quantile","0.45",436
"newGBQR","2026-06-20",1,"2026-06-27","Pediatrics","quantile","0.5",461
"newGBQR","2026-06-20",1,"2026-06-27","Pediatrics","quantile","0.55",483
"newGBQR","2026-06-20",1,"2026-06-27","Pediatrics","quantile","0.6",499
"newGBQR","2026-06-20",1,"2026-06-27","Pediatrics","quantile","0.65",517
"newGBQR","2026-06-20",1,"2026-06-27","Pediatrics","quantile","0.7",517
"newGBQR","2026-06-20",1,"2026-06-27","Pediatrics","quantile","0.75",542
"newGBQR","2026-06-20",1,"2026-06-27","Pediatrics","quantile","0.8",564
"newGBQR","2026-06-20",1,"2026-06-27","Pediatrics","quantile","0.85",569
"newGBQR","2026-06-20",1,"2026-06-27","Pediatrics","quantile","0.9",575
"newGBQR","2026-06-20",1,"2026-06-27","Pediatrics","quantile","0.95",579
"newGBQR","2026-06-20",1,"2026-06-27","Pediatrics","quantile","0.975",605
"newGBQR","2026-06-20",1,"2026-06-27","Pediatrics","quantile","0.99",633
"newGBQR","2026-06-20",2,"2026-07-04","Pediatrics","quantile","0.01",219
"newGBQR","2026-06-20",2,"2026-07-04","Pediatrics","quantile","0.025",263
"newGBQR","2026-06-20",2,"2026-07-04","Pediatrics","quantile","0.05",285
"newGBQR","2026-06-20",2,"2026-07-04","Pediatrics","quantile","0.1",309
"newGBQR","2026-06-20",2,"2026-07-04","Pediatrics","quantile","0.15",339
"newGBQR","2026-06-20",2,"2026-07-04","Pediatrics","quantile","0.2",356
"newGBQR","2026-06-20",2,"2026-07-04","Pediatrics","quantile","0.25",370
"newGBQR","2026-06-20",2,"2026-07-04","Pediatrics","quantile","0.3",382
"newGBQR","2026-06-20",2,"2026-07-04","Pediatrics","quantile","0.35",403
"newGBQR","2026-06-20",2,"2026-07-04","Pediatrics","quantile","0.4",427
"newGBQR","2026-06-20",2,"2026-07-04","Pediatrics","quantile","0.45",435
"newGBQR","2026-06-20",2,"2026-07-04","Pediatrics","quantile","0.5",463
"newGBQR","2026-06-20",2,"2026-07-04","Pediatrics","quantile","0.55",490
"newGBQR","2026-06-20",2,"2026-07-04","Pediatrics","quantile","0.6",509
"newGBQR","2026-06-20",2,"2026-07-04","Pediatrics","quantile","0.65",527
"newGBQR","2026-06-20",2,"2026-07-04","Pediatrics","quantile","0.7",544
"newGBQR","2026-06-20",2,"2026-07-04","Pediatrics","quantile","0.75",558
"newGBQR","2026-06-20",2,"2026-07-04","Pediatrics","quantile","0.8",569
"newGBQR","2026-06-20",2,"2026-07-04","Pediatrics","quantile","0.85",583
"newGBQR","2026-06-20",2,"2026-07-04","Pediatrics","quantile","0.9",585
"newGBQR","2026-06-20",2,"2026-07-04","Pediatrics","quantile","0.95",598
"newGBQR","2026-06-20",2,"2026-07-04","Pediatrics","quantile","0.975",603
"newGBQR","2026-06-20",2,"2026-07-04","Pediatrics","quantile","0.99",627
"newGBQR","2026-06-20",3,"2026-07-11","Pediatrics","quantile","0.01",211
"newGBQR","2026-06-20",3,"2026-07-11","Pediatrics","quantile","0.025",257
"newGBQR","2026-06-20",3,"2026-07-11","Pediatrics","quantile","0.05",276
"newGBQR","2026-06-20",3,"2026-07-11","Pediatrics","quantile","0.1",306
"newGBQR","2026-06-20",3,"2026-07-11","Pediatrics","quantile","0.15",334
"newGBQR","2026-06-20",3,"2026-07-11","Pediatrics","quantile","0.2",352
"newGBQR","2026-06-20",3,"2026-07-11","Pediatrics","quantile","0.25",365
"newGBQR","2026-06-20",3,"2026-07-11","Pediatrics","quantile","0.3",377
"newGBQR","2026-06-20",3,"2026-07-11","Pediatrics","quantile","0.35",401
"newGBQR","2026-06-20",3,"2026-07-11","Pediatrics","quantile","0.4",425
"newGBQR","2026-06-20",3,"2026-07-11","Pediatrics","quantile","0.45",433
"newGBQR","2026-06-20",3,"2026-07-11","Pediatrics","quantile","0.5",464
"newGBQR","2026-06-20",3,"2026-07-11","Pediatrics","quantile","0.55",490
"newGBQR","2026-06-20",3,"2026-07-11","Pediatrics","quantile","0.6",509
"newGBQR","2026-06-20",3,"2026-07-11","Pediatrics","quantile","0.65",527
"newGBQR","2026-06-20",3,"2026-07-11","Pediatrics","quantile","0.7",546
"newGBQR","2026-06-20",3,"2026-07-11","Pediatrics","quantile","0.75",561
"newGBQR","2026-06-20",3,"2026-07-11","Pediatrics","quantile","0.8",570
"newGBQR","2026-06-20",3,"2026-07-11","Pediatrics","quantile","0.85",579
"newGBQR","2026-06-20",3,"2026-07-11","Pediatrics","quantile","0.9",583
"newGBQR","2026-06-20",3,"2026-07-11","Pediatrics","quantile","0.95",587
"newGBQR","2026-06-20",3,"2026-07-11","Pediatrics","quantile","0.975",611
"newGBQR","2026-06-20",3,"2026-07-11","Pediatrics","quantile","0.99",625
"Ensemble","2026-06-20",-2,"2026-06-06","Adults","quantile","0.01",218
"Ensemble","2026-06-20",-2,"2026-06-06","Adults","quantile","0.025",233
"Ensemble","2026-06-20",-2,"2026-06-06","Adults","quantile","0.05",244
"Ensemble","2026-06-20",-2,"2026-06-06","Adults","quantile","0.1",256
"Ensemble","2026-06-20",-2,"2026-06-06","Adults","quantile","0.15",263
"Ensemble","2026-06-20",-2,"2026-06-06","Adults","quantile","0.2",268
"Ensemble","2026-06-20",-2,"2026-06-06","Adults","quantile","0.25",274
"Ensemble","2026-06-20",-2,"2026-06-06","Adults","quantile","0.3",282
"Ensemble","2026-06-20",-2,"2026-06-06","Adults","quantile","0.35",288
"Ensemble","2026-06-20",-2,"2026-06-06","Adults","quantile","0.4",294
"Ensemble","2026-06-20",-2,"2026-06-06","Adults","quantile","0.45",299
"Ensemble","2026-06-20",-2,"2026-06-06","Adults","quantile","0.5",301
"Ensemble","2026-06-20",-2,"2026-06-06","Adults","quantile","0.55",307
"Ensemble","2026-06-20",-2,"2026-06-06","Adults","quantile","0.6",311
"Ensemble","2026-06-20",-2,"2026-06-06","Adults","quantile","0.65",311
"Ensemble","2026-06-20",-2,"2026-06-06","Adults","quantile","0.7",312
"Ensemble","2026-06-20",-2,"2026-06-06","Adults","quantile","0.75",315
"Ensemble","2026-06-20",-2,"2026-06-06","Adults","quantile","0.8",321
"Ensemble","2026-06-20",-2,"2026-06-06","Adults","quantile","0.85",344
"Ensemble","2026-06-20",-2,"2026-06-06","Adults","quantile","0.9",361
"Ensemble","2026-06-20",-2,"2026-06-06","Adults","quantile","0.95",404
"Ensemble","2026-06-20",-2,"2026-06-06","Adults","quantile","0.975",436
"Ensemble","2026-06-20",-2,"2026-06-06","Adults","quantile","0.99",462
"Ensemble","2026-06-20",-2,"2026-06-06","Overall","quantile","0.01",535
"Ensemble","2026-06-20",-2,"2026-06-06","Overall","quantile","0.025",550
"Ensemble","2026-06-20",-2,"2026-06-06","Overall","quantile","0.05",573
"Ensemble","2026-06-20",-2,"2026-06-06","Overall","quantile","0.1",594
"Ensemble","2026-06-20",-2,"2026-06-06","Overall","quantile","0.15",608
"Ensemble","2026-06-20",-2,"2026-06-06","Overall","quantile","0.2",619
"Ensemble","2026-06-20",-2,"2026-06-06","Overall","quantile","0.25",634
"Ensemble","2026-06-20",-2,"2026-06-06","Overall","quantile","0.3",645
"Ensemble","2026-06-20",-2,"2026-06-06","Overall","quantile","0.35",656
"Ensemble","2026-06-20",-2,"2026-06-06","Overall","quantile","0.4",677
"Ensemble","2026-06-20",-2,"2026-06-06","Overall","quantile","0.45",683
"Ensemble","2026-06-20",-2,"2026-06-06","Overall","quantile","0.5",685
"Ensemble","2026-06-20",-2,"2026-06-06","Overall","quantile","0.55",690
"Ensemble","2026-06-20",-2,"2026-06-06","Overall","quantile","0.6",699
"Ensemble","2026-06-20",-2,"2026-06-06","Overall","quantile","0.65",702
"Ensemble","2026-06-20",-2,"2026-06-06","Overall","quantile","0.7",710
"Ensemble","2026-06-20",-2,"2026-06-06","Overall","quantile","0.75",720
"Ensemble","2026-06-20",-2,"2026-06-06","Overall","quantile","0.8",735
"Ensemble","2026-06-20",-2,"2026-06-06","Overall","quantile","0.85",783
"Ensemble","2026-06-20",-2,"2026-06-06","Overall","quantile","0.9",811
"Ensemble","2026-06-20",-2,"2026-06-06","Overall","quantile","0.95",905
"Ensemble","2026-06-20",-2,"2026-06-06","Overall","quantile","0.975",939
"Ensemble","2026-06-20",-2,"2026-06-06","Overall","quantile","0.99",975
"Ensemble","2026-06-20",-2,"2026-06-06","Pediatrics","quantile","0.01",277
"Ensemble","2026-06-20",-2,"2026-06-06","Pediatrics","quantile","0.025",295
"Ensemble","2026-06-20",-2,"2026-06-06","Pediatrics","quantile","0.05",312
"Ensemble","2026-06-20",-2,"2026-06-06","Pediatrics","quantile","0.1",331
"Ensemble","2026-06-20",-2,"2026-06-06","Pediatrics","quantile","0.15",343
"Ensemble","2026-06-20",-2,"2026-06-06","Pediatrics","quantile","0.2",356
"Ensemble","2026-06-20",-2,"2026-06-06","Pediatrics","quantile","0.25",366
"Ensemble","2026-06-20",-2,"2026-06-06","Pediatrics","quantile","0.3",375
"Ensemble","2026-06-20",-2,"2026-06-06","Pediatrics","quantile","0.35",383
"Ensemble","2026-06-20",-2,"2026-06-06","Pediatrics","quantile","0.4",391
"Ensemble","2026-06-20",-2,"2026-06-06","Pediatrics","quantile","0.45",399
"Ensemble","2026-06-20",-2,"2026-06-06","Pediatrics","quantile","0.5",407
"Ensemble","2026-06-20",-2,"2026-06-06","Pediatrics","quantile","0.55",412
"Ensemble","2026-06-20",-2,"2026-06-06","Pediatrics","quantile","0.6",422
"Ensemble","2026-06-20",-2,"2026-06-06","Pediatrics","quantile","0.65",424
"Ensemble","2026-06-20",-2,"2026-06-06","Pediatrics","quantile","0.7",427
"Ensemble","2026-06-20",-2,"2026-06-06","Pediatrics","quantile","0.75",430
"Ensemble","2026-06-20",-2,"2026-06-06","Pediatrics","quantile","0.8",445
"Ensemble","2026-06-20",-2,"2026-06-06","Pediatrics","quantile","0.85",450
"Ensemble","2026-06-20",-2,"2026-06-06","Pediatrics","quantile","0.9",466
"Ensemble","2026-06-20",-2,"2026-06-06","Pediatrics","quantile","0.95",522
"Ensemble","2026-06-20",-2,"2026-06-06","Pediatrics","quantile","0.975",559
"Ensemble","2026-06-20",-2,"2026-06-06","Pediatrics","quantile","0.99",590
"Ensemble","2026-06-20",-1,"2026-06-13","Adults","quantile","0.01",211
"Ensemble","2026-06-20",-1,"2026-06-13","Adults","quantile","0.025",226
"Ensemble","2026-06-20",-1,"2026-06-13","Adults","quantile","0.05",236
"Ensemble","2026-06-20",-1,"2026-06-13","Adults","quantile","0.1",251
"Ensemble","2026-06-20",-1,"2026-06-13","Adults","quantile","0.15",261
"Ensemble","2026-06-20",-1,"2026-06-13","Adults","quantile","0.2",270
"Ensemble","2026-06-20",-1,"2026-06-13","Adults","quantile","0.25",278
"Ensemble","2026-06-20",-1,"2026-06-13","Adults","quantile","0.3",283
"Ensemble","2026-06-20",-1,"2026-06-13","Adults","quantile","0.35",290
"Ensemble","2026-06-20",-1,"2026-06-13","Adults","quantile","0.4",298
"Ensemble","2026-06-20",-1,"2026-06-13","Adults","quantile","0.45",306
"Ensemble","2026-06-20",-1,"2026-06-13","Adults","quantile","0.5",312
"Ensemble","2026-06-20",-1,"2026-06-13","Adults","quantile","0.55",324
"Ensemble","2026-06-20",-1,"2026-06-13","Adults","quantile","0.6",328
"Ensemble","2026-06-20",-1,"2026-06-13","Adults","quantile","0.65",334
"Ensemble","2026-06-20",-1,"2026-06-13","Adults","quantile","0.7",344
"Ensemble","2026-06-20",-1,"2026-06-13","Adults","quantile","0.75",354
"Ensemble","2026-06-20",-1,"2026-06-13","Adults","quantile","0.8",364
"Ensemble","2026-06-20",-1,"2026-06-13","Adults","quantile","0.85",379
"Ensemble","2026-06-20",-1,"2026-06-13","Adults","quantile","0.9",395
"Ensemble","2026-06-20",-1,"2026-06-13","Adults","quantile","0.95",424
"Ensemble","2026-06-20",-1,"2026-06-13","Adults","quantile","0.975",447
"Ensemble","2026-06-20",-1,"2026-06-13","Adults","quantile","0.99",476
"Ensemble","2026-06-20",-1,"2026-06-13","Overall","quantile","0.01",496
"Ensemble","2026-06-20",-1,"2026-06-13","Overall","quantile","0.025",522
"Ensemble","2026-06-20",-1,"2026-06-13","Overall","quantile","0.05",547
"Ensemble","2026-06-20",-1,"2026-06-13","Overall","quantile","0.1",580
"Ensemble","2026-06-20",-1,"2026-06-13","Overall","quantile","0.15",606
"Ensemble","2026-06-20",-1,"2026-06-13","Overall","quantile","0.2",624
"Ensemble","2026-06-20",-1,"2026-06-13","Overall","quantile","0.25",639
"Ensemble","2026-06-20",-1,"2026-06-13","Overall","quantile","0.3",655
"Ensemble","2026-06-20",-1,"2026-06-13","Overall","quantile","0.35",674
"Ensemble","2026-06-20",-1,"2026-06-13","Overall","quantile","0.4",691
"Ensemble","2026-06-20",-1,"2026-06-13","Overall","quantile","0.45",704
"Ensemble","2026-06-20",-1,"2026-06-13","Overall","quantile","0.5",718
"Ensemble","2026-06-20",-1,"2026-06-13","Overall","quantile","0.55",735
"Ensemble","2026-06-20",-1,"2026-06-13","Overall","quantile","0.6",747
"Ensemble","2026-06-20",-1,"2026-06-13","Overall","quantile","0.65",768
"Ensemble","2026-06-20",-1,"2026-06-13","Overall","quantile","0.7",786
"Ensemble","2026-06-20",-1,"2026-06-13","Overall","quantile","0.75",807
"Ensemble","2026-06-20",-1,"2026-06-13","Overall","quantile","0.8",836
"Ensemble","2026-06-20",-1,"2026-06-13","Overall","quantile","0.85",863
"Ensemble","2026-06-20",-1,"2026-06-13","Overall","quantile","0.9",909
"Ensemble","2026-06-20",-1,"2026-06-13","Overall","quantile","0.95",967
"Ensemble","2026-06-20",-1,"2026-06-13","Overall","quantile","0.975",1005
"Ensemble","2026-06-20",-1,"2026-06-13","Overall","quantile","0.99",1052
"Ensemble","2026-06-20",-1,"2026-06-13","Pediatrics","quantile","0.01",276
"Ensemble","2026-06-20",-1,"2026-06-13","Pediatrics","quantile","0.025",291
"Ensemble","2026-06-20",-1,"2026-06-13","Pediatrics","quantile","0.05",309
"Ensemble","2026-06-20",-1,"2026-06-13","Pediatrics","quantile","0.1",328
"Ensemble","2026-06-20",-1,"2026-06-13","Pediatrics","quantile","0.15",340
"Ensemble","2026-06-20",-1,"2026-06-13","Pediatrics","quantile","0.2",356
"Ensemble","2026-06-20",-1,"2026-06-13","Pediatrics","quantile","0.25",370
"Ensemble","2026-06-20",-1,"2026-06-13","Pediatrics","quantile","0.3",381
"Ensemble","2026-06-20",-1,"2026-06-13","Pediatrics","quantile","0.35",396
"Ensemble","2026-06-20",-1,"2026-06-13","Pediatrics","quantile","0.4",412
"Ensemble","2026-06-20",-1,"2026-06-13","Pediatrics","quantile","0.45",416
"Ensemble","2026-06-20",-1,"2026-06-13","Pediatrics","quantile","0.5",435
"Ensemble","2026-06-20",-1,"2026-06-13","Pediatrics","quantile","0.55",447
"Ensemble","2026-06-20",-1,"2026-06-13","Pediatrics","quantile","0.6",459
"Ensemble","2026-06-20",-1,"2026-06-13","Pediatrics","quantile","0.65",466
"Ensemble","2026-06-20",-1,"2026-06-13","Pediatrics","quantile","0.7",474
"Ensemble","2026-06-20",-1,"2026-06-13","Pediatrics","quantile","0.75",480
"Ensemble","2026-06-20",-1,"2026-06-13","Pediatrics","quantile","0.8",487
"Ensemble","2026-06-20",-1,"2026-06-13","Pediatrics","quantile","0.85",495
"Ensemble","2026-06-20",-1,"2026-06-13","Pediatrics","quantile","0.9",507
"Ensemble","2026-06-20",-1,"2026-06-13","Pediatrics","quantile","0.95",545
"Ensemble","2026-06-20",-1,"2026-06-13","Pediatrics","quantile","0.975",571
"Ensemble","2026-06-20",-1,"2026-06-13","Pediatrics","quantile","0.99",619
"Ensemble","2026-06-20",0,"2026-06-20","Adults","quantile","0.01",191
"Ensemble","2026-06-20",0,"2026-06-20","Adults","quantile","0.025",207
"Ensemble","2026-06-20",0,"2026-06-20","Adults","quantile","0.05",221
"Ensemble","2026-06-20",0,"2026-06-20","Adults","quantile","0.1",244
"Ensemble","2026-06-20",0,"2026-06-20","Adults","quantile","0.15",256
"Ensemble","2026-06-20",0,"2026-06-20","Adults","quantile","0.2",266
"Ensemble","2026-06-20",0,"2026-06-20","Adults","quantile","0.25",277
"Ensemble","2026-06-20",0,"2026-06-20","Adults","quantile","0.3",286
"Ensemble","2026-06-20",0,"2026-06-20","Adults","quantile","0.35",295
"Ensemble","2026-06-20",0,"2026-06-20","Adults","quantile","0.4",304
"Ensemble","2026-06-20",0,"2026-06-20","Adults","quantile","0.45",314
"Ensemble","2026-06-20",0,"2026-06-20","Adults","quantile","0.5",323
"Ensemble","2026-06-20",0,"2026-06-20","Adults","quantile","0.55",339
"Ensemble","2026-06-20",0,"2026-06-20","Adults","quantile","0.6",345
"Ensemble","2026-06-20",0,"2026-06-20","Adults","quantile","0.65",357
"Ensemble","2026-06-20",0,"2026-06-20","Adults","quantile","0.7",372
"Ensemble","2026-06-20",0,"2026-06-20","Adults","quantile","0.75",385
"Ensemble","2026-06-20",0,"2026-06-20","Adults","quantile","0.8",403
"Ensemble","2026-06-20",0,"2026-06-20","Adults","quantile","0.85",421
"Ensemble","2026-06-20",0,"2026-06-20","Adults","quantile","0.9",449
"Ensemble","2026-06-20",0,"2026-06-20","Adults","quantile","0.95",492
"Ensemble","2026-06-20",0,"2026-06-20","Adults","quantile","0.975",539
"Ensemble","2026-06-20",0,"2026-06-20","Adults","quantile","0.99",561
"Ensemble","2026-06-20",0,"2026-06-20","Overall","quantile","0.01",459
"Ensemble","2026-06-20",0,"2026-06-20","Overall","quantile","0.025",484
"Ensemble","2026-06-20",0,"2026-06-20","Overall","quantile","0.05",509
"Ensemble","2026-06-20",0,"2026-06-20","Overall","quantile","0.1",545
"Ensemble","2026-06-20",0,"2026-06-20","Overall","quantile","0.15",575
"Ensemble","2026-06-20",0,"2026-06-20","Overall","quantile","0.2",608
"Ensemble","2026-06-20",0,"2026-06-20","Overall","quantile","0.25",636
"Ensemble","2026-06-20",0,"2026-06-20","Overall","quantile","0.3",651
"Ensemble","2026-06-20",0,"2026-06-20","Overall","quantile","0.35",674
"Ensemble","2026-06-20",0,"2026-06-20","Overall","quantile","0.4",700
"Ensemble","2026-06-20",0,"2026-06-20","Overall","quantile","0.45",717
"Ensemble","2026-06-20",0,"2026-06-20","Overall","quantile","0.5",742
"Ensemble","2026-06-20",0,"2026-06-20","Overall","quantile","0.55",781
"Ensemble","2026-06-20",0,"2026-06-20","Overall","quantile","0.6",793
"Ensemble","2026-06-20",0,"2026-06-20","Overall","quantile","0.65",824
"Ensemble","2026-06-20",0,"2026-06-20","Overall","quantile","0.7",852
"Ensemble","2026-06-20",0,"2026-06-20","Overall","quantile","0.75",881
"Ensemble","2026-06-20",0,"2026-06-20","Overall","quantile","0.8",918
"Ensemble","2026-06-20",0,"2026-06-20","Overall","quantile","0.85",973
"Ensemble","2026-06-20",0,"2026-06-20","Overall","quantile","0.9",1032
"Ensemble","2026-06-20",0,"2026-06-20","Overall","quantile","0.95",1118
"Ensemble","2026-06-20",0,"2026-06-20","Overall","quantile","0.975",1191
"Ensemble","2026-06-20",0,"2026-06-20","Overall","quantile","0.99",1278
"Ensemble","2026-06-20",0,"2026-06-20","Pediatrics","quantile","0.01",254
"Ensemble","2026-06-20",0,"2026-06-20","Pediatrics","quantile","0.025",274
"Ensemble","2026-06-20",0,"2026-06-20","Pediatrics","quantile","0.05",296
"Ensemble","2026-06-20",0,"2026-06-20","Pediatrics","quantile","0.1",319
"Ensemble","2026-06-20",0,"2026-06-20","Pediatrics","quantile","0.15",341
"Ensemble","2026-06-20",0,"2026-06-20","Pediatrics","quantile","0.2",356
"Ensemble","2026-06-20",0,"2026-06-20","Pediatrics","quantile","0.25",371
"Ensemble","2026-06-20",0,"2026-06-20","Pediatrics","quantile","0.3",385
"Ensemble","2026-06-20",0,"2026-06-20","Pediatrics","quantile","0.35",405
"Ensemble","2026-06-20",0,"2026-06-20","Pediatrics","quantile","0.4",422
"Ensemble","2026-06-20",0,"2026-06-20","Pediatrics","quantile","0.45",428
"Ensemble","2026-06-20",0,"2026-06-20","Pediatrics","quantile","0.5",455
"Ensemble","2026-06-20",0,"2026-06-20","Pediatrics","quantile","0.55",469
"Ensemble","2026-06-20",0,"2026-06-20","Pediatrics","quantile","0.6",486
"Ensemble","2026-06-20",0,"2026-06-20","Pediatrics","quantile","0.65",503
"Ensemble","2026-06-20",0,"2026-06-20","Pediatrics","quantile","0.7",508
"Ensemble","2026-06-20",0,"2026-06-20","Pediatrics","quantile","0.75",521
"Ensemble","2026-06-20",0,"2026-06-20","Pediatrics","quantile","0.8",523
"Ensemble","2026-06-20",0,"2026-06-20","Pediatrics","quantile","0.85",545
"Ensemble","2026-06-20",0,"2026-06-20","Pediatrics","quantile","0.9",575
"Ensemble","2026-06-20",0,"2026-06-20","Pediatrics","quantile","0.95",633
"Ensemble","2026-06-20",0,"2026-06-20","Pediatrics","quantile","0.975",681
"Ensemble","2026-06-20",0,"2026-06-20","Pediatrics","quantile","0.99",739
"Ensemble","2026-06-20",1,"2026-06-27","Adults","quantile","0.01",176
"Ensemble","2026-06-20",1,"2026-06-27","Adults","quantile","0.025",191
"Ensemble","2026-06-20",1,"2026-06-27","Adults","quantile","0.05",210
"Ensemble","2026-06-20",1,"2026-06-27","Adults","quantile","0.1",229
"Ensemble","2026-06-20",1,"2026-06-27","Adults","quantile","0.15",242
"Ensemble","2026-06-20",1,"2026-06-27","Adults","quantile","0.2",257
"Ensemble","2026-06-20",1,"2026-06-27","Adults","quantile","0.25",277
"Ensemble","2026-06-20",1,"2026-06-27","Adults","quantile","0.3",281
"Ensemble","2026-06-20",1,"2026-06-27","Adults","quantile","0.35",289
"Ensemble","2026-06-20",1,"2026-06-27","Adults","quantile","0.4",299
"Ensemble","2026-06-20",1,"2026-06-27","Adults","quantile","0.45",315
"Ensemble","2026-06-20",1,"2026-06-27","Adults","quantile","0.5",323
"Ensemble","2026-06-20",1,"2026-06-27","Adults","quantile","0.55",338
"Ensemble","2026-06-20",1,"2026-06-27","Adults","quantile","0.6",351
"Ensemble","2026-06-20",1,"2026-06-27","Adults","quantile","0.65",367
"Ensemble","2026-06-20",1,"2026-06-27","Adults","quantile","0.7",386
"Ensemble","2026-06-20",1,"2026-06-27","Adults","quantile","0.75",407
"Ensemble","2026-06-20",1,"2026-06-27","Adults","quantile","0.8",429
"Ensemble","2026-06-20",1,"2026-06-27","Adults","quantile","0.85",462
"Ensemble","2026-06-20",1,"2026-06-27","Adults","quantile","0.9",489
"Ensemble","2026-06-20",1,"2026-06-27","Adults","quantile","0.95",539
"Ensemble","2026-06-20",1,"2026-06-27","Adults","quantile","0.975",606
"Ensemble","2026-06-20",1,"2026-06-27","Adults","quantile","0.99",661
"Ensemble","2026-06-20",1,"2026-06-27","Overall","quantile","0.01",418
"Ensemble","2026-06-20",1,"2026-06-27","Overall","quantile","0.025",458
"Ensemble","2026-06-20",1,"2026-06-27","Overall","quantile","0.05",493
"Ensemble","2026-06-20",1,"2026-06-27","Overall","quantile","0.1",530
"Ensemble","2026-06-20",1,"2026-06-27","Overall","quantile","0.15",573
"Ensemble","2026-06-20",1,"2026-06-27","Overall","quantile","0.2",607
"Ensemble","2026-06-20",1,"2026-06-27","Overall","quantile","0.25",639
"Ensemble","2026-06-20",1,"2026-06-27","Overall","quantile","0.3",652
"Ensemble","2026-06-20",1,"2026-06-27","Overall","quantile","0.35",671
"Ensemble","2026-06-20",1,"2026-06-27","Overall","quantile","0.4",699
"Ensemble","2026-06-20",1,"2026-06-27","Overall","quantile","0.45",723
"Ensemble","2026-06-20",1,"2026-06-27","Overall","quantile","0.5",753
"Ensemble","2026-06-20",1,"2026-06-27","Overall","quantile","0.55",784
"Ensemble","2026-06-20",1,"2026-06-27","Overall","quantile","0.6",803
"Ensemble","2026-06-20",1,"2026-06-27","Overall","quantile","0.65",837
"Ensemble","2026-06-20",1,"2026-06-27","Overall","quantile","0.7",878
"Ensemble","2026-06-20",1,"2026-06-27","Overall","quantile","0.75",930
"Ensemble","2026-06-20",1,"2026-06-27","Overall","quantile","0.8",981
"Ensemble","2026-06-20",1,"2026-06-27","Overall","quantile","0.85",1040
"Ensemble","2026-06-20",1,"2026-06-27","Overall","quantile","0.9",1099
"Ensemble","2026-06-20",1,"2026-06-27","Overall","quantile","0.95",1213
"Ensemble","2026-06-20",1,"2026-06-27","Overall","quantile","0.975",1303
"Ensemble","2026-06-20",1,"2026-06-27","Overall","quantile","0.99",1425
"Ensemble","2026-06-20",1,"2026-06-27","Pediatrics","quantile","0.01",225
"Ensemble","2026-06-20",1,"2026-06-27","Pediatrics","quantile","0.025",250
"Ensemble","2026-06-20",1,"2026-06-27","Pediatrics","quantile","0.05",277
"Ensemble","2026-06-20",1,"2026-06-27","Pediatrics","quantile","0.1",307
"Ensemble","2026-06-20",1,"2026-06-27","Pediatrics","quantile","0.15",331
"Ensemble","2026-06-20",1,"2026-06-27","Pediatrics","quantile","0.2",349
"Ensemble","2026-06-20",1,"2026-06-27","Pediatrics","quantile","0.25",368
"Ensemble","2026-06-20",1,"2026-06-27","Pediatrics","quantile","0.3",382
"Ensemble","2026-06-20",1,"2026-06-27","Pediatrics","quantile","0.35",397
"Ensemble","2026-06-20",1,"2026-06-27","Pediatrics","quantile","0.4",412
"Ensemble","2026-06-20",1,"2026-06-27","Pediatrics","quantile","0.45",427
"Ensemble","2026-06-20",1,"2026-06-27","Pediatrics","quantile","0.5",442
"Ensemble","2026-06-20",1,"2026-06-27","Pediatrics","quantile","0.55",459
"Ensemble","2026-06-20",1,"2026-06-27","Pediatrics","quantile","0.6",478
"Ensemble","2026-06-20",1,"2026-06-27","Pediatrics","quantile","0.65",497
"Ensemble","2026-06-20",1,"2026-06-27","Pediatrics","quantile","0.7",516
"Ensemble","2026-06-20",1,"2026-06-27","Pediatrics","quantile","0.75",541
"Ensemble","2026-06-20",1,"2026-06-27","Pediatrics","quantile","0.8",564
"Ensemble","2026-06-20",1,"2026-06-27","Pediatrics","quantile","0.85",584
"Ensemble","2026-06-20",1,"2026-06-27","Pediatrics","quantile","0.9",630
"Ensemble","2026-06-20",1,"2026-06-27","Pediatrics","quantile","0.95",706
"Ensemble","2026-06-20",1,"2026-06-27","Pediatrics","quantile","0.975",770
"Ensemble","2026-06-20",1,"2026-06-27","Pediatrics","quantile","0.99",822
"Ensemble","2026-06-20",2,"2026-07-04","Adults","quantile","0.01",154
"Ensemble","2026-06-20",2,"2026-07-04","Adults","quantile","0.025",182
"Ensemble","2026-06-20",2,"2026-07-04","Adults","quantile","0.05",194
"Ensemble","2026-06-20",2,"2026-07-04","Adults","quantile","0.1",219
"Ensemble","2026-06-20",2,"2026-07-04","Adults","quantile","0.15",240
"Ensemble","2026-06-20",2,"2026-07-04","Adults","quantile","0.2",254
"Ensemble","2026-06-20",2,"2026-07-04","Adults","quantile","0.25",271
"Ensemble","2026-06-20",2,"2026-07-04","Adults","quantile","0.3",275
"Ensemble","2026-06-20",2,"2026-07-04","Adults","quantile","0.35",280
"Ensemble","2026-06-20",2,"2026-07-04","Adults","quantile","0.4",293
"Ensemble","2026-06-20",2,"2026-07-04","Adults","quantile","0.45",307
"Ensemble","2026-06-20",2,"2026-07-04","Adults","quantile","0.5",314
"Ensemble","2026-06-20",2,"2026-07-04","Adults","quantile","0.55",343
"Ensemble","2026-06-20",2,"2026-07-04","Adults","quantile","0.6",347
"Ensemble","2026-06-20",2,"2026-07-04","Adults","quantile","0.65",366
"Ensemble","2026-06-20",2,"2026-07-04","Adults","quantile","0.7",383
"Ensemble","2026-06-20",2,"2026-07-04","Adults","quantile","0.75",412
"Ensemble","2026-06-20",2,"2026-07-04","Adults","quantile","0.8",450
"Ensemble","2026-06-20",2,"2026-07-04","Adults","quantile","0.85",482
"Ensemble","2026-06-20",2,"2026-07-04","Adults","quantile","0.9",509
"Ensemble","2026-06-20",2,"2026-07-04","Adults","quantile","0.95",578
"Ensemble","2026-06-20",2,"2026-07-04","Adults","quantile","0.975",642
"Ensemble","2026-06-20",2,"2026-07-04","Adults","quantile","0.99",708
"Ensemble","2026-06-20",2,"2026-07-04","Overall","quantile","0.01",365
"Ensemble","2026-06-20",2,"2026-07-04","Overall","quantile","0.025",447
"Ensemble","2026-06-20",2,"2026-07-04","Overall","quantile","0.05",475
"Ensemble","2026-06-20",2,"2026-07-04","Overall","quantile","0.1",517
"Ensemble","2026-06-20",2,"2026-07-04","Overall","quantile","0.15",570
"Ensemble","2026-06-20",2,"2026-07-04","Overall","quantile","0.2",603
"Ensemble","2026-06-20",2,"2026-07-04","Overall","quantile","0.25",631
"Ensemble","2026-06-20",2,"2026-07-04","Overall","quantile","0.3",643
"Ensemble","2026-06-20",2,"2026-07-04","Overall","quantile","0.35",653
"Ensemble","2026-06-20",2,"2026-07-04","Overall","quantile","0.4",691
"Ensemble","2026-06-20",2,"2026-07-04","Overall","quantile","0.45",713
"Ensemble","2026-06-20",2,"2026-07-04","Overall","quantile","0.5",749
"Ensemble","2026-06-20",2,"2026-07-04","Overall","quantile","0.55",784
"Ensemble","2026-06-20",2,"2026-07-04","Overall","quantile","0.6",803
"Ensemble","2026-06-20",2,"2026-07-04","Overall","quantile","0.65",845
"Ensemble","2026-06-20",2,"2026-07-04","Overall","quantile","0.7",888
"Ensemble","2026-06-20",2,"2026-07-04","Overall","quantile","0.75",947
"Ensemble","2026-06-20",2,"2026-07-04","Overall","quantile","0.8",989
"Ensemble","2026-06-20",2,"2026-07-04","Overall","quantile","0.85",1043
"Ensemble","2026-06-20",2,"2026-07-04","Overall","quantile","0.9",1112
"Ensemble","2026-06-20",2,"2026-07-04","Overall","quantile","0.95",1225
"Ensemble","2026-06-20",2,"2026-07-04","Overall","quantile","0.975",1338
"Ensemble","2026-06-20",2,"2026-07-04","Overall","quantile","0.99",1516
"Ensemble","2026-06-20",2,"2026-07-04","Pediatrics","quantile","0.01",205
"Ensemble","2026-06-20",2,"2026-07-04","Pediatrics","quantile","0.025",229
"Ensemble","2026-06-20",2,"2026-07-04","Pediatrics","quantile","0.05",256
"Ensemble","2026-06-20",2,"2026-07-04","Pediatrics","quantile","0.1",286
"Ensemble","2026-06-20",2,"2026-07-04","Pediatrics","quantile","0.15",309
"Ensemble","2026-06-20",2,"2026-07-04","Pediatrics","quantile","0.2",332
"Ensemble","2026-06-20",2,"2026-07-04","Pediatrics","quantile","0.25",349
"Ensemble","2026-06-20",2,"2026-07-04","Pediatrics","quantile","0.3",365
"Ensemble","2026-06-20",2,"2026-07-04","Pediatrics","quantile","0.35",382
"Ensemble","2026-06-20",2,"2026-07-04","Pediatrics","quantile","0.4",398
"Ensemble","2026-06-20",2,"2026-07-04","Pediatrics","quantile","0.45",414
"Ensemble","2026-06-20",2,"2026-07-04","Pediatrics","quantile","0.5",431
"Ensemble","2026-06-20",2,"2026-07-04","Pediatrics","quantile","0.55",448
"Ensemble","2026-06-20",2,"2026-07-04","Pediatrics","quantile","0.6",468
"Ensemble","2026-06-20",2,"2026-07-04","Pediatrics","quantile","0.65",492
"Ensemble","2026-06-20",2,"2026-07-04","Pediatrics","quantile","0.7",513
"Ensemble","2026-06-20",2,"2026-07-04","Pediatrics","quantile","0.75",540
"Ensemble","2026-06-20",2,"2026-07-04","Pediatrics","quantile","0.8",568
"Ensemble","2026-06-20",2,"2026-07-04","Pediatrics","quantile","0.85",605
"Ensemble","2026-06-20",2,"2026-07-04","Pediatrics","quantile","0.9",659
"Ensemble","2026-06-20",2,"2026-07-04","Pediatrics","quantile","0.95",728
"Ensemble","2026-06-20",2,"2026-07-04","Pediatrics","quantile","0.975",820
"Ensemble","2026-06-20",2,"2026-07-04","Pediatrics","quantile","0.99",895
"Ensemble","2026-06-20",3,"2026-07-11","Adults","quantile","0.01",137
"Ensemble","2026-06-20",3,"2026-07-11","Adults","quantile","0.025",169
"Ensemble","2026-06-20",3,"2026-07-11","Adults","quantile","0.05",187
"Ensemble","2026-06-20",3,"2026-07-11","Adults","quantile","0.1",215
"Ensemble","2026-06-20",3,"2026-07-11","Adults","quantile","0.15",234
"Ensemble","2026-06-20",3,"2026-07-11","Adults","quantile","0.2",249
"Ensemble","2026-06-20",3,"2026-07-11","Adults","quantile","0.25",264
"Ensemble","2026-06-20",3,"2026-07-11","Adults","quantile","0.3",270
"Ensemble","2026-06-20",3,"2026-07-11","Adults","quantile","0.35",275
"Ensemble","2026-06-20",3,"2026-07-11","Adults","quantile","0.4",292
"Ensemble","2026-06-20",3,"2026-07-11","Adults","quantile","0.45",306
"Ensemble","2026-06-20",3,"2026-07-11","Adults","quantile","0.5",312
"Ensemble","2026-06-20",3,"2026-07-11","Adults","quantile","0.55",340
"Ensemble","2026-06-20",3,"2026-07-11","Adults","quantile","0.6",342
"Ensemble","2026-06-20",3,"2026-07-11","Adults","quantile","0.65",362
"Ensemble","2026-06-20",3,"2026-07-11","Adults","quantile","0.7",386
"Ensemble","2026-06-20",3,"2026-07-11","Adults","quantile","0.75",411
"Ensemble","2026-06-20",3,"2026-07-11","Adults","quantile","0.8",445
"Ensemble","2026-06-20",3,"2026-07-11","Adults","quantile","0.85",482
"Ensemble","2026-06-20",3,"2026-07-11","Adults","quantile","0.9",520
"Ensemble","2026-06-20",3,"2026-07-11","Adults","quantile","0.95",592
"Ensemble","2026-06-20",3,"2026-07-11","Adults","quantile","0.975",661
"Ensemble","2026-06-20",3,"2026-07-11","Adults","quantile","0.99",715
"Ensemble","2026-06-20",3,"2026-07-11","Overall","quantile","0.01",355
"Ensemble","2026-06-20",3,"2026-07-11","Overall","quantile","0.025",438
"Ensemble","2026-06-20",3,"2026-07-11","Overall","quantile","0.05",469
"Ensemble","2026-06-20",3,"2026-07-11","Overall","quantile","0.1",513
"Ensemble","2026-06-20",3,"2026-07-11","Overall","quantile","0.15",557
"Ensemble","2026-06-20",3,"2026-07-11","Overall","quantile","0.2",586
"Ensemble","2026-06-20",3,"2026-07-11","Overall","quantile","0.25",618
"Ensemble","2026-06-20",3,"2026-07-11","Overall","quantile","0.3",625
"Ensemble","2026-06-20",3,"2026-07-11","Overall","quantile","0.35",642
"Ensemble","2026-06-20",3,"2026-07-11","Overall","quantile","0.4",677
"Ensemble","2026-06-20",3,"2026-07-11","Overall","quantile","0.45",709
"Ensemble","2026-06-20",3,"2026-07-11","Overall","quantile","0.5",742
"Ensemble","2026-06-20",3,"2026-07-11","Overall","quantile","0.55",780
"Ensemble","2026-06-20",3,"2026-07-11","Overall","quantile","0.6",792
"Ensemble","2026-06-20",3,"2026-07-11","Overall","quantile","0.65",824
"Ensemble","2026-06-20",3,"2026-07-11","Overall","quantile","0.7",876
"Ensemble","2026-06-20",3,"2026-07-11","Overall","quantile","0.75",935
"Ensemble","2026-06-20",3,"2026-07-11","Overall","quantile","0.8",979
"Ensemble","2026-06-20",3,"2026-07-11","Overall","quantile","0.85",1034
"Ensemble","2026-06-20",3,"2026-07-11","Overall","quantile","0.9",1116
"Ensemble","2026-06-20",3,"2026-07-11","Overall","quantile","0.95",1232
"Ensemble","2026-06-20",3,"2026-07-11","Overall","quantile","0.975",1379
"Ensemble","2026-06-20",3,"2026-07-11","Overall","quantile","0.99",1556
"Ensemble","2026-06-20",3,"2026-07-11","Pediatrics","quantile","0.01",191
"Ensemble","2026-06-20",3,"2026-07-11","Pediatrics","quantile","0.025",211
"Ensemble","2026-06-20",3,"2026-07-11","Pediatrics","quantile","0.05",236
"Ensemble","2026-06-20",3,"2026-07-11","Pediatrics","quantile","0.1",268
"Ensemble","2026-06-20",3,"2026-07-11","Pediatrics","quantile","0.15",292
"Ensemble","2026-06-20",3,"2026-07-11","Pediatrics","quantile","0.2",313
"Ensemble","2026-06-20",3,"2026-07-11","Pediatrics","quantile","0.25",333
"Ensemble","2026-06-20",3,"2026-07-11","Pediatrics","quantile","0.3",352
"Ensemble","2026-06-20",3,"2026-07-11","Pediatrics","quantile","0.35",370
"Ensemble","2026-06-20",3,"2026-07-11","Pediatrics","quantile","0.4",387
"Ensemble","2026-06-20",3,"2026-07-11","Pediatrics","quantile","0.45",404
"Ensemble","2026-06-20",3,"2026-07-11","Pediatrics","quantile","0.5",422
"Ensemble","2026-06-20",3,"2026-07-11","Pediatrics","quantile","0.55",441
"Ensemble","2026-06-20",3,"2026-07-11","Pediatrics","quantile","0.6",459
"Ensemble","2026-06-20",3,"2026-07-11","Pediatrics","quantile","0.65",480
"Ensemble","2026-06-20",3,"2026-07-11","Pediatrics","quantile","0.7",504
"Ensemble","2026-06-20",3,"2026-07-11","Pediatrics","quantile","0.75",531
"Ensemble","2026-06-20",3,"2026-07-11","Pediatrics","quantile","0.8",565
"Ensemble","2026-06-20",3,"2026-07-11","Pediatrics","quantile","0.85",594
"Ensemble","2026-06-20",3,"2026-07-11","Pediatrics","quantile","0.9",660
"Ensemble","2026-06-20",3,"2026-07-11","Pediatrics","quantile","0.95",750
"Ensemble","2026-06-20",3,"2026-07-11","Pediatrics","quantile","0.975",824
"Ensemble","2026-06-20",3,"2026-07-11","Pediatrics","quantile","0.99",957
