model,reference_date,horizon,target_end_date,target_group,output_type,output_type_id,value
Regular Baseline,5/16/2026,-3,4/25/2026,Adults,quantile,0.01,40
Regular Baseline,5/16/2026,-3,4/25/2026,Adults,quantile,0.025,49
Regular Baseline,5/16/2026,-3,4/25/2026,Adults,quantile,0.05,59
Regular Baseline,5/16/2026,-3,4/25/2026,Adults,quantile,0.1,69
Regular Baseline,5/16/2026,-3,4/25/2026,Adults,quantile,0.15,72
Regular Baseline,5/16/2026,-3,4/25/2026,Adults,quantile,0.2,78
Regular Baseline,5/16/2026,-3,4/25/2026,Adults,quantile,0.25,83
Regular Baseline,5/16/2026,-3,4/25/2026,Adults,quantile,0.3,85
Regular Baseline,5/16/2026,-3,4/25/2026,Adults,quantile,0.35,89
Regular Baseline,5/16/2026,-3,4/25/2026,Adults,quantile,0.4,92
Regular Baseline,5/16/2026,-3,4/25/2026,Adults,quantile,0.45,94
Regular Baseline,5/16/2026,-3,4/25/2026,Adults,quantile,0.5,97
Regular Baseline,5/16/2026,-3,4/25/2026,Adults,quantile,0.55,100
Regular Baseline,5/16/2026,-3,4/25/2026,Adults,quantile,0.6,102
Regular Baseline,5/16/2026,-3,4/25/2026,Adults,quantile,0.65,106
Regular Baseline,5/16/2026,-3,4/25/2026,Adults,quantile,0.7,109
Regular Baseline,5/16/2026,-3,4/25/2026,Adults,quantile,0.75,112
Regular Baseline,5/16/2026,-3,4/25/2026,Adults,quantile,0.8,118
Regular Baseline,5/16/2026,-3,4/25/2026,Adults,quantile,0.85,125
Regular Baseline,5/16/2026,-3,4/25/2026,Adults,quantile,0.9,130
Regular Baseline,5/16/2026,-3,4/25/2026,Adults,quantile,0.95,145
Regular Baseline,5/16/2026,-3,4/25/2026,Adults,quantile,0.975,162
Regular Baseline,5/16/2026,-3,4/25/2026,Adults,quantile,0.99,179
Regular Baseline,5/16/2026,-2,5/2/2026,Adults,quantile,0.01,26
Regular Baseline,5/16/2026,-2,5/2/2026,Adults,quantile,0.025,36
Regular Baseline,5/16/2026,-2,5/2/2026,Adults,quantile,0.05,45
Regular Baseline,5/16/2026,-2,5/2/2026,Adults,quantile,0.1,56
Regular Baseline,5/16/2026,-2,5/2/2026,Adults,quantile,0.15,63
Regular Baseline,5/16/2026,-2,5/2/2026,Adults,quantile,0.2,69
Regular Baseline,5/16/2026,-2,5/2/2026,Adults,quantile,0.25,74
Regular Baseline,5/16/2026,-2,5/2/2026,Adults,quantile,0.3,80
Regular Baseline,5/16/2026,-2,5/2/2026,Adults,quantile,0.35,84
Regular Baseline,5/16/2026,-2,5/2/2026,Adults,quantile,0.4,89
Regular Baseline,5/16/2026,-2,5/2/2026,Adults,quantile,0.45,93
Regular Baseline,5/16/2026,-2,5/2/2026,Adults,quantile,0.5,97
Regular Baseline,5/16/2026,-2,5/2/2026,Adults,quantile,0.55,101
Regular Baseline,5/16/2026,-2,5/2/2026,Adults,quantile,0.6,105
Regular Baseline,5/16/2026,-2,5/2/2026,Adults,quantile,0.65,110
Regular Baseline,5/16/2026,-2,5/2/2026,Adults,quantile,0.7,116
Regular Baseline,5/16/2026,-2,5/2/2026,Adults,quantile,0.75,122
Regular Baseline,5/16/2026,-2,5/2/2026,Adults,quantile,0.8,129
Regular Baseline,5/16/2026,-2,5/2/2026,Adults,quantile,0.85,137
Regular Baseline,5/16/2026,-2,5/2/2026,Adults,quantile,0.9,148
Regular Baseline,5/16/2026,-2,5/2/2026,Adults,quantile,0.95,168
Regular Baseline,5/16/2026,-2,5/2/2026,Adults,quantile,0.975,187
Regular Baseline,5/16/2026,-2,5/2/2026,Adults,quantile,0.99,208
Regular Baseline,5/16/2026,-1,5/9/2026,Adults,quantile,0.01,15
Regular Baseline,5/16/2026,-1,5/9/2026,Adults,quantile,0.025,27
Regular Baseline,5/16/2026,-1,5/9/2026,Adults,quantile,0.05,37
Regular Baseline,5/16/2026,-1,5/9/2026,Adults,quantile,0.1,47
Regular Baseline,5/16/2026,-1,5/9/2026,Adults,quantile,0.15,56
Regular Baseline,5/16/2026,-1,5/9/2026,Adults,quantile,0.2,63
Regular Baseline,5/16/2026,-1,5/9/2026,Adults,quantile,0.25,70
Regular Baseline,5/16/2026,-1,5/9/2026,Adults,quantile,0.3,76
Regular Baseline,5/16/2026,-1,5/9/2026,Adults,quantile,0.35,81
Regular Baseline,5/16/2026,-1,5/9/2026,Adults,quantile,0.4,87
Regular Baseline,5/16/2026,-1,5/9/2026,Adults,quantile,0.45,92
Regular Baseline,5/16/2026,-1,5/9/2026,Adults,quantile,0.5,97
Regular Baseline,5/16/2026,-1,5/9/2026,Adults,quantile,0.55,103
Regular Baseline,5/16/2026,-1,5/9/2026,Adults,quantile,0.6,108
Regular Baseline,5/16/2026,-1,5/9/2026,Adults,quantile,0.65,115
Regular Baseline,5/16/2026,-1,5/9/2026,Adults,quantile,0.7,122
Regular Baseline,5/16/2026,-1,5/9/2026,Adults,quantile,0.75,129
Regular Baseline,5/16/2026,-1,5/9/2026,Adults,quantile,0.8,138
Regular Baseline,5/16/2026,-1,5/9/2026,Adults,quantile,0.85,148
Regular Baseline,5/16/2026,-1,5/9/2026,Adults,quantile,0.9,164
Regular Baseline,5/16/2026,-1,5/9/2026,Adults,quantile,0.95,189
Regular Baseline,5/16/2026,-1,5/9/2026,Adults,quantile,0.975,214
Regular Baseline,5/16/2026,-1,5/9/2026,Adults,quantile,0.99,247
Regular Baseline,5/16/2026,0,5/16/2026,Adults,quantile,0.01,10
Regular Baseline,5/16/2026,0,5/16/2026,Adults,quantile,0.025,19
Regular Baseline,5/16/2026,0,5/16/2026,Adults,quantile,0.05,29
Regular Baseline,5/16/2026,0,5/16/2026,Adults,quantile,0.1,41
Regular Baseline,5/16/2026,0,5/16/2026,Adults,quantile,0.15,51
Regular Baseline,5/16/2026,0,5/16/2026,Adults,quantile,0.2,59
Regular Baseline,5/16/2026,0,5/16/2026,Adults,quantile,0.25,65
Regular Baseline,5/16/2026,0,5/16/2026,Adults,quantile,0.3,72
Regular Baseline,5/16/2026,0,5/16/2026,Adults,quantile,0.35,79
Regular Baseline,5/16/2026,0,5/16/2026,Adults,quantile,0.4,85
Regular Baseline,5/16/2026,0,5/16/2026,Adults,quantile,0.45,91
Regular Baseline,5/16/2026,0,5/16/2026,Adults,quantile,0.5,97
Regular Baseline,5/16/2026,0,5/16/2026,Adults,quantile,0.55,104
Regular Baseline,5/16/2026,0,5/16/2026,Adults,quantile,0.6,111
Regular Baseline,5/16/2026,0,5/16/2026,Adults,quantile,0.65,118
Regular Baseline,5/16/2026,0,5/16/2026,Adults,quantile,0.7,126
Regular Baseline,5/16/2026,0,5/16/2026,Adults,quantile,0.75,135
Regular Baseline,5/16/2026,0,5/16/2026,Adults,quantile,0.8,146
Regular Baseline,5/16/2026,0,5/16/2026,Adults,quantile,0.85,158
Regular Baseline,5/16/2026,0,5/16/2026,Adults,quantile,0.9,176
Regular Baseline,5/16/2026,0,5/16/2026,Adults,quantile,0.95,207
Regular Baseline,5/16/2026,0,5/16/2026,Adults,quantile,0.975,236
Regular Baseline,5/16/2026,0,5/16/2026,Adults,quantile,0.99,274
Regular Baseline,5/16/2026,1,5/23/2026,Adults,quantile,0.01,5
Regular Baseline,5/16/2026,1,5/23/2026,Adults,quantile,0.025,13
Regular Baseline,5/16/2026,1,5/23/2026,Adults,quantile,0.05,22
Regular Baseline,5/16/2026,1,5/23/2026,Adults,quantile,0.1,35
Regular Baseline,5/16/2026,1,5/23/2026,Adults,quantile,0.15,45
Regular Baseline,5/16/2026,1,5/23/2026,Adults,quantile,0.2,54
Regular Baseline,5/16/2026,1,5/23/2026,Adults,quantile,0.25,61
Regular Baseline,5/16/2026,1,5/23/2026,Adults,quantile,0.3,69
Regular Baseline,5/16/2026,1,5/23/2026,Adults,quantile,0.35,76
Regular Baseline,5/16/2026,1,5/23/2026,Adults,quantile,0.4,82
Regular Baseline,5/16/2026,1,5/23/2026,Adults,quantile,0.45,90
Regular Baseline,5/16/2026,1,5/23/2026,Adults,quantile,0.5,97
Regular Baseline,5/16/2026,1,5/23/2026,Adults,quantile,0.55,104
Regular Baseline,5/16/2026,1,5/23/2026,Adults,quantile,0.6,112
Regular Baseline,5/16/2026,1,5/23/2026,Adults,quantile,0.65,120
Regular Baseline,5/16/2026,1,5/23/2026,Adults,quantile,0.7,129
Regular Baseline,5/16/2026,1,5/23/2026,Adults,quantile,0.75,139
Regular Baseline,5/16/2026,1,5/23/2026,Adults,quantile,0.8,151
Regular Baseline,5/16/2026,1,5/23/2026,Adults,quantile,0.85,165
Regular Baseline,5/16/2026,1,5/23/2026,Adults,quantile,0.9,185
Regular Baseline,5/16/2026,1,5/23/2026,Adults,quantile,0.95,219
Regular Baseline,5/16/2026,1,5/23/2026,Adults,quantile,0.975,252
Regular Baseline,5/16/2026,1,5/23/2026,Adults,quantile,0.99,286
Regular Baseline,5/16/2026,2,5/30/2026,Adults,quantile,0.01,3
Regular Baseline,5/16/2026,2,5/30/2026,Adults,quantile,0.025,10
Regular Baseline,5/16/2026,2,5/30/2026,Adults,quantile,0.05,18
Regular Baseline,5/16/2026,2,5/30/2026,Adults,quantile,0.1,32
Regular Baseline,5/16/2026,2,5/30/2026,Adults,quantile,0.15,42
Regular Baseline,5/16/2026,2,5/30/2026,Adults,quantile,0.2,51
Regular Baseline,5/16/2026,2,5/30/2026,Adults,quantile,0.25,59
Regular Baseline,5/16/2026,2,5/30/2026,Adults,quantile,0.3,66
Regular Baseline,5/16/2026,2,5/30/2026,Adults,quantile,0.35,74
Regular Baseline,5/16/2026,2,5/30/2026,Adults,quantile,0.4,82
Regular Baseline,5/16/2026,2,5/30/2026,Adults,quantile,0.45,90
Regular Baseline,5/16/2026,2,5/30/2026,Adults,quantile,0.5,97
Regular Baseline,5/16/2026,2,5/30/2026,Adults,quantile,0.55,105
Regular Baseline,5/16/2026,2,5/30/2026,Adults,quantile,0.6,114
Regular Baseline,5/16/2026,2,5/30/2026,Adults,quantile,0.65,122
Regular Baseline,5/16/2026,2,5/30/2026,Adults,quantile,0.7,132
Regular Baseline,5/16/2026,2,5/30/2026,Adults,quantile,0.75,144
Regular Baseline,5/16/2026,2,5/30/2026,Adults,quantile,0.8,158
Regular Baseline,5/16/2026,2,5/30/2026,Adults,quantile,0.85,174
Regular Baseline,5/16/2026,2,5/30/2026,Adults,quantile,0.9,196
Regular Baseline,5/16/2026,2,5/30/2026,Adults,quantile,0.95,232
Regular Baseline,5/16/2026,2,5/30/2026,Adults,quantile,0.975,267
Regular Baseline,5/16/2026,2,5/30/2026,Adults,quantile,0.99,313
Regular Baseline,5/16/2026,3,6/6/2026,Adults,quantile,0.01,1
Regular Baseline,5/16/2026,3,6/6/2026,Adults,quantile,0.025,7
Regular Baseline,5/16/2026,3,6/6/2026,Adults,quantile,0.05,15
Regular Baseline,5/16/2026,3,6/6/2026,Adults,quantile,0.1,28
Regular Baseline,5/16/2026,3,6/6/2026,Adults,quantile,0.15,38
Regular Baseline,5/16/2026,3,6/6/2026,Adults,quantile,0.2,48
Regular Baseline,5/16/2026,3,6/6/2026,Adults,quantile,0.25,56
Regular Baseline,5/16/2026,3,6/6/2026,Adults,quantile,0.3,64
Regular Baseline,5/16/2026,3,6/6/2026,Adults,quantile,0.35,72
Regular Baseline,5/16/2026,3,6/6/2026,Adults,quantile,0.4,80
Regular Baseline,5/16/2026,3,6/6/2026,Adults,quantile,0.45,89
Regular Baseline,5/16/2026,3,6/6/2026,Adults,quantile,0.5,97
Regular Baseline,5/16/2026,3,6/6/2026,Adults,quantile,0.55,106
Regular Baseline,5/16/2026,3,6/6/2026,Adults,quantile,0.6,115
Regular Baseline,5/16/2026,3,6/6/2026,Adults,quantile,0.65,125
Regular Baseline,5/16/2026,3,6/6/2026,Adults,quantile,0.7,136
Regular Baseline,5/16/2026,3,6/6/2026,Adults,quantile,0.75,149
Regular Baseline,5/16/2026,3,6/6/2026,Adults,quantile,0.8,163
Regular Baseline,5/16/2026,3,6/6/2026,Adults,quantile,0.85,181
Regular Baseline,5/16/2026,3,6/6/2026,Adults,quantile,0.9,204
Regular Baseline,5/16/2026,3,6/6/2026,Adults,quantile,0.95,246
Regular Baseline,5/16/2026,3,6/6/2026,Adults,quantile,0.975,285
Regular Baseline,5/16/2026,3,6/6/2026,Adults,quantile,0.99,333
Regular Baseline,5/16/2026,-3,4/25/2026,Overall,quantile,0.01,161
Regular Baseline,5/16/2026,-3,4/25/2026,Overall,quantile,0.025,175
Regular Baseline,5/16/2026,-3,4/25/2026,Overall,quantile,0.05,190
Regular Baseline,5/16/2026,-3,4/25/2026,Overall,quantile,0.1,210
Regular Baseline,5/16/2026,-3,4/25/2026,Overall,quantile,0.15,223
Regular Baseline,5/16/2026,-3,4/25/2026,Overall,quantile,0.2,230
Regular Baseline,5/16/2026,-3,4/25/2026,Overall,quantile,0.25,241
Regular Baseline,5/16/2026,-3,4/25/2026,Overall,quantile,0.3,246
Regular Baseline,5/16/2026,-3,4/25/2026,Overall,quantile,0.35,255
Regular Baseline,5/16/2026,-3,4/25/2026,Overall,quantile,0.4,260
Regular Baseline,5/16/2026,-3,4/25/2026,Overall,quantile,0.45,267
Regular Baseline,5/16/2026,-3,4/25/2026,Overall,quantile,0.5,272
Regular Baseline,5/16/2026,-3,4/25/2026,Overall,quantile,0.55,277
Regular Baseline,5/16/2026,-3,4/25/2026,Overall,quantile,0.6,284
Regular Baseline,5/16/2026,-3,4/25/2026,Overall,quantile,0.65,290
Regular Baseline,5/16/2026,-3,4/25/2026,Overall,quantile,0.7,299
Regular Baseline,5/16/2026,-3,4/25/2026,Overall,quantile,0.75,305
Regular Baseline,5/16/2026,-3,4/25/2026,Overall,quantile,0.8,317
Regular Baseline,5/16/2026,-3,4/25/2026,Overall,quantile,0.85,326
Regular Baseline,5/16/2026,-3,4/25/2026,Overall,quantile,0.9,341
Regular Baseline,5/16/2026,-3,4/25/2026,Overall,quantile,0.95,368
Regular Baseline,5/16/2026,-3,4/25/2026,Overall,quantile,0.975,390
Regular Baseline,5/16/2026,-3,4/25/2026,Overall,quantile,0.99,412
Regular Baseline,5/16/2026,-2,5/2/2026,Overall,quantile,0.01,120
Regular Baseline,5/16/2026,-2,5/2/2026,Overall,quantile,0.025,143
Regular Baseline,5/16/2026,-2,5/2/2026,Overall,quantile,0.05,163
Regular Baseline,5/16/2026,-2,5/2/2026,Overall,quantile,0.1,185
Regular Baseline,5/16/2026,-2,5/2/2026,Overall,quantile,0.15,202
Regular Baseline,5/16/2026,-2,5/2/2026,Overall,quantile,0.2,215
Regular Baseline,5/16/2026,-2,5/2/2026,Overall,quantile,0.25,226
Regular Baseline,5/16/2026,-2,5/2/2026,Overall,quantile,0.3,236
Regular Baseline,5/16/2026,-2,5/2/2026,Overall,quantile,0.35,244
Regular Baseline,5/16/2026,-2,5/2/2026,Overall,quantile,0.4,254
Regular Baseline,5/16/2026,-2,5/2/2026,Overall,quantile,0.45,263
Regular Baseline,5/16/2026,-2,5/2/2026,Overall,quantile,0.5,272
Regular Baseline,5/16/2026,-2,5/2/2026,Overall,quantile,0.55,281
Regular Baseline,5/16/2026,-2,5/2/2026,Overall,quantile,0.6,290
Regular Baseline,5/16/2026,-2,5/2/2026,Overall,quantile,0.65,301
Regular Baseline,5/16/2026,-2,5/2/2026,Overall,quantile,0.7,311
Regular Baseline,5/16/2026,-2,5/2/2026,Overall,quantile,0.75,323
Regular Baseline,5/16/2026,-2,5/2/2026,Overall,quantile,0.8,336
Regular Baseline,5/16/2026,-2,5/2/2026,Overall,quantile,0.85,353
Regular Baseline,5/16/2026,-2,5/2/2026,Overall,quantile,0.9,375
Regular Baseline,5/16/2026,-2,5/2/2026,Overall,quantile,0.95,412
Regular Baseline,5/16/2026,-2,5/2/2026,Overall,quantile,0.975,445
Regular Baseline,5/16/2026,-2,5/2/2026,Overall,quantile,0.99,488
Regular Baseline,5/16/2026,-1,5/9/2026,Overall,quantile,0.01,94
Regular Baseline,5/16/2026,-1,5/9/2026,Overall,quantile,0.025,120
Regular Baseline,5/16/2026,-1,5/9/2026,Overall,quantile,0.05,140
Regular Baseline,5/16/2026,-1,5/9/2026,Overall,quantile,0.1,166
Regular Baseline,5/16/2026,-1,5/9/2026,Overall,quantile,0.15,186
Regular Baseline,5/16/2026,-1,5/9/2026,Overall,quantile,0.2,202
Regular Baseline,5/16/2026,-1,5/9/2026,Overall,quantile,0.25,214
Regular Baseline,5/16/2026,-1,5/9/2026,Overall,quantile,0.3,227
Regular Baseline,5/16/2026,-1,5/9/2026,Overall,quantile,0.35,238
Regular Baseline,5/16/2026,-1,5/9/2026,Overall,quantile,0.4,250
Regular Baseline,5/16/2026,-1,5/9/2026,Overall,quantile,0.45,261
Regular Baseline,5/16/2026,-1,5/9/2026,Overall,quantile,0.5,272
Regular Baseline,5/16/2026,-1,5/9/2026,Overall,quantile,0.55,283
Regular Baseline,5/16/2026,-1,5/9/2026,Overall,quantile,0.6,295
Regular Baseline,5/16/2026,-1,5/9/2026,Overall,quantile,0.65,307
Regular Baseline,5/16/2026,-1,5/9/2026,Overall,quantile,0.7,321
Regular Baseline,5/16/2026,-1,5/9/2026,Overall,quantile,0.75,335
Regular Baseline,5/16/2026,-1,5/9/2026,Overall,quantile,0.8,353
Regular Baseline,5/16/2026,-1,5/9/2026,Overall,quantile,0.85,373
Regular Baseline,5/16/2026,-1,5/9/2026,Overall,quantile,0.9,400
Regular Baseline,5/16/2026,-1,5/9/2026,Overall,quantile,0.95,448
Regular Baseline,5/16/2026,-1,5/9/2026,Overall,quantile,0.975,487
Regular Baseline,5/16/2026,-1,5/9/2026,Overall,quantile,0.99,546
Regular Baseline,5/16/2026,0,5/16/2026,Overall,quantile,0.01,75
Regular Baseline,5/16/2026,0,5/16/2026,Overall,quantile,0.025,101
Regular Baseline,5/16/2026,0,5/16/2026,Overall,quantile,0.05,123
Regular Baseline,5/16/2026,0,5/16/2026,Overall,quantile,0.1,152
Regular Baseline,5/16/2026,0,5/16/2026,Overall,quantile,0.15,174
Regular Baseline,5/16/2026,0,5/16/2026,Overall,quantile,0.2,191
Regular Baseline,5/16/2026,0,5/16/2026,Overall,quantile,0.25,206
Regular Baseline,5/16/2026,0,5/16/2026,Overall,quantile,0.3,220
Regular Baseline,5/16/2026,0,5/16/2026,Overall,quantile,0.35,233
Regular Baseline,5/16/2026,0,5/16/2026,Overall,quantile,0.4,246
Regular Baseline,5/16/2026,0,5/16/2026,Overall,quantile,0.45,259
Regular Baseline,5/16/2026,0,5/16/2026,Overall,quantile,0.5,272
Regular Baseline,5/16/2026,0,5/16/2026,Overall,quantile,0.55,285
Regular Baseline,5/16/2026,0,5/16/2026,Overall,quantile,0.6,298
Regular Baseline,5/16/2026,0,5/16/2026,Overall,quantile,0.65,313
Regular Baseline,5/16/2026,0,5/16/2026,Overall,quantile,0.7,328
Regular Baseline,5/16/2026,0,5/16/2026,Overall,quantile,0.75,347
Regular Baseline,5/16/2026,0,5/16/2026,Overall,quantile,0.8,368
Regular Baseline,5/16/2026,0,5/16/2026,Overall,quantile,0.85,395
Regular Baseline,5/16/2026,0,5/16/2026,Overall,quantile,0.9,426
Regular Baseline,5/16/2026,0,5/16/2026,Overall,quantile,0.95,479
Regular Baseline,5/16/2026,0,5/16/2026,Overall,quantile,0.975,530
Regular Baseline,5/16/2026,0,5/16/2026,Overall,quantile,0.99,589
Regular Baseline,5/16/2026,1,5/23/2026,Overall,quantile,0.01,63
Regular Baseline,5/16/2026,1,5/23/2026,Overall,quantile,0.025,86
Regular Baseline,5/16/2026,1,5/23/2026,Overall,quantile,0.05,108
Regular Baseline,5/16/2026,1,5/23/2026,Overall,quantile,0.1,140
Regular Baseline,5/16/2026,1,5/23/2026,Overall,quantile,0.15,160
Regular Baseline,5/16/2026,1,5/23/2026,Overall,quantile,0.2,180
Regular Baseline,5/16/2026,1,5/23/2026,Overall,quantile,0.25,196
Regular Baseline,5/16/2026,1,5/23/2026,Overall,quantile,0.3,212
Regular Baseline,5/16/2026,1,5/23/2026,Overall,quantile,0.35,228
Regular Baseline,5/16/2026,1,5/23/2026,Overall,quantile,0.4,242
Regular Baseline,5/16/2026,1,5/23/2026,Overall,quantile,0.45,257
Regular Baseline,5/16/2026,1,5/23/2026,Overall,quantile,0.5,272
Regular Baseline,5/16/2026,1,5/23/2026,Overall,quantile,0.55,286
Regular Baseline,5/16/2026,1,5/23/2026,Overall,quantile,0.6,302
Regular Baseline,5/16/2026,1,5/23/2026,Overall,quantile,0.65,319
Regular Baseline,5/16/2026,1,5/23/2026,Overall,quantile,0.7,337
Regular Baseline,5/16/2026,1,5/23/2026,Overall,quantile,0.75,357
Regular Baseline,5/16/2026,1,5/23/2026,Overall,quantile,0.8,379
Regular Baseline,5/16/2026,1,5/23/2026,Overall,quantile,0.85,410
Regular Baseline,5/16/2026,1,5/23/2026,Overall,quantile,0.9,447
Regular Baseline,5/16/2026,1,5/23/2026,Overall,quantile,0.95,505
Regular Baseline,5/16/2026,1,5/23/2026,Overall,quantile,0.975,562
Regular Baseline,5/16/2026,1,5/23/2026,Overall,quantile,0.99,633
Regular Baseline,5/16/2026,2,5/30/2026,Overall,quantile,0.01,49
Regular Baseline,5/16/2026,2,5/30/2026,Overall,quantile,0.025,73
Regular Baseline,5/16/2026,2,5/30/2026,Overall,quantile,0.05,98
Regular Baseline,5/16/2026,2,5/30/2026,Overall,quantile,0.1,129
Regular Baseline,5/16/2026,2,5/30/2026,Overall,quantile,0.15,152
Regular Baseline,5/16/2026,2,5/30/2026,Overall,quantile,0.2,172
Regular Baseline,5/16/2026,2,5/30/2026,Overall,quantile,0.25,191
Regular Baseline,5/16/2026,2,5/30/2026,Overall,quantile,0.3,209
Regular Baseline,5/16/2026,2,5/30/2026,Overall,quantile,0.35,224
Regular Baseline,5/16/2026,2,5/30/2026,Overall,quantile,0.4,240
Regular Baseline,5/16/2026,2,5/30/2026,Overall,quantile,0.45,256
Regular Baseline,5/16/2026,2,5/30/2026,Overall,quantile,0.5,272
Regular Baseline,5/16/2026,2,5/30/2026,Overall,quantile,0.55,289
Regular Baseline,5/16/2026,2,5/30/2026,Overall,quantile,0.6,305
Regular Baseline,5/16/2026,2,5/30/2026,Overall,quantile,0.65,324
Regular Baseline,5/16/2026,2,5/30/2026,Overall,quantile,0.7,344
Regular Baseline,5/16/2026,2,5/30/2026,Overall,quantile,0.75,367
Regular Baseline,5/16/2026,2,5/30/2026,Overall,quantile,0.8,393
Regular Baseline,5/16/2026,2,5/30/2026,Overall,quantile,0.85,424
Regular Baseline,5/16/2026,2,5/30/2026,Overall,quantile,0.9,466
Regular Baseline,5/16/2026,2,5/30/2026,Overall,quantile,0.95,529
Regular Baseline,5/16/2026,2,5/30/2026,Overall,quantile,0.975,593
Regular Baseline,5/16/2026,2,5/30/2026,Overall,quantile,0.99,683
Regular Baseline,5/16/2026,3,6/6/2026,Overall,quantile,0.01,35
Regular Baseline,5/16/2026,3,6/6/2026,Overall,quantile,0.025,62
Regular Baseline,5/16/2026,3,6/6/2026,Overall,quantile,0.05,88
Regular Baseline,5/16/2026,3,6/6/2026,Overall,quantile,0.1,119
Regular Baseline,5/16/2026,3,6/6/2026,Overall,quantile,0.15,143
Regular Baseline,5/16/2026,3,6/6/2026,Overall,quantile,0.2,165
Regular Baseline,5/16/2026,3,6/6/2026,Overall,quantile,0.25,185
Regular Baseline,5/16/2026,3,6/6/2026,Overall,quantile,0.3,202
Regular Baseline,5/16/2026,3,6/6/2026,Overall,quantile,0.35,221
Regular Baseline,5/16/2026,3,6/6/2026,Overall,quantile,0.4,238
Regular Baseline,5/16/2026,3,6/6/2026,Overall,quantile,0.45,255
Regular Baseline,5/16/2026,3,6/6/2026,Overall,quantile,0.5,272
Regular Baseline,5/16/2026,3,6/6/2026,Overall,quantile,0.55,289
Regular Baseline,5/16/2026,3,6/6/2026,Overall,quantile,0.6,309
Regular Baseline,5/16/2026,3,6/6/2026,Overall,quantile,0.65,328
Regular Baseline,5/16/2026,3,6/6/2026,Overall,quantile,0.7,351
Regular Baseline,5/16/2026,3,6/6/2026,Overall,quantile,0.75,374
Regular Baseline,5/16/2026,3,6/6/2026,Overall,quantile,0.8,404
Regular Baseline,5/16/2026,3,6/6/2026,Overall,quantile,0.85,437
Regular Baseline,5/16/2026,3,6/6/2026,Overall,quantile,0.9,481
Regular Baseline,5/16/2026,3,6/6/2026,Overall,quantile,0.95,552
Regular Baseline,5/16/2026,3,6/6/2026,Overall,quantile,0.975,623
Regular Baseline,5/16/2026,3,6/6/2026,Overall,quantile,0.99,701
Regular Baseline,5/16/2026,-3,4/25/2026,Pediatrics,quantile,0.01,105
Regular Baseline,5/16/2026,-3,4/25/2026,Pediatrics,quantile,0.025,113
Regular Baseline,5/16/2026,-3,4/25/2026,Pediatrics,quantile,0.05,124
Regular Baseline,5/16/2026,-3,4/25/2026,Pediatrics,quantile,0.1,132
Regular Baseline,5/16/2026,-3,4/25/2026,Pediatrics,quantile,0.15,138
Regular Baseline,5/16/2026,-3,4/25/2026,Pediatrics,quantile,0.2,147
Regular Baseline,5/16/2026,-3,4/25/2026,Pediatrics,quantile,0.25,152
Regular Baseline,5/16/2026,-3,4/25/2026,Pediatrics,quantile,0.3,159
Regular Baseline,5/16/2026,-3,4/25/2026,Pediatrics,quantile,0.35,162
Regular Baseline,5/16/2026,-3,4/25/2026,Pediatrics,quantile,0.4,166
Regular Baseline,5/16/2026,-3,4/25/2026,Pediatrics,quantile,0.45,171
Regular Baseline,5/16/2026,-3,4/25/2026,Pediatrics,quantile,0.5,175
Regular Baseline,5/16/2026,-3,4/25/2026,Pediatrics,quantile,0.55,179
Regular Baseline,5/16/2026,-3,4/25/2026,Pediatrics,quantile,0.6,184
Regular Baseline,5/16/2026,-3,4/25/2026,Pediatrics,quantile,0.65,188
Regular Baseline,5/16/2026,-3,4/25/2026,Pediatrics,quantile,0.7,191
Regular Baseline,5/16/2026,-3,4/25/2026,Pediatrics,quantile,0.75,199
Regular Baseline,5/16/2026,-3,4/25/2026,Pediatrics,quantile,0.8,206
Regular Baseline,5/16/2026,-3,4/25/2026,Pediatrics,quantile,0.85,216
Regular Baseline,5/16/2026,-3,4/25/2026,Pediatrics,quantile,0.9,224
Regular Baseline,5/16/2026,-3,4/25/2026,Pediatrics,quantile,0.95,235
Regular Baseline,5/16/2026,-3,4/25/2026,Pediatrics,quantile,0.975,251
Regular Baseline,5/16/2026,-3,4/25/2026,Pediatrics,quantile,0.99,263
Regular Baseline,5/16/2026,-2,5/2/2026,Pediatrics,quantile,0.01,77
Regular Baseline,5/16/2026,-2,5/2/2026,Pediatrics,quantile,0.025,89
Regular Baseline,5/16/2026,-2,5/2/2026,Pediatrics,quantile,0.05,101
Regular Baseline,5/16/2026,-2,5/2/2026,Pediatrics,quantile,0.1,117
Regular Baseline,5/16/2026,-2,5/2/2026,Pediatrics,quantile,0.15,127
Regular Baseline,5/16/2026,-2,5/2/2026,Pediatrics,quantile,0.2,135
Regular Baseline,5/16/2026,-2,5/2/2026,Pediatrics,quantile,0.25,143
Regular Baseline,5/16/2026,-2,5/2/2026,Pediatrics,quantile,0.3,150
Regular Baseline,5/16/2026,-2,5/2/2026,Pediatrics,quantile,0.35,157
Regular Baseline,5/16/2026,-2,5/2/2026,Pediatrics,quantile,0.4,163
Regular Baseline,5/16/2026,-2,5/2/2026,Pediatrics,quantile,0.45,169
Regular Baseline,5/16/2026,-2,5/2/2026,Pediatrics,quantile,0.5,175
Regular Baseline,5/16/2026,-2,5/2/2026,Pediatrics,quantile,0.55,182
Regular Baseline,5/16/2026,-2,5/2/2026,Pediatrics,quantile,0.6,188
Regular Baseline,5/16/2026,-2,5/2/2026,Pediatrics,quantile,0.65,194
Regular Baseline,5/16/2026,-2,5/2/2026,Pediatrics,quantile,0.7,202
Regular Baseline,5/16/2026,-2,5/2/2026,Pediatrics,quantile,0.75,210
Regular Baseline,5/16/2026,-2,5/2/2026,Pediatrics,quantile,0.8,219
Regular Baseline,5/16/2026,-2,5/2/2026,Pediatrics,quantile,0.85,230
Regular Baseline,5/16/2026,-2,5/2/2026,Pediatrics,quantile,0.9,244
Regular Baseline,5/16/2026,-2,5/2/2026,Pediatrics,quantile,0.95,268
Regular Baseline,5/16/2026,-2,5/2/2026,Pediatrics,quantile,0.975,288
Regular Baseline,5/16/2026,-2,5/2/2026,Pediatrics,quantile,0.99,311
Regular Baseline,5/16/2026,-1,5/9/2026,Pediatrics,quantile,0.01,60
Regular Baseline,5/16/2026,-1,5/9/2026,Pediatrics,quantile,0.025,75
Regular Baseline,5/16/2026,-1,5/9/2026,Pediatrics,quantile,0.05,88
Regular Baseline,5/16/2026,-1,5/9/2026,Pediatrics,quantile,0.1,104
Regular Baseline,5/16/2026,-1,5/9/2026,Pediatrics,quantile,0.15,117
Regular Baseline,5/16/2026,-1,5/9/2026,Pediatrics,quantile,0.2,127
Regular Baseline,5/16/2026,-1,5/9/2026,Pediatrics,quantile,0.25,136
Regular Baseline,5/16/2026,-1,5/9/2026,Pediatrics,quantile,0.3,144
Regular Baseline,5/16/2026,-1,5/9/2026,Pediatrics,quantile,0.35,152
Regular Baseline,5/16/2026,-1,5/9/2026,Pediatrics,quantile,0.4,160
Regular Baseline,5/16/2026,-1,5/9/2026,Pediatrics,quantile,0.45,168
Regular Baseline,5/16/2026,-1,5/9/2026,Pediatrics,quantile,0.5,175
Regular Baseline,5/16/2026,-1,5/9/2026,Pediatrics,quantile,0.55,183
Regular Baseline,5/16/2026,-1,5/9/2026,Pediatrics,quantile,0.6,191
Regular Baseline,5/16/2026,-1,5/9/2026,Pediatrics,quantile,0.65,200
Regular Baseline,5/16/2026,-1,5/9/2026,Pediatrics,quantile,0.7,209
Regular Baseline,5/16/2026,-1,5/9/2026,Pediatrics,quantile,0.75,220
Regular Baseline,5/16/2026,-1,5/9/2026,Pediatrics,quantile,0.8,230
Regular Baseline,5/16/2026,-1,5/9/2026,Pediatrics,quantile,0.85,245
Regular Baseline,5/16/2026,-1,5/9/2026,Pediatrics,quantile,0.9,262
Regular Baseline,5/16/2026,-1,5/9/2026,Pediatrics,quantile,0.95,289
Regular Baseline,5/16/2026,-1,5/9/2026,Pediatrics,quantile,0.975,313
Regular Baseline,5/16/2026,-1,5/9/2026,Pediatrics,quantile,0.99,348
Regular Baseline,5/16/2026,0,5/16/2026,Pediatrics,quantile,0.01,47
Regular Baseline,5/16/2026,0,5/16/2026,Pediatrics,quantile,0.025,62
Regular Baseline,5/16/2026,0,5/16/2026,Pediatrics,quantile,0.05,78
Regular Baseline,5/16/2026,0,5/16/2026,Pediatrics,quantile,0.1,97
Regular Baseline,5/16/2026,0,5/16/2026,Pediatrics,quantile,0.15,109
Regular Baseline,5/16/2026,0,5/16/2026,Pediatrics,quantile,0.2,120
Regular Baseline,5/16/2026,0,5/16/2026,Pediatrics,quantile,0.25,130
Regular Baseline,5/16/2026,0,5/16/2026,Pediatrics,quantile,0.3,140
Regular Baseline,5/16/2026,0,5/16/2026,Pediatrics,quantile,0.35,149
Regular Baseline,5/16/2026,0,5/16/2026,Pediatrics,quantile,0.4,157
Regular Baseline,5/16/2026,0,5/16/2026,Pediatrics,quantile,0.45,166
Regular Baseline,5/16/2026,0,5/16/2026,Pediatrics,quantile,0.5,175
Regular Baseline,5/16/2026,0,5/16/2026,Pediatrics,quantile,0.55,185
Regular Baseline,5/16/2026,0,5/16/2026,Pediatrics,quantile,0.6,194
Regular Baseline,5/16/2026,0,5/16/2026,Pediatrics,quantile,0.65,203
Regular Baseline,5/16/2026,0,5/16/2026,Pediatrics,quantile,0.7,215
Regular Baseline,5/16/2026,0,5/16/2026,Pediatrics,quantile,0.75,227
Regular Baseline,5/16/2026,0,5/16/2026,Pediatrics,quantile,0.8,241
Regular Baseline,5/16/2026,0,5/16/2026,Pediatrics,quantile,0.85,257
Regular Baseline,5/16/2026,0,5/16/2026,Pediatrics,quantile,0.9,278
Regular Baseline,5/16/2026,0,5/16/2026,Pediatrics,quantile,0.95,311
Regular Baseline,5/16/2026,0,5/16/2026,Pediatrics,quantile,0.975,341
Regular Baseline,5/16/2026,0,5/16/2026,Pediatrics,quantile,0.99,378
Regular Baseline,5/16/2026,1,5/23/2026,Pediatrics,quantile,0.01,38
Regular Baseline,5/16/2026,1,5/23/2026,Pediatrics,quantile,0.025,53
Regular Baseline,5/16/2026,1,5/23/2026,Pediatrics,quantile,0.05,68
Regular Baseline,5/16/2026,1,5/23/2026,Pediatrics,quantile,0.1,88
Regular Baseline,5/16/2026,1,5/23/2026,Pediatrics,quantile,0.15,102
Regular Baseline,5/16/2026,1,5/23/2026,Pediatrics,quantile,0.2,115
Regular Baseline,5/16/2026,1,5/23/2026,Pediatrics,quantile,0.25,126
Regular Baseline,5/16/2026,1,5/23/2026,Pediatrics,quantile,0.3,136
Regular Baseline,5/16/2026,1,5/23/2026,Pediatrics,quantile,0.35,146
Regular Baseline,5/16/2026,1,5/23/2026,Pediatrics,quantile,0.4,155
Regular Baseline,5/16/2026,1,5/23/2026,Pediatrics,quantile,0.45,165
Regular Baseline,5/16/2026,1,5/23/2026,Pediatrics,quantile,0.5,175
Regular Baseline,5/16/2026,1,5/23/2026,Pediatrics,quantile,0.55,185
Regular Baseline,5/16/2026,1,5/23/2026,Pediatrics,quantile,0.6,195
Regular Baseline,5/16/2026,1,5/23/2026,Pediatrics,quantile,0.65,207
Regular Baseline,5/16/2026,1,5/23/2026,Pediatrics,quantile,0.7,219
Regular Baseline,5/16/2026,1,5/23/2026,Pediatrics,quantile,0.75,233
Regular Baseline,5/16/2026,1,5/23/2026,Pediatrics,quantile,0.8,248
Regular Baseline,5/16/2026,1,5/23/2026,Pediatrics,quantile,0.85,266
Regular Baseline,5/16/2026,1,5/23/2026,Pediatrics,quantile,0.9,291
Regular Baseline,5/16/2026,1,5/23/2026,Pediatrics,quantile,0.95,328
Regular Baseline,5/16/2026,1,5/23/2026,Pediatrics,quantile,0.975,361
Regular Baseline,5/16/2026,1,5/23/2026,Pediatrics,quantile,0.99,401
Regular Baseline,5/16/2026,2,5/30/2026,Pediatrics,quantile,0.01,31
Regular Baseline,5/16/2026,2,5/30/2026,Pediatrics,quantile,0.025,46
Regular Baseline,5/16/2026,2,5/30/2026,Pediatrics,quantile,0.05,62
Regular Baseline,5/16/2026,2,5/30/2026,Pediatrics,quantile,0.1,81
Regular Baseline,5/16/2026,2,5/30/2026,Pediatrics,quantile,0.15,95
Regular Baseline,5/16/2026,2,5/30/2026,Pediatrics,quantile,0.2,109
Regular Baseline,5/16/2026,2,5/30/2026,Pediatrics,quantile,0.25,121
Regular Baseline,5/16/2026,2,5/30/2026,Pediatrics,quantile,0.3,132
Regular Baseline,5/16/2026,2,5/30/2026,Pediatrics,quantile,0.35,143
Regular Baseline,5/16/2026,2,5/30/2026,Pediatrics,quantile,0.4,153
Regular Baseline,5/16/2026,2,5/30/2026,Pediatrics,quantile,0.45,164
Regular Baseline,5/16/2026,2,5/30/2026,Pediatrics,quantile,0.5,175
Regular Baseline,5/16/2026,2,5/30/2026,Pediatrics,quantile,0.55,187
Regular Baseline,5/16/2026,2,5/30/2026,Pediatrics,quantile,0.6,198
Regular Baseline,5/16/2026,2,5/30/2026,Pediatrics,quantile,0.65,210
Regular Baseline,5/16/2026,2,5/30/2026,Pediatrics,quantile,0.7,224
Regular Baseline,5/16/2026,2,5/30/2026,Pediatrics,quantile,0.75,240
Regular Baseline,5/16/2026,2,5/30/2026,Pediatrics,quantile,0.8,257
Regular Baseline,5/16/2026,2,5/30/2026,Pediatrics,quantile,0.85,277
Regular Baseline,5/16/2026,2,5/30/2026,Pediatrics,quantile,0.9,303
Regular Baseline,5/16/2026,2,5/30/2026,Pediatrics,quantile,0.95,347
Regular Baseline,5/16/2026,2,5/30/2026,Pediatrics,quantile,0.975,383
Regular Baseline,5/16/2026,2,5/30/2026,Pediatrics,quantile,0.99,430
Regular Baseline,5/16/2026,3,6/6/2026,Pediatrics,quantile,0.01,23
Regular Baseline,5/16/2026,3,6/6/2026,Pediatrics,quantile,0.025,40
Regular Baseline,5/16/2026,3,6/6/2026,Pediatrics,quantile,0.05,56
Regular Baseline,5/16/2026,3,6/6/2026,Pediatrics,quantile,0.1,75
Regular Baseline,5/16/2026,3,6/6/2026,Pediatrics,quantile,0.15,91
Regular Baseline,5/16/2026,3,6/6/2026,Pediatrics,quantile,0.2,105
Regular Baseline,5/16/2026,3,6/6/2026,Pediatrics,quantile,0.25,117
Regular Baseline,5/16/2026,3,6/6/2026,Pediatrics,quantile,0.3,129
Regular Baseline,5/16/2026,3,6/6/2026,Pediatrics,quantile,0.35,141
Regular Baseline,5/16/2026,3,6/6/2026,Pediatrics,quantile,0.4,152
Regular Baseline,5/16/2026,3,6/6/2026,Pediatrics,quantile,0.45,164
Regular Baseline,5/16/2026,3,6/6/2026,Pediatrics,quantile,0.5,175
Regular Baseline,5/16/2026,3,6/6/2026,Pediatrics,quantile,0.55,187
Regular Baseline,5/16/2026,3,6/6/2026,Pediatrics,quantile,0.6,200
Regular Baseline,5/16/2026,3,6/6/2026,Pediatrics,quantile,0.65,213
Regular Baseline,5/16/2026,3,6/6/2026,Pediatrics,quantile,0.7,227
Regular Baseline,5/16/2026,3,6/6/2026,Pediatrics,quantile,0.75,244
Regular Baseline,5/16/2026,3,6/6/2026,Pediatrics,quantile,0.8,263
Regular Baseline,5/16/2026,3,6/6/2026,Pediatrics,quantile,0.85,285
Regular Baseline,5/16/2026,3,6/6/2026,Pediatrics,quantile,0.9,313
Regular Baseline,5/16/2026,3,6/6/2026,Pediatrics,quantile,0.95,363
Regular Baseline,5/16/2026,3,6/6/2026,Pediatrics,quantile,0.975,405
Regular Baseline,5/16/2026,3,6/6/2026,Pediatrics,quantile,0.99,454
Seasonal Baseline,5/16/2026,-3,4/25/2026,Adults,quantile,0.01,43
Seasonal Baseline,5/16/2026,-3,4/25/2026,Adults,quantile,0.025,52
Seasonal Baseline,5/16/2026,-3,4/25/2026,Adults,quantile,0.05,62
Seasonal Baseline,5/16/2026,-3,4/25/2026,Adults,quantile,0.1,76
Seasonal Baseline,5/16/2026,-3,4/25/2026,Adults,quantile,0.15,87
Seasonal Baseline,5/16/2026,-3,4/25/2026,Adults,quantile,0.2,97
Seasonal Baseline,5/16/2026,-3,4/25/2026,Adults,quantile,0.25,106
Seasonal Baseline,5/16/2026,-3,4/25/2026,Adults,quantile,0.3,115
Seasonal Baseline,5/16/2026,-3,4/25/2026,Adults,quantile,0.35,125
Seasonal Baseline,5/16/2026,-3,4/25/2026,Adults,quantile,0.4,134
Seasonal Baseline,5/16/2026,-3,4/25/2026,Adults,quantile,0.45,143
Seasonal Baseline,5/16/2026,-3,4/25/2026,Adults,quantile,0.5,154
Seasonal Baseline,5/16/2026,-3,4/25/2026,Adults,quantile,0.55,166
Seasonal Baseline,5/16/2026,-3,4/25/2026,Adults,quantile,0.6,178
Seasonal Baseline,5/16/2026,-3,4/25/2026,Adults,quantile,0.65,192
Seasonal Baseline,5/16/2026,-3,4/25/2026,Adults,quantile,0.7,207
Seasonal Baseline,5/16/2026,-3,4/25/2026,Adults,quantile,0.75,225
Seasonal Baseline,5/16/2026,-3,4/25/2026,Adults,quantile,0.8,248
Seasonal Baseline,5/16/2026,-3,4/25/2026,Adults,quantile,0.85,273
Seasonal Baseline,5/16/2026,-3,4/25/2026,Adults,quantile,0.9,314
Seasonal Baseline,5/16/2026,-3,4/25/2026,Adults,quantile,0.95,389
Seasonal Baseline,5/16/2026,-3,4/25/2026,Adults,quantile,0.975,457
Seasonal Baseline,5/16/2026,-3,4/25/2026,Adults,quantile,0.99,585
Seasonal Baseline,5/16/2026,-2,5/2/2026,Adults,quantile,0.01,45
Seasonal Baseline,5/16/2026,-2,5/2/2026,Adults,quantile,0.025,56
Seasonal Baseline,5/16/2026,-2,5/2/2026,Adults,quantile,0.05,68
Seasonal Baseline,5/16/2026,-2,5/2/2026,Adults,quantile,0.1,83
Seasonal Baseline,5/16/2026,-2,5/2/2026,Adults,quantile,0.15,95
Seasonal Baseline,5/16/2026,-2,5/2/2026,Adults,quantile,0.2,106
Seasonal Baseline,5/16/2026,-2,5/2/2026,Adults,quantile,0.25,117
Seasonal Baseline,5/16/2026,-2,5/2/2026,Adults,quantile,0.3,128
Seasonal Baseline,5/16/2026,-2,5/2/2026,Adults,quantile,0.35,139
Seasonal Baseline,5/16/2026,-2,5/2/2026,Adults,quantile,0.4,149
Seasonal Baseline,5/16/2026,-2,5/2/2026,Adults,quantile,0.45,160
Seasonal Baseline,5/16/2026,-2,5/2/2026,Adults,quantile,0.5,172
Seasonal Baseline,5/16/2026,-2,5/2/2026,Adults,quantile,0.55,183
Seasonal Baseline,5/16/2026,-2,5/2/2026,Adults,quantile,0.6,195
Seasonal Baseline,5/16/2026,-2,5/2/2026,Adults,quantile,0.65,209
Seasonal Baseline,5/16/2026,-2,5/2/2026,Adults,quantile,0.7,226
Seasonal Baseline,5/16/2026,-2,5/2/2026,Adults,quantile,0.75,247
Seasonal Baseline,5/16/2026,-2,5/2/2026,Adults,quantile,0.8,268
Seasonal Baseline,5/16/2026,-2,5/2/2026,Adults,quantile,0.85,298
Seasonal Baseline,5/16/2026,-2,5/2/2026,Adults,quantile,0.9,337
Seasonal Baseline,5/16/2026,-2,5/2/2026,Adults,quantile,0.95,415
Seasonal Baseline,5/16/2026,-2,5/2/2026,Adults,quantile,0.975,493
Seasonal Baseline,5/16/2026,-2,5/2/2026,Adults,quantile,0.99,600
Seasonal Baseline,5/16/2026,-1,5/9/2026,Adults,quantile,0.01,53
Seasonal Baseline,5/16/2026,-1,5/9/2026,Adults,quantile,0.025,63
Seasonal Baseline,5/16/2026,-1,5/9/2026,Adults,quantile,0.05,75
Seasonal Baseline,5/16/2026,-1,5/9/2026,Adults,quantile,0.1,92
Seasonal Baseline,5/16/2026,-1,5/9/2026,Adults,quantile,0.15,106
Seasonal Baseline,5/16/2026,-1,5/9/2026,Adults,quantile,0.2,117
Seasonal Baseline,5/16/2026,-1,5/9/2026,Adults,quantile,0.25,128
Seasonal Baseline,5/16/2026,-1,5/9/2026,Adults,quantile,0.3,139
Seasonal Baseline,5/16/2026,-1,5/9/2026,Adults,quantile,0.35,149
Seasonal Baseline,5/16/2026,-1,5/9/2026,Adults,quantile,0.4,161
Seasonal Baseline,5/16/2026,-1,5/9/2026,Adults,quantile,0.45,173
Seasonal Baseline,5/16/2026,-1,5/9/2026,Adults,quantile,0.5,185
Seasonal Baseline,5/16/2026,-1,5/9/2026,Adults,quantile,0.55,198
Seasonal Baseline,5/16/2026,-1,5/9/2026,Adults,quantile,0.6,212
Seasonal Baseline,5/16/2026,-1,5/9/2026,Adults,quantile,0.65,228
Seasonal Baseline,5/16/2026,-1,5/9/2026,Adults,quantile,0.7,246
Seasonal Baseline,5/16/2026,-1,5/9/2026,Adults,quantile,0.75,266
Seasonal Baseline,5/16/2026,-1,5/9/2026,Adults,quantile,0.8,294
Seasonal Baseline,5/16/2026,-1,5/9/2026,Adults,quantile,0.85,327
Seasonal Baseline,5/16/2026,-1,5/9/2026,Adults,quantile,0.9,381
Seasonal Baseline,5/16/2026,-1,5/9/2026,Adults,quantile,0.95,464
Seasonal Baseline,5/16/2026,-1,5/9/2026,Adults,quantile,0.975,553
Seasonal Baseline,5/16/2026,-1,5/9/2026,Adults,quantile,0.99,689
Seasonal Baseline,5/16/2026,0,5/16/2026,Adults,quantile,0.01,58
Seasonal Baseline,5/16/2026,0,5/16/2026,Adults,quantile,0.025,72
Seasonal Baseline,5/16/2026,0,5/16/2026,Adults,quantile,0.05,84
Seasonal Baseline,5/16/2026,0,5/16/2026,Adults,quantile,0.1,104
Seasonal Baseline,5/16/2026,0,5/16/2026,Adults,quantile,0.15,119
Seasonal Baseline,5/16/2026,0,5/16/2026,Adults,quantile,0.2,131
Seasonal Baseline,5/16/2026,0,5/16/2026,Adults,quantile,0.25,143
Seasonal Baseline,5/16/2026,0,5/16/2026,Adults,quantile,0.3,155
Seasonal Baseline,5/16/2026,0,5/16/2026,Adults,quantile,0.35,167
Seasonal Baseline,5/16/2026,0,5/16/2026,Adults,quantile,0.4,180
Seasonal Baseline,5/16/2026,0,5/16/2026,Adults,quantile,0.45,194
Seasonal Baseline,5/16/2026,0,5/16/2026,Adults,quantile,0.5,208
Seasonal Baseline,5/16/2026,0,5/16/2026,Adults,quantile,0.55,224
Seasonal Baseline,5/16/2026,0,5/16/2026,Adults,quantile,0.6,240
Seasonal Baseline,5/16/2026,0,5/16/2026,Adults,quantile,0.65,258
Seasonal Baseline,5/16/2026,0,5/16/2026,Adults,quantile,0.7,280
Seasonal Baseline,5/16/2026,0,5/16/2026,Adults,quantile,0.75,303
Seasonal Baseline,5/16/2026,0,5/16/2026,Adults,quantile,0.8,331
Seasonal Baseline,5/16/2026,0,5/16/2026,Adults,quantile,0.85,371
Seasonal Baseline,5/16/2026,0,5/16/2026,Adults,quantile,0.9,422
Seasonal Baseline,5/16/2026,0,5/16/2026,Adults,quantile,0.95,522
Seasonal Baseline,5/16/2026,0,5/16/2026,Adults,quantile,0.975,622
Seasonal Baseline,5/16/2026,0,5/16/2026,Adults,quantile,0.99,776
Seasonal Baseline,5/16/2026,1,5/23/2026,Adults,quantile,0.01,65
Seasonal Baseline,5/16/2026,1,5/23/2026,Adults,quantile,0.025,80
Seasonal Baseline,5/16/2026,1,5/23/2026,Adults,quantile,0.05,95
Seasonal Baseline,5/16/2026,1,5/23/2026,Adults,quantile,0.1,115
Seasonal Baseline,5/16/2026,1,5/23/2026,Adults,quantile,0.15,132
Seasonal Baseline,5/16/2026,1,5/23/2026,Adults,quantile,0.2,148
Seasonal Baseline,5/16/2026,1,5/23/2026,Adults,quantile,0.25,163
Seasonal Baseline,5/16/2026,1,5/23/2026,Adults,quantile,0.3,178
Seasonal Baseline,5/16/2026,1,5/23/2026,Adults,quantile,0.35,191
Seasonal Baseline,5/16/2026,1,5/23/2026,Adults,quantile,0.4,205
Seasonal Baseline,5/16/2026,1,5/23/2026,Adults,quantile,0.45,219
Seasonal Baseline,5/16/2026,1,5/23/2026,Adults,quantile,0.5,235
Seasonal Baseline,5/16/2026,1,5/23/2026,Adults,quantile,0.55,251
Seasonal Baseline,5/16/2026,1,5/23/2026,Adults,quantile,0.6,270
Seasonal Baseline,5/16/2026,1,5/23/2026,Adults,quantile,0.65,289
Seasonal Baseline,5/16/2026,1,5/23/2026,Adults,quantile,0.7,315
Seasonal Baseline,5/16/2026,1,5/23/2026,Adults,quantile,0.75,342
Seasonal Baseline,5/16/2026,1,5/23/2026,Adults,quantile,0.8,374
Seasonal Baseline,5/16/2026,1,5/23/2026,Adults,quantile,0.85,414
Seasonal Baseline,5/16/2026,1,5/23/2026,Adults,quantile,0.9,473
Seasonal Baseline,5/16/2026,1,5/23/2026,Adults,quantile,0.95,578
Seasonal Baseline,5/16/2026,1,5/23/2026,Adults,quantile,0.975,680
Seasonal Baseline,5/16/2026,1,5/23/2026,Adults,quantile,0.99,849
Seasonal Baseline,5/16/2026,2,5/30/2026,Adults,quantile,0.01,70
Seasonal Baseline,5/16/2026,2,5/30/2026,Adults,quantile,0.025,89
Seasonal Baseline,5/16/2026,2,5/30/2026,Adults,quantile,0.05,105
Seasonal Baseline,5/16/2026,2,5/30/2026,Adults,quantile,0.1,128
Seasonal Baseline,5/16/2026,2,5/30/2026,Adults,quantile,0.15,147
Seasonal Baseline,5/16/2026,2,5/30/2026,Adults,quantile,0.2,164
Seasonal Baseline,5/16/2026,2,5/30/2026,Adults,quantile,0.25,181
Seasonal Baseline,5/16/2026,2,5/30/2026,Adults,quantile,0.3,197
Seasonal Baseline,5/16/2026,2,5/30/2026,Adults,quantile,0.35,214
Seasonal Baseline,5/16/2026,2,5/30/2026,Adults,quantile,0.4,230
Seasonal Baseline,5/16/2026,2,5/30/2026,Adults,quantile,0.45,248
Seasonal Baseline,5/16/2026,2,5/30/2026,Adults,quantile,0.5,265
Seasonal Baseline,5/16/2026,2,5/30/2026,Adults,quantile,0.55,283
Seasonal Baseline,5/16/2026,2,5/30/2026,Adults,quantile,0.6,305
Seasonal Baseline,5/16/2026,2,5/30/2026,Adults,quantile,0.65,327
Seasonal Baseline,5/16/2026,2,5/30/2026,Adults,quantile,0.7,351
Seasonal Baseline,5/16/2026,2,5/30/2026,Adults,quantile,0.75,380
Seasonal Baseline,5/16/2026,2,5/30/2026,Adults,quantile,0.8,416
Seasonal Baseline,5/16/2026,2,5/30/2026,Adults,quantile,0.85,460
Seasonal Baseline,5/16/2026,2,5/30/2026,Adults,quantile,0.9,523
Seasonal Baseline,5/16/2026,2,5/30/2026,Adults,quantile,0.95,640
Seasonal Baseline,5/16/2026,2,5/30/2026,Adults,quantile,0.975,757
Seasonal Baseline,5/16/2026,2,5/30/2026,Adults,quantile,0.99,928
Seasonal Baseline,5/16/2026,3,6/6/2026,Adults,quantile,0.01,80
Seasonal Baseline,5/16/2026,3,6/6/2026,Adults,quantile,0.025,98
Seasonal Baseline,5/16/2026,3,6/6/2026,Adults,quantile,0.05,117
Seasonal Baseline,5/16/2026,3,6/6/2026,Adults,quantile,0.1,144
Seasonal Baseline,5/16/2026,3,6/6/2026,Adults,quantile,0.15,163
Seasonal Baseline,5/16/2026,3,6/6/2026,Adults,quantile,0.2,182
Seasonal Baseline,5/16/2026,3,6/6/2026,Adults,quantile,0.25,201
Seasonal Baseline,5/16/2026,3,6/6/2026,Adults,quantile,0.3,218
Seasonal Baseline,5/16/2026,3,6/6/2026,Adults,quantile,0.35,235
Seasonal Baseline,5/16/2026,3,6/6/2026,Adults,quantile,0.4,253
Seasonal Baseline,5/16/2026,3,6/6/2026,Adults,quantile,0.45,271
Seasonal Baseline,5/16/2026,3,6/6/2026,Adults,quantile,0.5,289
Seasonal Baseline,5/16/2026,3,6/6/2026,Adults,quantile,0.55,311
Seasonal Baseline,5/16/2026,3,6/6/2026,Adults,quantile,0.6,336
Seasonal Baseline,5/16/2026,3,6/6/2026,Adults,quantile,0.65,362
Seasonal Baseline,5/16/2026,3,6/6/2026,Adults,quantile,0.7,389
Seasonal Baseline,5/16/2026,3,6/6/2026,Adults,quantile,0.75,423
Seasonal Baseline,5/16/2026,3,6/6/2026,Adults,quantile,0.8,463
Seasonal Baseline,5/16/2026,3,6/6/2026,Adults,quantile,0.85,518
Seasonal Baseline,5/16/2026,3,6/6/2026,Adults,quantile,0.9,593
Seasonal Baseline,5/16/2026,3,6/6/2026,Adults,quantile,0.95,727
Seasonal Baseline,5/16/2026,3,6/6/2026,Adults,quantile,0.975,865
Seasonal Baseline,5/16/2026,3,6/6/2026,Adults,quantile,0.99,1045
Seasonal Baseline,5/16/2026,-3,4/25/2026,Overall,quantile,0.01,136
Seasonal Baseline,5/16/2026,-3,4/25/2026,Overall,quantile,0.025,160
Seasonal Baseline,5/16/2026,-3,4/25/2026,Overall,quantile,0.05,182
Seasonal Baseline,5/16/2026,-3,4/25/2026,Overall,quantile,0.1,213
Seasonal Baseline,5/16/2026,-3,4/25/2026,Overall,quantile,0.15,236
Seasonal Baseline,5/16/2026,-3,4/25/2026,Overall,quantile,0.2,256
Seasonal Baseline,5/16/2026,-3,4/25/2026,Overall,quantile,0.25,276
Seasonal Baseline,5/16/2026,-3,4/25/2026,Overall,quantile,0.3,293
Seasonal Baseline,5/16/2026,-3,4/25/2026,Overall,quantile,0.35,312
Seasonal Baseline,5/16/2026,-3,4/25/2026,Overall,quantile,0.4,331
Seasonal Baseline,5/16/2026,-3,4/25/2026,Overall,quantile,0.45,349
Seasonal Baseline,5/16/2026,-3,4/25/2026,Overall,quantile,0.5,367
Seasonal Baseline,5/16/2026,-3,4/25/2026,Overall,quantile,0.55,388
Seasonal Baseline,5/16/2026,-3,4/25/2026,Overall,quantile,0.6,409
Seasonal Baseline,5/16/2026,-3,4/25/2026,Overall,quantile,0.65,433
Seasonal Baseline,5/16/2026,-3,4/25/2026,Overall,quantile,0.7,461
Seasonal Baseline,5/16/2026,-3,4/25/2026,Overall,quantile,0.75,492
Seasonal Baseline,5/16/2026,-3,4/25/2026,Overall,quantile,0.8,528
Seasonal Baseline,5/16/2026,-3,4/25/2026,Overall,quantile,0.85,575
Seasonal Baseline,5/16/2026,-3,4/25/2026,Overall,quantile,0.9,634
Seasonal Baseline,5/16/2026,-3,4/25/2026,Overall,quantile,0.95,744
Seasonal Baseline,5/16/2026,-3,4/25/2026,Overall,quantile,0.975,846
Seasonal Baseline,5/16/2026,-3,4/25/2026,Overall,quantile,0.99,983
Seasonal Baseline,5/16/2026,-2,5/2/2026,Overall,quantile,0.01,155
Seasonal Baseline,5/16/2026,-2,5/2/2026,Overall,quantile,0.025,179
Seasonal Baseline,5/16/2026,-2,5/2/2026,Overall,quantile,0.05,203
Seasonal Baseline,5/16/2026,-2,5/2/2026,Overall,quantile,0.1,238
Seasonal Baseline,5/16/2026,-2,5/2/2026,Overall,quantile,0.15,265
Seasonal Baseline,5/16/2026,-2,5/2/2026,Overall,quantile,0.2,287
Seasonal Baseline,5/16/2026,-2,5/2/2026,Overall,quantile,0.25,307
Seasonal Baseline,5/16/2026,-2,5/2/2026,Overall,quantile,0.3,328
Seasonal Baseline,5/16/2026,-2,5/2/2026,Overall,quantile,0.35,347
Seasonal Baseline,5/16/2026,-2,5/2/2026,Overall,quantile,0.4,367
Seasonal Baseline,5/16/2026,-2,5/2/2026,Overall,quantile,0.45,387
Seasonal Baseline,5/16/2026,-2,5/2/2026,Overall,quantile,0.5,407
Seasonal Baseline,5/16/2026,-2,5/2/2026,Overall,quantile,0.55,428
Seasonal Baseline,5/16/2026,-2,5/2/2026,Overall,quantile,0.6,452
Seasonal Baseline,5/16/2026,-2,5/2/2026,Overall,quantile,0.65,476
Seasonal Baseline,5/16/2026,-2,5/2/2026,Overall,quantile,0.7,505
Seasonal Baseline,5/16/2026,-2,5/2/2026,Overall,quantile,0.75,538
Seasonal Baseline,5/16/2026,-2,5/2/2026,Overall,quantile,0.8,579
Seasonal Baseline,5/16/2026,-2,5/2/2026,Overall,quantile,0.85,628
Seasonal Baseline,5/16/2026,-2,5/2/2026,Overall,quantile,0.9,695
Seasonal Baseline,5/16/2026,-2,5/2/2026,Overall,quantile,0.95,805
Seasonal Baseline,5/16/2026,-2,5/2/2026,Overall,quantile,0.975,917
Seasonal Baseline,5/16/2026,-2,5/2/2026,Overall,quantile,0.99,1091
Seasonal Baseline,5/16/2026,-1,5/9/2026,Overall,quantile,0.01,171
Seasonal Baseline,5/16/2026,-1,5/9/2026,Overall,quantile,0.025,200
Seasonal Baseline,5/16/2026,-1,5/9/2026,Overall,quantile,0.05,230
Seasonal Baseline,5/16/2026,-1,5/9/2026,Overall,quantile,0.1,267
Seasonal Baseline,5/16/2026,-1,5/9/2026,Overall,quantile,0.15,296
Seasonal Baseline,5/16/2026,-1,5/9/2026,Overall,quantile,0.2,323
Seasonal Baseline,5/16/2026,-1,5/9/2026,Overall,quantile,0.25,349
Seasonal Baseline,5/16/2026,-1,5/9/2026,Overall,quantile,0.3,372
Seasonal Baseline,5/16/2026,-1,5/9/2026,Overall,quantile,0.35,395
Seasonal Baseline,5/16/2026,-1,5/9/2026,Overall,quantile,0.4,417
Seasonal Baseline,5/16/2026,-1,5/9/2026,Overall,quantile,0.45,440
Seasonal Baseline,5/16/2026,-1,5/9/2026,Overall,quantile,0.5,464
Seasonal Baseline,5/16/2026,-1,5/9/2026,Overall,quantile,0.55,489
Seasonal Baseline,5/16/2026,-1,5/9/2026,Overall,quantile,0.6,518
Seasonal Baseline,5/16/2026,-1,5/9/2026,Overall,quantile,0.65,545
Seasonal Baseline,5/16/2026,-1,5/9/2026,Overall,quantile,0.7,578
Seasonal Baseline,5/16/2026,-1,5/9/2026,Overall,quantile,0.75,614
Seasonal Baseline,5/16/2026,-1,5/9/2026,Overall,quantile,0.8,659
Seasonal Baseline,5/16/2026,-1,5/9/2026,Overall,quantile,0.85,717
Seasonal Baseline,5/16/2026,-1,5/9/2026,Overall,quantile,0.9,793
Seasonal Baseline,5/16/2026,-1,5/9/2026,Overall,quantile,0.95,915
Seasonal Baseline,5/16/2026,-1,5/9/2026,Overall,quantile,0.975,1049
Seasonal Baseline,5/16/2026,-1,5/9/2026,Overall,quantile,0.99,1237
Seasonal Baseline,5/16/2026,0,5/16/2026,Overall,quantile,0.01,197
Seasonal Baseline,5/16/2026,0,5/16/2026,Overall,quantile,0.025,230
Seasonal Baseline,5/16/2026,0,5/16/2026,Overall,quantile,0.05,262
Seasonal Baseline,5/16/2026,0,5/16/2026,Overall,quantile,0.1,308
Seasonal Baseline,5/16/2026,0,5/16/2026,Overall,quantile,0.15,340
Seasonal Baseline,5/16/2026,0,5/16/2026,Overall,quantile,0.2,368
Seasonal Baseline,5/16/2026,0,5/16/2026,Overall,quantile,0.25,395
Seasonal Baseline,5/16/2026,0,5/16/2026,Overall,quantile,0.3,422
Seasonal Baseline,5/16/2026,0,5/16/2026,Overall,quantile,0.35,449
Seasonal Baseline,5/16/2026,0,5/16/2026,Overall,quantile,0.4,475
Seasonal Baseline,5/16/2026,0,5/16/2026,Overall,quantile,0.45,498
Seasonal Baseline,5/16/2026,0,5/16/2026,Overall,quantile,0.5,525
Seasonal Baseline,5/16/2026,0,5/16/2026,Overall,quantile,0.55,556
Seasonal Baseline,5/16/2026,0,5/16/2026,Overall,quantile,0.6,587
Seasonal Baseline,5/16/2026,0,5/16/2026,Overall,quantile,0.65,619
Seasonal Baseline,5/16/2026,0,5/16/2026,Overall,quantile,0.7,655
Seasonal Baseline,5/16/2026,0,5/16/2026,Overall,quantile,0.75,701
Seasonal Baseline,5/16/2026,0,5/16/2026,Overall,quantile,0.8,752
Seasonal Baseline,5/16/2026,0,5/16/2026,Overall,quantile,0.85,815
Seasonal Baseline,5/16/2026,0,5/16/2026,Overall,quantile,0.9,911
Seasonal Baseline,5/16/2026,0,5/16/2026,Overall,quantile,0.95,1061
Seasonal Baseline,5/16/2026,0,5/16/2026,Overall,quantile,0.975,1213
Seasonal Baseline,5/16/2026,0,5/16/2026,Overall,quantile,0.99,1433
Seasonal Baseline,5/16/2026,1,5/23/2026,Overall,quantile,0.01,234
Seasonal Baseline,5/16/2026,1,5/23/2026,Overall,quantile,0.025,266
Seasonal Baseline,5/16/2026,1,5/23/2026,Overall,quantile,0.05,304
Seasonal Baseline,5/16/2026,1,5/23/2026,Overall,quantile,0.1,351
Seasonal Baseline,5/16/2026,1,5/23/2026,Overall,quantile,0.15,387
Seasonal Baseline,5/16/2026,1,5/23/2026,Overall,quantile,0.2,419
Seasonal Baseline,5/16/2026,1,5/23/2026,Overall,quantile,0.25,450
Seasonal Baseline,5/16/2026,1,5/23/2026,Overall,quantile,0.3,479
Seasonal Baseline,5/16/2026,1,5/23/2026,Overall,quantile,0.35,509
Seasonal Baseline,5/16/2026,1,5/23/2026,Overall,quantile,0.4,538
Seasonal Baseline,5/16/2026,1,5/23/2026,Overall,quantile,0.45,569
Seasonal Baseline,5/16/2026,1,5/23/2026,Overall,quantile,0.5,601
Seasonal Baseline,5/16/2026,1,5/23/2026,Overall,quantile,0.55,632
Seasonal Baseline,5/16/2026,1,5/23/2026,Overall,quantile,0.6,665
Seasonal Baseline,5/16/2026,1,5/23/2026,Overall,quantile,0.65,701
Seasonal Baseline,5/16/2026,1,5/23/2026,Overall,quantile,0.7,746
Seasonal Baseline,5/16/2026,1,5/23/2026,Overall,quantile,0.75,790
Seasonal Baseline,5/16/2026,1,5/23/2026,Overall,quantile,0.8,847
Seasonal Baseline,5/16/2026,1,5/23/2026,Overall,quantile,0.85,917
Seasonal Baseline,5/16/2026,1,5/23/2026,Overall,quantile,0.9,1016
Seasonal Baseline,5/16/2026,1,5/23/2026,Overall,quantile,0.95,1177
Seasonal Baseline,5/16/2026,1,5/23/2026,Overall,quantile,0.975,1336
Seasonal Baseline,5/16/2026,1,5/23/2026,Overall,quantile,0.99,1591
Seasonal Baseline,5/16/2026,2,5/30/2026,Overall,quantile,0.01,259
Seasonal Baseline,5/16/2026,2,5/30/2026,Overall,quantile,0.025,291
Seasonal Baseline,5/16/2026,2,5/30/2026,Overall,quantile,0.05,333
Seasonal Baseline,5/16/2026,2,5/30/2026,Overall,quantile,0.1,389
Seasonal Baseline,5/16/2026,2,5/30/2026,Overall,quantile,0.15,433
Seasonal Baseline,5/16/2026,2,5/30/2026,Overall,quantile,0.2,470
Seasonal Baseline,5/16/2026,2,5/30/2026,Overall,quantile,0.25,503
Seasonal Baseline,5/16/2026,2,5/30/2026,Overall,quantile,0.3,535
Seasonal Baseline,5/16/2026,2,5/30/2026,Overall,quantile,0.35,566
Seasonal Baseline,5/16/2026,2,5/30/2026,Overall,quantile,0.4,598
Seasonal Baseline,5/16/2026,2,5/30/2026,Overall,quantile,0.45,632
Seasonal Baseline,5/16/2026,2,5/30/2026,Overall,quantile,0.5,666
Seasonal Baseline,5/16/2026,2,5/30/2026,Overall,quantile,0.55,703
Seasonal Baseline,5/16/2026,2,5/30/2026,Overall,quantile,0.6,741
Seasonal Baseline,5/16/2026,2,5/30/2026,Overall,quantile,0.65,781
Seasonal Baseline,5/16/2026,2,5/30/2026,Overall,quantile,0.7,829
Seasonal Baseline,5/16/2026,2,5/30/2026,Overall,quantile,0.75,882
Seasonal Baseline,5/16/2026,2,5/30/2026,Overall,quantile,0.8,947
Seasonal Baseline,5/16/2026,2,5/30/2026,Overall,quantile,0.85,1031
Seasonal Baseline,5/16/2026,2,5/30/2026,Overall,quantile,0.9,1144
Seasonal Baseline,5/16/2026,2,5/30/2026,Overall,quantile,0.95,1332
Seasonal Baseline,5/16/2026,2,5/30/2026,Overall,quantile,0.975,1536
Seasonal Baseline,5/16/2026,2,5/30/2026,Overall,quantile,0.99,1824
Seasonal Baseline,5/16/2026,3,6/6/2026,Overall,quantile,0.01,276
Seasonal Baseline,5/16/2026,3,6/6/2026,Overall,quantile,0.025,322
Seasonal Baseline,5/16/2026,3,6/6/2026,Overall,quantile,0.05,369
Seasonal Baseline,5/16/2026,3,6/6/2026,Overall,quantile,0.1,430
Seasonal Baseline,5/16/2026,3,6/6/2026,Overall,quantile,0.15,474
Seasonal Baseline,5/16/2026,3,6/6/2026,Overall,quantile,0.2,519
Seasonal Baseline,5/16/2026,3,6/6/2026,Overall,quantile,0.25,559
Seasonal Baseline,5/16/2026,3,6/6/2026,Overall,quantile,0.3,594
Seasonal Baseline,5/16/2026,3,6/6/2026,Overall,quantile,0.35,635
Seasonal Baseline,5/16/2026,3,6/6/2026,Overall,quantile,0.4,673
Seasonal Baseline,5/16/2026,3,6/6/2026,Overall,quantile,0.45,711
Seasonal Baseline,5/16/2026,3,6/6/2026,Overall,quantile,0.5,752
Seasonal Baseline,5/16/2026,3,6/6/2026,Overall,quantile,0.55,791
Seasonal Baseline,5/16/2026,3,6/6/2026,Overall,quantile,0.6,833
Seasonal Baseline,5/16/2026,3,6/6/2026,Overall,quantile,0.65,881
Seasonal Baseline,5/16/2026,3,6/6/2026,Overall,quantile,0.7,933
Seasonal Baseline,5/16/2026,3,6/6/2026,Overall,quantile,0.75,989
Seasonal Baseline,5/16/2026,3,6/6/2026,Overall,quantile,0.8,1058
Seasonal Baseline,5/16/2026,3,6/6/2026,Overall,quantile,0.85,1138
Seasonal Baseline,5/16/2026,3,6/6/2026,Overall,quantile,0.9,1266
Seasonal Baseline,5/16/2026,3,6/6/2026,Overall,quantile,0.95,1488
Seasonal Baseline,5/16/2026,3,6/6/2026,Overall,quantile,0.975,1725
Seasonal Baseline,5/16/2026,3,6/6/2026,Overall,quantile,0.99,2000
Seasonal Baseline,5/16/2026,-3,4/25/2026,Pediatrics,quantile,0.01,96
Seasonal Baseline,5/16/2026,-3,4/25/2026,Pediatrics,quantile,0.025,108
Seasonal Baseline,5/16/2026,-3,4/25/2026,Pediatrics,quantile,0.05,117
Seasonal Baseline,5/16/2026,-3,4/25/2026,Pediatrics,quantile,0.1,132
Seasonal Baseline,5/16/2026,-3,4/25/2026,Pediatrics,quantile,0.15,142
Seasonal Baseline,5/16/2026,-3,4/25/2026,Pediatrics,quantile,0.2,150
Seasonal Baseline,5/16/2026,-3,4/25/2026,Pediatrics,quantile,0.25,159
Seasonal Baseline,5/16/2026,-3,4/25/2026,Pediatrics,quantile,0.3,166
Seasonal Baseline,5/16/2026,-3,4/25/2026,Pediatrics,quantile,0.35,173
Seasonal Baseline,5/16/2026,-3,4/25/2026,Pediatrics,quantile,0.4,180
Seasonal Baseline,5/16/2026,-3,4/25/2026,Pediatrics,quantile,0.45,187
Seasonal Baseline,5/16/2026,-3,4/25/2026,Pediatrics,quantile,0.5,194
Seasonal Baseline,5/16/2026,-3,4/25/2026,Pediatrics,quantile,0.55,203
Seasonal Baseline,5/16/2026,-3,4/25/2026,Pediatrics,quantile,0.6,210
Seasonal Baseline,5/16/2026,-3,4/25/2026,Pediatrics,quantile,0.65,220
Seasonal Baseline,5/16/2026,-3,4/25/2026,Pediatrics,quantile,0.7,230
Seasonal Baseline,5/16/2026,-3,4/25/2026,Pediatrics,quantile,0.75,241
Seasonal Baseline,5/16/2026,-3,4/25/2026,Pediatrics,quantile,0.8,253
Seasonal Baseline,5/16/2026,-3,4/25/2026,Pediatrics,quantile,0.85,269
Seasonal Baseline,5/16/2026,-3,4/25/2026,Pediatrics,quantile,0.9,290
Seasonal Baseline,5/16/2026,-3,4/25/2026,Pediatrics,quantile,0.95,326
Seasonal Baseline,5/16/2026,-3,4/25/2026,Pediatrics,quantile,0.975,353
Seasonal Baseline,5/16/2026,-3,4/25/2026,Pediatrics,quantile,0.99,391
Seasonal Baseline,5/16/2026,-2,5/2/2026,Pediatrics,quantile,0.01,111
Seasonal Baseline,5/16/2026,-2,5/2/2026,Pediatrics,quantile,0.025,123
Seasonal Baseline,5/16/2026,-2,5/2/2026,Pediatrics,quantile,0.05,134
Seasonal Baseline,5/16/2026,-2,5/2/2026,Pediatrics,quantile,0.1,149
Seasonal Baseline,5/16/2026,-2,5/2/2026,Pediatrics,quantile,0.15,161
Seasonal Baseline,5/16/2026,-2,5/2/2026,Pediatrics,quantile,0.2,172
Seasonal Baseline,5/16/2026,-2,5/2/2026,Pediatrics,quantile,0.25,181
Seasonal Baseline,5/16/2026,-2,5/2/2026,Pediatrics,quantile,0.3,189
Seasonal Baseline,5/16/2026,-2,5/2/2026,Pediatrics,quantile,0.35,197
Seasonal Baseline,5/16/2026,-2,5/2/2026,Pediatrics,quantile,0.4,206
Seasonal Baseline,5/16/2026,-2,5/2/2026,Pediatrics,quantile,0.45,214
Seasonal Baseline,5/16/2026,-2,5/2/2026,Pediatrics,quantile,0.5,223
Seasonal Baseline,5/16/2026,-2,5/2/2026,Pediatrics,quantile,0.55,232
Seasonal Baseline,5/16/2026,-2,5/2/2026,Pediatrics,quantile,0.6,241
Seasonal Baseline,5/16/2026,-2,5/2/2026,Pediatrics,quantile,0.65,251
Seasonal Baseline,5/16/2026,-2,5/2/2026,Pediatrics,quantile,0.7,262
Seasonal Baseline,5/16/2026,-2,5/2/2026,Pediatrics,quantile,0.75,274
Seasonal Baseline,5/16/2026,-2,5/2/2026,Pediatrics,quantile,0.8,288
Seasonal Baseline,5/16/2026,-2,5/2/2026,Pediatrics,quantile,0.85,307
Seasonal Baseline,5/16/2026,-2,5/2/2026,Pediatrics,quantile,0.9,330
Seasonal Baseline,5/16/2026,-2,5/2/2026,Pediatrics,quantile,0.95,370
Seasonal Baseline,5/16/2026,-2,5/2/2026,Pediatrics,quantile,0.975,407
Seasonal Baseline,5/16/2026,-2,5/2/2026,Pediatrics,quantile,0.99,447
Seasonal Baseline,5/16/2026,-1,5/9/2026,Pediatrics,quantile,0.01,128
Seasonal Baseline,5/16/2026,-1,5/9/2026,Pediatrics,quantile,0.025,142
Seasonal Baseline,5/16/2026,-1,5/9/2026,Pediatrics,quantile,0.05,157
Seasonal Baseline,5/16/2026,-1,5/9/2026,Pediatrics,quantile,0.1,175
Seasonal Baseline,5/16/2026,-1,5/9/2026,Pediatrics,quantile,0.15,189
Seasonal Baseline,5/16/2026,-1,5/9/2026,Pediatrics,quantile,0.2,200
Seasonal Baseline,5/16/2026,-1,5/9/2026,Pediatrics,quantile,0.25,211
Seasonal Baseline,5/16/2026,-1,5/9/2026,Pediatrics,quantile,0.3,220
Seasonal Baseline,5/16/2026,-1,5/9/2026,Pediatrics,quantile,0.35,230
Seasonal Baseline,5/16/2026,-1,5/9/2026,Pediatrics,quantile,0.4,239
Seasonal Baseline,5/16/2026,-1,5/9/2026,Pediatrics,quantile,0.45,249
Seasonal Baseline,5/16/2026,-1,5/9/2026,Pediatrics,quantile,0.5,259
Seasonal Baseline,5/16/2026,-1,5/9/2026,Pediatrics,quantile,0.55,269
Seasonal Baseline,5/16/2026,-1,5/9/2026,Pediatrics,quantile,0.6,279
Seasonal Baseline,5/16/2026,-1,5/9/2026,Pediatrics,quantile,0.65,291
Seasonal Baseline,5/16/2026,-1,5/9/2026,Pediatrics,quantile,0.7,303
Seasonal Baseline,5/16/2026,-1,5/9/2026,Pediatrics,quantile,0.75,317
Seasonal Baseline,5/16/2026,-1,5/9/2026,Pediatrics,quantile,0.8,333
Seasonal Baseline,5/16/2026,-1,5/9/2026,Pediatrics,quantile,0.85,355
Seasonal Baseline,5/16/2026,-1,5/9/2026,Pediatrics,quantile,0.9,381
Seasonal Baseline,5/16/2026,-1,5/9/2026,Pediatrics,quantile,0.95,425
Seasonal Baseline,5/16/2026,-1,5/9/2026,Pediatrics,quantile,0.975,468
Seasonal Baseline,5/16/2026,-1,5/9/2026,Pediatrics,quantile,0.99,524
Seasonal Baseline,5/16/2026,0,5/16/2026,Pediatrics,quantile,0.01,151
Seasonal Baseline,5/16/2026,0,5/16/2026,Pediatrics,quantile,0.025,168
Seasonal Baseline,5/16/2026,0,5/16/2026,Pediatrics,quantile,0.05,184
Seasonal Baseline,5/16/2026,0,5/16/2026,Pediatrics,quantile,0.1,204
Seasonal Baseline,5/16/2026,0,5/16/2026,Pediatrics,quantile,0.15,219
Seasonal Baseline,5/16/2026,0,5/16/2026,Pediatrics,quantile,0.2,232
Seasonal Baseline,5/16/2026,0,5/16/2026,Pediatrics,quantile,0.25,245
Seasonal Baseline,5/16/2026,0,5/16/2026,Pediatrics,quantile,0.3,257
Seasonal Baseline,5/16/2026,0,5/16/2026,Pediatrics,quantile,0.35,268
Seasonal Baseline,5/16/2026,0,5/16/2026,Pediatrics,quantile,0.4,279
Seasonal Baseline,5/16/2026,0,5/16/2026,Pediatrics,quantile,0.45,290
Seasonal Baseline,5/16/2026,0,5/16/2026,Pediatrics,quantile,0.5,301
Seasonal Baseline,5/16/2026,0,5/16/2026,Pediatrics,quantile,0.55,312
Seasonal Baseline,5/16/2026,0,5/16/2026,Pediatrics,quantile,0.6,325
Seasonal Baseline,5/16/2026,0,5/16/2026,Pediatrics,quantile,0.65,339
Seasonal Baseline,5/16/2026,0,5/16/2026,Pediatrics,quantile,0.7,353
Seasonal Baseline,5/16/2026,0,5/16/2026,Pediatrics,quantile,0.75,369
Seasonal Baseline,5/16/2026,0,5/16/2026,Pediatrics,quantile,0.8,389
Seasonal Baseline,5/16/2026,0,5/16/2026,Pediatrics,quantile,0.85,415
Seasonal Baseline,5/16/2026,0,5/16/2026,Pediatrics,quantile,0.9,445
Seasonal Baseline,5/16/2026,0,5/16/2026,Pediatrics,quantile,0.95,501
Seasonal Baseline,5/16/2026,0,5/16/2026,Pediatrics,quantile,0.975,548
Seasonal Baseline,5/16/2026,0,5/16/2026,Pediatrics,quantile,0.99,610
Seasonal Baseline,5/16/2026,1,5/23/2026,Pediatrics,quantile,0.01,171
Seasonal Baseline,5/16/2026,1,5/23/2026,Pediatrics,quantile,0.025,192
Seasonal Baseline,5/16/2026,1,5/23/2026,Pediatrics,quantile,0.05,214
Seasonal Baseline,5/16/2026,1,5/23/2026,Pediatrics,quantile,0.1,238
Seasonal Baseline,5/16/2026,1,5/23/2026,Pediatrics,quantile,0.15,258
Seasonal Baseline,5/16/2026,1,5/23/2026,Pediatrics,quantile,0.2,273
Seasonal Baseline,5/16/2026,1,5/23/2026,Pediatrics,quantile,0.25,287
Seasonal Baseline,5/16/2026,1,5/23/2026,Pediatrics,quantile,0.3,300
Seasonal Baseline,5/16/2026,1,5/23/2026,Pediatrics,quantile,0.35,314
Seasonal Baseline,5/16/2026,1,5/23/2026,Pediatrics,quantile,0.4,326
Seasonal Baseline,5/16/2026,1,5/23/2026,Pediatrics,quantile,0.45,340
Seasonal Baseline,5/16/2026,1,5/23/2026,Pediatrics,quantile,0.5,352
Seasonal Baseline,5/16/2026,1,5/23/2026,Pediatrics,quantile,0.55,368
Seasonal Baseline,5/16/2026,1,5/23/2026,Pediatrics,quantile,0.6,381
Seasonal Baseline,5/16/2026,1,5/23/2026,Pediatrics,quantile,0.65,395
Seasonal Baseline,5/16/2026,1,5/23/2026,Pediatrics,quantile,0.7,413
Seasonal Baseline,5/16/2026,1,5/23/2026,Pediatrics,quantile,0.75,433
Seasonal Baseline,5/16/2026,1,5/23/2026,Pediatrics,quantile,0.8,457
Seasonal Baseline,5/16/2026,1,5/23/2026,Pediatrics,quantile,0.85,483
Seasonal Baseline,5/16/2026,1,5/23/2026,Pediatrics,quantile,0.9,521
Seasonal Baseline,5/16/2026,1,5/23/2026,Pediatrics,quantile,0.95,581
Seasonal Baseline,5/16/2026,1,5/23/2026,Pediatrics,quantile,0.975,637
Seasonal Baseline,5/16/2026,1,5/23/2026,Pediatrics,quantile,0.99,708
Seasonal Baseline,5/16/2026,2,5/30/2026,Pediatrics,quantile,0.01,196
Seasonal Baseline,5/16/2026,2,5/30/2026,Pediatrics,quantile,0.025,222
Seasonal Baseline,5/16/2026,2,5/30/2026,Pediatrics,quantile,0.05,243
Seasonal Baseline,5/16/2026,2,5/30/2026,Pediatrics,quantile,0.1,273
Seasonal Baseline,5/16/2026,2,5/30/2026,Pediatrics,quantile,0.15,295
Seasonal Baseline,5/16/2026,2,5/30/2026,Pediatrics,quantile,0.2,314
Seasonal Baseline,5/16/2026,2,5/30/2026,Pediatrics,quantile,0.25,331
Seasonal Baseline,5/16/2026,2,5/30/2026,Pediatrics,quantile,0.3,346
Seasonal Baseline,5/16/2026,2,5/30/2026,Pediatrics,quantile,0.35,361
Seasonal Baseline,5/16/2026,2,5/30/2026,Pediatrics,quantile,0.4,375
Seasonal Baseline,5/16/2026,2,5/30/2026,Pediatrics,quantile,0.45,391
Seasonal Baseline,5/16/2026,2,5/30/2026,Pediatrics,quantile,0.5,405
Seasonal Baseline,5/16/2026,2,5/30/2026,Pediatrics,quantile,0.55,421
Seasonal Baseline,5/16/2026,2,5/30/2026,Pediatrics,quantile,0.6,437
Seasonal Baseline,5/16/2026,2,5/30/2026,Pediatrics,quantile,0.65,456
Seasonal Baseline,5/16/2026,2,5/30/2026,Pediatrics,quantile,0.7,475
Seasonal Baseline,5/16/2026,2,5/30/2026,Pediatrics,quantile,0.75,499
Seasonal Baseline,5/16/2026,2,5/30/2026,Pediatrics,quantile,0.8,526
Seasonal Baseline,5/16/2026,2,5/30/2026,Pediatrics,quantile,0.85,558
Seasonal Baseline,5/16/2026,2,5/30/2026,Pediatrics,quantile,0.9,603
Seasonal Baseline,5/16/2026,2,5/30/2026,Pediatrics,quantile,0.95,678
Seasonal Baseline,5/16/2026,2,5/30/2026,Pediatrics,quantile,0.975,743
Seasonal Baseline,5/16/2026,2,5/30/2026,Pediatrics,quantile,0.99,825
Seasonal Baseline,5/16/2026,3,6/6/2026,Pediatrics,quantile,0.01,225
Seasonal Baseline,5/16/2026,3,6/6/2026,Pediatrics,quantile,0.025,246
Seasonal Baseline,5/16/2026,3,6/6/2026,Pediatrics,quantile,0.05,272
Seasonal Baseline,5/16/2026,3,6/6/2026,Pediatrics,quantile,0.1,304
Seasonal Baseline,5/16/2026,3,6/6/2026,Pediatrics,quantile,0.15,328
Seasonal Baseline,5/16/2026,3,6/6/2026,Pediatrics,quantile,0.2,348
Seasonal Baseline,5/16/2026,3,6/6/2026,Pediatrics,quantile,0.25,367
Seasonal Baseline,5/16/2026,3,6/6/2026,Pediatrics,quantile,0.3,382
Seasonal Baseline,5/16/2026,3,6/6/2026,Pediatrics,quantile,0.35,400
Seasonal Baseline,5/16/2026,3,6/6/2026,Pediatrics,quantile,0.4,415
Seasonal Baseline,5/16/2026,3,6/6/2026,Pediatrics,quantile,0.45,432
Seasonal Baseline,5/16/2026,3,6/6/2026,Pediatrics,quantile,0.5,448
Seasonal Baseline,5/16/2026,3,6/6/2026,Pediatrics,quantile,0.55,466
Seasonal Baseline,5/16/2026,3,6/6/2026,Pediatrics,quantile,0.6,484
Seasonal Baseline,5/16/2026,3,6/6/2026,Pediatrics,quantile,0.65,504
Seasonal Baseline,5/16/2026,3,6/6/2026,Pediatrics,quantile,0.7,525
Seasonal Baseline,5/16/2026,3,6/6/2026,Pediatrics,quantile,0.75,551
Seasonal Baseline,5/16/2026,3,6/6/2026,Pediatrics,quantile,0.8,577
Seasonal Baseline,5/16/2026,3,6/6/2026,Pediatrics,quantile,0.85,617
Seasonal Baseline,5/16/2026,3,6/6/2026,Pediatrics,quantile,0.9,669
Seasonal Baseline,5/16/2026,3,6/6/2026,Pediatrics,quantile,0.95,744
Seasonal Baseline,5/16/2026,3,6/6/2026,Pediatrics,quantile,0.975,814
Seasonal Baseline,5/16/2026,3,6/6/2026,Pediatrics,quantile,0.99,916
Opt Baseline,5/16/2026,-3,4/25/2026,Adults,quantile,0.01,73
Opt Baseline,5/16/2026,-3,4/25/2026,Adults,quantile,0.025,74
Opt Baseline,5/16/2026,-3,4/25/2026,Adults,quantile,0.05,76
Opt Baseline,5/16/2026,-3,4/25/2026,Adults,quantile,0.1,79
Opt Baseline,5/16/2026,-3,4/25/2026,Adults,quantile,0.15,80
Opt Baseline,5/16/2026,-3,4/25/2026,Adults,quantile,0.2,80
Opt Baseline,5/16/2026,-3,4/25/2026,Adults,quantile,0.25,84
Opt Baseline,5/16/2026,-3,4/25/2026,Adults,quantile,0.3,86
Opt Baseline,5/16/2026,-3,4/25/2026,Adults,quantile,0.35,88
Opt Baseline,5/16/2026,-3,4/25/2026,Adults,quantile,0.4,93
Opt Baseline,5/16/2026,-3,4/25/2026,Adults,quantile,0.45,95
Opt Baseline,5/16/2026,-3,4/25/2026,Adults,quantile,0.5,97
Opt Baseline,5/16/2026,-3,4/25/2026,Adults,quantile,0.55,99
Opt Baseline,5/16/2026,-3,4/25/2026,Adults,quantile,0.6,101
Opt Baseline,5/16/2026,-3,4/25/2026,Adults,quantile,0.65,106
Opt Baseline,5/16/2026,-3,4/25/2026,Adults,quantile,0.7,109
Opt Baseline,5/16/2026,-3,4/25/2026,Adults,quantile,0.75,111
Opt Baseline,5/16/2026,-3,4/25/2026,Adults,quantile,0.8,115
Opt Baseline,5/16/2026,-3,4/25/2026,Adults,quantile,0.85,116
Opt Baseline,5/16/2026,-3,4/25/2026,Adults,quantile,0.9,117
Opt Baseline,5/16/2026,-3,4/25/2026,Adults,quantile,0.95,120
Opt Baseline,5/16/2026,-3,4/25/2026,Adults,quantile,0.975,123
Opt Baseline,5/16/2026,-3,4/25/2026,Adults,quantile,0.99,125
Opt Baseline,5/16/2026,-2,5/2/2026,Adults,quantile,0.01,58
Opt Baseline,5/16/2026,-2,5/2/2026,Adults,quantile,0.025,62
Opt Baseline,5/16/2026,-2,5/2/2026,Adults,quantile,0.05,65
Opt Baseline,5/16/2026,-2,5/2/2026,Adults,quantile,0.1,70
Opt Baseline,5/16/2026,-2,5/2/2026,Adults,quantile,0.15,75
Opt Baseline,5/16/2026,-2,5/2/2026,Adults,quantile,0.2,79
Opt Baseline,5/16/2026,-2,5/2/2026,Adults,quantile,0.25,83
Opt Baseline,5/16/2026,-2,5/2/2026,Adults,quantile,0.3,86
Opt Baseline,5/16/2026,-2,5/2/2026,Adults,quantile,0.35,89
Opt Baseline,5/16/2026,-2,5/2/2026,Adults,quantile,0.4,92
Opt Baseline,5/16/2026,-2,5/2/2026,Adults,quantile,0.45,95
Opt Baseline,5/16/2026,-2,5/2/2026,Adults,quantile,0.5,97
Opt Baseline,5/16/2026,-2,5/2/2026,Adults,quantile,0.55,99
Opt Baseline,5/16/2026,-2,5/2/2026,Adults,quantile,0.6,102
Opt Baseline,5/16/2026,-2,5/2/2026,Adults,quantile,0.65,105
Opt Baseline,5/16/2026,-2,5/2/2026,Adults,quantile,0.7,109
Opt Baseline,5/16/2026,-2,5/2/2026,Adults,quantile,0.75,113
Opt Baseline,5/16/2026,-2,5/2/2026,Adults,quantile,0.8,117
Opt Baseline,5/16/2026,-2,5/2/2026,Adults,quantile,0.85,122
Opt Baseline,5/16/2026,-2,5/2/2026,Adults,quantile,0.9,128
Opt Baseline,5/16/2026,-2,5/2/2026,Adults,quantile,0.95,135
Opt Baseline,5/16/2026,-2,5/2/2026,Adults,quantile,0.975,139
Opt Baseline,5/16/2026,-2,5/2/2026,Adults,quantile,0.99,145
Opt Baseline,5/16/2026,-1,5/9/2026,Adults,quantile,0.01,48
Opt Baseline,5/16/2026,-1,5/9/2026,Adults,quantile,0.025,53
Opt Baseline,5/16/2026,-1,5/9/2026,Adults,quantile,0.05,59
Opt Baseline,5/16/2026,-1,5/9/2026,Adults,quantile,0.1,66
Opt Baseline,5/16/2026,-1,5/9/2026,Adults,quantile,0.15,72
Opt Baseline,5/16/2026,-1,5/9/2026,Adults,quantile,0.2,76
Opt Baseline,5/16/2026,-1,5/9/2026,Adults,quantile,0.25,80
Opt Baseline,5/16/2026,-1,5/9/2026,Adults,quantile,0.3,84
Opt Baseline,5/16/2026,-1,5/9/2026,Adults,quantile,0.35,87
Opt Baseline,5/16/2026,-1,5/9/2026,Adults,quantile,0.4,91
Opt Baseline,5/16/2026,-1,5/9/2026,Adults,quantile,0.45,94
Opt Baseline,5/16/2026,-1,5/9/2026,Adults,quantile,0.5,97
Opt Baseline,5/16/2026,-1,5/9/2026,Adults,quantile,0.55,100
Opt Baseline,5/16/2026,-1,5/9/2026,Adults,quantile,0.6,104
Opt Baseline,5/16/2026,-1,5/9/2026,Adults,quantile,0.65,108
Opt Baseline,5/16/2026,-1,5/9/2026,Adults,quantile,0.7,112
Opt Baseline,5/16/2026,-1,5/9/2026,Adults,quantile,0.75,116
Opt Baseline,5/16/2026,-1,5/9/2026,Adults,quantile,0.8,121
Opt Baseline,5/16/2026,-1,5/9/2026,Adults,quantile,0.85,126
Opt Baseline,5/16/2026,-1,5/9/2026,Adults,quantile,0.9,134
Opt Baseline,5/16/2026,-1,5/9/2026,Adults,quantile,0.95,145
Opt Baseline,5/16/2026,-1,5/9/2026,Adults,quantile,0.975,153
Opt Baseline,5/16/2026,-1,5/9/2026,Adults,quantile,0.99,162
Opt Baseline,5/16/2026,0,5/16/2026,Adults,quantile,0.01,42
Opt Baseline,5/16/2026,0,5/16/2026,Adults,quantile,0.025,48
Opt Baseline,5/16/2026,0,5/16/2026,Adults,quantile,0.05,55
Opt Baseline,5/16/2026,0,5/16/2026,Adults,quantile,0.1,62
Opt Baseline,5/16/2026,0,5/16/2026,Adults,quantile,0.15,68
Opt Baseline,5/16/2026,0,5/16/2026,Adults,quantile,0.2,73
Opt Baseline,5/16/2026,0,5/16/2026,Adults,quantile,0.25,78
Opt Baseline,5/16/2026,0,5/16/2026,Adults,quantile,0.3,82
Opt Baseline,5/16/2026,0,5/16/2026,Adults,quantile,0.35,86
Opt Baseline,5/16/2026,0,5/16/2026,Adults,quantile,0.4,89
Opt Baseline,5/16/2026,0,5/16/2026,Adults,quantile,0.45,93
Opt Baseline,5/16/2026,0,5/16/2026,Adults,quantile,0.5,97
Opt Baseline,5/16/2026,0,5/16/2026,Adults,quantile,0.55,100
Opt Baseline,5/16/2026,0,5/16/2026,Adults,quantile,0.6,105
Opt Baseline,5/16/2026,0,5/16/2026,Adults,quantile,0.65,109
Opt Baseline,5/16/2026,0,5/16/2026,Adults,quantile,0.7,113
Opt Baseline,5/16/2026,0,5/16/2026,Adults,quantile,0.75,118
Opt Baseline,5/16/2026,0,5/16/2026,Adults,quantile,0.8,124
Opt Baseline,5/16/2026,0,5/16/2026,Adults,quantile,0.85,130
Opt Baseline,5/16/2026,0,5/16/2026,Adults,quantile,0.9,139
Opt Baseline,5/16/2026,0,5/16/2026,Adults,quantile,0.95,151
Opt Baseline,5/16/2026,0,5/16/2026,Adults,quantile,0.975,161
Opt Baseline,5/16/2026,0,5/16/2026,Adults,quantile,0.99,175
Opt Baseline,5/16/2026,1,5/23/2026,Adults,quantile,0.01,36
Opt Baseline,5/16/2026,1,5/23/2026,Adults,quantile,0.025,43
Opt Baseline,5/16/2026,1,5/23/2026,Adults,quantile,0.05,50
Opt Baseline,5/16/2026,1,5/23/2026,Adults,quantile,0.1,59
Opt Baseline,5/16/2026,1,5/23/2026,Adults,quantile,0.15,65
Opt Baseline,5/16/2026,1,5/23/2026,Adults,quantile,0.2,71
Opt Baseline,5/16/2026,1,5/23/2026,Adults,quantile,0.25,76
Opt Baseline,5/16/2026,1,5/23/2026,Adults,quantile,0.3,80
Opt Baseline,5/16/2026,1,5/23/2026,Adults,quantile,0.35,84
Opt Baseline,5/16/2026,1,5/23/2026,Adults,quantile,0.4,88
Opt Baseline,5/16/2026,1,5/23/2026,Adults,quantile,0.45,93
Opt Baseline,5/16/2026,1,5/23/2026,Adults,quantile,0.5,97
Opt Baseline,5/16/2026,1,5/23/2026,Adults,quantile,0.55,101
Opt Baseline,5/16/2026,1,5/23/2026,Adults,quantile,0.6,106
Opt Baseline,5/16/2026,1,5/23/2026,Adults,quantile,0.65,110
Opt Baseline,5/16/2026,1,5/23/2026,Adults,quantile,0.7,115
Opt Baseline,5/16/2026,1,5/23/2026,Adults,quantile,0.75,120
Opt Baseline,5/16/2026,1,5/23/2026,Adults,quantile,0.8,127
Opt Baseline,5/16/2026,1,5/23/2026,Adults,quantile,0.85,134
Opt Baseline,5/16/2026,1,5/23/2026,Adults,quantile,0.9,144
Opt Baseline,5/16/2026,1,5/23/2026,Adults,quantile,0.95,159
Opt Baseline,5/16/2026,1,5/23/2026,Adults,quantile,0.975,171
Opt Baseline,5/16/2026,1,5/23/2026,Adults,quantile,0.99,183
Opt Baseline,5/16/2026,2,5/30/2026,Adults,quantile,0.01,31
Opt Baseline,5/16/2026,2,5/30/2026,Adults,quantile,0.025,39
Opt Baseline,5/16/2026,2,5/30/2026,Adults,quantile,0.05,46
Opt Baseline,5/16/2026,2,5/30/2026,Adults,quantile,0.1,56
Opt Baseline,5/16/2026,2,5/30/2026,Adults,quantile,0.15,63
Opt Baseline,5/16/2026,2,5/30/2026,Adults,quantile,0.2,69
Opt Baseline,5/16/2026,2,5/30/2026,Adults,quantile,0.25,74
Opt Baseline,5/16/2026,2,5/30/2026,Adults,quantile,0.3,79
Opt Baseline,5/16/2026,2,5/30/2026,Adults,quantile,0.35,83
Opt Baseline,5/16/2026,2,5/30/2026,Adults,quantile,0.4,88
Opt Baseline,5/16/2026,2,5/30/2026,Adults,quantile,0.45,93
Opt Baseline,5/16/2026,2,5/30/2026,Adults,quantile,0.5,97
Opt Baseline,5/16/2026,2,5/30/2026,Adults,quantile,0.55,102
Opt Baseline,5/16/2026,2,5/30/2026,Adults,quantile,0.6,106
Opt Baseline,5/16/2026,2,5/30/2026,Adults,quantile,0.65,111
Opt Baseline,5/16/2026,2,5/30/2026,Adults,quantile,0.7,117
Opt Baseline,5/16/2026,2,5/30/2026,Adults,quantile,0.75,124
Opt Baseline,5/16/2026,2,5/30/2026,Adults,quantile,0.8,130
Opt Baseline,5/16/2026,2,5/30/2026,Adults,quantile,0.85,139
Opt Baseline,5/16/2026,2,5/30/2026,Adults,quantile,0.9,150
Opt Baseline,5/16/2026,2,5/30/2026,Adults,quantile,0.95,166
Opt Baseline,5/16/2026,2,5/30/2026,Adults,quantile,0.975,180
Opt Baseline,5/16/2026,2,5/30/2026,Adults,quantile,0.99,197
Opt Baseline,5/16/2026,3,6/6/2026,Adults,quantile,0.01,27
Opt Baseline,5/16/2026,3,6/6/2026,Adults,quantile,0.025,35
Opt Baseline,5/16/2026,3,6/6/2026,Adults,quantile,0.05,42
Opt Baseline,5/16/2026,3,6/6/2026,Adults,quantile,0.1,52
Opt Baseline,5/16/2026,3,6/6/2026,Adults,quantile,0.15,59
Opt Baseline,5/16/2026,3,6/6/2026,Adults,quantile,0.2,66
Opt Baseline,5/16/2026,3,6/6/2026,Adults,quantile,0.25,72
Opt Baseline,5/16/2026,3,6/6/2026,Adults,quantile,0.3,77
Opt Baseline,5/16/2026,3,6/6/2026,Adults,quantile,0.35,82
Opt Baseline,5/16/2026,3,6/6/2026,Adults,quantile,0.4,87
Opt Baseline,5/16/2026,3,6/6/2026,Adults,quantile,0.45,92
Opt Baseline,5/16/2026,3,6/6/2026,Adults,quantile,0.5,97
Opt Baseline,5/16/2026,3,6/6/2026,Adults,quantile,0.55,102
Opt Baseline,5/16/2026,3,6/6/2026,Adults,quantile,0.6,107
Opt Baseline,5/16/2026,3,6/6/2026,Adults,quantile,0.65,112
Opt Baseline,5/16/2026,3,6/6/2026,Adults,quantile,0.7,118
Opt Baseline,5/16/2026,3,6/6/2026,Adults,quantile,0.75,125
Opt Baseline,5/16/2026,3,6/6/2026,Adults,quantile,0.8,132
Opt Baseline,5/16/2026,3,6/6/2026,Adults,quantile,0.85,142
Opt Baseline,5/16/2026,3,6/6/2026,Adults,quantile,0.9,154
Opt Baseline,5/16/2026,3,6/6/2026,Adults,quantile,0.95,171
Opt Baseline,5/16/2026,3,6/6/2026,Adults,quantile,0.975,187
Opt Baseline,5/16/2026,3,6/6/2026,Adults,quantile,0.99,203
Opt Baseline,5/16/2026,-3,4/25/2026,Overall,quantile,0.01,190
Opt Baseline,5/16/2026,-3,4/25/2026,Overall,quantile,0.025,195
Opt Baseline,5/16/2026,-3,4/25/2026,Overall,quantile,0.05,203
Opt Baseline,5/16/2026,-3,4/25/2026,Overall,quantile,0.1,219
Opt Baseline,5/16/2026,-3,4/25/2026,Overall,quantile,0.15,232
Opt Baseline,5/16/2026,-3,4/25/2026,Overall,quantile,0.2,244
Opt Baseline,5/16/2026,-3,4/25/2026,Overall,quantile,0.25,245
Opt Baseline,5/16/2026,-3,4/25/2026,Overall,quantile,0.3,252
Opt Baseline,5/16/2026,-3,4/25/2026,Overall,quantile,0.35,260
Opt Baseline,5/16/2026,-3,4/25/2026,Overall,quantile,0.4,266
Opt Baseline,5/16/2026,-3,4/25/2026,Overall,quantile,0.45,267
Opt Baseline,5/16/2026,-3,4/25/2026,Overall,quantile,0.5,272
Opt Baseline,5/16/2026,-3,4/25/2026,Overall,quantile,0.55,277
Opt Baseline,5/16/2026,-3,4/25/2026,Overall,quantile,0.6,278
Opt Baseline,5/16/2026,-3,4/25/2026,Overall,quantile,0.65,284
Opt Baseline,5/16/2026,-3,4/25/2026,Overall,quantile,0.7,293
Opt Baseline,5/16/2026,-3,4/25/2026,Overall,quantile,0.75,301
Opt Baseline,5/16/2026,-3,4/25/2026,Overall,quantile,0.8,302
Opt Baseline,5/16/2026,-3,4/25/2026,Overall,quantile,0.85,315
Opt Baseline,5/16/2026,-3,4/25/2026,Overall,quantile,0.9,331
Opt Baseline,5/16/2026,-3,4/25/2026,Overall,quantile,0.95,351
Opt Baseline,5/16/2026,-3,4/25/2026,Overall,quantile,0.975,361
Opt Baseline,5/16/2026,-3,4/25/2026,Overall,quantile,0.99,368
Opt Baseline,5/16/2026,-2,5/2/2026,Overall,quantile,0.01,157
Opt Baseline,5/16/2026,-2,5/2/2026,Overall,quantile,0.025,172
Opt Baseline,5/16/2026,-2,5/2/2026,Overall,quantile,0.05,185
Opt Baseline,5/16/2026,-2,5/2/2026,Overall,quantile,0.1,202
Opt Baseline,5/16/2026,-2,5/2/2026,Overall,quantile,0.15,215
Opt Baseline,5/16/2026,-2,5/2/2026,Overall,quantile,0.2,225
Opt Baseline,5/16/2026,-2,5/2/2026,Overall,quantile,0.25,236
Opt Baseline,5/16/2026,-2,5/2/2026,Overall,quantile,0.3,243
Opt Baseline,5/16/2026,-2,5/2/2026,Overall,quantile,0.35,251
Opt Baseline,5/16/2026,-2,5/2/2026,Overall,quantile,0.4,259
Opt Baseline,5/16/2026,-2,5/2/2026,Overall,quantile,0.45,266
Opt Baseline,5/16/2026,-2,5/2/2026,Overall,quantile,0.5,272
Opt Baseline,5/16/2026,-2,5/2/2026,Overall,quantile,0.55,279
Opt Baseline,5/16/2026,-2,5/2/2026,Overall,quantile,0.6,286
Opt Baseline,5/16/2026,-2,5/2/2026,Overall,quantile,0.65,295
Opt Baseline,5/16/2026,-2,5/2/2026,Overall,quantile,0.7,303
Opt Baseline,5/16/2026,-2,5/2/2026,Overall,quantile,0.75,311
Opt Baseline,5/16/2026,-2,5/2/2026,Overall,quantile,0.8,323
Opt Baseline,5/16/2026,-2,5/2/2026,Overall,quantile,0.85,335
Opt Baseline,5/16/2026,-2,5/2/2026,Overall,quantile,0.9,351
Opt Baseline,5/16/2026,-2,5/2/2026,Overall,quantile,0.95,374
Opt Baseline,5/16/2026,-2,5/2/2026,Overall,quantile,0.975,397
Opt Baseline,5/16/2026,-2,5/2/2026,Overall,quantile,0.99,424
Opt Baseline,5/16/2026,-1,5/9/2026,Overall,quantile,0.01,134
Opt Baseline,5/16/2026,-1,5/9/2026,Overall,quantile,0.025,152
Opt Baseline,5/16/2026,-1,5/9/2026,Overall,quantile,0.05,168
Opt Baseline,5/16/2026,-1,5/9/2026,Overall,quantile,0.1,189
Opt Baseline,5/16/2026,-1,5/9/2026,Overall,quantile,0.15,203
Opt Baseline,5/16/2026,-1,5/9/2026,Overall,quantile,0.2,215
Opt Baseline,5/16/2026,-1,5/9/2026,Overall,quantile,0.25,226
Opt Baseline,5/16/2026,-1,5/9/2026,Overall,quantile,0.3,236
Opt Baseline,5/16/2026,-1,5/9/2026,Overall,quantile,0.35,244
Opt Baseline,5/16/2026,-1,5/9/2026,Overall,quantile,0.4,253
Opt Baseline,5/16/2026,-1,5/9/2026,Overall,quantile,0.45,263
Opt Baseline,5/16/2026,-1,5/9/2026,Overall,quantile,0.5,272
Opt Baseline,5/16/2026,-1,5/9/2026,Overall,quantile,0.55,280
Opt Baseline,5/16/2026,-1,5/9/2026,Overall,quantile,0.6,290
Opt Baseline,5/16/2026,-1,5/9/2026,Overall,quantile,0.65,299
Opt Baseline,5/16/2026,-1,5/9/2026,Overall,quantile,0.7,309
Opt Baseline,5/16/2026,-1,5/9/2026,Overall,quantile,0.75,320
Opt Baseline,5/16/2026,-1,5/9/2026,Overall,quantile,0.8,333
Opt Baseline,5/16/2026,-1,5/9/2026,Overall,quantile,0.85,348
Opt Baseline,5/16/2026,-1,5/9/2026,Overall,quantile,0.9,367
Opt Baseline,5/16/2026,-1,5/9/2026,Overall,quantile,0.95,399
Opt Baseline,5/16/2026,-1,5/9/2026,Overall,quantile,0.975,427
Opt Baseline,5/16/2026,-1,5/9/2026,Overall,quantile,0.99,461
Opt Baseline,5/16/2026,0,5/16/2026,Overall,quantile,0.01,118
Opt Baseline,5/16/2026,0,5/16/2026,Overall,quantile,0.025,137
Opt Baseline,5/16/2026,0,5/16/2026,Overall,quantile,0.05,156
Opt Baseline,5/16/2026,0,5/16/2026,Overall,quantile,0.1,178
Opt Baseline,5/16/2026,0,5/16/2026,Overall,quantile,0.15,194
Opt Baseline,5/16/2026,0,5/16/2026,Overall,quantile,0.2,208
Opt Baseline,5/16/2026,0,5/16/2026,Overall,quantile,0.25,220
Opt Baseline,5/16/2026,0,5/16/2026,Overall,quantile,0.3,232
Opt Baseline,5/16/2026,0,5/16/2026,Overall,quantile,0.35,242
Opt Baseline,5/16/2026,0,5/16/2026,Overall,quantile,0.4,252
Opt Baseline,5/16/2026,0,5/16/2026,Overall,quantile,0.45,262
Opt Baseline,5/16/2026,0,5/16/2026,Overall,quantile,0.5,272
Opt Baseline,5/16/2026,0,5/16/2026,Overall,quantile,0.55,282
Opt Baseline,5/16/2026,0,5/16/2026,Overall,quantile,0.6,292
Opt Baseline,5/16/2026,0,5/16/2026,Overall,quantile,0.65,304
Opt Baseline,5/16/2026,0,5/16/2026,Overall,quantile,0.7,316
Opt Baseline,5/16/2026,0,5/16/2026,Overall,quantile,0.75,330
Opt Baseline,5/16/2026,0,5/16/2026,Overall,quantile,0.8,344
Opt Baseline,5/16/2026,0,5/16/2026,Overall,quantile,0.85,362
Opt Baseline,5/16/2026,0,5/16/2026,Overall,quantile,0.9,386
Opt Baseline,5/16/2026,0,5/16/2026,Overall,quantile,0.95,422
Opt Baseline,5/16/2026,0,5/16/2026,Overall,quantile,0.975,453
Opt Baseline,5/16/2026,0,5/16/2026,Overall,quantile,0.99,497
Opt Baseline,5/16/2026,1,5/23/2026,Overall,quantile,0.01,101
Opt Baseline,5/16/2026,1,5/23/2026,Overall,quantile,0.025,123
Opt Baseline,5/16/2026,1,5/23/2026,Overall,quantile,0.05,145
Opt Baseline,5/16/2026,1,5/23/2026,Overall,quantile,0.1,168
Opt Baseline,5/16/2026,1,5/23/2026,Overall,quantile,0.15,185
Opt Baseline,5/16/2026,1,5/23/2026,Overall,quantile,0.2,201
Opt Baseline,5/16/2026,1,5/23/2026,Overall,quantile,0.25,214
Opt Baseline,5/16/2026,1,5/23/2026,Overall,quantile,0.3,226
Opt Baseline,5/16/2026,1,5/23/2026,Overall,quantile,0.35,238
Opt Baseline,5/16/2026,1,5/23/2026,Overall,quantile,0.4,249
Opt Baseline,5/16/2026,1,5/23/2026,Overall,quantile,0.45,261
Opt Baseline,5/16/2026,1,5/23/2026,Overall,quantile,0.5,272
Opt Baseline,5/16/2026,1,5/23/2026,Overall,quantile,0.55,284
Opt Baseline,5/16/2026,1,5/23/2026,Overall,quantile,0.6,296
Opt Baseline,5/16/2026,1,5/23/2026,Overall,quantile,0.65,309
Opt Baseline,5/16/2026,1,5/23/2026,Overall,quantile,0.7,323
Opt Baseline,5/16/2026,1,5/23/2026,Overall,quantile,0.75,338
Opt Baseline,5/16/2026,1,5/23/2026,Overall,quantile,0.8,355
Opt Baseline,5/16/2026,1,5/23/2026,Overall,quantile,0.85,377
Opt Baseline,5/16/2026,1,5/23/2026,Overall,quantile,0.9,403
Opt Baseline,5/16/2026,1,5/23/2026,Overall,quantile,0.95,444
Opt Baseline,5/16/2026,1,5/23/2026,Overall,quantile,0.975,479
Opt Baseline,5/16/2026,1,5/23/2026,Overall,quantile,0.99,528
Opt Baseline,5/16/2026,2,5/30/2026,Overall,quantile,0.01,89
Opt Baseline,5/16/2026,2,5/30/2026,Overall,quantile,0.025,112
Opt Baseline,5/16/2026,2,5/30/2026,Overall,quantile,0.05,131
Opt Baseline,5/16/2026,2,5/30/2026,Overall,quantile,0.1,158
Opt Baseline,5/16/2026,2,5/30/2026,Overall,quantile,0.15,178
Opt Baseline,5/16/2026,2,5/30/2026,Overall,quantile,0.2,195
Opt Baseline,5/16/2026,2,5/30/2026,Overall,quantile,0.25,208
Opt Baseline,5/16/2026,2,5/30/2026,Overall,quantile,0.3,222
Opt Baseline,5/16/2026,2,5/30/2026,Overall,quantile,0.35,235
Opt Baseline,5/16/2026,2,5/30/2026,Overall,quantile,0.4,247
Opt Baseline,5/16/2026,2,5/30/2026,Overall,quantile,0.45,259
Opt Baseline,5/16/2026,2,5/30/2026,Overall,quantile,0.5,272
Opt Baseline,5/16/2026,2,5/30/2026,Overall,quantile,0.55,285
Opt Baseline,5/16/2026,2,5/30/2026,Overall,quantile,0.6,299
Opt Baseline,5/16/2026,2,5/30/2026,Overall,quantile,0.65,313
Opt Baseline,5/16/2026,2,5/30/2026,Overall,quantile,0.7,328
Opt Baseline,5/16/2026,2,5/30/2026,Overall,quantile,0.75,343
Opt Baseline,5/16/2026,2,5/30/2026,Overall,quantile,0.8,364
Opt Baseline,5/16/2026,2,5/30/2026,Overall,quantile,0.85,387
Opt Baseline,5/16/2026,2,5/30/2026,Overall,quantile,0.9,415
Opt Baseline,5/16/2026,2,5/30/2026,Overall,quantile,0.95,463
Opt Baseline,5/16/2026,2,5/30/2026,Overall,quantile,0.975,505
Opt Baseline,5/16/2026,2,5/30/2026,Overall,quantile,0.99,561
Opt Baseline,5/16/2026,3,6/6/2026,Overall,quantile,0.01,80
Opt Baseline,5/16/2026,3,6/6/2026,Overall,quantile,0.025,101
Opt Baseline,5/16/2026,3,6/6/2026,Overall,quantile,0.05,125
Opt Baseline,5/16/2026,3,6/6/2026,Overall,quantile,0.1,153
Opt Baseline,5/16/2026,3,6/6/2026,Overall,quantile,0.15,173
Opt Baseline,5/16/2026,3,6/6/2026,Overall,quantile,0.2,190
Opt Baseline,5/16/2026,3,6/6/2026,Overall,quantile,0.25,205
Opt Baseline,5/16/2026,3,6/6/2026,Overall,quantile,0.3,220
Opt Baseline,5/16/2026,3,6/6/2026,Overall,quantile,0.35,234
Opt Baseline,5/16/2026,3,6/6/2026,Overall,quantile,0.4,246
Opt Baseline,5/16/2026,3,6/6/2026,Overall,quantile,0.45,259
Opt Baseline,5/16/2026,3,6/6/2026,Overall,quantile,0.5,272
Opt Baseline,5/16/2026,3,6/6/2026,Overall,quantile,0.55,287
Opt Baseline,5/16/2026,3,6/6/2026,Overall,quantile,0.6,301
Opt Baseline,5/16/2026,3,6/6/2026,Overall,quantile,0.65,317
Opt Baseline,5/16/2026,3,6/6/2026,Overall,quantile,0.7,334
Opt Baseline,5/16/2026,3,6/6/2026,Overall,quantile,0.75,352
Opt Baseline,5/16/2026,3,6/6/2026,Overall,quantile,0.8,373
Opt Baseline,5/16/2026,3,6/6/2026,Overall,quantile,0.85,396
Opt Baseline,5/16/2026,3,6/6/2026,Overall,quantile,0.9,428
Opt Baseline,5/16/2026,3,6/6/2026,Overall,quantile,0.95,481
Opt Baseline,5/16/2026,3,6/6/2026,Overall,quantile,0.975,526
Opt Baseline,5/16/2026,3,6/6/2026,Overall,quantile,0.99,584
Opt Baseline,5/16/2026,-3,4/25/2026,Pediatrics,quantile,0.01,92
Opt Baseline,5/16/2026,-3,4/25/2026,Pediatrics,quantile,0.025,101
Opt Baseline,5/16/2026,-3,4/25/2026,Pediatrics,quantile,0.05,118
Opt Baseline,5/16/2026,-3,4/25/2026,Pediatrics,quantile,0.1,131
Opt Baseline,5/16/2026,-3,4/25/2026,Pediatrics,quantile,0.15,132
Opt Baseline,5/16/2026,-3,4/25/2026,Pediatrics,quantile,0.2,132
Opt Baseline,5/16/2026,-3,4/25/2026,Pediatrics,quantile,0.25,143
Opt Baseline,5/16/2026,-3,4/25/2026,Pediatrics,quantile,0.3,149
Opt Baseline,5/16/2026,-3,4/25/2026,Pediatrics,quantile,0.35,155
Opt Baseline,5/16/2026,-3,4/25/2026,Pediatrics,quantile,0.4,167
Opt Baseline,5/16/2026,-3,4/25/2026,Pediatrics,quantile,0.45,169
Opt Baseline,5/16/2026,-3,4/25/2026,Pediatrics,quantile,0.5,175
Opt Baseline,5/16/2026,-3,4/25/2026,Pediatrics,quantile,0.55,181
Opt Baseline,5/16/2026,-3,4/25/2026,Pediatrics,quantile,0.6,183
Opt Baseline,5/16/2026,-3,4/25/2026,Pediatrics,quantile,0.65,196
Opt Baseline,5/16/2026,-3,4/25/2026,Pediatrics,quantile,0.7,203
Opt Baseline,5/16/2026,-3,4/25/2026,Pediatrics,quantile,0.75,210
Opt Baseline,5/16/2026,-3,4/25/2026,Pediatrics,quantile,0.8,224
Opt Baseline,5/16/2026,-3,4/25/2026,Pediatrics,quantile,0.85,224
Opt Baseline,5/16/2026,-3,4/25/2026,Pediatrics,quantile,0.9,226
Opt Baseline,5/16/2026,-3,4/25/2026,Pediatrics,quantile,0.95,243
Opt Baseline,5/16/2026,-3,4/25/2026,Pediatrics,quantile,0.975,268
Opt Baseline,5/16/2026,-3,4/25/2026,Pediatrics,quantile,0.99,284
Opt Baseline,5/16/2026,-2,5/2/2026,Pediatrics,quantile,0.01,69
Opt Baseline,5/16/2026,-2,5/2/2026,Pediatrics,quantile,0.025,81
Opt Baseline,5/16/2026,-2,5/2/2026,Pediatrics,quantile,0.05,94
Opt Baseline,5/16/2026,-2,5/2/2026,Pediatrics,quantile,0.1,107
Opt Baseline,5/16/2026,-2,5/2/2026,Pediatrics,quantile,0.15,118
Opt Baseline,5/16/2026,-2,5/2/2026,Pediatrics,quantile,0.2,127
Opt Baseline,5/16/2026,-2,5/2/2026,Pediatrics,quantile,0.25,136
Opt Baseline,5/16/2026,-2,5/2/2026,Pediatrics,quantile,0.3,143
Opt Baseline,5/16/2026,-2,5/2/2026,Pediatrics,quantile,0.35,153
Opt Baseline,5/16/2026,-2,5/2/2026,Pediatrics,quantile,0.4,160
Opt Baseline,5/16/2026,-2,5/2/2026,Pediatrics,quantile,0.45,169
Opt Baseline,5/16/2026,-2,5/2/2026,Pediatrics,quantile,0.5,175
Opt Baseline,5/16/2026,-2,5/2/2026,Pediatrics,quantile,0.55,180
Opt Baseline,5/16/2026,-2,5/2/2026,Pediatrics,quantile,0.6,191
Opt Baseline,5/16/2026,-2,5/2/2026,Pediatrics,quantile,0.65,198
Opt Baseline,5/16/2026,-2,5/2/2026,Pediatrics,quantile,0.7,209
Opt Baseline,5/16/2026,-2,5/2/2026,Pediatrics,quantile,0.75,218
Opt Baseline,5/16/2026,-2,5/2/2026,Pediatrics,quantile,0.8,230
Opt Baseline,5/16/2026,-2,5/2/2026,Pediatrics,quantile,0.85,244
Opt Baseline,5/16/2026,-2,5/2/2026,Pediatrics,quantile,0.9,260
Opt Baseline,5/16/2026,-2,5/2/2026,Pediatrics,quantile,0.95,282
Opt Baseline,5/16/2026,-2,5/2/2026,Pediatrics,quantile,0.975,307
Opt Baseline,5/16/2026,-2,5/2/2026,Pediatrics,quantile,0.99,337
Opt Baseline,5/16/2026,-1,5/9/2026,Pediatrics,quantile,0.01,51
Opt Baseline,5/16/2026,-1,5/9/2026,Pediatrics,quantile,0.025,65
Opt Baseline,5/16/2026,-1,5/9/2026,Pediatrics,quantile,0.05,78
Opt Baseline,5/16/2026,-1,5/9/2026,Pediatrics,quantile,0.1,96
Opt Baseline,5/16/2026,-1,5/9/2026,Pediatrics,quantile,0.15,108
Opt Baseline,5/16/2026,-1,5/9/2026,Pediatrics,quantile,0.2,120
Opt Baseline,5/16/2026,-1,5/9/2026,Pediatrics,quantile,0.25,131
Opt Baseline,5/16/2026,-1,5/9/2026,Pediatrics,quantile,0.3,138
Opt Baseline,5/16/2026,-1,5/9/2026,Pediatrics,quantile,0.35,148
Opt Baseline,5/16/2026,-1,5/9/2026,Pediatrics,quantile,0.4,157
Opt Baseline,5/16/2026,-1,5/9/2026,Pediatrics,quantile,0.45,166
Opt Baseline,5/16/2026,-1,5/9/2026,Pediatrics,quantile,0.5,175
Opt Baseline,5/16/2026,-1,5/9/2026,Pediatrics,quantile,0.55,185
Opt Baseline,5/16/2026,-1,5/9/2026,Pediatrics,quantile,0.6,195
Opt Baseline,5/16/2026,-1,5/9/2026,Pediatrics,quantile,0.65,206
Opt Baseline,5/16/2026,-1,5/9/2026,Pediatrics,quantile,0.7,219
Opt Baseline,5/16/2026,-1,5/9/2026,Pediatrics,quantile,0.75,230
Opt Baseline,5/16/2026,-1,5/9/2026,Pediatrics,quantile,0.8,245
Opt Baseline,5/16/2026,-1,5/9/2026,Pediatrics,quantile,0.85,261
Opt Baseline,5/16/2026,-1,5/9/2026,Pediatrics,quantile,0.9,284
Opt Baseline,5/16/2026,-1,5/9/2026,Pediatrics,quantile,0.95,316
Opt Baseline,5/16/2026,-1,5/9/2026,Pediatrics,quantile,0.975,342
Opt Baseline,5/16/2026,-1,5/9/2026,Pediatrics,quantile,0.99,380
Opt Baseline,5/16/2026,0,5/16/2026,Pediatrics,quantile,0.01,38
Opt Baseline,5/16/2026,0,5/16/2026,Pediatrics,quantile,0.025,52
Opt Baseline,5/16/2026,0,5/16/2026,Pediatrics,quantile,0.05,66
Opt Baseline,5/16/2026,0,5/16/2026,Pediatrics,quantile,0.1,84
Opt Baseline,5/16/2026,0,5/16/2026,Pediatrics,quantile,0.15,98
Opt Baseline,5/16/2026,0,5/16/2026,Pediatrics,quantile,0.2,111
Opt Baseline,5/16/2026,0,5/16/2026,Pediatrics,quantile,0.25,122
Opt Baseline,5/16/2026,0,5/16/2026,Pediatrics,quantile,0.3,133
Opt Baseline,5/16/2026,0,5/16/2026,Pediatrics,quantile,0.35,144
Opt Baseline,5/16/2026,0,5/16/2026,Pediatrics,quantile,0.4,153
Opt Baseline,5/16/2026,0,5/16/2026,Pediatrics,quantile,0.45,164
Opt Baseline,5/16/2026,0,5/16/2026,Pediatrics,quantile,0.5,175
Opt Baseline,5/16/2026,0,5/16/2026,Pediatrics,quantile,0.55,185
Opt Baseline,5/16/2026,0,5/16/2026,Pediatrics,quantile,0.6,197
Opt Baseline,5/16/2026,0,5/16/2026,Pediatrics,quantile,0.65,209
Opt Baseline,5/16/2026,0,5/16/2026,Pediatrics,quantile,0.7,221
Opt Baseline,5/16/2026,0,5/16/2026,Pediatrics,quantile,0.75,237
Opt Baseline,5/16/2026,0,5/16/2026,Pediatrics,quantile,0.8,254
Opt Baseline,5/16/2026,0,5/16/2026,Pediatrics,quantile,0.85,274
Opt Baseline,5/16/2026,0,5/16/2026,Pediatrics,quantile,0.9,301
Opt Baseline,5/16/2026,0,5/16/2026,Pediatrics,quantile,0.95,340
Opt Baseline,5/16/2026,0,5/16/2026,Pediatrics,quantile,0.975,379
Opt Baseline,5/16/2026,0,5/16/2026,Pediatrics,quantile,0.99,425
Opt Baseline,5/16/2026,1,5/23/2026,Pediatrics,quantile,0.01,27
Opt Baseline,5/16/2026,1,5/23/2026,Pediatrics,quantile,0.025,42
Opt Baseline,5/16/2026,1,5/23/2026,Pediatrics,quantile,0.05,57
Opt Baseline,5/16/2026,1,5/23/2026,Pediatrics,quantile,0.1,76
Opt Baseline,5/16/2026,1,5/23/2026,Pediatrics,quantile,0.15,92
Opt Baseline,5/16/2026,1,5/23/2026,Pediatrics,quantile,0.2,105
Opt Baseline,5/16/2026,1,5/23/2026,Pediatrics,quantile,0.25,117
Opt Baseline,5/16/2026,1,5/23/2026,Pediatrics,quantile,0.3,128
Opt Baseline,5/16/2026,1,5/23/2026,Pediatrics,quantile,0.35,140
Opt Baseline,5/16/2026,1,5/23/2026,Pediatrics,quantile,0.4,151
Opt Baseline,5/16/2026,1,5/23/2026,Pediatrics,quantile,0.45,164
Opt Baseline,5/16/2026,1,5/23/2026,Pediatrics,quantile,0.5,175
Opt Baseline,5/16/2026,1,5/23/2026,Pediatrics,quantile,0.55,187
Opt Baseline,5/16/2026,1,5/23/2026,Pediatrics,quantile,0.6,200
Opt Baseline,5/16/2026,1,5/23/2026,Pediatrics,quantile,0.65,213
Opt Baseline,5/16/2026,1,5/23/2026,Pediatrics,quantile,0.7,228
Opt Baseline,5/16/2026,1,5/23/2026,Pediatrics,quantile,0.75,245
Opt Baseline,5/16/2026,1,5/23/2026,Pediatrics,quantile,0.8,265
Opt Baseline,5/16/2026,1,5/23/2026,Pediatrics,quantile,0.85,287
Opt Baseline,5/16/2026,1,5/23/2026,Pediatrics,quantile,0.9,318
Opt Baseline,5/16/2026,1,5/23/2026,Pediatrics,quantile,0.95,360
Opt Baseline,5/16/2026,1,5/23/2026,Pediatrics,quantile,0.975,403
Opt Baseline,5/16/2026,1,5/23/2026,Pediatrics,quantile,0.99,468
Opt Baseline,5/16/2026,2,5/30/2026,Pediatrics,quantile,0.01,21
Opt Baseline,5/16/2026,2,5/30/2026,Pediatrics,quantile,0.025,34
Opt Baseline,5/16/2026,2,5/30/2026,Pediatrics,quantile,0.05,47
Opt Baseline,5/16/2026,2,5/30/2026,Pediatrics,quantile,0.1,67
Opt Baseline,5/16/2026,2,5/30/2026,Pediatrics,quantile,0.15,83
Opt Baseline,5/16/2026,2,5/30/2026,Pediatrics,quantile,0.2,98
Opt Baseline,5/16/2026,2,5/30/2026,Pediatrics,quantile,0.25,112
Opt Baseline,5/16/2026,2,5/30/2026,Pediatrics,quantile,0.3,124
Opt Baseline,5/16/2026,2,5/30/2026,Pediatrics,quantile,0.35,137
Opt Baseline,5/16/2026,2,5/30/2026,Pediatrics,quantile,0.4,150
Opt Baseline,5/16/2026,2,5/30/2026,Pediatrics,quantile,0.45,162
Opt Baseline,5/16/2026,2,5/30/2026,Pediatrics,quantile,0.5,175
Opt Baseline,5/16/2026,2,5/30/2026,Pediatrics,quantile,0.55,189
Opt Baseline,5/16/2026,2,5/30/2026,Pediatrics,quantile,0.6,203
Opt Baseline,5/16/2026,2,5/30/2026,Pediatrics,quantile,0.65,217
Opt Baseline,5/16/2026,2,5/30/2026,Pediatrics,quantile,0.7,234
Opt Baseline,5/16/2026,2,5/30/2026,Pediatrics,quantile,0.75,252
Opt Baseline,5/16/2026,2,5/30/2026,Pediatrics,quantile,0.8,274
Opt Baseline,5/16/2026,2,5/30/2026,Pediatrics,quantile,0.85,298
Opt Baseline,5/16/2026,2,5/30/2026,Pediatrics,quantile,0.9,332
Opt Baseline,5/16/2026,2,5/30/2026,Pediatrics,quantile,0.95,388
Opt Baseline,5/16/2026,2,5/30/2026,Pediatrics,quantile,0.975,435
Opt Baseline,5/16/2026,2,5/30/2026,Pediatrics,quantile,0.99,487
Opt Baseline,5/16/2026,3,6/6/2026,Pediatrics,quantile,0.01,13
Opt Baseline,5/16/2026,3,6/6/2026,Pediatrics,quantile,0.025,26
Opt Baseline,5/16/2026,3,6/6/2026,Pediatrics,quantile,0.05,41
Opt Baseline,5/16/2026,3,6/6/2026,Pediatrics,quantile,0.1,61
Opt Baseline,5/16/2026,3,6/6/2026,Pediatrics,quantile,0.15,78
Opt Baseline,5/16/2026,3,6/6/2026,Pediatrics,quantile,0.2,93
Opt Baseline,5/16/2026,3,6/6/2026,Pediatrics,quantile,0.25,107
Opt Baseline,5/16/2026,3,6/6/2026,Pediatrics,quantile,0.3,121
Opt Baseline,5/16/2026,3,6/6/2026,Pediatrics,quantile,0.35,134
Opt Baseline,5/16/2026,3,6/6/2026,Pediatrics,quantile,0.4,148
Opt Baseline,5/16/2026,3,6/6/2026,Pediatrics,quantile,0.45,160
Opt Baseline,5/16/2026,3,6/6/2026,Pediatrics,quantile,0.5,175
Opt Baseline,5/16/2026,3,6/6/2026,Pediatrics,quantile,0.55,190
Opt Baseline,5/16/2026,3,6/6/2026,Pediatrics,quantile,0.6,206
Opt Baseline,5/16/2026,3,6/6/2026,Pediatrics,quantile,0.65,222
Opt Baseline,5/16/2026,3,6/6/2026,Pediatrics,quantile,0.7,239
Opt Baseline,5/16/2026,3,6/6/2026,Pediatrics,quantile,0.75,260
Opt Baseline,5/16/2026,3,6/6/2026,Pediatrics,quantile,0.8,282
Opt Baseline,5/16/2026,3,6/6/2026,Pediatrics,quantile,0.85,311
Opt Baseline,5/16/2026,3,6/6/2026,Pediatrics,quantile,0.9,349
Opt Baseline,5/16/2026,3,6/6/2026,Pediatrics,quantile,0.95,405
Opt Baseline,5/16/2026,3,6/6/2026,Pediatrics,quantile,0.975,458
Opt Baseline,5/16/2026,3,6/6/2026,Pediatrics,quantile,0.99,519
INFLAenza,5/16/2026,-3,4/25/2026,Adults,quantile,0.01,70
INFLAenza,5/16/2026,-3,4/25/2026,Adults,quantile,0.025,76
INFLAenza,5/16/2026,-3,4/25/2026,Adults,quantile,0.05,82
INFLAenza,5/16/2026,-3,4/25/2026,Adults,quantile,0.1,88
INFLAenza,5/16/2026,-3,4/25/2026,Adults,quantile,0.15,92
INFLAenza,5/16/2026,-3,4/25/2026,Adults,quantile,0.2,97
INFLAenza,5/16/2026,-3,4/25/2026,Adults,quantile,0.25,99
INFLAenza,5/16/2026,-3,4/25/2026,Adults,quantile,0.3,102
INFLAenza,5/16/2026,-3,4/25/2026,Adults,quantile,0.35,105
INFLAenza,5/16/2026,-3,4/25/2026,Adults,quantile,0.4,108
INFLAenza,5/16/2026,-3,4/25/2026,Adults,quantile,0.45,111
INFLAenza,5/16/2026,-3,4/25/2026,Adults,quantile,0.5,113
INFLAenza,5/16/2026,-3,4/25/2026,Adults,quantile,0.55,116
INFLAenza,5/16/2026,-3,4/25/2026,Adults,quantile,0.6,119
INFLAenza,5/16/2026,-3,4/25/2026,Adults,quantile,0.65,122
INFLAenza,5/16/2026,-3,4/25/2026,Adults,quantile,0.7,125
INFLAenza,5/16/2026,-3,4/25/2026,Adults,quantile,0.75,129
INFLAenza,5/16/2026,-3,4/25/2026,Adults,quantile,0.8,132
INFLAenza,5/16/2026,-3,4/25/2026,Adults,quantile,0.85,138
INFLAenza,5/16/2026,-3,4/25/2026,Adults,quantile,0.9,144
INFLAenza,5/16/2026,-3,4/25/2026,Adults,quantile,0.95,154
INFLAenza,5/16/2026,-3,4/25/2026,Adults,quantile,0.975,164
INFLAenza,5/16/2026,-3,4/25/2026,Adults,quantile,0.99,174
INFLAenza,5/16/2026,-3,4/25/2026,Overall,quantile,0.01,205
INFLAenza,5/16/2026,-3,4/25/2026,Overall,quantile,0.025,217
INFLAenza,5/16/2026,-3,4/25/2026,Overall,quantile,0.05,227
INFLAenza,5/16/2026,-3,4/25/2026,Overall,quantile,0.1,241
INFLAenza,5/16/2026,-3,4/25/2026,Overall,quantile,0.15,250
INFLAenza,5/16/2026,-3,4/25/2026,Overall,quantile,0.2,258
INFLAenza,5/16/2026,-3,4/25/2026,Overall,quantile,0.25,264
INFLAenza,5/16/2026,-3,4/25/2026,Overall,quantile,0.3,270
INFLAenza,5/16/2026,-3,4/25/2026,Overall,quantile,0.35,276
INFLAenza,5/16/2026,-3,4/25/2026,Overall,quantile,0.4,281
INFLAenza,5/16/2026,-3,4/25/2026,Overall,quantile,0.45,285
INFLAenza,5/16/2026,-3,4/25/2026,Overall,quantile,0.5,291
INFLAenza,5/16/2026,-3,4/25/2026,Overall,quantile,0.55,297
INFLAenza,5/16/2026,-3,4/25/2026,Overall,quantile,0.6,302
INFLAenza,5/16/2026,-3,4/25/2026,Overall,quantile,0.65,309
INFLAenza,5/16/2026,-3,4/25/2026,Overall,quantile,0.7,315
INFLAenza,5/16/2026,-3,4/25/2026,Overall,quantile,0.75,322
INFLAenza,5/16/2026,-3,4/25/2026,Overall,quantile,0.8,329
INFLAenza,5/16/2026,-3,4/25/2026,Overall,quantile,0.85,339
INFLAenza,5/16/2026,-3,4/25/2026,Overall,quantile,0.9,351
INFLAenza,5/16/2026,-3,4/25/2026,Overall,quantile,0.95,371
INFLAenza,5/16/2026,-3,4/25/2026,Overall,quantile,0.975,388
INFLAenza,5/16/2026,-3,4/25/2026,Overall,quantile,0.99,409
INFLAenza,5/16/2026,-3,4/25/2026,Pediatrics,quantile,0.01,116
INFLAenza,5/16/2026,-3,4/25/2026,Pediatrics,quantile,0.025,123
INFLAenza,5/16/2026,-3,4/25/2026,Pediatrics,quantile,0.05,130
INFLAenza,5/16/2026,-3,4/25/2026,Pediatrics,quantile,0.1,140
INFLAenza,5/16/2026,-3,4/25/2026,Pediatrics,quantile,0.15,146
INFLAenza,5/16/2026,-3,4/25/2026,Pediatrics,quantile,0.2,152
INFLAenza,5/16/2026,-3,4/25/2026,Pediatrics,quantile,0.25,156
INFLAenza,5/16/2026,-3,4/25/2026,Pediatrics,quantile,0.3,161
INFLAenza,5/16/2026,-3,4/25/2026,Pediatrics,quantile,0.35,165
INFLAenza,5/16/2026,-3,4/25/2026,Pediatrics,quantile,0.4,169
INFLAenza,5/16/2026,-3,4/25/2026,Pediatrics,quantile,0.45,173
INFLAenza,5/16/2026,-3,4/25/2026,Pediatrics,quantile,0.5,177
INFLAenza,5/16/2026,-3,4/25/2026,Pediatrics,quantile,0.55,181
INFLAenza,5/16/2026,-3,4/25/2026,Pediatrics,quantile,0.6,185
INFLAenza,5/16/2026,-3,4/25/2026,Pediatrics,quantile,0.65,189
INFLAenza,5/16/2026,-3,4/25/2026,Pediatrics,quantile,0.7,194
INFLAenza,5/16/2026,-3,4/25/2026,Pediatrics,quantile,0.75,200
INFLAenza,5/16/2026,-3,4/25/2026,Pediatrics,quantile,0.8,205
INFLAenza,5/16/2026,-3,4/25/2026,Pediatrics,quantile,0.85,212
INFLAenza,5/16/2026,-3,4/25/2026,Pediatrics,quantile,0.9,223
INFLAenza,5/16/2026,-3,4/25/2026,Pediatrics,quantile,0.95,237
INFLAenza,5/16/2026,-3,4/25/2026,Pediatrics,quantile,0.975,252
INFLAenza,5/16/2026,-3,4/25/2026,Pediatrics,quantile,0.99,267
INFLAenza,5/16/2026,-2,5/2/2026,Adults,quantile,0.01,71
INFLAenza,5/16/2026,-2,5/2/2026,Adults,quantile,0.025,77
INFLAenza,5/16/2026,-2,5/2/2026,Adults,quantile,0.05,84
INFLAenza,5/16/2026,-2,5/2/2026,Adults,quantile,0.1,93
INFLAenza,5/16/2026,-2,5/2/2026,Adults,quantile,0.15,98
INFLAenza,5/16/2026,-2,5/2/2026,Adults,quantile,0.2,103
INFLAenza,5/16/2026,-2,5/2/2026,Adults,quantile,0.25,108
INFLAenza,5/16/2026,-2,5/2/2026,Adults,quantile,0.3,113
INFLAenza,5/16/2026,-2,5/2/2026,Adults,quantile,0.35,116
INFLAenza,5/16/2026,-2,5/2/2026,Adults,quantile,0.4,120
INFLAenza,5/16/2026,-2,5/2/2026,Adults,quantile,0.45,124
INFLAenza,5/16/2026,-2,5/2/2026,Adults,quantile,0.5,127
INFLAenza,5/16/2026,-2,5/2/2026,Adults,quantile,0.55,131
INFLAenza,5/16/2026,-2,5/2/2026,Adults,quantile,0.6,135
INFLAenza,5/16/2026,-2,5/2/2026,Adults,quantile,0.65,140
INFLAenza,5/16/2026,-2,5/2/2026,Adults,quantile,0.7,145
INFLAenza,5/16/2026,-2,5/2/2026,Adults,quantile,0.75,149
INFLAenza,5/16/2026,-2,5/2/2026,Adults,quantile,0.8,154
INFLAenza,5/16/2026,-2,5/2/2026,Adults,quantile,0.85,161
INFLAenza,5/16/2026,-2,5/2/2026,Adults,quantile,0.9,171
INFLAenza,5/16/2026,-2,5/2/2026,Adults,quantile,0.95,186
INFLAenza,5/16/2026,-2,5/2/2026,Adults,quantile,0.975,201
INFLAenza,5/16/2026,-2,5/2/2026,Adults,quantile,0.99,218
INFLAenza,5/16/2026,-2,5/2/2026,Overall,quantile,0.01,206
INFLAenza,5/16/2026,-2,5/2/2026,Overall,quantile,0.025,224
INFLAenza,5/16/2026,-2,5/2/2026,Overall,quantile,0.05,236
INFLAenza,5/16/2026,-2,5/2/2026,Overall,quantile,0.1,254
INFLAenza,5/16/2026,-2,5/2/2026,Overall,quantile,0.15,267
INFLAenza,5/16/2026,-2,5/2/2026,Overall,quantile,0.2,278
INFLAenza,5/16/2026,-2,5/2/2026,Overall,quantile,0.25,287
INFLAenza,5/16/2026,-2,5/2/2026,Overall,quantile,0.3,295
INFLAenza,5/16/2026,-2,5/2/2026,Overall,quantile,0.35,303
INFLAenza,5/16/2026,-2,5/2/2026,Overall,quantile,0.4,311
INFLAenza,5/16/2026,-2,5/2/2026,Overall,quantile,0.45,318
INFLAenza,5/16/2026,-2,5/2/2026,Overall,quantile,0.5,325
INFLAenza,5/16/2026,-2,5/2/2026,Overall,quantile,0.55,333
INFLAenza,5/16/2026,-2,5/2/2026,Overall,quantile,0.6,342
INFLAenza,5/16/2026,-2,5/2/2026,Overall,quantile,0.65,350
INFLAenza,5/16/2026,-2,5/2/2026,Overall,quantile,0.7,360
INFLAenza,5/16/2026,-2,5/2/2026,Overall,quantile,0.75,370
INFLAenza,5/16/2026,-2,5/2/2026,Overall,quantile,0.8,381
INFLAenza,5/16/2026,-2,5/2/2026,Overall,quantile,0.85,395
INFLAenza,5/16/2026,-2,5/2/2026,Overall,quantile,0.9,412
INFLAenza,5/16/2026,-2,5/2/2026,Overall,quantile,0.95,439
INFLAenza,5/16/2026,-2,5/2/2026,Overall,quantile,0.975,465
INFLAenza,5/16/2026,-2,5/2/2026,Overall,quantile,0.99,494
INFLAenza,5/16/2026,-2,5/2/2026,Pediatrics,quantile,0.01,113
INFLAenza,5/16/2026,-2,5/2/2026,Pediatrics,quantile,0.025,123
INFLAenza,5/16/2026,-2,5/2/2026,Pediatrics,quantile,0.05,132
INFLAenza,5/16/2026,-2,5/2/2026,Pediatrics,quantile,0.1,143
INFLAenza,5/16/2026,-2,5/2/2026,Pediatrics,quantile,0.15,153
INFLAenza,5/16/2026,-2,5/2/2026,Pediatrics,quantile,0.2,161
INFLAenza,5/16/2026,-2,5/2/2026,Pediatrics,quantile,0.25,167
INFLAenza,5/16/2026,-2,5/2/2026,Pediatrics,quantile,0.3,173
INFLAenza,5/16/2026,-2,5/2/2026,Pediatrics,quantile,0.35,179
INFLAenza,5/16/2026,-2,5/2/2026,Pediatrics,quantile,0.4,184
INFLAenza,5/16/2026,-2,5/2/2026,Pediatrics,quantile,0.45,190
INFLAenza,5/16/2026,-2,5/2/2026,Pediatrics,quantile,0.5,195
INFLAenza,5/16/2026,-2,5/2/2026,Pediatrics,quantile,0.55,201
INFLAenza,5/16/2026,-2,5/2/2026,Pediatrics,quantile,0.6,207
INFLAenza,5/16/2026,-2,5/2/2026,Pediatrics,quantile,0.65,214
INFLAenza,5/16/2026,-2,5/2/2026,Pediatrics,quantile,0.7,220
INFLAenza,5/16/2026,-2,5/2/2026,Pediatrics,quantile,0.75,228
INFLAenza,5/16/2026,-2,5/2/2026,Pediatrics,quantile,0.8,237
INFLAenza,5/16/2026,-2,5/2/2026,Pediatrics,quantile,0.85,249
INFLAenza,5/16/2026,-2,5/2/2026,Pediatrics,quantile,0.9,264
INFLAenza,5/16/2026,-2,5/2/2026,Pediatrics,quantile,0.95,285
INFLAenza,5/16/2026,-2,5/2/2026,Pediatrics,quantile,0.975,304
INFLAenza,5/16/2026,-2,5/2/2026,Pediatrics,quantile,0.99,324
INFLAenza,5/16/2026,-1,5/9/2026,Adults,quantile,0.01,75
INFLAenza,5/16/2026,-1,5/9/2026,Adults,quantile,0.025,83
INFLAenza,5/16/2026,-1,5/9/2026,Adults,quantile,0.05,91
INFLAenza,5/16/2026,-1,5/9/2026,Adults,quantile,0.1,102
INFLAenza,5/16/2026,-1,5/9/2026,Adults,quantile,0.15,109
INFLAenza,5/16/2026,-1,5/9/2026,Adults,quantile,0.2,116
INFLAenza,5/16/2026,-1,5/9/2026,Adults,quantile,0.25,121
INFLAenza,5/16/2026,-1,5/9/2026,Adults,quantile,0.3,127
INFLAenza,5/16/2026,-1,5/9/2026,Adults,quantile,0.35,131
INFLAenza,5/16/2026,-1,5/9/2026,Adults,quantile,0.4,136
INFLAenza,5/16/2026,-1,5/9/2026,Adults,quantile,0.45,141
INFLAenza,5/16/2026,-1,5/9/2026,Adults,quantile,0.5,146
INFLAenza,5/16/2026,-1,5/9/2026,Adults,quantile,0.55,151
INFLAenza,5/16/2026,-1,5/9/2026,Adults,quantile,0.6,156
INFLAenza,5/16/2026,-1,5/9/2026,Adults,quantile,0.65,162
INFLAenza,5/16/2026,-1,5/9/2026,Adults,quantile,0.7,168
INFLAenza,5/16/2026,-1,5/9/2026,Adults,quantile,0.75,175
INFLAenza,5/16/2026,-1,5/9/2026,Adults,quantile,0.8,183
INFLAenza,5/16/2026,-1,5/9/2026,Adults,quantile,0.85,192
INFLAenza,5/16/2026,-1,5/9/2026,Adults,quantile,0.9,206
INFLAenza,5/16/2026,-1,5/9/2026,Adults,quantile,0.95,227
INFLAenza,5/16/2026,-1,5/9/2026,Adults,quantile,0.975,245
INFLAenza,5/16/2026,-1,5/9/2026,Adults,quantile,0.99,269
INFLAenza,5/16/2026,-1,5/9/2026,Overall,quantile,0.01,221
INFLAenza,5/16/2026,-1,5/9/2026,Overall,quantile,0.025,240
INFLAenza,5/16/2026,-1,5/9/2026,Overall,quantile,0.05,256
INFLAenza,5/16/2026,-1,5/9/2026,Overall,quantile,0.1,280
INFLAenza,5/16/2026,-1,5/9/2026,Overall,quantile,0.15,296
INFLAenza,5/16/2026,-1,5/9/2026,Overall,quantile,0.2,309
INFLAenza,5/16/2026,-1,5/9/2026,Overall,quantile,0.25,321
INFLAenza,5/16/2026,-1,5/9/2026,Overall,quantile,0.3,331
INFLAenza,5/16/2026,-1,5/9/2026,Overall,quantile,0.35,342
INFLAenza,5/16/2026,-1,5/9/2026,Overall,quantile,0.4,351
INFLAenza,5/16/2026,-1,5/9/2026,Overall,quantile,0.45,361
INFLAenza,5/16/2026,-1,5/9/2026,Overall,quantile,0.5,371
INFLAenza,5/16/2026,-1,5/9/2026,Overall,quantile,0.55,382
INFLAenza,5/16/2026,-1,5/9/2026,Overall,quantile,0.6,393
INFLAenza,5/16/2026,-1,5/9/2026,Overall,quantile,0.65,404
INFLAenza,5/16/2026,-1,5/9/2026,Overall,quantile,0.7,417
INFLAenza,5/16/2026,-1,5/9/2026,Overall,quantile,0.75,433
INFLAenza,5/16/2026,-1,5/9/2026,Overall,quantile,0.8,450
INFLAenza,5/16/2026,-1,5/9/2026,Overall,quantile,0.85,469
INFLAenza,5/16/2026,-1,5/9/2026,Overall,quantile,0.9,494
INFLAenza,5/16/2026,-1,5/9/2026,Overall,quantile,0.95,530
INFLAenza,5/16/2026,-1,5/9/2026,Overall,quantile,0.975,564
INFLAenza,5/16/2026,-1,5/9/2026,Overall,quantile,0.99,600
INFLAenza,5/16/2026,-1,5/9/2026,Pediatrics,quantile,0.01,116
INFLAenza,5/16/2026,-1,5/9/2026,Pediatrics,quantile,0.025,129
INFLAenza,5/16/2026,-1,5/9/2026,Pediatrics,quantile,0.05,142
INFLAenza,5/16/2026,-1,5/9/2026,Pediatrics,quantile,0.1,157
INFLAenza,5/16/2026,-1,5/9/2026,Pediatrics,quantile,0.15,167
INFLAenza,5/16/2026,-1,5/9/2026,Pediatrics,quantile,0.2,176
INFLAenza,5/16/2026,-1,5/9/2026,Pediatrics,quantile,0.25,184
INFLAenza,5/16/2026,-1,5/9/2026,Pediatrics,quantile,0.3,192
INFLAenza,5/16/2026,-1,5/9/2026,Pediatrics,quantile,0.35,200
INFLAenza,5/16/2026,-1,5/9/2026,Pediatrics,quantile,0.4,207
INFLAenza,5/16/2026,-1,5/9/2026,Pediatrics,quantile,0.45,214
INFLAenza,5/16/2026,-1,5/9/2026,Pediatrics,quantile,0.5,221
INFLAenza,5/16/2026,-1,5/9/2026,Pediatrics,quantile,0.55,229
INFLAenza,5/16/2026,-1,5/9/2026,Pediatrics,quantile,0.6,238
INFLAenza,5/16/2026,-1,5/9/2026,Pediatrics,quantile,0.65,245
INFLAenza,5/16/2026,-1,5/9/2026,Pediatrics,quantile,0.7,255
INFLAenza,5/16/2026,-1,5/9/2026,Pediatrics,quantile,0.75,267
INFLAenza,5/16/2026,-1,5/9/2026,Pediatrics,quantile,0.8,279
INFLAenza,5/16/2026,-1,5/9/2026,Pediatrics,quantile,0.85,294
INFLAenza,5/16/2026,-1,5/9/2026,Pediatrics,quantile,0.9,313
INFLAenza,5/16/2026,-1,5/9/2026,Pediatrics,quantile,0.95,341
INFLAenza,5/16/2026,-1,5/9/2026,Pediatrics,quantile,0.975,372
INFLAenza,5/16/2026,-1,5/9/2026,Pediatrics,quantile,0.99,407
INFLAenza,5/16/2026,0,5/16/2026,Adults,quantile,0.01,82
INFLAenza,5/16/2026,0,5/16/2026,Adults,quantile,0.025,93
INFLAenza,5/16/2026,0,5/16/2026,Adults,quantile,0.05,101
INFLAenza,5/16/2026,0,5/16/2026,Adults,quantile,0.1,113
INFLAenza,5/16/2026,0,5/16/2026,Adults,quantile,0.15,123
INFLAenza,5/16/2026,0,5/16/2026,Adults,quantile,0.2,132
INFLAenza,5/16/2026,0,5/16/2026,Adults,quantile,0.25,139
INFLAenza,5/16/2026,0,5/16/2026,Adults,quantile,0.3,146
INFLAenza,5/16/2026,0,5/16/2026,Adults,quantile,0.35,152
INFLAenza,5/16/2026,0,5/16/2026,Adults,quantile,0.4,158
INFLAenza,5/16/2026,0,5/16/2026,Adults,quantile,0.45,165
INFLAenza,5/16/2026,0,5/16/2026,Adults,quantile,0.5,171
INFLAenza,5/16/2026,0,5/16/2026,Adults,quantile,0.55,178
INFLAenza,5/16/2026,0,5/16/2026,Adults,quantile,0.6,185
INFLAenza,5/16/2026,0,5/16/2026,Adults,quantile,0.65,192
INFLAenza,5/16/2026,0,5/16/2026,Adults,quantile,0.7,201
INFLAenza,5/16/2026,0,5/16/2026,Adults,quantile,0.75,209
INFLAenza,5/16/2026,0,5/16/2026,Adults,quantile,0.8,219
INFLAenza,5/16/2026,0,5/16/2026,Adults,quantile,0.85,234
INFLAenza,5/16/2026,0,5/16/2026,Adults,quantile,0.9,250
INFLAenza,5/16/2026,0,5/16/2026,Adults,quantile,0.95,279
INFLAenza,5/16/2026,0,5/16/2026,Adults,quantile,0.975,308
INFLAenza,5/16/2026,0,5/16/2026,Adults,quantile,0.99,339
INFLAenza,5/16/2026,0,5/16/2026,Overall,quantile,0.01,241
INFLAenza,5/16/2026,0,5/16/2026,Overall,quantile,0.025,267
INFLAenza,5/16/2026,0,5/16/2026,Overall,quantile,0.05,286
INFLAenza,5/16/2026,0,5/16/2026,Overall,quantile,0.1,311
INFLAenza,5/16/2026,0,5/16/2026,Overall,quantile,0.15,333
INFLAenza,5/16/2026,0,5/16/2026,Overall,quantile,0.2,351
INFLAenza,5/16/2026,0,5/16/2026,Overall,quantile,0.25,366
INFLAenza,5/16/2026,0,5/16/2026,Overall,quantile,0.3,380
INFLAenza,5/16/2026,0,5/16/2026,Overall,quantile,0.35,394
INFLAenza,5/16/2026,0,5/16/2026,Overall,quantile,0.4,408
INFLAenza,5/16/2026,0,5/16/2026,Overall,quantile,0.45,421
INFLAenza,5/16/2026,0,5/16/2026,Overall,quantile,0.5,435
INFLAenza,5/16/2026,0,5/16/2026,Overall,quantile,0.55,449
INFLAenza,5/16/2026,0,5/16/2026,Overall,quantile,0.6,463
INFLAenza,5/16/2026,0,5/16/2026,Overall,quantile,0.65,479
INFLAenza,5/16/2026,0,5/16/2026,Overall,quantile,0.7,495
INFLAenza,5/16/2026,0,5/16/2026,Overall,quantile,0.75,515
INFLAenza,5/16/2026,0,5/16/2026,Overall,quantile,0.8,540
INFLAenza,5/16/2026,0,5/16/2026,Overall,quantile,0.85,564
INFLAenza,5/16/2026,0,5/16/2026,Overall,quantile,0.9,601
INFLAenza,5/16/2026,0,5/16/2026,Overall,quantile,0.95,654
INFLAenza,5/16/2026,0,5/16/2026,Overall,quantile,0.975,702
INFLAenza,5/16/2026,0,5/16/2026,Overall,quantile,0.99,760
INFLAenza,5/16/2026,0,5/16/2026,Pediatrics,quantile,0.01,129
INFLAenza,5/16/2026,0,5/16/2026,Pediatrics,quantile,0.025,142
INFLAenza,5/16/2026,0,5/16/2026,Pediatrics,quantile,0.05,155
INFLAenza,5/16/2026,0,5/16/2026,Pediatrics,quantile,0.1,173
INFLAenza,5/16/2026,0,5/16/2026,Pediatrics,quantile,0.15,187
INFLAenza,5/16/2026,0,5/16/2026,Pediatrics,quantile,0.2,198
INFLAenza,5/16/2026,0,5/16/2026,Pediatrics,quantile,0.25,209
INFLAenza,5/16/2026,0,5/16/2026,Pediatrics,quantile,0.3,218
INFLAenza,5/16/2026,0,5/16/2026,Pediatrics,quantile,0.35,228
INFLAenza,5/16/2026,0,5/16/2026,Pediatrics,quantile,0.4,238
INFLAenza,5/16/2026,0,5/16/2026,Pediatrics,quantile,0.45,248
INFLAenza,5/16/2026,0,5/16/2026,Pediatrics,quantile,0.5,257
INFLAenza,5/16/2026,0,5/16/2026,Pediatrics,quantile,0.55,267
INFLAenza,5/16/2026,0,5/16/2026,Pediatrics,quantile,0.6,278
INFLAenza,5/16/2026,0,5/16/2026,Pediatrics,quantile,0.65,289
INFLAenza,5/16/2026,0,5/16/2026,Pediatrics,quantile,0.7,302
INFLAenza,5/16/2026,0,5/16/2026,Pediatrics,quantile,0.75,317
INFLAenza,5/16/2026,0,5/16/2026,Pediatrics,quantile,0.8,334
INFLAenza,5/16/2026,0,5/16/2026,Pediatrics,quantile,0.85,354
INFLAenza,5/16/2026,0,5/16/2026,Pediatrics,quantile,0.9,382
INFLAenza,5/16/2026,0,5/16/2026,Pediatrics,quantile,0.95,424
INFLAenza,5/16/2026,0,5/16/2026,Pediatrics,quantile,0.975,463
INFLAenza,5/16/2026,0,5/16/2026,Pediatrics,quantile,0.99,507
INFLAenza,5/16/2026,1,5/23/2026,Adults,quantile,0.01,94
INFLAenza,5/16/2026,1,5/23/2026,Adults,quantile,0.025,106
INFLAenza,5/16/2026,1,5/23/2026,Adults,quantile,0.05,118
INFLAenza,5/16/2026,1,5/23/2026,Adults,quantile,0.1,133
INFLAenza,5/16/2026,1,5/23/2026,Adults,quantile,0.15,144
INFLAenza,5/16/2026,1,5/23/2026,Adults,quantile,0.2,156
INFLAenza,5/16/2026,1,5/23/2026,Adults,quantile,0.25,165
INFLAenza,5/16/2026,1,5/23/2026,Adults,quantile,0.3,173
INFLAenza,5/16/2026,1,5/23/2026,Adults,quantile,0.35,182
INFLAenza,5/16/2026,1,5/23/2026,Adults,quantile,0.4,190
INFLAenza,5/16/2026,1,5/23/2026,Adults,quantile,0.45,198
INFLAenza,5/16/2026,1,5/23/2026,Adults,quantile,0.5,207
INFLAenza,5/16/2026,1,5/23/2026,Adults,quantile,0.55,216
INFLAenza,5/16/2026,1,5/23/2026,Adults,quantile,0.6,224
INFLAenza,5/16/2026,1,5/23/2026,Adults,quantile,0.65,235
INFLAenza,5/16/2026,1,5/23/2026,Adults,quantile,0.7,245
INFLAenza,5/16/2026,1,5/23/2026,Adults,quantile,0.75,257
INFLAenza,5/16/2026,1,5/23/2026,Adults,quantile,0.8,271
INFLAenza,5/16/2026,1,5/23/2026,Adults,quantile,0.85,289
INFLAenza,5/16/2026,1,5/23/2026,Adults,quantile,0.9,313
INFLAenza,5/16/2026,1,5/23/2026,Adults,quantile,0.95,354
INFLAenza,5/16/2026,1,5/23/2026,Adults,quantile,0.975,384
INFLAenza,5/16/2026,1,5/23/2026,Adults,quantile,0.99,439
INFLAenza,5/16/2026,1,5/23/2026,Overall,quantile,0.01,278
INFLAenza,5/16/2026,1,5/23/2026,Overall,quantile,0.025,303
INFLAenza,5/16/2026,1,5/23/2026,Overall,quantile,0.05,334
INFLAenza,5/16/2026,1,5/23/2026,Overall,quantile,0.1,369
INFLAenza,5/16/2026,1,5/23/2026,Overall,quantile,0.15,393
INFLAenza,5/16/2026,1,5/23/2026,Overall,quantile,0.2,414
INFLAenza,5/16/2026,1,5/23/2026,Overall,quantile,0.25,434
INFLAenza,5/16/2026,1,5/23/2026,Overall,quantile,0.3,452
INFLAenza,5/16/2026,1,5/23/2026,Overall,quantile,0.35,468
INFLAenza,5/16/2026,1,5/23/2026,Overall,quantile,0.4,485
INFLAenza,5/16/2026,1,5/23/2026,Overall,quantile,0.45,503
INFLAenza,5/16/2026,1,5/23/2026,Overall,quantile,0.5,519
INFLAenza,5/16/2026,1,5/23/2026,Overall,quantile,0.55,536
INFLAenza,5/16/2026,1,5/23/2026,Overall,quantile,0.6,556
INFLAenza,5/16/2026,1,5/23/2026,Overall,quantile,0.65,576
INFLAenza,5/16/2026,1,5/23/2026,Overall,quantile,0.7,598
INFLAenza,5/16/2026,1,5/23/2026,Overall,quantile,0.75,624
INFLAenza,5/16/2026,1,5/23/2026,Overall,quantile,0.8,653
INFLAenza,5/16/2026,1,5/23/2026,Overall,quantile,0.85,690
INFLAenza,5/16/2026,1,5/23/2026,Overall,quantile,0.9,736
INFLAenza,5/16/2026,1,5/23/2026,Overall,quantile,0.95,806
INFLAenza,5/16/2026,1,5/23/2026,Overall,quantile,0.975,881
INFLAenza,5/16/2026,1,5/23/2026,Overall,quantile,0.99,980
INFLAenza,5/16/2026,1,5/23/2026,Pediatrics,quantile,0.01,143
INFLAenza,5/16/2026,1,5/23/2026,Pediatrics,quantile,0.025,162
INFLAenza,5/16/2026,1,5/23/2026,Pediatrics,quantile,0.05,178
INFLAenza,5/16/2026,1,5/23/2026,Pediatrics,quantile,0.1,200
INFLAenza,5/16/2026,1,5/23/2026,Pediatrics,quantile,0.15,217
INFLAenza,5/16/2026,1,5/23/2026,Pediatrics,quantile,0.2,231
INFLAenza,5/16/2026,1,5/23/2026,Pediatrics,quantile,0.25,245
INFLAenza,5/16/2026,1,5/23/2026,Pediatrics,quantile,0.3,258
INFLAenza,5/16/2026,1,5/23/2026,Pediatrics,quantile,0.35,268
INFLAenza,5/16/2026,1,5/23/2026,Pediatrics,quantile,0.4,280
INFLAenza,5/16/2026,1,5/23/2026,Pediatrics,quantile,0.45,292
INFLAenza,5/16/2026,1,5/23/2026,Pediatrics,quantile,0.5,305
INFLAenza,5/16/2026,1,5/23/2026,Pediatrics,quantile,0.55,318
INFLAenza,5/16/2026,1,5/23/2026,Pediatrics,quantile,0.6,331
INFLAenza,5/16/2026,1,5/23/2026,Pediatrics,quantile,0.65,347
INFLAenza,5/16/2026,1,5/23/2026,Pediatrics,quantile,0.7,361
INFLAenza,5/16/2026,1,5/23/2026,Pediatrics,quantile,0.75,379
INFLAenza,5/16/2026,1,5/23/2026,Pediatrics,quantile,0.8,404
INFLAenza,5/16/2026,1,5/23/2026,Pediatrics,quantile,0.85,430
INFLAenza,5/16/2026,1,5/23/2026,Pediatrics,quantile,0.9,464
INFLAenza,5/16/2026,1,5/23/2026,Pediatrics,quantile,0.95,523
INFLAenza,5/16/2026,1,5/23/2026,Pediatrics,quantile,0.975,578
INFLAenza,5/16/2026,1,5/23/2026,Pediatrics,quantile,0.99,657
INFLAenza,5/16/2026,2,5/30/2026,Adults,quantile,0.01,104
INFLAenza,5/16/2026,2,5/30/2026,Adults,quantile,0.025,118
INFLAenza,5/16/2026,2,5/30/2026,Adults,quantile,0.05,133
INFLAenza,5/16/2026,2,5/30/2026,Adults,quantile,0.1,155
INFLAenza,5/16/2026,2,5/30/2026,Adults,quantile,0.15,168
INFLAenza,5/16/2026,2,5/30/2026,Adults,quantile,0.2,181
INFLAenza,5/16/2026,2,5/30/2026,Adults,quantile,0.25,192
INFLAenza,5/16/2026,2,5/30/2026,Adults,quantile,0.3,202
INFLAenza,5/16/2026,2,5/30/2026,Adults,quantile,0.35,213
INFLAenza,5/16/2026,2,5/30/2026,Adults,quantile,0.4,223
INFLAenza,5/16/2026,2,5/30/2026,Adults,quantile,0.45,232
INFLAenza,5/16/2026,2,5/30/2026,Adults,quantile,0.5,244
INFLAenza,5/16/2026,2,5/30/2026,Adults,quantile,0.55,254
INFLAenza,5/16/2026,2,5/30/2026,Adults,quantile,0.6,267
INFLAenza,5/16/2026,2,5/30/2026,Adults,quantile,0.65,280
INFLAenza,5/16/2026,2,5/30/2026,Adults,quantile,0.7,295
INFLAenza,5/16/2026,2,5/30/2026,Adults,quantile,0.75,310
INFLAenza,5/16/2026,2,5/30/2026,Adults,quantile,0.8,329
INFLAenza,5/16/2026,2,5/30/2026,Adults,quantile,0.85,352
INFLAenza,5/16/2026,2,5/30/2026,Adults,quantile,0.9,384
INFLAenza,5/16/2026,2,5/30/2026,Adults,quantile,0.95,440
INFLAenza,5/16/2026,2,5/30/2026,Adults,quantile,0.975,491
INFLAenza,5/16/2026,2,5/30/2026,Adults,quantile,0.99,557
INFLAenza,5/16/2026,2,5/30/2026,Overall,quantile,0.01,303
INFLAenza,5/16/2026,2,5/30/2026,Overall,quantile,0.025,340
INFLAenza,5/16/2026,2,5/30/2026,Overall,quantile,0.05,381
INFLAenza,5/16/2026,2,5/30/2026,Overall,quantile,0.1,419
INFLAenza,5/16/2026,2,5/30/2026,Overall,quantile,0.15,452
INFLAenza,5/16/2026,2,5/30/2026,Overall,quantile,0.2,480
INFLAenza,5/16/2026,2,5/30/2026,Overall,quantile,0.25,504
INFLAenza,5/16/2026,2,5/30/2026,Overall,quantile,0.3,526
INFLAenza,5/16/2026,2,5/30/2026,Overall,quantile,0.35,546
INFLAenza,5/16/2026,2,5/30/2026,Overall,quantile,0.4,567
INFLAenza,5/16/2026,2,5/30/2026,Overall,quantile,0.45,590
INFLAenza,5/16/2026,2,5/30/2026,Overall,quantile,0.5,612
INFLAenza,5/16/2026,2,5/30/2026,Overall,quantile,0.55,636
INFLAenza,5/16/2026,2,5/30/2026,Overall,quantile,0.6,662
INFLAenza,5/16/2026,2,5/30/2026,Overall,quantile,0.65,689
INFLAenza,5/16/2026,2,5/30/2026,Overall,quantile,0.7,717
INFLAenza,5/16/2026,2,5/30/2026,Overall,quantile,0.75,745
INFLAenza,5/16/2026,2,5/30/2026,Overall,quantile,0.8,785
INFLAenza,5/16/2026,2,5/30/2026,Overall,quantile,0.85,830
INFLAenza,5/16/2026,2,5/30/2026,Overall,quantile,0.9,887
INFLAenza,5/16/2026,2,5/30/2026,Overall,quantile,0.95,991
INFLAenza,5/16/2026,2,5/30/2026,Overall,quantile,0.975,1084
INFLAenza,5/16/2026,2,5/30/2026,Overall,quantile,0.99,1197
INFLAenza,5/16/2026,2,5/30/2026,Pediatrics,quantile,0.01,158
INFLAenza,5/16/2026,2,5/30/2026,Pediatrics,quantile,0.025,178
INFLAenza,5/16/2026,2,5/30/2026,Pediatrics,quantile,0.05,198
INFLAenza,5/16/2026,2,5/30/2026,Pediatrics,quantile,0.1,227
INFLAenza,5/16/2026,2,5/30/2026,Pediatrics,quantile,0.15,245
INFLAenza,5/16/2026,2,5/30/2026,Pediatrics,quantile,0.2,264
INFLAenza,5/16/2026,2,5/30/2026,Pediatrics,quantile,0.25,280
INFLAenza,5/16/2026,2,5/30/2026,Pediatrics,quantile,0.3,296
INFLAenza,5/16/2026,2,5/30/2026,Pediatrics,quantile,0.35,310
INFLAenza,5/16/2026,2,5/30/2026,Pediatrics,quantile,0.4,326
INFLAenza,5/16/2026,2,5/30/2026,Pediatrics,quantile,0.45,342
INFLAenza,5/16/2026,2,5/30/2026,Pediatrics,quantile,0.5,356
INFLAenza,5/16/2026,2,5/30/2026,Pediatrics,quantile,0.55,372
INFLAenza,5/16/2026,2,5/30/2026,Pediatrics,quantile,0.6,390
INFLAenza,5/16/2026,2,5/30/2026,Pediatrics,quantile,0.65,409
INFLAenza,5/16/2026,2,5/30/2026,Pediatrics,quantile,0.7,431
INFLAenza,5/16/2026,2,5/30/2026,Pediatrics,quantile,0.75,456
INFLAenza,5/16/2026,2,5/30/2026,Pediatrics,quantile,0.8,481
INFLAenza,5/16/2026,2,5/30/2026,Pediatrics,quantile,0.85,513
INFLAenza,5/16/2026,2,5/30/2026,Pediatrics,quantile,0.9,562
INFLAenza,5/16/2026,2,5/30/2026,Pediatrics,quantile,0.95,637
INFLAenza,5/16/2026,2,5/30/2026,Pediatrics,quantile,0.975,716
INFLAenza,5/16/2026,2,5/30/2026,Pediatrics,quantile,0.99,811
INFLAenza,5/16/2026,3,6/6/2026,Adults,quantile,0.01,116
INFLAenza,5/16/2026,3,6/6/2026,Adults,quantile,0.025,133
INFLAenza,5/16/2026,3,6/6/2026,Adults,quantile,0.05,151
INFLAenza,5/16/2026,3,6/6/2026,Adults,quantile,0.1,175
INFLAenza,5/16/2026,3,6/6/2026,Adults,quantile,0.15,194
INFLAenza,5/16/2026,3,6/6/2026,Adults,quantile,0.2,209
INFLAenza,5/16/2026,3,6/6/2026,Adults,quantile,0.25,222
INFLAenza,5/16/2026,3,6/6/2026,Adults,quantile,0.3,238
INFLAenza,5/16/2026,3,6/6/2026,Adults,quantile,0.35,251
INFLAenza,5/16/2026,3,6/6/2026,Adults,quantile,0.4,263
INFLAenza,5/16/2026,3,6/6/2026,Adults,quantile,0.45,276
INFLAenza,5/16/2026,3,6/6/2026,Adults,quantile,0.5,290
INFLAenza,5/16/2026,3,6/6/2026,Adults,quantile,0.55,304
INFLAenza,5/16/2026,3,6/6/2026,Adults,quantile,0.6,317
INFLAenza,5/16/2026,3,6/6/2026,Adults,quantile,0.65,333
INFLAenza,5/16/2026,3,6/6/2026,Adults,quantile,0.7,351
INFLAenza,5/16/2026,3,6/6/2026,Adults,quantile,0.75,372
INFLAenza,5/16/2026,3,6/6/2026,Adults,quantile,0.8,398
INFLAenza,5/16/2026,3,6/6/2026,Adults,quantile,0.85,428
INFLAenza,5/16/2026,3,6/6/2026,Adults,quantile,0.9,469
INFLAenza,5/16/2026,3,6/6/2026,Adults,quantile,0.95,531
INFLAenza,5/16/2026,3,6/6/2026,Adults,quantile,0.975,595
INFLAenza,5/16/2026,3,6/6/2026,Adults,quantile,0.99,692
INFLAenza,5/16/2026,3,6/6/2026,Overall,quantile,0.01,345
INFLAenza,5/16/2026,3,6/6/2026,Overall,quantile,0.025,385
INFLAenza,5/16/2026,3,6/6/2026,Overall,quantile,0.05,427
INFLAenza,5/16/2026,3,6/6/2026,Overall,quantile,0.1,480
INFLAenza,5/16/2026,3,6/6/2026,Overall,quantile,0.15,521
INFLAenza,5/16/2026,3,6/6/2026,Overall,quantile,0.2,557
INFLAenza,5/16/2026,3,6/6/2026,Overall,quantile,0.25,584
INFLAenza,5/16/2026,3,6/6/2026,Overall,quantile,0.3,611
INFLAenza,5/16/2026,3,6/6/2026,Overall,quantile,0.35,637
INFLAenza,5/16/2026,3,6/6/2026,Overall,quantile,0.4,665
INFLAenza,5/16/2026,3,6/6/2026,Overall,quantile,0.45,694
INFLAenza,5/16/2026,3,6/6/2026,Overall,quantile,0.5,723
INFLAenza,5/16/2026,3,6/6/2026,Overall,quantile,0.55,751
INFLAenza,5/16/2026,3,6/6/2026,Overall,quantile,0.6,782
INFLAenza,5/16/2026,3,6/6/2026,Overall,quantile,0.65,811
INFLAenza,5/16/2026,3,6/6/2026,Overall,quantile,0.7,848
INFLAenza,5/16/2026,3,6/6/2026,Overall,quantile,0.75,891
INFLAenza,5/16/2026,3,6/6/2026,Overall,quantile,0.8,938
INFLAenza,5/16/2026,3,6/6/2026,Overall,quantile,0.85,992
INFLAenza,5/16/2026,3,6/6/2026,Overall,quantile,0.9,1068
INFLAenza,5/16/2026,3,6/6/2026,Overall,quantile,0.95,1185
INFLAenza,5/16/2026,3,6/6/2026,Overall,quantile,0.975,1311
INFLAenza,5/16/2026,3,6/6/2026,Overall,quantile,0.99,1464
INFLAenza,5/16/2026,3,6/6/2026,Pediatrics,quantile,0.01,170
INFLAenza,5/16/2026,3,6/6/2026,Pediatrics,quantile,0.025,196
INFLAenza,5/16/2026,3,6/6/2026,Pediatrics,quantile,0.05,221
INFLAenza,5/16/2026,3,6/6/2026,Pediatrics,quantile,0.1,256
INFLAenza,5/16/2026,3,6/6/2026,Pediatrics,quantile,0.15,281
INFLAenza,5/16/2026,3,6/6/2026,Pediatrics,quantile,0.2,303
INFLAenza,5/16/2026,3,6/6/2026,Pediatrics,quantile,0.25,323
INFLAenza,5/16/2026,3,6/6/2026,Pediatrics,quantile,0.3,342
INFLAenza,5/16/2026,3,6/6/2026,Pediatrics,quantile,0.35,361
INFLAenza,5/16/2026,3,6/6/2026,Pediatrics,quantile,0.4,378
INFLAenza,5/16/2026,3,6/6/2026,Pediatrics,quantile,0.45,397
INFLAenza,5/16/2026,3,6/6/2026,Pediatrics,quantile,0.5,416
INFLAenza,5/16/2026,3,6/6/2026,Pediatrics,quantile,0.55,437
INFLAenza,5/16/2026,3,6/6/2026,Pediatrics,quantile,0.6,459
INFLAenza,5/16/2026,3,6/6/2026,Pediatrics,quantile,0.65,483
INFLAenza,5/16/2026,3,6/6/2026,Pediatrics,quantile,0.7,509
INFLAenza,5/16/2026,3,6/6/2026,Pediatrics,quantile,0.75,537
INFLAenza,5/16/2026,3,6/6/2026,Pediatrics,quantile,0.8,572
INFLAenza,5/16/2026,3,6/6/2026,Pediatrics,quantile,0.85,611
INFLAenza,5/16/2026,3,6/6/2026,Pediatrics,quantile,0.9,668
INFLAenza,5/16/2026,3,6/6/2026,Pediatrics,quantile,0.95,768
INFLAenza,5/16/2026,3,6/6/2026,Pediatrics,quantile,0.975,858
INFLAenza,5/16/2026,3,6/6/2026,Pediatrics,quantile,0.99,979
Copycat,5/16/2026,-3,4/25/2026,Adults,quantile,0.01,75
Copycat,5/16/2026,-3,4/25/2026,Adults,quantile,0.025,80
Copycat,5/16/2026,-3,4/25/2026,Adults,quantile,0.05,84
Copycat,5/16/2026,-3,4/25/2026,Adults,quantile,0.1,88
Copycat,5/16/2026,-3,4/25/2026,Adults,quantile,0.15,92
Copycat,5/16/2026,-3,4/25/2026,Adults,quantile,0.2,94
Copycat,5/16/2026,-3,4/25/2026,Adults,quantile,0.25,96
Copycat,5/16/2026,-3,4/25/2026,Adults,quantile,0.3,98
Copycat,5/16/2026,-3,4/25/2026,Adults,quantile,0.35,100
Copycat,5/16/2026,-3,4/25/2026,Adults,quantile,0.4,102
Copycat,5/16/2026,-3,4/25/2026,Adults,quantile,0.45,104
Copycat,5/16/2026,-3,4/25/2026,Adults,quantile,0.5,105
Copycat,5/16/2026,-3,4/25/2026,Adults,quantile,0.55,107
Copycat,5/16/2026,-3,4/25/2026,Adults,quantile,0.6,109
Copycat,5/16/2026,-3,4/25/2026,Adults,quantile,0.65,111
Copycat,5/16/2026,-3,4/25/2026,Adults,quantile,0.7,113
Copycat,5/16/2026,-3,4/25/2026,Adults,quantile,0.75,116
Copycat,5/16/2026,-3,4/25/2026,Adults,quantile,0.8,118
Copycat,5/16/2026,-3,4/25/2026,Adults,quantile,0.85,121
Copycat,5/16/2026,-3,4/25/2026,Adults,quantile,0.9,125
Copycat,5/16/2026,-3,4/25/2026,Adults,quantile,0.95,130
Copycat,5/16/2026,-3,4/25/2026,Adults,quantile,0.975,134
Copycat,5/16/2026,-3,4/25/2026,Adults,quantile,0.99,141
Copycat,5/16/2026,-2,5/2/2026,Adults,quantile,0.01,78
Copycat,5/16/2026,-2,5/2/2026,Adults,quantile,0.025,81
Copycat,5/16/2026,-2,5/2/2026,Adults,quantile,0.05,87
Copycat,5/16/2026,-2,5/2/2026,Adults,quantile,0.1,94
Copycat,5/16/2026,-2,5/2/2026,Adults,quantile,0.15,98
Copycat,5/16/2026,-2,5/2/2026,Adults,quantile,0.2,101
Copycat,5/16/2026,-2,5/2/2026,Adults,quantile,0.25,104
Copycat,5/16/2026,-2,5/2/2026,Adults,quantile,0.3,107
Copycat,5/16/2026,-2,5/2/2026,Adults,quantile,0.35,110
Copycat,5/16/2026,-2,5/2/2026,Adults,quantile,0.4,112
Copycat,5/16/2026,-2,5/2/2026,Adults,quantile,0.45,114
Copycat,5/16/2026,-2,5/2/2026,Adults,quantile,0.5,116
Copycat,5/16/2026,-2,5/2/2026,Adults,quantile,0.55,118
Copycat,5/16/2026,-2,5/2/2026,Adults,quantile,0.6,121
Copycat,5/16/2026,-2,5/2/2026,Adults,quantile,0.65,124
Copycat,5/16/2026,-2,5/2/2026,Adults,quantile,0.7,128
Copycat,5/16/2026,-2,5/2/2026,Adults,quantile,0.75,132
Copycat,5/16/2026,-2,5/2/2026,Adults,quantile,0.8,135
Copycat,5/16/2026,-2,5/2/2026,Adults,quantile,0.85,138
Copycat,5/16/2026,-2,5/2/2026,Adults,quantile,0.9,144
Copycat,5/16/2026,-2,5/2/2026,Adults,quantile,0.95,149
Copycat,5/16/2026,-2,5/2/2026,Adults,quantile,0.975,159
Copycat,5/16/2026,-2,5/2/2026,Adults,quantile,0.99,166
Copycat,5/16/2026,-1,5/9/2026,Adults,quantile,0.01,77
Copycat,5/16/2026,-1,5/9/2026,Adults,quantile,0.025,83
Copycat,5/16/2026,-1,5/9/2026,Adults,quantile,0.05,90
Copycat,5/16/2026,-1,5/9/2026,Adults,quantile,0.1,99
Copycat,5/16/2026,-1,5/9/2026,Adults,quantile,0.15,105
Copycat,5/16/2026,-1,5/9/2026,Adults,quantile,0.2,110
Copycat,5/16/2026,-1,5/9/2026,Adults,quantile,0.25,114
Copycat,5/16/2026,-1,5/9/2026,Adults,quantile,0.3,119
Copycat,5/16/2026,-1,5/9/2026,Adults,quantile,0.35,122
Copycat,5/16/2026,-1,5/9/2026,Adults,quantile,0.4,125
Copycat,5/16/2026,-1,5/9/2026,Adults,quantile,0.45,129
Copycat,5/16/2026,-1,5/9/2026,Adults,quantile,0.5,133
Copycat,5/16/2026,-1,5/9/2026,Adults,quantile,0.55,136
Copycat,5/16/2026,-1,5/9/2026,Adults,quantile,0.6,140
Copycat,5/16/2026,-1,5/9/2026,Adults,quantile,0.65,144
Copycat,5/16/2026,-1,5/9/2026,Adults,quantile,0.7,148
Copycat,5/16/2026,-1,5/9/2026,Adults,quantile,0.75,152
Copycat,5/16/2026,-1,5/9/2026,Adults,quantile,0.8,159
Copycat,5/16/2026,-1,5/9/2026,Adults,quantile,0.85,164
Copycat,5/16/2026,-1,5/9/2026,Adults,quantile,0.9,174
Copycat,5/16/2026,-1,5/9/2026,Adults,quantile,0.95,188
Copycat,5/16/2026,-1,5/9/2026,Adults,quantile,0.975,200
Copycat,5/16/2026,-1,5/9/2026,Adults,quantile,0.99,213
Copycat,5/16/2026,0,5/16/2026,Adults,quantile,0.01,81
Copycat,5/16/2026,0,5/16/2026,Adults,quantile,0.025,89
Copycat,5/16/2026,0,5/16/2026,Adults,quantile,0.05,96
Copycat,5/16/2026,0,5/16/2026,Adults,quantile,0.1,107
Copycat,5/16/2026,0,5/16/2026,Adults,quantile,0.15,115
Copycat,5/16/2026,0,5/16/2026,Adults,quantile,0.2,122
Copycat,5/16/2026,0,5/16/2026,Adults,quantile,0.25,127
Copycat,5/16/2026,0,5/16/2026,Adults,quantile,0.3,132
Copycat,5/16/2026,0,5/16/2026,Adults,quantile,0.35,136
Copycat,5/16/2026,0,5/16/2026,Adults,quantile,0.4,141
Copycat,5/16/2026,0,5/16/2026,Adults,quantile,0.45,146
Copycat,5/16/2026,0,5/16/2026,Adults,quantile,0.5,150
Copycat,5/16/2026,0,5/16/2026,Adults,quantile,0.55,156
Copycat,5/16/2026,0,5/16/2026,Adults,quantile,0.6,160
Copycat,5/16/2026,0,5/16/2026,Adults,quantile,0.65,167
Copycat,5/16/2026,0,5/16/2026,Adults,quantile,0.7,171
Copycat,5/16/2026,0,5/16/2026,Adults,quantile,0.75,178
Copycat,5/16/2026,0,5/16/2026,Adults,quantile,0.8,186
Copycat,5/16/2026,0,5/16/2026,Adults,quantile,0.85,195
Copycat,5/16/2026,0,5/16/2026,Adults,quantile,0.9,210
Copycat,5/16/2026,0,5/16/2026,Adults,quantile,0.95,232
Copycat,5/16/2026,0,5/16/2026,Adults,quantile,0.975,248
Copycat,5/16/2026,0,5/16/2026,Adults,quantile,0.99,271
Copycat,5/16/2026,1,5/23/2026,Adults,quantile,0.01,84
Copycat,5/16/2026,1,5/23/2026,Adults,quantile,0.025,93
Copycat,5/16/2026,1,5/23/2026,Adults,quantile,0.05,105
Copycat,5/16/2026,1,5/23/2026,Adults,quantile,0.1,119
Copycat,5/16/2026,1,5/23/2026,Adults,quantile,0.15,126
Copycat,5/16/2026,1,5/23/2026,Adults,quantile,0.2,134
Copycat,5/16/2026,1,5/23/2026,Adults,quantile,0.25,140
Copycat,5/16/2026,1,5/23/2026,Adults,quantile,0.3,146
Copycat,5/16/2026,1,5/23/2026,Adults,quantile,0.35,153
Copycat,5/16/2026,1,5/23/2026,Adults,quantile,0.4,159
Copycat,5/16/2026,1,5/23/2026,Adults,quantile,0.45,163
Copycat,5/16/2026,1,5/23/2026,Adults,quantile,0.5,168
Copycat,5/16/2026,1,5/23/2026,Adults,quantile,0.55,174
Copycat,5/16/2026,1,5/23/2026,Adults,quantile,0.6,181
Copycat,5/16/2026,1,5/23/2026,Adults,quantile,0.65,189
Copycat,5/16/2026,1,5/23/2026,Adults,quantile,0.7,195
Copycat,5/16/2026,1,5/23/2026,Adults,quantile,0.75,208
Copycat,5/16/2026,1,5/23/2026,Adults,quantile,0.8,218
Copycat,5/16/2026,1,5/23/2026,Adults,quantile,0.85,236
Copycat,5/16/2026,1,5/23/2026,Adults,quantile,0.9,257
Copycat,5/16/2026,1,5/23/2026,Adults,quantile,0.95,287
Copycat,5/16/2026,1,5/23/2026,Adults,quantile,0.975,309
Copycat,5/16/2026,1,5/23/2026,Adults,quantile,0.99,328
Copycat,5/16/2026,2,5/30/2026,Adults,quantile,0.01,92
Copycat,5/16/2026,2,5/30/2026,Adults,quantile,0.025,102
Copycat,5/16/2026,2,5/30/2026,Adults,quantile,0.05,111
Copycat,5/16/2026,2,5/30/2026,Adults,quantile,0.1,125
Copycat,5/16/2026,2,5/30/2026,Adults,quantile,0.15,135
Copycat,5/16/2026,2,5/30/2026,Adults,quantile,0.2,144
Copycat,5/16/2026,2,5/30/2026,Adults,quantile,0.25,153
Copycat,5/16/2026,2,5/30/2026,Adults,quantile,0.3,161
Copycat,5/16/2026,2,5/30/2026,Adults,quantile,0.35,167
Copycat,5/16/2026,2,5/30/2026,Adults,quantile,0.4,175
Copycat,5/16/2026,2,5/30/2026,Adults,quantile,0.45,182
Copycat,5/16/2026,2,5/30/2026,Adults,quantile,0.5,188
Copycat,5/16/2026,2,5/30/2026,Adults,quantile,0.55,195
Copycat,5/16/2026,2,5/30/2026,Adults,quantile,0.6,203
Copycat,5/16/2026,2,5/30/2026,Adults,quantile,0.65,215
Copycat,5/16/2026,2,5/30/2026,Adults,quantile,0.7,226
Copycat,5/16/2026,2,5/30/2026,Adults,quantile,0.75,239
Copycat,5/16/2026,2,5/30/2026,Adults,quantile,0.8,254
Copycat,5/16/2026,2,5/30/2026,Adults,quantile,0.85,277
Copycat,5/16/2026,2,5/30/2026,Adults,quantile,0.9,305
Copycat,5/16/2026,2,5/30/2026,Adults,quantile,0.95,337
Copycat,5/16/2026,2,5/30/2026,Adults,quantile,0.975,370
Copycat,5/16/2026,2,5/30/2026,Adults,quantile,0.99,403
Copycat,5/16/2026,3,6/6/2026,Adults,quantile,0.01,90
Copycat,5/16/2026,3,6/6/2026,Adults,quantile,0.025,102
Copycat,5/16/2026,3,6/6/2026,Adults,quantile,0.05,118
Copycat,5/16/2026,3,6/6/2026,Adults,quantile,0.1,132
Copycat,5/16/2026,3,6/6/2026,Adults,quantile,0.15,142
Copycat,5/16/2026,3,6/6/2026,Adults,quantile,0.2,153
Copycat,5/16/2026,3,6/6/2026,Adults,quantile,0.25,164
Copycat,5/16/2026,3,6/6/2026,Adults,quantile,0.3,171
Copycat,5/16/2026,3,6/6/2026,Adults,quantile,0.35,181
Copycat,5/16/2026,3,6/6/2026,Adults,quantile,0.4,190
Copycat,5/16/2026,3,6/6/2026,Adults,quantile,0.45,199
Copycat,5/16/2026,3,6/6/2026,Adults,quantile,0.5,209
Copycat,5/16/2026,3,6/6/2026,Adults,quantile,0.55,218
Copycat,5/16/2026,3,6/6/2026,Adults,quantile,0.6,229
Copycat,5/16/2026,3,6/6/2026,Adults,quantile,0.65,242
Copycat,5/16/2026,3,6/6/2026,Adults,quantile,0.7,255
Copycat,5/16/2026,3,6/6/2026,Adults,quantile,0.75,275
Copycat,5/16/2026,3,6/6/2026,Adults,quantile,0.8,293
Copycat,5/16/2026,3,6/6/2026,Adults,quantile,0.85,326
Copycat,5/16/2026,3,6/6/2026,Adults,quantile,0.9,353
Copycat,5/16/2026,3,6/6/2026,Adults,quantile,0.95,400
Copycat,5/16/2026,3,6/6/2026,Adults,quantile,0.975,444
Copycat,5/16/2026,3,6/6/2026,Adults,quantile,0.99,487
Copycat,5/16/2026,-3,4/25/2026,Overall,quantile,0.01,229
Copycat,5/16/2026,-3,4/25/2026,Overall,quantile,0.025,239
Copycat,5/16/2026,-3,4/25/2026,Overall,quantile,0.05,249
Copycat,5/16/2026,-3,4/25/2026,Overall,quantile,0.1,259
Copycat,5/16/2026,-3,4/25/2026,Overall,quantile,0.15,267
Copycat,5/16/2026,-3,4/25/2026,Overall,quantile,0.2,273
Copycat,5/16/2026,-3,4/25/2026,Overall,quantile,0.25,278
Copycat,5/16/2026,-3,4/25/2026,Overall,quantile,0.3,283
Copycat,5/16/2026,-3,4/25/2026,Overall,quantile,0.35,287
Copycat,5/16/2026,-3,4/25/2026,Overall,quantile,0.4,291
Copycat,5/16/2026,-3,4/25/2026,Overall,quantile,0.45,295
Copycat,5/16/2026,-3,4/25/2026,Overall,quantile,0.5,298
Copycat,5/16/2026,-3,4/25/2026,Overall,quantile,0.55,302
Copycat,5/16/2026,-3,4/25/2026,Overall,quantile,0.6,305
Copycat,5/16/2026,-3,4/25/2026,Overall,quantile,0.65,310
Copycat,5/16/2026,-3,4/25/2026,Overall,quantile,0.7,314
Copycat,5/16/2026,-3,4/25/2026,Overall,quantile,0.75,318
Copycat,5/16/2026,-3,4/25/2026,Overall,quantile,0.8,324
Copycat,5/16/2026,-3,4/25/2026,Overall,quantile,0.85,331
Copycat,5/16/2026,-3,4/25/2026,Overall,quantile,0.9,338
Copycat,5/16/2026,-3,4/25/2026,Overall,quantile,0.95,350
Copycat,5/16/2026,-3,4/25/2026,Overall,quantile,0.975,361
Copycat,5/16/2026,-3,4/25/2026,Overall,quantile,0.99,371
Copycat,5/16/2026,-2,5/2/2026,Overall,quantile,0.01,234
Copycat,5/16/2026,-2,5/2/2026,Overall,quantile,0.025,247
Copycat,5/16/2026,-2,5/2/2026,Overall,quantile,0.05,261
Copycat,5/16/2026,-2,5/2/2026,Overall,quantile,0.1,275
Copycat,5/16/2026,-2,5/2/2026,Overall,quantile,0.15,286
Copycat,5/16/2026,-2,5/2/2026,Overall,quantile,0.2,294
Copycat,5/16/2026,-2,5/2/2026,Overall,quantile,0.25,300
Copycat,5/16/2026,-2,5/2/2026,Overall,quantile,0.3,308
Copycat,5/16/2026,-2,5/2/2026,Overall,quantile,0.35,315
Copycat,5/16/2026,-2,5/2/2026,Overall,quantile,0.4,321
Copycat,5/16/2026,-2,5/2/2026,Overall,quantile,0.45,327
Copycat,5/16/2026,-2,5/2/2026,Overall,quantile,0.5,333
Copycat,5/16/2026,-2,5/2/2026,Overall,quantile,0.55,340
Copycat,5/16/2026,-2,5/2/2026,Overall,quantile,0.6,346
Copycat,5/16/2026,-2,5/2/2026,Overall,quantile,0.65,352
Copycat,5/16/2026,-2,5/2/2026,Overall,quantile,0.7,358
Copycat,5/16/2026,-2,5/2/2026,Overall,quantile,0.75,365
Copycat,5/16/2026,-2,5/2/2026,Overall,quantile,0.8,374
Copycat,5/16/2026,-2,5/2/2026,Overall,quantile,0.85,384
Copycat,5/16/2026,-2,5/2/2026,Overall,quantile,0.9,394
Copycat,5/16/2026,-2,5/2/2026,Overall,quantile,0.95,418
Copycat,5/16/2026,-2,5/2/2026,Overall,quantile,0.975,431
Copycat,5/16/2026,-2,5/2/2026,Overall,quantile,0.99,461
Copycat,5/16/2026,-1,5/9/2026,Overall,quantile,0.01,229
Copycat,5/16/2026,-1,5/9/2026,Overall,quantile,0.025,256
Copycat,5/16/2026,-1,5/9/2026,Overall,quantile,0.05,276
Copycat,5/16/2026,-1,5/9/2026,Overall,quantile,0.1,294
Copycat,5/16/2026,-1,5/9/2026,Overall,quantile,0.15,311
Copycat,5/16/2026,-1,5/9/2026,Overall,quantile,0.2,323
Copycat,5/16/2026,-1,5/9/2026,Overall,quantile,0.25,333
Copycat,5/16/2026,-1,5/9/2026,Overall,quantile,0.3,341
Copycat,5/16/2026,-1,5/9/2026,Overall,quantile,0.35,347
Copycat,5/16/2026,-1,5/9/2026,Overall,quantile,0.4,357
Copycat,5/16/2026,-1,5/9/2026,Overall,quantile,0.45,364
Copycat,5/16/2026,-1,5/9/2026,Overall,quantile,0.5,373
Copycat,5/16/2026,-1,5/9/2026,Overall,quantile,0.55,380
Copycat,5/16/2026,-1,5/9/2026,Overall,quantile,0.6,389
Copycat,5/16/2026,-1,5/9/2026,Overall,quantile,0.65,402
Copycat,5/16/2026,-1,5/9/2026,Overall,quantile,0.7,413
Copycat,5/16/2026,-1,5/9/2026,Overall,quantile,0.75,424
Copycat,5/16/2026,-1,5/9/2026,Overall,quantile,0.8,439
Copycat,5/16/2026,-1,5/9/2026,Overall,quantile,0.85,455
Copycat,5/16/2026,-1,5/9/2026,Overall,quantile,0.9,478
Copycat,5/16/2026,-1,5/9/2026,Overall,quantile,0.95,507
Copycat,5/16/2026,-1,5/9/2026,Overall,quantile,0.975,549
Copycat,5/16/2026,-1,5/9/2026,Overall,quantile,0.99,572
Copycat,5/16/2026,0,5/16/2026,Overall,quantile,0.01,237
Copycat,5/16/2026,0,5/16/2026,Overall,quantile,0.025,266
Copycat,5/16/2026,0,5/16/2026,Overall,quantile,0.05,288
Copycat,5/16/2026,0,5/16/2026,Overall,quantile,0.1,325
Copycat,5/16/2026,0,5/16/2026,Overall,quantile,0.15,343
Copycat,5/16/2026,0,5/16/2026,Overall,quantile,0.2,359
Copycat,5/16/2026,0,5/16/2026,Overall,quantile,0.25,372
Copycat,5/16/2026,0,5/16/2026,Overall,quantile,0.3,383
Copycat,5/16/2026,0,5/16/2026,Overall,quantile,0.35,392
Copycat,5/16/2026,0,5/16/2026,Overall,quantile,0.4,404
Copycat,5/16/2026,0,5/16/2026,Overall,quantile,0.45,413
Copycat,5/16/2026,0,5/16/2026,Overall,quantile,0.5,424
Copycat,5/16/2026,0,5/16/2026,Overall,quantile,0.55,432
Copycat,5/16/2026,0,5/16/2026,Overall,quantile,0.6,446
Copycat,5/16/2026,0,5/16/2026,Overall,quantile,0.65,459
Copycat,5/16/2026,0,5/16/2026,Overall,quantile,0.7,476
Copycat,5/16/2026,0,5/16/2026,Overall,quantile,0.75,493
Copycat,5/16/2026,0,5/16/2026,Overall,quantile,0.8,512
Copycat,5/16/2026,0,5/16/2026,Overall,quantile,0.85,536
Copycat,5/16/2026,0,5/16/2026,Overall,quantile,0.9,577
Copycat,5/16/2026,0,5/16/2026,Overall,quantile,0.95,629
Copycat,5/16/2026,0,5/16/2026,Overall,quantile,0.975,675
Copycat,5/16/2026,0,5/16/2026,Overall,quantile,0.99,722
Copycat,5/16/2026,1,5/23/2026,Overall,quantile,0.01,239
Copycat,5/16/2026,1,5/23/2026,Overall,quantile,0.025,286
Copycat,5/16/2026,1,5/23/2026,Overall,quantile,0.05,314
Copycat,5/16/2026,1,5/23/2026,Overall,quantile,0.1,350
Copycat,5/16/2026,1,5/23/2026,Overall,quantile,0.15,375
Copycat,5/16/2026,1,5/23/2026,Overall,quantile,0.2,389
Copycat,5/16/2026,1,5/23/2026,Overall,quantile,0.25,405
Copycat,5/16/2026,1,5/23/2026,Overall,quantile,0.3,423
Copycat,5/16/2026,1,5/23/2026,Overall,quantile,0.35,436
Copycat,5/16/2026,1,5/23/2026,Overall,quantile,0.4,453
Copycat,5/16/2026,1,5/23/2026,Overall,quantile,0.45,467
Copycat,5/16/2026,1,5/23/2026,Overall,quantile,0.5,482
Copycat,5/16/2026,1,5/23/2026,Overall,quantile,0.55,496
Copycat,5/16/2026,1,5/23/2026,Overall,quantile,0.6,512
Copycat,5/16/2026,1,5/23/2026,Overall,quantile,0.65,533
Copycat,5/16/2026,1,5/23/2026,Overall,quantile,0.7,551
Copycat,5/16/2026,1,5/23/2026,Overall,quantile,0.75,574
Copycat,5/16/2026,1,5/23/2026,Overall,quantile,0.8,610
Copycat,5/16/2026,1,5/23/2026,Overall,quantile,0.85,647
Copycat,5/16/2026,1,5/23/2026,Overall,quantile,0.9,701
Copycat,5/16/2026,1,5/23/2026,Overall,quantile,0.95,799
Copycat,5/16/2026,1,5/23/2026,Overall,quantile,0.975,840
Copycat,5/16/2026,1,5/23/2026,Overall,quantile,0.99,901
Copycat,5/16/2026,2,5/30/2026,Overall,quantile,0.01,277
Copycat,5/16/2026,2,5/30/2026,Overall,quantile,0.025,312
Copycat,5/16/2026,2,5/30/2026,Overall,quantile,0.05,336
Copycat,5/16/2026,2,5/30/2026,Overall,quantile,0.1,375
Copycat,5/16/2026,2,5/30/2026,Overall,quantile,0.15,404
Copycat,5/16/2026,2,5/30/2026,Overall,quantile,0.2,426
Copycat,5/16/2026,2,5/30/2026,Overall,quantile,0.25,443
Copycat,5/16/2026,2,5/30/2026,Overall,quantile,0.3,463
Copycat,5/16/2026,2,5/30/2026,Overall,quantile,0.35,484
Copycat,5/16/2026,2,5/30/2026,Overall,quantile,0.4,504
Copycat,5/16/2026,2,5/30/2026,Overall,quantile,0.45,523
Copycat,5/16/2026,2,5/30/2026,Overall,quantile,0.5,539
Copycat,5/16/2026,2,5/30/2026,Overall,quantile,0.55,558
Copycat,5/16/2026,2,5/30/2026,Overall,quantile,0.6,581
Copycat,5/16/2026,2,5/30/2026,Overall,quantile,0.65,604
Copycat,5/16/2026,2,5/30/2026,Overall,quantile,0.7,627
Copycat,5/16/2026,2,5/30/2026,Overall,quantile,0.75,670
Copycat,5/16/2026,2,5/30/2026,Overall,quantile,0.8,711
Copycat,5/16/2026,2,5/30/2026,Overall,quantile,0.85,759
Copycat,5/16/2026,2,5/30/2026,Overall,quantile,0.9,849
Copycat,5/16/2026,2,5/30/2026,Overall,quantile,0.95,940
Copycat,5/16/2026,2,5/30/2026,Overall,quantile,0.975,1016
Copycat,5/16/2026,2,5/30/2026,Overall,quantile,0.99,1091
Copycat,5/16/2026,3,6/6/2026,Overall,quantile,0.01,282
Copycat,5/16/2026,3,6/6/2026,Overall,quantile,0.025,321
Copycat,5/16/2026,3,6/6/2026,Overall,quantile,0.05,349
Copycat,5/16/2026,3,6/6/2026,Overall,quantile,0.1,390
Copycat,5/16/2026,3,6/6/2026,Overall,quantile,0.15,421
Copycat,5/16/2026,3,6/6/2026,Overall,quantile,0.2,449
Copycat,5/16/2026,3,6/6/2026,Overall,quantile,0.25,477
Copycat,5/16/2026,3,6/6/2026,Overall,quantile,0.3,496
Copycat,5/16/2026,3,6/6/2026,Overall,quantile,0.35,524
Copycat,5/16/2026,3,6/6/2026,Overall,quantile,0.4,547
Copycat,5/16/2026,3,6/6/2026,Overall,quantile,0.45,569
Copycat,5/16/2026,3,6/6/2026,Overall,quantile,0.5,590
Copycat,5/16/2026,3,6/6/2026,Overall,quantile,0.55,609
Copycat,5/16/2026,3,6/6/2026,Overall,quantile,0.6,639
Copycat,5/16/2026,3,6/6/2026,Overall,quantile,0.65,675
Copycat,5/16/2026,3,6/6/2026,Overall,quantile,0.7,709
Copycat,5/16/2026,3,6/6/2026,Overall,quantile,0.75,752
Copycat,5/16/2026,3,6/6/2026,Overall,quantile,0.8,818
Copycat,5/16/2026,3,6/6/2026,Overall,quantile,0.85,874
Copycat,5/16/2026,3,6/6/2026,Overall,quantile,0.9,956
Copycat,5/16/2026,3,6/6/2026,Overall,quantile,0.95,1084
Copycat,5/16/2026,3,6/6/2026,Overall,quantile,0.975,1174
Copycat,5/16/2026,3,6/6/2026,Overall,quantile,0.99,1320
Copycat,5/16/2026,-3,4/25/2026,Pediatrics,quantile,0.01,147
Copycat,5/16/2026,-3,4/25/2026,Pediatrics,quantile,0.025,155
Copycat,5/16/2026,-3,4/25/2026,Pediatrics,quantile,0.05,160
Copycat,5/16/2026,-3,4/25/2026,Pediatrics,quantile,0.1,166
Copycat,5/16/2026,-3,4/25/2026,Pediatrics,quantile,0.15,171
Copycat,5/16/2026,-3,4/25/2026,Pediatrics,quantile,0.2,174
Copycat,5/16/2026,-3,4/25/2026,Pediatrics,quantile,0.25,177
Copycat,5/16/2026,-3,4/25/2026,Pediatrics,quantile,0.3,181
Copycat,5/16/2026,-3,4/25/2026,Pediatrics,quantile,0.35,184
Copycat,5/16/2026,-3,4/25/2026,Pediatrics,quantile,0.4,187
Copycat,5/16/2026,-3,4/25/2026,Pediatrics,quantile,0.45,189
Copycat,5/16/2026,-3,4/25/2026,Pediatrics,quantile,0.5,191
Copycat,5/16/2026,-3,4/25/2026,Pediatrics,quantile,0.55,194
Copycat,5/16/2026,-3,4/25/2026,Pediatrics,quantile,0.6,196
Copycat,5/16/2026,-3,4/25/2026,Pediatrics,quantile,0.65,199
Copycat,5/16/2026,-3,4/25/2026,Pediatrics,quantile,0.7,202
Copycat,5/16/2026,-3,4/25/2026,Pediatrics,quantile,0.75,206
Copycat,5/16/2026,-3,4/25/2026,Pediatrics,quantile,0.8,210
Copycat,5/16/2026,-3,4/25/2026,Pediatrics,quantile,0.85,214
Copycat,5/16/2026,-3,4/25/2026,Pediatrics,quantile,0.9,219
Copycat,5/16/2026,-3,4/25/2026,Pediatrics,quantile,0.95,228
Copycat,5/16/2026,-3,4/25/2026,Pediatrics,quantile,0.975,236
Copycat,5/16/2026,-3,4/25/2026,Pediatrics,quantile,0.99,241
Copycat,5/16/2026,-2,5/2/2026,Pediatrics,quantile,0.01,148
Copycat,5/16/2026,-2,5/2/2026,Pediatrics,quantile,0.025,156
Copycat,5/16/2026,-2,5/2/2026,Pediatrics,quantile,0.05,164
Copycat,5/16/2026,-2,5/2/2026,Pediatrics,quantile,0.1,174
Copycat,5/16/2026,-2,5/2/2026,Pediatrics,quantile,0.15,181
Copycat,5/16/2026,-2,5/2/2026,Pediatrics,quantile,0.2,188
Copycat,5/16/2026,-2,5/2/2026,Pediatrics,quantile,0.25,193
Copycat,5/16/2026,-2,5/2/2026,Pediatrics,quantile,0.3,197
Copycat,5/16/2026,-2,5/2/2026,Pediatrics,quantile,0.35,201
Copycat,5/16/2026,-2,5/2/2026,Pediatrics,quantile,0.4,206
Copycat,5/16/2026,-2,5/2/2026,Pediatrics,quantile,0.45,210
Copycat,5/16/2026,-2,5/2/2026,Pediatrics,quantile,0.5,214
Copycat,5/16/2026,-2,5/2/2026,Pediatrics,quantile,0.55,217
Copycat,5/16/2026,-2,5/2/2026,Pediatrics,quantile,0.6,221
Copycat,5/16/2026,-2,5/2/2026,Pediatrics,quantile,0.65,226
Copycat,5/16/2026,-2,5/2/2026,Pediatrics,quantile,0.7,231
Copycat,5/16/2026,-2,5/2/2026,Pediatrics,quantile,0.75,236
Copycat,5/16/2026,-2,5/2/2026,Pediatrics,quantile,0.8,243
Copycat,5/16/2026,-2,5/2/2026,Pediatrics,quantile,0.85,249
Copycat,5/16/2026,-2,5/2/2026,Pediatrics,quantile,0.9,257
Copycat,5/16/2026,-2,5/2/2026,Pediatrics,quantile,0.95,271
Copycat,5/16/2026,-2,5/2/2026,Pediatrics,quantile,0.975,283
Copycat,5/16/2026,-2,5/2/2026,Pediatrics,quantile,0.99,301
Copycat,5/16/2026,-1,5/9/2026,Pediatrics,quantile,0.01,146
Copycat,5/16/2026,-1,5/9/2026,Pediatrics,quantile,0.025,160
Copycat,5/16/2026,-1,5/9/2026,Pediatrics,quantile,0.05,173
Copycat,5/16/2026,-1,5/9/2026,Pediatrics,quantile,0.1,190
Copycat,5/16/2026,-1,5/9/2026,Pediatrics,quantile,0.15,196
Copycat,5/16/2026,-1,5/9/2026,Pediatrics,quantile,0.2,204
Copycat,5/16/2026,-1,5/9/2026,Pediatrics,quantile,0.25,211
Copycat,5/16/2026,-1,5/9/2026,Pediatrics,quantile,0.3,218
Copycat,5/16/2026,-1,5/9/2026,Pediatrics,quantile,0.35,225
Copycat,5/16/2026,-1,5/9/2026,Pediatrics,quantile,0.4,229
Copycat,5/16/2026,-1,5/9/2026,Pediatrics,quantile,0.45,234
Copycat,5/16/2026,-1,5/9/2026,Pediatrics,quantile,0.5,240
Copycat,5/16/2026,-1,5/9/2026,Pediatrics,quantile,0.55,245
Copycat,5/16/2026,-1,5/9/2026,Pediatrics,quantile,0.6,250
Copycat,5/16/2026,-1,5/9/2026,Pediatrics,quantile,0.65,257
Copycat,5/16/2026,-1,5/9/2026,Pediatrics,quantile,0.7,265
Copycat,5/16/2026,-1,5/9/2026,Pediatrics,quantile,0.75,270
Copycat,5/16/2026,-1,5/9/2026,Pediatrics,quantile,0.8,277
Copycat,5/16/2026,-1,5/9/2026,Pediatrics,quantile,0.85,289
Copycat,5/16/2026,-1,5/9/2026,Pediatrics,quantile,0.9,307
Copycat,5/16/2026,-1,5/9/2026,Pediatrics,quantile,0.95,326
Copycat,5/16/2026,-1,5/9/2026,Pediatrics,quantile,0.975,347
Copycat,5/16/2026,-1,5/9/2026,Pediatrics,quantile,0.99,378
Copycat,5/16/2026,0,5/16/2026,Pediatrics,quantile,0.01,155
Copycat,5/16/2026,0,5/16/2026,Pediatrics,quantile,0.025,169
Copycat,5/16/2026,0,5/16/2026,Pediatrics,quantile,0.05,184
Copycat,5/16/2026,0,5/16/2026,Pediatrics,quantile,0.1,202
Copycat,5/16/2026,0,5/16/2026,Pediatrics,quantile,0.15,213
Copycat,5/16/2026,0,5/16/2026,Pediatrics,quantile,0.2,224
Copycat,5/16/2026,0,5/16/2026,Pediatrics,quantile,0.25,233
Copycat,5/16/2026,0,5/16/2026,Pediatrics,quantile,0.3,239
Copycat,5/16/2026,0,5/16/2026,Pediatrics,quantile,0.35,247
Copycat,5/16/2026,0,5/16/2026,Pediatrics,quantile,0.4,255
Copycat,5/16/2026,0,5/16/2026,Pediatrics,quantile,0.45,265
Copycat,5/16/2026,0,5/16/2026,Pediatrics,quantile,0.5,271
Copycat,5/16/2026,0,5/16/2026,Pediatrics,quantile,0.55,279
Copycat,5/16/2026,0,5/16/2026,Pediatrics,quantile,0.6,284
Copycat,5/16/2026,0,5/16/2026,Pediatrics,quantile,0.65,293
Copycat,5/16/2026,0,5/16/2026,Pediatrics,quantile,0.7,302
Copycat,5/16/2026,0,5/16/2026,Pediatrics,quantile,0.75,312
Copycat,5/16/2026,0,5/16/2026,Pediatrics,quantile,0.8,332
Copycat,5/16/2026,0,5/16/2026,Pediatrics,quantile,0.85,348
Copycat,5/16/2026,0,5/16/2026,Pediatrics,quantile,0.9,372
Copycat,5/16/2026,0,5/16/2026,Pediatrics,quantile,0.95,411
Copycat,5/16/2026,0,5/16/2026,Pediatrics,quantile,0.975,444
Copycat,5/16/2026,0,5/16/2026,Pediatrics,quantile,0.99,477
Copycat,5/16/2026,1,5/23/2026,Pediatrics,quantile,0.01,162
Copycat,5/16/2026,1,5/23/2026,Pediatrics,quantile,0.025,178
Copycat,5/16/2026,1,5/23/2026,Pediatrics,quantile,0.05,199
Copycat,5/16/2026,1,5/23/2026,Pediatrics,quantile,0.1,221
Copycat,5/16/2026,1,5/23/2026,Pediatrics,quantile,0.15,234
Copycat,5/16/2026,1,5/23/2026,Pediatrics,quantile,0.2,246
Copycat,5/16/2026,1,5/23/2026,Pediatrics,quantile,0.25,257
Copycat,5/16/2026,1,5/23/2026,Pediatrics,quantile,0.3,265
Copycat,5/16/2026,1,5/23/2026,Pediatrics,quantile,0.35,274
Copycat,5/16/2026,1,5/23/2026,Pediatrics,quantile,0.4,284
Copycat,5/16/2026,1,5/23/2026,Pediatrics,quantile,0.45,294
Copycat,5/16/2026,1,5/23/2026,Pediatrics,quantile,0.5,304
Copycat,5/16/2026,1,5/23/2026,Pediatrics,quantile,0.55,316
Copycat,5/16/2026,1,5/23/2026,Pediatrics,quantile,0.6,324
Copycat,5/16/2026,1,5/23/2026,Pediatrics,quantile,0.65,334
Copycat,5/16/2026,1,5/23/2026,Pediatrics,quantile,0.7,352
Copycat,5/16/2026,1,5/23/2026,Pediatrics,quantile,0.75,366
Copycat,5/16/2026,1,5/23/2026,Pediatrics,quantile,0.8,386
Copycat,5/16/2026,1,5/23/2026,Pediatrics,quantile,0.85,412
Copycat,5/16/2026,1,5/23/2026,Pediatrics,quantile,0.9,451
Copycat,5/16/2026,1,5/23/2026,Pediatrics,quantile,0.95,511
Copycat,5/16/2026,1,5/23/2026,Pediatrics,quantile,0.975,555
Copycat,5/16/2026,1,5/23/2026,Pediatrics,quantile,0.99,601
Copycat,5/16/2026,2,5/30/2026,Pediatrics,quantile,0.01,171
Copycat,5/16/2026,2,5/30/2026,Pediatrics,quantile,0.025,193
Copycat,5/16/2026,2,5/30/2026,Pediatrics,quantile,0.05,214
Copycat,5/16/2026,2,5/30/2026,Pediatrics,quantile,0.1,236
Copycat,5/16/2026,2,5/30/2026,Pediatrics,quantile,0.15,255
Copycat,5/16/2026,2,5/30/2026,Pediatrics,quantile,0.2,269
Copycat,5/16/2026,2,5/30/2026,Pediatrics,quantile,0.25,283
Copycat,5/16/2026,2,5/30/2026,Pediatrics,quantile,0.3,292
Copycat,5/16/2026,2,5/30/2026,Pediatrics,quantile,0.35,303
Copycat,5/16/2026,2,5/30/2026,Pediatrics,quantile,0.4,314
Copycat,5/16/2026,2,5/30/2026,Pediatrics,quantile,0.45,325
Copycat,5/16/2026,2,5/30/2026,Pediatrics,quantile,0.5,336
Copycat,5/16/2026,2,5/30/2026,Pediatrics,quantile,0.55,352
Copycat,5/16/2026,2,5/30/2026,Pediatrics,quantile,0.6,366
Copycat,5/16/2026,2,5/30/2026,Pediatrics,quantile,0.65,380
Copycat,5/16/2026,2,5/30/2026,Pediatrics,quantile,0.7,398
Copycat,5/16/2026,2,5/30/2026,Pediatrics,quantile,0.75,416
Copycat,5/16/2026,2,5/30/2026,Pediatrics,quantile,0.8,441
Copycat,5/16/2026,2,5/30/2026,Pediatrics,quantile,0.85,478
Copycat,5/16/2026,2,5/30/2026,Pediatrics,quantile,0.9,533
Copycat,5/16/2026,2,5/30/2026,Pediatrics,quantile,0.95,606
Copycat,5/16/2026,2,5/30/2026,Pediatrics,quantile,0.975,663
Copycat,5/16/2026,2,5/30/2026,Pediatrics,quantile,0.99,716
Copycat,5/16/2026,3,6/6/2026,Pediatrics,quantile,0.01,183
Copycat,5/16/2026,3,6/6/2026,Pediatrics,quantile,0.025,199
Copycat,5/16/2026,3,6/6/2026,Pediatrics,quantile,0.05,219
Copycat,5/16/2026,3,6/6/2026,Pediatrics,quantile,0.1,248
Copycat,5/16/2026,3,6/6/2026,Pediatrics,quantile,0.15,268
Copycat,5/16/2026,3,6/6/2026,Pediatrics,quantile,0.2,288
Copycat,5/16/2026,3,6/6/2026,Pediatrics,quantile,0.25,302
Copycat,5/16/2026,3,6/6/2026,Pediatrics,quantile,0.3,319
Copycat,5/16/2026,3,6/6/2026,Pediatrics,quantile,0.35,334
Copycat,5/16/2026,3,6/6/2026,Pediatrics,quantile,0.4,347
Copycat,5/16/2026,3,6/6/2026,Pediatrics,quantile,0.45,359
Copycat,5/16/2026,3,6/6/2026,Pediatrics,quantile,0.5,372
Copycat,5/16/2026,3,6/6/2026,Pediatrics,quantile,0.55,388
Copycat,5/16/2026,3,6/6/2026,Pediatrics,quantile,0.6,402
Copycat,5/16/2026,3,6/6/2026,Pediatrics,quantile,0.65,427
Copycat,5/16/2026,3,6/6/2026,Pediatrics,quantile,0.7,449
Copycat,5/16/2026,3,6/6/2026,Pediatrics,quantile,0.75,479
Copycat,5/16/2026,3,6/6/2026,Pediatrics,quantile,0.8,510
Copycat,5/16/2026,3,6/6/2026,Pediatrics,quantile,0.85,550
Copycat,5/16/2026,3,6/6/2026,Pediatrics,quantile,0.9,603
Copycat,5/16/2026,3,6/6/2026,Pediatrics,quantile,0.95,698
Copycat,5/16/2026,3,6/6/2026,Pediatrics,quantile,0.975,771
Copycat,5/16/2026,3,6/6/2026,Pediatrics,quantile,0.99,817
newGBQR,5/16/2026,-3,4/25/2026,Adults,quantile,0.01,24
newGBQR,5/16/2026,-3,4/25/2026,Adults,quantile,0.025,58
newGBQR,5/16/2026,-3,4/25/2026,Adults,quantile,0.05,79
newGBQR,5/16/2026,-3,4/25/2026,Adults,quantile,0.1,96
newGBQR,5/16/2026,-3,4/25/2026,Adults,quantile,0.15,104
newGBQR,5/16/2026,-3,4/25/2026,Adults,quantile,0.2,110
newGBQR,5/16/2026,-3,4/25/2026,Adults,quantile,0.25,113
newGBQR,5/16/2026,-3,4/25/2026,Adults,quantile,0.3,115
newGBQR,5/16/2026,-3,4/25/2026,Adults,quantile,0.35,116
newGBQR,5/16/2026,-3,4/25/2026,Adults,quantile,0.4,119
newGBQR,5/16/2026,-3,4/25/2026,Adults,quantile,0.45,122
newGBQR,5/16/2026,-3,4/25/2026,Adults,quantile,0.5,123
newGBQR,5/16/2026,-3,4/25/2026,Adults,quantile,0.55,123
newGBQR,5/16/2026,-3,4/25/2026,Adults,quantile,0.6,123
newGBQR,5/16/2026,-3,4/25/2026,Adults,quantile,0.65,124
newGBQR,5/16/2026,-3,4/25/2026,Adults,quantile,0.7,125
newGBQR,5/16/2026,-3,4/25/2026,Adults,quantile,0.75,128
newGBQR,5/16/2026,-3,4/25/2026,Adults,quantile,0.8,134
newGBQR,5/16/2026,-3,4/25/2026,Adults,quantile,0.85,143
newGBQR,5/16/2026,-3,4/25/2026,Adults,quantile,0.9,161
newGBQR,5/16/2026,-3,4/25/2026,Adults,quantile,0.95,213
newGBQR,5/16/2026,-3,4/25/2026,Adults,quantile,0.975,280
newGBQR,5/16/2026,-3,4/25/2026,Adults,quantile,0.99,362
newGBQR,5/16/2026,-2,5/2/2026,Adults,quantile,0.01,24
newGBQR,5/16/2026,-2,5/2/2026,Adults,quantile,0.025,58
newGBQR,5/16/2026,-2,5/2/2026,Adults,quantile,0.05,79
newGBQR,5/16/2026,-2,5/2/2026,Adults,quantile,0.1,97
newGBQR,5/16/2026,-2,5/2/2026,Adults,quantile,0.15,106
newGBQR,5/16/2026,-2,5/2/2026,Adults,quantile,0.2,114
newGBQR,5/16/2026,-2,5/2/2026,Adults,quantile,0.25,119
newGBQR,5/16/2026,-2,5/2/2026,Adults,quantile,0.3,123
newGBQR,5/16/2026,-2,5/2/2026,Adults,quantile,0.35,130
newGBQR,5/16/2026,-2,5/2/2026,Adults,quantile,0.4,134
newGBQR,5/16/2026,-2,5/2/2026,Adults,quantile,0.45,138
newGBQR,5/16/2026,-2,5/2/2026,Adults,quantile,0.5,143
newGBQR,5/16/2026,-2,5/2/2026,Adults,quantile,0.55,149
newGBQR,5/16/2026,-2,5/2/2026,Adults,quantile,0.6,151
newGBQR,5/16/2026,-2,5/2/2026,Adults,quantile,0.65,155
newGBQR,5/16/2026,-2,5/2/2026,Adults,quantile,0.7,157
newGBQR,5/16/2026,-2,5/2/2026,Adults,quantile,0.75,170
newGBQR,5/16/2026,-2,5/2/2026,Adults,quantile,0.8,176
newGBQR,5/16/2026,-2,5/2/2026,Adults,quantile,0.85,176
newGBQR,5/16/2026,-2,5/2/2026,Adults,quantile,0.9,181
newGBQR,5/16/2026,-2,5/2/2026,Adults,quantile,0.95,221
newGBQR,5/16/2026,-2,5/2/2026,Adults,quantile,0.975,278
newGBQR,5/16/2026,-2,5/2/2026,Adults,quantile,0.99,360
newGBQR,5/16/2026,-1,5/9/2026,Adults,quantile,0.01,24
newGBQR,5/16/2026,-1,5/9/2026,Adults,quantile,0.025,58
newGBQR,5/16/2026,-1,5/9/2026,Adults,quantile,0.05,79
newGBQR,5/16/2026,-1,5/9/2026,Adults,quantile,0.1,99
newGBQR,5/16/2026,-1,5/9/2026,Adults,quantile,0.15,109
newGBQR,5/16/2026,-1,5/9/2026,Adults,quantile,0.2,118
newGBQR,5/16/2026,-1,5/9/2026,Adults,quantile,0.25,128
newGBQR,5/16/2026,-1,5/9/2026,Adults,quantile,0.3,135
newGBQR,5/16/2026,-1,5/9/2026,Adults,quantile,0.35,145
newGBQR,5/16/2026,-1,5/9/2026,Adults,quantile,0.4,151
newGBQR,5/16/2026,-1,5/9/2026,Adults,quantile,0.45,157
newGBQR,5/16/2026,-1,5/9/2026,Adults,quantile,0.5,164
newGBQR,5/16/2026,-1,5/9/2026,Adults,quantile,0.55,173
newGBQR,5/16/2026,-1,5/9/2026,Adults,quantile,0.6,185
newGBQR,5/16/2026,-1,5/9/2026,Adults,quantile,0.65,188
newGBQR,5/16/2026,-1,5/9/2026,Adults,quantile,0.7,196
newGBQR,5/16/2026,-1,5/9/2026,Adults,quantile,0.75,203
newGBQR,5/16/2026,-1,5/9/2026,Adults,quantile,0.8,205
newGBQR,5/16/2026,-1,5/9/2026,Adults,quantile,0.85,217
newGBQR,5/16/2026,-1,5/9/2026,Adults,quantile,0.9,251
newGBQR,5/16/2026,-1,5/9/2026,Adults,quantile,0.95,256
newGBQR,5/16/2026,-1,5/9/2026,Adults,quantile,0.975,314
newGBQR,5/16/2026,-1,5/9/2026,Adults,quantile,0.99,375
newGBQR,5/16/2026,0,5/16/2026,Adults,quantile,0.01,24
newGBQR,5/16/2026,0,5/16/2026,Adults,quantile,0.025,57
newGBQR,5/16/2026,0,5/16/2026,Adults,quantile,0.05,79
newGBQR,5/16/2026,0,5/16/2026,Adults,quantile,0.1,99
newGBQR,5/16/2026,0,5/16/2026,Adults,quantile,0.15,113
newGBQR,5/16/2026,0,5/16/2026,Adults,quantile,0.2,124
newGBQR,5/16/2026,0,5/16/2026,Adults,quantile,0.25,138
newGBQR,5/16/2026,0,5/16/2026,Adults,quantile,0.3,148
newGBQR,5/16/2026,0,5/16/2026,Adults,quantile,0.35,159
newGBQR,5/16/2026,0,5/16/2026,Adults,quantile,0.4,165
newGBQR,5/16/2026,0,5/16/2026,Adults,quantile,0.45,174
newGBQR,5/16/2026,0,5/16/2026,Adults,quantile,0.5,179
newGBQR,5/16/2026,0,5/16/2026,Adults,quantile,0.55,193
newGBQR,5/16/2026,0,5/16/2026,Adults,quantile,0.6,208
newGBQR,5/16/2026,0,5/16/2026,Adults,quantile,0.65,209
newGBQR,5/16/2026,0,5/16/2026,Adults,quantile,0.7,221
newGBQR,5/16/2026,0,5/16/2026,Adults,quantile,0.75,230
newGBQR,5/16/2026,0,5/16/2026,Adults,quantile,0.8,232
newGBQR,5/16/2026,0,5/16/2026,Adults,quantile,0.85,244
newGBQR,5/16/2026,0,5/16/2026,Adults,quantile,0.9,298
newGBQR,5/16/2026,0,5/16/2026,Adults,quantile,0.95,331
newGBQR,5/16/2026,0,5/16/2026,Adults,quantile,0.975,367
newGBQR,5/16/2026,0,5/16/2026,Adults,quantile,0.99,391
newGBQR,5/16/2026,1,5/23/2026,Adults,quantile,0.01,21
newGBQR,5/16/2026,1,5/23/2026,Adults,quantile,0.025,56
newGBQR,5/16/2026,1,5/23/2026,Adults,quantile,0.05,79
newGBQR,5/16/2026,1,5/23/2026,Adults,quantile,0.1,100
newGBQR,5/16/2026,1,5/23/2026,Adults,quantile,0.15,114
newGBQR,5/16/2026,1,5/23/2026,Adults,quantile,0.2,127
newGBQR,5/16/2026,1,5/23/2026,Adults,quantile,0.25,143
newGBQR,5/16/2026,1,5/23/2026,Adults,quantile,0.3,154
newGBQR,5/16/2026,1,5/23/2026,Adults,quantile,0.35,167
newGBQR,5/16/2026,1,5/23/2026,Adults,quantile,0.4,177
newGBQR,5/16/2026,1,5/23/2026,Adults,quantile,0.45,186
newGBQR,5/16/2026,1,5/23/2026,Adults,quantile,0.5,198
newGBQR,5/16/2026,1,5/23/2026,Adults,quantile,0.55,212
newGBQR,5/16/2026,1,5/23/2026,Adults,quantile,0.6,230
newGBQR,5/16/2026,1,5/23/2026,Adults,quantile,0.65,251
newGBQR,5/16/2026,1,5/23/2026,Adults,quantile,0.7,270
newGBQR,5/16/2026,1,5/23/2026,Adults,quantile,0.75,275
newGBQR,5/16/2026,1,5/23/2026,Adults,quantile,0.8,296
newGBQR,5/16/2026,1,5/23/2026,Adults,quantile,0.85,311
newGBQR,5/16/2026,1,5/23/2026,Adults,quantile,0.9,336
newGBQR,5/16/2026,1,5/23/2026,Adults,quantile,0.95,359
newGBQR,5/16/2026,1,5/23/2026,Adults,quantile,0.975,384
newGBQR,5/16/2026,1,5/23/2026,Adults,quantile,0.99,424
newGBQR,5/16/2026,2,5/30/2026,Adults,quantile,0.01,21
newGBQR,5/16/2026,2,5/30/2026,Adults,quantile,0.025,56
newGBQR,5/16/2026,2,5/30/2026,Adults,quantile,0.05,79
newGBQR,5/16/2026,2,5/30/2026,Adults,quantile,0.1,101
newGBQR,5/16/2026,2,5/30/2026,Adults,quantile,0.15,115
newGBQR,5/16/2026,2,5/30/2026,Adults,quantile,0.2,127
newGBQR,5/16/2026,2,5/30/2026,Adults,quantile,0.25,143
newGBQR,5/16/2026,2,5/30/2026,Adults,quantile,0.3,157
newGBQR,5/16/2026,2,5/30/2026,Adults,quantile,0.35,169
newGBQR,5/16/2026,2,5/30/2026,Adults,quantile,0.4,182
newGBQR,5/16/2026,2,5/30/2026,Adults,quantile,0.45,194
newGBQR,5/16/2026,2,5/30/2026,Adults,quantile,0.5,207
newGBQR,5/16/2026,2,5/30/2026,Adults,quantile,0.55,229
newGBQR,5/16/2026,2,5/30/2026,Adults,quantile,0.6,256
newGBQR,5/16/2026,2,5/30/2026,Adults,quantile,0.65,282
newGBQR,5/16/2026,2,5/30/2026,Adults,quantile,0.7,304
newGBQR,5/16/2026,2,5/30/2026,Adults,quantile,0.75,335
newGBQR,5/16/2026,2,5/30/2026,Adults,quantile,0.8,365
newGBQR,5/16/2026,2,5/30/2026,Adults,quantile,0.85,366
newGBQR,5/16/2026,2,5/30/2026,Adults,quantile,0.9,388
newGBQR,5/16/2026,2,5/30/2026,Adults,quantile,0.95,415
newGBQR,5/16/2026,2,5/30/2026,Adults,quantile,0.975,423
newGBQR,5/16/2026,2,5/30/2026,Adults,quantile,0.99,458
newGBQR,5/16/2026,3,6/6/2026,Adults,quantile,0.01,18
newGBQR,5/16/2026,3,6/6/2026,Adults,quantile,0.025,56
newGBQR,5/16/2026,3,6/6/2026,Adults,quantile,0.05,79
newGBQR,5/16/2026,3,6/6/2026,Adults,quantile,0.1,101
newGBQR,5/16/2026,3,6/6/2026,Adults,quantile,0.15,116
newGBQR,5/16/2026,3,6/6/2026,Adults,quantile,0.2,131
newGBQR,5/16/2026,3,6/6/2026,Adults,quantile,0.25,148
newGBQR,5/16/2026,3,6/6/2026,Adults,quantile,0.3,159
newGBQR,5/16/2026,3,6/6/2026,Adults,quantile,0.35,175
newGBQR,5/16/2026,3,6/6/2026,Adults,quantile,0.4,184
newGBQR,5/16/2026,3,6/6/2026,Adults,quantile,0.45,196
newGBQR,5/16/2026,3,6/6/2026,Adults,quantile,0.5,213
newGBQR,5/16/2026,3,6/6/2026,Adults,quantile,0.55,232
newGBQR,5/16/2026,3,6/6/2026,Adults,quantile,0.6,263
newGBQR,5/16/2026,3,6/6/2026,Adults,quantile,0.65,298
newGBQR,5/16/2026,3,6/6/2026,Adults,quantile,0.7,334
newGBQR,5/16/2026,3,6/6/2026,Adults,quantile,0.75,356
newGBQR,5/16/2026,3,6/6/2026,Adults,quantile,0.8,396
newGBQR,5/16/2026,3,6/6/2026,Adults,quantile,0.85,423
newGBQR,5/16/2026,3,6/6/2026,Adults,quantile,0.9,449
newGBQR,5/16/2026,3,6/6/2026,Adults,quantile,0.95,482
newGBQR,5/16/2026,3,6/6/2026,Adults,quantile,0.975,500
newGBQR,5/16/2026,3,6/6/2026,Adults,quantile,0.99,515
newGBQR,5/16/2026,-3,4/25/2026,Overall,quantile,0.01,148
newGBQR,5/16/2026,-3,4/25/2026,Overall,quantile,0.025,205
newGBQR,5/16/2026,-3,4/25/2026,Overall,quantile,0.05,243
newGBQR,5/16/2026,-3,4/25/2026,Overall,quantile,0.1,267
newGBQR,5/16/2026,-3,4/25/2026,Overall,quantile,0.15,277
newGBQR,5/16/2026,-3,4/25/2026,Overall,quantile,0.2,289
newGBQR,5/16/2026,-3,4/25/2026,Overall,quantile,0.25,295
newGBQR,5/16/2026,-3,4/25/2026,Overall,quantile,0.3,299
newGBQR,5/16/2026,-3,4/25/2026,Overall,quantile,0.35,301
newGBQR,5/16/2026,-3,4/25/2026,Overall,quantile,0.4,307
newGBQR,5/16/2026,-3,4/25/2026,Overall,quantile,0.45,312
newGBQR,5/16/2026,-3,4/25/2026,Overall,quantile,0.5,319
newGBQR,5/16/2026,-3,4/25/2026,Overall,quantile,0.55,319
newGBQR,5/16/2026,-3,4/25/2026,Overall,quantile,0.6,323
newGBQR,5/16/2026,-3,4/25/2026,Overall,quantile,0.65,324
newGBQR,5/16/2026,-3,4/25/2026,Overall,quantile,0.7,325
newGBQR,5/16/2026,-3,4/25/2026,Overall,quantile,0.75,327
newGBQR,5/16/2026,-3,4/25/2026,Overall,quantile,0.8,337
newGBQR,5/16/2026,-3,4/25/2026,Overall,quantile,0.85,349
newGBQR,5/16/2026,-3,4/25/2026,Overall,quantile,0.9,378
newGBQR,5/16/2026,-3,4/25/2026,Overall,quantile,0.95,463
newGBQR,5/16/2026,-3,4/25/2026,Overall,quantile,0.975,560
newGBQR,5/16/2026,-3,4/25/2026,Overall,quantile,0.99,688
newGBQR,5/16/2026,-2,5/2/2026,Overall,quantile,0.01,148
newGBQR,5/16/2026,-2,5/2/2026,Overall,quantile,0.025,205
newGBQR,5/16/2026,-2,5/2/2026,Overall,quantile,0.05,243
newGBQR,5/16/2026,-2,5/2/2026,Overall,quantile,0.1,267
newGBQR,5/16/2026,-2,5/2/2026,Overall,quantile,0.15,282
newGBQR,5/16/2026,-2,5/2/2026,Overall,quantile,0.2,293
newGBQR,5/16/2026,-2,5/2/2026,Overall,quantile,0.25,304
newGBQR,5/16/2026,-2,5/2/2026,Overall,quantile,0.3,311
newGBQR,5/16/2026,-2,5/2/2026,Overall,quantile,0.35,318
newGBQR,5/16/2026,-2,5/2/2026,Overall,quantile,0.4,327
newGBQR,5/16/2026,-2,5/2/2026,Overall,quantile,0.45,338
newGBQR,5/16/2026,-2,5/2/2026,Overall,quantile,0.5,347
newGBQR,5/16/2026,-2,5/2/2026,Overall,quantile,0.55,355
newGBQR,5/16/2026,-2,5/2/2026,Overall,quantile,0.6,359
newGBQR,5/16/2026,-2,5/2/2026,Overall,quantile,0.65,362
newGBQR,5/16/2026,-2,5/2/2026,Overall,quantile,0.7,366
newGBQR,5/16/2026,-2,5/2/2026,Overall,quantile,0.75,368
newGBQR,5/16/2026,-2,5/2/2026,Overall,quantile,0.8,368
newGBQR,5/16/2026,-2,5/2/2026,Overall,quantile,0.85,369
newGBQR,5/16/2026,-2,5/2/2026,Overall,quantile,0.9,387
newGBQR,5/16/2026,-2,5/2/2026,Overall,quantile,0.95,466
newGBQR,5/16/2026,-2,5/2/2026,Overall,quantile,0.975,564
newGBQR,5/16/2026,-2,5/2/2026,Overall,quantile,0.99,682
newGBQR,5/16/2026,-1,5/9/2026,Overall,quantile,0.01,148
newGBQR,5/16/2026,-1,5/9/2026,Overall,quantile,0.025,205
newGBQR,5/16/2026,-1,5/9/2026,Overall,quantile,0.05,242
newGBQR,5/16/2026,-1,5/9/2026,Overall,quantile,0.1,270
newGBQR,5/16/2026,-1,5/9/2026,Overall,quantile,0.15,287
newGBQR,5/16/2026,-1,5/9/2026,Overall,quantile,0.2,302
newGBQR,5/16/2026,-1,5/9/2026,Overall,quantile,0.25,320
newGBQR,5/16/2026,-1,5/9/2026,Overall,quantile,0.3,333
newGBQR,5/16/2026,-1,5/9/2026,Overall,quantile,0.35,343
newGBQR,5/16/2026,-1,5/9/2026,Overall,quantile,0.4,358
newGBQR,5/16/2026,-1,5/9/2026,Overall,quantile,0.45,368
newGBQR,5/16/2026,-1,5/9/2026,Overall,quantile,0.5,393
newGBQR,5/16/2026,-1,5/9/2026,Overall,quantile,0.55,408
newGBQR,5/16/2026,-1,5/9/2026,Overall,quantile,0.6,432
newGBQR,5/16/2026,-1,5/9/2026,Overall,quantile,0.65,441
newGBQR,5/16/2026,-1,5/9/2026,Overall,quantile,0.7,444
newGBQR,5/16/2026,-1,5/9/2026,Overall,quantile,0.75,451
newGBQR,5/16/2026,-1,5/9/2026,Overall,quantile,0.8,453
newGBQR,5/16/2026,-1,5/9/2026,Overall,quantile,0.85,456
newGBQR,5/16/2026,-1,5/9/2026,Overall,quantile,0.9,470
newGBQR,5/16/2026,-1,5/9/2026,Overall,quantile,0.95,504
newGBQR,5/16/2026,-1,5/9/2026,Overall,quantile,0.975,582
newGBQR,5/16/2026,-1,5/9/2026,Overall,quantile,0.99,698
newGBQR,5/16/2026,0,5/16/2026,Overall,quantile,0.01,148
newGBQR,5/16/2026,0,5/16/2026,Overall,quantile,0.025,205
newGBQR,5/16/2026,0,5/16/2026,Overall,quantile,0.05,243
newGBQR,5/16/2026,0,5/16/2026,Overall,quantile,0.1,271
newGBQR,5/16/2026,0,5/16/2026,Overall,quantile,0.15,296
newGBQR,5/16/2026,0,5/16/2026,Overall,quantile,0.2,312
newGBQR,5/16/2026,0,5/16/2026,Overall,quantile,0.25,332
newGBQR,5/16/2026,0,5/16/2026,Overall,quantile,0.3,354
newGBQR,5/16/2026,0,5/16/2026,Overall,quantile,0.35,369
newGBQR,5/16/2026,0,5/16/2026,Overall,quantile,0.4,385
newGBQR,5/16/2026,0,5/16/2026,Overall,quantile,0.45,397
newGBQR,5/16/2026,0,5/16/2026,Overall,quantile,0.5,422
newGBQR,5/16/2026,0,5/16/2026,Overall,quantile,0.55,445
newGBQR,5/16/2026,0,5/16/2026,Overall,quantile,0.6,479
newGBQR,5/16/2026,0,5/16/2026,Overall,quantile,0.65,504
newGBQR,5/16/2026,0,5/16/2026,Overall,quantile,0.7,506
newGBQR,5/16/2026,0,5/16/2026,Overall,quantile,0.75,506
newGBQR,5/16/2026,0,5/16/2026,Overall,quantile,0.8,514
newGBQR,5/16/2026,0,5/16/2026,Overall,quantile,0.85,519
newGBQR,5/16/2026,0,5/16/2026,Overall,quantile,0.9,588
newGBQR,5/16/2026,0,5/16/2026,Overall,quantile,0.95,608
newGBQR,5/16/2026,0,5/16/2026,Overall,quantile,0.975,668
newGBQR,5/16/2026,0,5/16/2026,Overall,quantile,0.99,742
newGBQR,5/16/2026,1,5/23/2026,Overall,quantile,0.01,143
newGBQR,5/16/2026,1,5/23/2026,Overall,quantile,0.025,203
newGBQR,5/16/2026,1,5/23/2026,Overall,quantile,0.05,241
newGBQR,5/16/2026,1,5/23/2026,Overall,quantile,0.1,272
newGBQR,5/16/2026,1,5/23/2026,Overall,quantile,0.15,298
newGBQR,5/16/2026,1,5/23/2026,Overall,quantile,0.2,317
newGBQR,5/16/2026,1,5/23/2026,Overall,quantile,0.25,339
newGBQR,5/16/2026,1,5/23/2026,Overall,quantile,0.3,366
newGBQR,5/16/2026,1,5/23/2026,Overall,quantile,0.35,383
newGBQR,5/16/2026,1,5/23/2026,Overall,quantile,0.4,404
newGBQR,5/16/2026,1,5/23/2026,Overall,quantile,0.45,424
newGBQR,5/16/2026,1,5/23/2026,Overall,quantile,0.5,450
newGBQR,5/16/2026,1,5/23/2026,Overall,quantile,0.55,480
newGBQR,5/16/2026,1,5/23/2026,Overall,quantile,0.6,507
newGBQR,5/16/2026,1,5/23/2026,Overall,quantile,0.65,558
newGBQR,5/16/2026,1,5/23/2026,Overall,quantile,0.7,569
newGBQR,5/16/2026,1,5/23/2026,Overall,quantile,0.75,582
newGBQR,5/16/2026,1,5/23/2026,Overall,quantile,0.8,592
newGBQR,5/16/2026,1,5/23/2026,Overall,quantile,0.85,657
newGBQR,5/16/2026,1,5/23/2026,Overall,quantile,0.9,662
newGBQR,5/16/2026,1,5/23/2026,Overall,quantile,0.95,735
newGBQR,5/16/2026,1,5/23/2026,Overall,quantile,0.975,747
newGBQR,5/16/2026,1,5/23/2026,Overall,quantile,0.99,779
newGBQR,5/16/2026,2,5/30/2026,Overall,quantile,0.01,143
newGBQR,5/16/2026,2,5/30/2026,Overall,quantile,0.025,203
newGBQR,5/16/2026,2,5/30/2026,Overall,quantile,0.05,241
newGBQR,5/16/2026,2,5/30/2026,Overall,quantile,0.1,272
newGBQR,5/16/2026,2,5/30/2026,Overall,quantile,0.15,299
newGBQR,5/16/2026,2,5/30/2026,Overall,quantile,0.2,317
newGBQR,5/16/2026,2,5/30/2026,Overall,quantile,0.25,341
newGBQR,5/16/2026,2,5/30/2026,Overall,quantile,0.3,367
newGBQR,5/16/2026,2,5/30/2026,Overall,quantile,0.35,387
newGBQR,5/16/2026,2,5/30/2026,Overall,quantile,0.4,409
newGBQR,5/16/2026,2,5/30/2026,Overall,quantile,0.45,430
newGBQR,5/16/2026,2,5/30/2026,Overall,quantile,0.5,461
newGBQR,5/16/2026,2,5/30/2026,Overall,quantile,0.55,511
newGBQR,5/16/2026,2,5/30/2026,Overall,quantile,0.6,543
newGBQR,5/16/2026,2,5/30/2026,Overall,quantile,0.65,597
newGBQR,5/16/2026,2,5/30/2026,Overall,quantile,0.7,649
newGBQR,5/16/2026,2,5/30/2026,Overall,quantile,0.75,693
newGBQR,5/16/2026,2,5/30/2026,Overall,quantile,0.8,701
newGBQR,5/16/2026,2,5/30/2026,Overall,quantile,0.85,736
newGBQR,5/16/2026,2,5/30/2026,Overall,quantile,0.9,760
newGBQR,5/16/2026,2,5/30/2026,Overall,quantile,0.95,802
newGBQR,5/16/2026,2,5/30/2026,Overall,quantile,0.975,832
newGBQR,5/16/2026,2,5/30/2026,Overall,quantile,0.99,854
newGBQR,5/16/2026,3,6/6/2026,Overall,quantile,0.01,138
newGBQR,5/16/2026,3,6/6/2026,Overall,quantile,0.025,202
newGBQR,5/16/2026,3,6/6/2026,Overall,quantile,0.05,242
newGBQR,5/16/2026,3,6/6/2026,Overall,quantile,0.1,274
newGBQR,5/16/2026,3,6/6/2026,Overall,quantile,0.15,301
newGBQR,5/16/2026,3,6/6/2026,Overall,quantile,0.2,320
newGBQR,5/16/2026,3,6/6/2026,Overall,quantile,0.25,345
newGBQR,5/16/2026,3,6/6/2026,Overall,quantile,0.3,371
newGBQR,5/16/2026,3,6/6/2026,Overall,quantile,0.35,391
newGBQR,5/16/2026,3,6/6/2026,Overall,quantile,0.4,417
newGBQR,5/16/2026,3,6/6/2026,Overall,quantile,0.45,435
newGBQR,5/16/2026,3,6/6/2026,Overall,quantile,0.5,468
newGBQR,5/16/2026,3,6/6/2026,Overall,quantile,0.55,519
newGBQR,5/16/2026,3,6/6/2026,Overall,quantile,0.6,568
newGBQR,5/16/2026,3,6/6/2026,Overall,quantile,0.65,658
newGBQR,5/16/2026,3,6/6/2026,Overall,quantile,0.7,703
newGBQR,5/16/2026,3,6/6/2026,Overall,quantile,0.75,745
newGBQR,5/16/2026,3,6/6/2026,Overall,quantile,0.8,777
newGBQR,5/16/2026,3,6/6/2026,Overall,quantile,0.85,823
newGBQR,5/16/2026,3,6/6/2026,Overall,quantile,0.9,842
newGBQR,5/16/2026,3,6/6/2026,Overall,quantile,0.95,898
newGBQR,5/16/2026,3,6/6/2026,Overall,quantile,0.975,921
newGBQR,5/16/2026,3,6/6/2026,Overall,quantile,0.99,955
newGBQR,5/16/2026,-3,4/25/2026,Pediatrics,quantile,0.01,83
newGBQR,5/16/2026,-3,4/25/2026,Pediatrics,quantile,0.025,122
newGBQR,5/16/2026,-3,4/25/2026,Pediatrics,quantile,0.05,147
newGBQR,5/16/2026,-3,4/25/2026,Pediatrics,quantile,0.1,164
newGBQR,5/16/2026,-3,4/25/2026,Pediatrics,quantile,0.15,177
newGBQR,5/16/2026,-3,4/25/2026,Pediatrics,quantile,0.2,182
newGBQR,5/16/2026,-3,4/25/2026,Pediatrics,quantile,0.25,186
newGBQR,5/16/2026,-3,4/25/2026,Pediatrics,quantile,0.3,190
newGBQR,5/16/2026,-3,4/25/2026,Pediatrics,quantile,0.35,192
newGBQR,5/16/2026,-3,4/25/2026,Pediatrics,quantile,0.4,195
newGBQR,5/16/2026,-3,4/25/2026,Pediatrics,quantile,0.45,196
newGBQR,5/16/2026,-3,4/25/2026,Pediatrics,quantile,0.5,197
newGBQR,5/16/2026,-3,4/25/2026,Pediatrics,quantile,0.55,201
newGBQR,5/16/2026,-3,4/25/2026,Pediatrics,quantile,0.6,203
newGBQR,5/16/2026,-3,4/25/2026,Pediatrics,quantile,0.65,207
newGBQR,5/16/2026,-3,4/25/2026,Pediatrics,quantile,0.7,209
newGBQR,5/16/2026,-3,4/25/2026,Pediatrics,quantile,0.75,210
newGBQR,5/16/2026,-3,4/25/2026,Pediatrics,quantile,0.8,220
newGBQR,5/16/2026,-3,4/25/2026,Pediatrics,quantile,0.85,229
newGBQR,5/16/2026,-3,4/25/2026,Pediatrics,quantile,0.9,252
newGBQR,5/16/2026,-3,4/25/2026,Pediatrics,quantile,0.95,314
newGBQR,5/16/2026,-3,4/25/2026,Pediatrics,quantile,0.975,384
newGBQR,5/16/2026,-3,4/25/2026,Pediatrics,quantile,0.99,478
newGBQR,5/16/2026,-2,5/2/2026,Pediatrics,quantile,0.01,83
newGBQR,5/16/2026,-2,5/2/2026,Pediatrics,quantile,0.025,122
newGBQR,5/16/2026,-2,5/2/2026,Pediatrics,quantile,0.05,146
newGBQR,5/16/2026,-2,5/2/2026,Pediatrics,quantile,0.1,164
newGBQR,5/16/2026,-2,5/2/2026,Pediatrics,quantile,0.15,178
newGBQR,5/16/2026,-2,5/2/2026,Pediatrics,quantile,0.2,185
newGBQR,5/16/2026,-2,5/2/2026,Pediatrics,quantile,0.25,191
newGBQR,5/16/2026,-2,5/2/2026,Pediatrics,quantile,0.3,199
newGBQR,5/16/2026,-2,5/2/2026,Pediatrics,quantile,0.35,204
newGBQR,5/16/2026,-2,5/2/2026,Pediatrics,quantile,0.4,210
newGBQR,5/16/2026,-2,5/2/2026,Pediatrics,quantile,0.45,214
newGBQR,5/16/2026,-2,5/2/2026,Pediatrics,quantile,0.5,221
newGBQR,5/16/2026,-2,5/2/2026,Pediatrics,quantile,0.55,227
newGBQR,5/16/2026,-2,5/2/2026,Pediatrics,quantile,0.6,234
newGBQR,5/16/2026,-2,5/2/2026,Pediatrics,quantile,0.65,248
newGBQR,5/16/2026,-2,5/2/2026,Pediatrics,quantile,0.7,249
newGBQR,5/16/2026,-2,5/2/2026,Pediatrics,quantile,0.75,250
newGBQR,5/16/2026,-2,5/2/2026,Pediatrics,quantile,0.8,259
newGBQR,5/16/2026,-2,5/2/2026,Pediatrics,quantile,0.85,269
newGBQR,5/16/2026,-2,5/2/2026,Pediatrics,quantile,0.9,288
newGBQR,5/16/2026,-2,5/2/2026,Pediatrics,quantile,0.95,330
newGBQR,5/16/2026,-2,5/2/2026,Pediatrics,quantile,0.975,390
newGBQR,5/16/2026,-2,5/2/2026,Pediatrics,quantile,0.99,483
newGBQR,5/16/2026,-1,5/9/2026,Pediatrics,quantile,0.01,83
newGBQR,5/16/2026,-1,5/9/2026,Pediatrics,quantile,0.025,122
newGBQR,5/16/2026,-1,5/9/2026,Pediatrics,quantile,0.05,146
newGBQR,5/16/2026,-1,5/9/2026,Pediatrics,quantile,0.1,166
newGBQR,5/16/2026,-1,5/9/2026,Pediatrics,quantile,0.15,182
newGBQR,5/16/2026,-1,5/9/2026,Pediatrics,quantile,0.2,190
newGBQR,5/16/2026,-1,5/9/2026,Pediatrics,quantile,0.25,200
newGBQR,5/16/2026,-1,5/9/2026,Pediatrics,quantile,0.3,209
newGBQR,5/16/2026,-1,5/9/2026,Pediatrics,quantile,0.35,218
newGBQR,5/16/2026,-1,5/9/2026,Pediatrics,quantile,0.4,234
newGBQR,5/16/2026,-1,5/9/2026,Pediatrics,quantile,0.45,235
newGBQR,5/16/2026,-1,5/9/2026,Pediatrics,quantile,0.5,243
newGBQR,5/16/2026,-1,5/9/2026,Pediatrics,quantile,0.55,261
newGBQR,5/16/2026,-1,5/9/2026,Pediatrics,quantile,0.6,275
newGBQR,5/16/2026,-1,5/9/2026,Pediatrics,quantile,0.65,292
newGBQR,5/16/2026,-1,5/9/2026,Pediatrics,quantile,0.7,293
newGBQR,5/16/2026,-1,5/9/2026,Pediatrics,quantile,0.75,299
newGBQR,5/16/2026,-1,5/9/2026,Pediatrics,quantile,0.8,309
newGBQR,5/16/2026,-1,5/9/2026,Pediatrics,quantile,0.85,320
newGBQR,5/16/2026,-1,5/9/2026,Pediatrics,quantile,0.9,342
newGBQR,5/16/2026,-1,5/9/2026,Pediatrics,quantile,0.95,365
newGBQR,5/16/2026,-1,5/9/2026,Pediatrics,quantile,0.975,442
newGBQR,5/16/2026,-1,5/9/2026,Pediatrics,quantile,0.99,502
newGBQR,5/16/2026,0,5/16/2026,Pediatrics,quantile,0.01,83
newGBQR,5/16/2026,0,5/16/2026,Pediatrics,quantile,0.025,120
newGBQR,5/16/2026,0,5/16/2026,Pediatrics,quantile,0.05,146
newGBQR,5/16/2026,0,5/16/2026,Pediatrics,quantile,0.1,167
newGBQR,5/16/2026,0,5/16/2026,Pediatrics,quantile,0.15,184
newGBQR,5/16/2026,0,5/16/2026,Pediatrics,quantile,0.2,195
newGBQR,5/16/2026,0,5/16/2026,Pediatrics,quantile,0.25,206
newGBQR,5/16/2026,0,5/16/2026,Pediatrics,quantile,0.3,222
newGBQR,5/16/2026,0,5/16/2026,Pediatrics,quantile,0.35,232
newGBQR,5/16/2026,0,5/16/2026,Pediatrics,quantile,0.4,245
newGBQR,5/16/2026,0,5/16/2026,Pediatrics,quantile,0.45,250
newGBQR,5/16/2026,0,5/16/2026,Pediatrics,quantile,0.5,266
newGBQR,5/16/2026,0,5/16/2026,Pediatrics,quantile,0.55,284
newGBQR,5/16/2026,0,5/16/2026,Pediatrics,quantile,0.6,304
newGBQR,5/16/2026,0,5/16/2026,Pediatrics,quantile,0.65,320
newGBQR,5/16/2026,0,5/16/2026,Pediatrics,quantile,0.7,330
newGBQR,5/16/2026,0,5/16/2026,Pediatrics,quantile,0.75,332
newGBQR,5/16/2026,0,5/16/2026,Pediatrics,quantile,0.8,351
newGBQR,5/16/2026,0,5/16/2026,Pediatrics,quantile,0.85,373
newGBQR,5/16/2026,0,5/16/2026,Pediatrics,quantile,0.9,387
newGBQR,5/16/2026,0,5/16/2026,Pediatrics,quantile,0.95,436
newGBQR,5/16/2026,0,5/16/2026,Pediatrics,quantile,0.975,500
newGBQR,5/16/2026,0,5/16/2026,Pediatrics,quantile,0.99,523
newGBQR,5/16/2026,1,5/23/2026,Pediatrics,quantile,0.01,79
newGBQR,5/16/2026,1,5/23/2026,Pediatrics,quantile,0.025,119
newGBQR,5/16/2026,1,5/23/2026,Pediatrics,quantile,0.05,145
newGBQR,5/16/2026,1,5/23/2026,Pediatrics,quantile,0.1,167
newGBQR,5/16/2026,1,5/23/2026,Pediatrics,quantile,0.15,185
newGBQR,5/16/2026,1,5/23/2026,Pediatrics,quantile,0.2,196
newGBQR,5/16/2026,1,5/23/2026,Pediatrics,quantile,0.25,210
newGBQR,5/16/2026,1,5/23/2026,Pediatrics,quantile,0.3,225
newGBQR,5/16/2026,1,5/23/2026,Pediatrics,quantile,0.35,238
newGBQR,5/16/2026,1,5/23/2026,Pediatrics,quantile,0.4,255
newGBQR,5/16/2026,1,5/23/2026,Pediatrics,quantile,0.45,260
newGBQR,5/16/2026,1,5/23/2026,Pediatrics,quantile,0.5,275
newGBQR,5/16/2026,1,5/23/2026,Pediatrics,quantile,0.55,296
newGBQR,5/16/2026,1,5/23/2026,Pediatrics,quantile,0.6,319
newGBQR,5/16/2026,1,5/23/2026,Pediatrics,quantile,0.65,339
newGBQR,5/16/2026,1,5/23/2026,Pediatrics,quantile,0.7,347
newGBQR,5/16/2026,1,5/23/2026,Pediatrics,quantile,0.75,367
newGBQR,5/16/2026,1,5/23/2026,Pediatrics,quantile,0.8,387
newGBQR,5/16/2026,1,5/23/2026,Pediatrics,quantile,0.85,421
newGBQR,5/16/2026,1,5/23/2026,Pediatrics,quantile,0.9,438
newGBQR,5/16/2026,1,5/23/2026,Pediatrics,quantile,0.95,461
newGBQR,5/16/2026,1,5/23/2026,Pediatrics,quantile,0.975,500
newGBQR,5/16/2026,1,5/23/2026,Pediatrics,quantile,0.99,528
newGBQR,5/16/2026,2,5/30/2026,Pediatrics,quantile,0.01,79
newGBQR,5/16/2026,2,5/30/2026,Pediatrics,quantile,0.025,119
newGBQR,5/16/2026,2,5/30/2026,Pediatrics,quantile,0.05,145
newGBQR,5/16/2026,2,5/30/2026,Pediatrics,quantile,0.1,167
newGBQR,5/16/2026,2,5/30/2026,Pediatrics,quantile,0.15,185
newGBQR,5/16/2026,2,5/30/2026,Pediatrics,quantile,0.2,196
newGBQR,5/16/2026,2,5/30/2026,Pediatrics,quantile,0.25,212
newGBQR,5/16/2026,2,5/30/2026,Pediatrics,quantile,0.3,226
newGBQR,5/16/2026,2,5/30/2026,Pediatrics,quantile,0.35,242
newGBQR,5/16/2026,2,5/30/2026,Pediatrics,quantile,0.4,255
newGBQR,5/16/2026,2,5/30/2026,Pediatrics,quantile,0.45,263
newGBQR,5/16/2026,2,5/30/2026,Pediatrics,quantile,0.5,281
newGBQR,5/16/2026,2,5/30/2026,Pediatrics,quantile,0.55,306
newGBQR,5/16/2026,2,5/30/2026,Pediatrics,quantile,0.6,328
newGBQR,5/16/2026,2,5/30/2026,Pediatrics,quantile,0.65,348
newGBQR,5/16/2026,2,5/30/2026,Pediatrics,quantile,0.7,361
newGBQR,5/16/2026,2,5/30/2026,Pediatrics,quantile,0.75,381
newGBQR,5/16/2026,2,5/30/2026,Pediatrics,quantile,0.8,423
newGBQR,5/16/2026,2,5/30/2026,Pediatrics,quantile,0.85,449
newGBQR,5/16/2026,2,5/30/2026,Pediatrics,quantile,0.9,480
newGBQR,5/16/2026,2,5/30/2026,Pediatrics,quantile,0.95,490
newGBQR,5/16/2026,2,5/30/2026,Pediatrics,quantile,0.975,513
newGBQR,5/16/2026,2,5/30/2026,Pediatrics,quantile,0.99,544
newGBQR,5/16/2026,3,6/6/2026,Pediatrics,quantile,0.01,75
newGBQR,5/16/2026,3,6/6/2026,Pediatrics,quantile,0.025,119
newGBQR,5/16/2026,3,6/6/2026,Pediatrics,quantile,0.05,144
newGBQR,5/16/2026,3,6/6/2026,Pediatrics,quantile,0.1,167
newGBQR,5/16/2026,3,6/6/2026,Pediatrics,quantile,0.15,186
newGBQR,5/16/2026,3,6/6/2026,Pediatrics,quantile,0.2,196
newGBQR,5/16/2026,3,6/6/2026,Pediatrics,quantile,0.25,212
newGBQR,5/16/2026,3,6/6/2026,Pediatrics,quantile,0.3,226
newGBQR,5/16/2026,3,6/6/2026,Pediatrics,quantile,0.35,242
newGBQR,5/16/2026,3,6/6/2026,Pediatrics,quantile,0.4,258
newGBQR,5/16/2026,3,6/6/2026,Pediatrics,quantile,0.45,266
newGBQR,5/16/2026,3,6/6/2026,Pediatrics,quantile,0.5,281
newGBQR,5/16/2026,3,6/6/2026,Pediatrics,quantile,0.55,307
newGBQR,5/16/2026,3,6/6/2026,Pediatrics,quantile,0.6,329
newGBQR,5/16/2026,3,6/6/2026,Pediatrics,quantile,0.65,355
newGBQR,5/16/2026,3,6/6/2026,Pediatrics,quantile,0.7,371
newGBQR,5/16/2026,3,6/6/2026,Pediatrics,quantile,0.75,390
newGBQR,5/16/2026,3,6/6/2026,Pediatrics,quantile,0.8,430
newGBQR,5/16/2026,3,6/6/2026,Pediatrics,quantile,0.85,460
newGBQR,5/16/2026,3,6/6/2026,Pediatrics,quantile,0.9,494
newGBQR,5/16/2026,3,6/6/2026,Pediatrics,quantile,0.95,510
newGBQR,5/16/2026,3,6/6/2026,Pediatrics,quantile,0.975,549
newGBQR,5/16/2026,3,6/6/2026,Pediatrics,quantile,0.99,579
Ensemble,5/16/2026,-3,4/25/2026,Adults,quantile,0.01,72
Ensemble,5/16/2026,-3,4/25/2026,Adults,quantile,0.025,76
Ensemble,5/16/2026,-3,4/25/2026,Adults,quantile,0.05,81
Ensemble,5/16/2026,-3,4/25/2026,Adults,quantile,0.1,92
Ensemble,5/16/2026,-3,4/25/2026,Adults,quantile,0.15,96
Ensemble,5/16/2026,-3,4/25/2026,Adults,quantile,0.2,100
Ensemble,5/16/2026,-3,4/25/2026,Adults,quantile,0.25,102
Ensemble,5/16/2026,-3,4/25/2026,Adults,quantile,0.3,104
Ensemble,5/16/2026,-3,4/25/2026,Adults,quantile,0.35,107
Ensemble,5/16/2026,-3,4/25/2026,Adults,quantile,0.4,110
Ensemble,5/16/2026,-3,4/25/2026,Adults,quantile,0.45,112
Ensemble,5/16/2026,-3,4/25/2026,Adults,quantile,0.5,114
Ensemble,5/16/2026,-3,4/25/2026,Adults,quantile,0.55,118
Ensemble,5/16/2026,-3,4/25/2026,Adults,quantile,0.6,120
Ensemble,5/16/2026,-3,4/25/2026,Adults,quantile,0.65,123
Ensemble,5/16/2026,-3,4/25/2026,Adults,quantile,0.7,125
Ensemble,5/16/2026,-3,4/25/2026,Adults,quantile,0.75,128
Ensemble,5/16/2026,-3,4/25/2026,Adults,quantile,0.8,133
Ensemble,5/16/2026,-3,4/25/2026,Adults,quantile,0.85,140
Ensemble,5/16/2026,-3,4/25/2026,Adults,quantile,0.9,146
Ensemble,5/16/2026,-3,4/25/2026,Adults,quantile,0.95,156
Ensemble,5/16/2026,-3,4/25/2026,Adults,quantile,0.975,168
Ensemble,5/16/2026,-3,4/25/2026,Adults,quantile,0.99,183
Ensemble,5/16/2026,-3,4/25/2026,Overall,quantile,0.01,213
Ensemble,5/16/2026,-3,4/25/2026,Overall,quantile,0.025,224
Ensemble,5/16/2026,-3,4/25/2026,Overall,quantile,0.05,238
Ensemble,5/16/2026,-3,4/25/2026,Overall,quantile,0.1,252
Ensemble,5/16/2026,-3,4/25/2026,Overall,quantile,0.15,261
Ensemble,5/16/2026,-3,4/25/2026,Overall,quantile,0.2,269
Ensemble,5/16/2026,-3,4/25/2026,Overall,quantile,0.25,276
Ensemble,5/16/2026,-3,4/25/2026,Overall,quantile,0.3,281
Ensemble,5/16/2026,-3,4/25/2026,Overall,quantile,0.35,286
Ensemble,5/16/2026,-3,4/25/2026,Overall,quantile,0.4,292
Ensemble,5/16/2026,-3,4/25/2026,Overall,quantile,0.45,297
Ensemble,5/16/2026,-3,4/25/2026,Overall,quantile,0.5,302
Ensemble,5/16/2026,-3,4/25/2026,Overall,quantile,0.55,308
Ensemble,5/16/2026,-3,4/25/2026,Overall,quantile,0.6,314
Ensemble,5/16/2026,-3,4/25/2026,Overall,quantile,0.65,318
Ensemble,5/16/2026,-3,4/25/2026,Overall,quantile,0.7,320
Ensemble,5/16/2026,-3,4/25/2026,Overall,quantile,0.75,324
Ensemble,5/16/2026,-3,4/25/2026,Overall,quantile,0.8,334
Ensemble,5/16/2026,-3,4/25/2026,Overall,quantile,0.85,344
Ensemble,5/16/2026,-3,4/25/2026,Overall,quantile,0.9,364
Ensemble,5/16/2026,-3,4/25/2026,Overall,quantile,0.95,394
Ensemble,5/16/2026,-3,4/25/2026,Overall,quantile,0.975,419
Ensemble,5/16/2026,-3,4/25/2026,Overall,quantile,0.99,456
Ensemble,5/16/2026,-3,4/25/2026,Pediatrics,quantile,0.01,116
Ensemble,5/16/2026,-3,4/25/2026,Pediatrics,quantile,0.025,122
Ensemble,5/16/2026,-3,4/25/2026,Pediatrics,quantile,0.05,138
Ensemble,5/16/2026,-3,4/25/2026,Pediatrics,quantile,0.1,148
Ensemble,5/16/2026,-3,4/25/2026,Pediatrics,quantile,0.15,153
Ensemble,5/16/2026,-3,4/25/2026,Pediatrics,quantile,0.2,159
Ensemble,5/16/2026,-3,4/25/2026,Pediatrics,quantile,0.25,162
Ensemble,5/16/2026,-3,4/25/2026,Pediatrics,quantile,0.3,168
Ensemble,5/16/2026,-3,4/25/2026,Pediatrics,quantile,0.35,172
Ensemble,5/16/2026,-3,4/25/2026,Pediatrics,quantile,0.4,176
Ensemble,5/16/2026,-3,4/25/2026,Pediatrics,quantile,0.45,180
Ensemble,5/16/2026,-3,4/25/2026,Pediatrics,quantile,0.5,184
Ensemble,5/16/2026,-3,4/25/2026,Pediatrics,quantile,0.55,187
Ensemble,5/16/2026,-3,4/25/2026,Pediatrics,quantile,0.6,192
Ensemble,5/16/2026,-3,4/25/2026,Pediatrics,quantile,0.65,196
Ensemble,5/16/2026,-3,4/25/2026,Pediatrics,quantile,0.7,200
Ensemble,5/16/2026,-3,4/25/2026,Pediatrics,quantile,0.75,205
Ensemble,5/16/2026,-3,4/25/2026,Pediatrics,quantile,0.8,212
Ensemble,5/16/2026,-3,4/25/2026,Pediatrics,quantile,0.85,220
Ensemble,5/16/2026,-3,4/25/2026,Pediatrics,quantile,0.9,232
Ensemble,5/16/2026,-3,4/25/2026,Pediatrics,quantile,0.95,246
Ensemble,5/16/2026,-3,4/25/2026,Pediatrics,quantile,0.975,260
Ensemble,5/16/2026,-3,4/25/2026,Pediatrics,quantile,0.99,282
Ensemble,5/16/2026,-2,5/2/2026,Adults,quantile,0.01,70
Ensemble,5/16/2026,-2,5/2/2026,Adults,quantile,0.025,74
Ensemble,5/16/2026,-2,5/2/2026,Adults,quantile,0.05,82
Ensemble,5/16/2026,-2,5/2/2026,Adults,quantile,0.1,95
Ensemble,5/16/2026,-2,5/2/2026,Adults,quantile,0.15,102
Ensemble,5/16/2026,-2,5/2/2026,Adults,quantile,0.2,106
Ensemble,5/16/2026,-2,5/2/2026,Adults,quantile,0.25,110
Ensemble,5/16/2026,-2,5/2/2026,Adults,quantile,0.3,114
Ensemble,5/16/2026,-2,5/2/2026,Adults,quantile,0.35,118
Ensemble,5/16/2026,-2,5/2/2026,Adults,quantile,0.4,122
Ensemble,5/16/2026,-2,5/2/2026,Adults,quantile,0.45,125
Ensemble,5/16/2026,-2,5/2/2026,Adults,quantile,0.5,128
Ensemble,5/16/2026,-2,5/2/2026,Adults,quantile,0.55,132
Ensemble,5/16/2026,-2,5/2/2026,Adults,quantile,0.6,136
Ensemble,5/16/2026,-2,5/2/2026,Adults,quantile,0.65,140
Ensemble,5/16/2026,-2,5/2/2026,Adults,quantile,0.7,145
Ensemble,5/16/2026,-2,5/2/2026,Adults,quantile,0.75,150
Ensemble,5/16/2026,-2,5/2/2026,Adults,quantile,0.8,154
Ensemble,5/16/2026,-2,5/2/2026,Adults,quantile,0.85,161
Ensemble,5/16/2026,-2,5/2/2026,Adults,quantile,0.9,170
Ensemble,5/16/2026,-2,5/2/2026,Adults,quantile,0.95,186
Ensemble,5/16/2026,-2,5/2/2026,Adults,quantile,0.975,202
Ensemble,5/16/2026,-2,5/2/2026,Adults,quantile,0.99,224
Ensemble,5/16/2026,-2,5/2/2026,Overall,quantile,0.01,208
Ensemble,5/16/2026,-2,5/2/2026,Overall,quantile,0.025,227
Ensemble,5/16/2026,-2,5/2/2026,Overall,quantile,0.05,244
Ensemble,5/16/2026,-2,5/2/2026,Overall,quantile,0.1,260
Ensemble,5/16/2026,-2,5/2/2026,Overall,quantile,0.15,274
Ensemble,5/16/2026,-2,5/2/2026,Overall,quantile,0.2,284
Ensemble,5/16/2026,-2,5/2/2026,Overall,quantile,0.25,294
Ensemble,5/16/2026,-2,5/2/2026,Overall,quantile,0.3,302
Ensemble,5/16/2026,-2,5/2/2026,Overall,quantile,0.35,310
Ensemble,5/16/2026,-2,5/2/2026,Overall,quantile,0.4,318
Ensemble,5/16/2026,-2,5/2/2026,Overall,quantile,0.45,325
Ensemble,5/16/2026,-2,5/2/2026,Overall,quantile,0.5,333
Ensemble,5/16/2026,-2,5/2/2026,Overall,quantile,0.55,342
Ensemble,5/16/2026,-2,5/2/2026,Overall,quantile,0.6,350
Ensemble,5/16/2026,-2,5/2/2026,Overall,quantile,0.65,357
Ensemble,5/16/2026,-2,5/2/2026,Overall,quantile,0.7,364
Ensemble,5/16/2026,-2,5/2/2026,Overall,quantile,0.75,370
Ensemble,5/16/2026,-2,5/2/2026,Overall,quantile,0.8,382
Ensemble,5/16/2026,-2,5/2/2026,Overall,quantile,0.85,394
Ensemble,5/16/2026,-2,5/2/2026,Overall,quantile,0.9,414
Ensemble,5/16/2026,-2,5/2/2026,Overall,quantile,0.95,452
Ensemble,5/16/2026,-2,5/2/2026,Overall,quantile,0.975,490
Ensemble,5/16/2026,-2,5/2/2026,Overall,quantile,0.99,542
Ensemble,5/16/2026,-2,5/2/2026,Pediatrics,quantile,0.01,116
Ensemble,5/16/2026,-2,5/2/2026,Pediatrics,quantile,0.025,122
Ensemble,5/16/2026,-2,5/2/2026,Pediatrics,quantile,0.05,138
Ensemble,5/16/2026,-2,5/2/2026,Pediatrics,quantile,0.1,151
Ensemble,5/16/2026,-2,5/2/2026,Pediatrics,quantile,0.15,160
Ensemble,5/16/2026,-2,5/2/2026,Pediatrics,quantile,0.2,168
Ensemble,5/16/2026,-2,5/2/2026,Pediatrics,quantile,0.25,174
Ensemble,5/16/2026,-2,5/2/2026,Pediatrics,quantile,0.3,180
Ensemble,5/16/2026,-2,5/2/2026,Pediatrics,quantile,0.35,186
Ensemble,5/16/2026,-2,5/2/2026,Pediatrics,quantile,0.4,192
Ensemble,5/16/2026,-2,5/2/2026,Pediatrics,quantile,0.45,198
Ensemble,5/16/2026,-2,5/2/2026,Pediatrics,quantile,0.5,204
Ensemble,5/16/2026,-2,5/2/2026,Pediatrics,quantile,0.55,210
Ensemble,5/16/2026,-2,5/2/2026,Pediatrics,quantile,0.6,216
Ensemble,5/16/2026,-2,5/2/2026,Pediatrics,quantile,0.65,224
Ensemble,5/16/2026,-2,5/2/2026,Pediatrics,quantile,0.7,230
Ensemble,5/16/2026,-2,5/2/2026,Pediatrics,quantile,0.75,238
Ensemble,5/16/2026,-2,5/2/2026,Pediatrics,quantile,0.8,247
Ensemble,5/16/2026,-2,5/2/2026,Pediatrics,quantile,0.85,259
Ensemble,5/16/2026,-2,5/2/2026,Pediatrics,quantile,0.9,274
Ensemble,5/16/2026,-2,5/2/2026,Pediatrics,quantile,0.95,302
Ensemble,5/16/2026,-2,5/2/2026,Pediatrics,quantile,0.975,328
Ensemble,5/16/2026,-2,5/2/2026,Pediatrics,quantile,0.99,361
Ensemble,5/16/2026,-1,5/9/2026,Adults,quantile,0.01,70
Ensemble,5/16/2026,-1,5/9/2026,Adults,quantile,0.025,76
Ensemble,5/16/2026,-1,5/9/2026,Adults,quantile,0.05,85
Ensemble,5/16/2026,-1,5/9/2026,Adults,quantile,0.1,100
Ensemble,5/16/2026,-1,5/9/2026,Adults,quantile,0.15,109
Ensemble,5/16/2026,-1,5/9/2026,Adults,quantile,0.2,117
Ensemble,5/16/2026,-1,5/9/2026,Adults,quantile,0.25,122
Ensemble,5/16/2026,-1,5/9/2026,Adults,quantile,0.3,128
Ensemble,5/16/2026,-1,5/9/2026,Adults,quantile,0.35,132
Ensemble,5/16/2026,-1,5/9/2026,Adults,quantile,0.4,136
Ensemble,5/16/2026,-1,5/9/2026,Adults,quantile,0.45,141
Ensemble,5/16/2026,-1,5/9/2026,Adults,quantile,0.5,146
Ensemble,5/16/2026,-1,5/9/2026,Adults,quantile,0.55,150
Ensemble,5/16/2026,-1,5/9/2026,Adults,quantile,0.6,156
Ensemble,5/16/2026,-1,5/9/2026,Adults,quantile,0.65,161
Ensemble,5/16/2026,-1,5/9/2026,Adults,quantile,0.7,167
Ensemble,5/16/2026,-1,5/9/2026,Adults,quantile,0.75,174
Ensemble,5/16/2026,-1,5/9/2026,Adults,quantile,0.8,181
Ensemble,5/16/2026,-1,5/9/2026,Adults,quantile,0.85,190
Ensemble,5/16/2026,-1,5/9/2026,Adults,quantile,0.9,202
Ensemble,5/16/2026,-1,5/9/2026,Adults,quantile,0.95,224
Ensemble,5/16/2026,-1,5/9/2026,Adults,quantile,0.975,244
Ensemble,5/16/2026,-1,5/9/2026,Adults,quantile,0.99,274
Ensemble,5/16/2026,-1,5/9/2026,Overall,quantile,0.01,218
Ensemble,5/16/2026,-1,5/9/2026,Overall,quantile,0.025,237
Ensemble,5/16/2026,-1,5/9/2026,Overall,quantile,0.05,254
Ensemble,5/16/2026,-1,5/9/2026,Overall,quantile,0.1,274
Ensemble,5/16/2026,-1,5/9/2026,Overall,quantile,0.15,290
Ensemble,5/16/2026,-1,5/9/2026,Overall,quantile,0.2,305
Ensemble,5/16/2026,-1,5/9/2026,Overall,quantile,0.25,319
Ensemble,5/16/2026,-1,5/9/2026,Overall,quantile,0.3,330
Ensemble,5/16/2026,-1,5/9/2026,Overall,quantile,0.35,341
Ensemble,5/16/2026,-1,5/9/2026,Overall,quantile,0.4,350
Ensemble,5/16/2026,-1,5/9/2026,Overall,quantile,0.45,360
Ensemble,5/16/2026,-1,5/9/2026,Overall,quantile,0.5,371
Ensemble,5/16/2026,-1,5/9/2026,Overall,quantile,0.55,382
Ensemble,5/16/2026,-1,5/9/2026,Overall,quantile,0.6,394
Ensemble,5/16/2026,-1,5/9/2026,Overall,quantile,0.65,406
Ensemble,5/16/2026,-1,5/9/2026,Overall,quantile,0.7,420
Ensemble,5/16/2026,-1,5/9/2026,Overall,quantile,0.75,436
Ensemble,5/16/2026,-1,5/9/2026,Overall,quantile,0.8,450
Ensemble,5/16/2026,-1,5/9/2026,Overall,quantile,0.85,466
Ensemble,5/16/2026,-1,5/9/2026,Overall,quantile,0.9,492
Ensemble,5/16/2026,-1,5/9/2026,Overall,quantile,0.95,533
Ensemble,5/16/2026,-1,5/9/2026,Overall,quantile,0.975,576
Ensemble,5/16/2026,-1,5/9/2026,Overall,quantile,0.99,637
Ensemble,5/16/2026,-1,5/9/2026,Pediatrics,quantile,0.01,117
Ensemble,5/16/2026,-1,5/9/2026,Pediatrics,quantile,0.025,126
Ensemble,5/16/2026,-1,5/9/2026,Pediatrics,quantile,0.05,144
Ensemble,5/16/2026,-1,5/9/2026,Pediatrics,quantile,0.1,160
Ensemble,5/16/2026,-1,5/9/2026,Pediatrics,quantile,0.15,171
Ensemble,5/16/2026,-1,5/9/2026,Pediatrics,quantile,0.2,181
Ensemble,5/16/2026,-1,5/9/2026,Pediatrics,quantile,0.25,190
Ensemble,5/16/2026,-1,5/9/2026,Pediatrics,quantile,0.3,200
Ensemble,5/16/2026,-1,5/9/2026,Pediatrics,quantile,0.35,208
Ensemble,5/16/2026,-1,5/9/2026,Pediatrics,quantile,0.4,216
Ensemble,5/16/2026,-1,5/9/2026,Pediatrics,quantile,0.45,224
Ensemble,5/16/2026,-1,5/9/2026,Pediatrics,quantile,0.5,232
Ensemble,5/16/2026,-1,5/9/2026,Pediatrics,quantile,0.55,240
Ensemble,5/16/2026,-1,5/9/2026,Pediatrics,quantile,0.6,250
Ensemble,5/16/2026,-1,5/9/2026,Pediatrics,quantile,0.65,260
Ensemble,5/16/2026,-1,5/9/2026,Pediatrics,quantile,0.7,272
Ensemble,5/16/2026,-1,5/9/2026,Pediatrics,quantile,0.75,283
Ensemble,5/16/2026,-1,5/9/2026,Pediatrics,quantile,0.8,294
Ensemble,5/16/2026,-1,5/9/2026,Pediatrics,quantile,0.85,307
Ensemble,5/16/2026,-1,5/9/2026,Pediatrics,quantile,0.9,328
Ensemble,5/16/2026,-1,5/9/2026,Pediatrics,quantile,0.95,353
Ensemble,5/16/2026,-1,5/9/2026,Pediatrics,quantile,0.975,400
Ensemble,5/16/2026,-1,5/9/2026,Pediatrics,quantile,0.99,450
Ensemble,5/16/2026,0,5/16/2026,Adults,quantile,0.01,74
Ensemble,5/16/2026,0,5/16/2026,Adults,quantile,0.025,83
Ensemble,5/16/2026,0,5/16/2026,Adults,quantile,0.05,92
Ensemble,5/16/2026,0,5/16/2026,Adults,quantile,0.1,106
Ensemble,5/16/2026,0,5/16/2026,Adults,quantile,0.15,118
Ensemble,5/16/2026,0,5/16/2026,Adults,quantile,0.2,127
Ensemble,5/16/2026,0,5/16/2026,Adults,quantile,0.25,137
Ensemble,5/16/2026,0,5/16/2026,Adults,quantile,0.3,144
Ensemble,5/16/2026,0,5/16/2026,Adults,quantile,0.35,150
Ensemble,5/16/2026,0,5/16/2026,Adults,quantile,0.4,156
Ensemble,5/16/2026,0,5/16/2026,Adults,quantile,0.45,162
Ensemble,5/16/2026,0,5/16/2026,Adults,quantile,0.5,168
Ensemble,5/16/2026,0,5/16/2026,Adults,quantile,0.55,176
Ensemble,5/16/2026,0,5/16/2026,Adults,quantile,0.6,182
Ensemble,5/16/2026,0,5/16/2026,Adults,quantile,0.65,189
Ensemble,5/16/2026,0,5/16/2026,Adults,quantile,0.7,198
Ensemble,5/16/2026,0,5/16/2026,Adults,quantile,0.75,206
Ensemble,5/16/2026,0,5/16/2026,Adults,quantile,0.8,216
Ensemble,5/16/2026,0,5/16/2026,Adults,quantile,0.85,229
Ensemble,5/16/2026,0,5/16/2026,Adults,quantile,0.9,247
Ensemble,5/16/2026,0,5/16/2026,Adults,quantile,0.95,281
Ensemble,5/16/2026,0,5/16/2026,Adults,quantile,0.975,310
Ensemble,5/16/2026,0,5/16/2026,Adults,quantile,0.99,348
Ensemble,5/16/2026,0,5/16/2026,Overall,quantile,0.01,224
Ensemble,5/16/2026,0,5/16/2026,Overall,quantile,0.025,241
Ensemble,5/16/2026,0,5/16/2026,Overall,quantile,0.05,266
Ensemble,5/16/2026,0,5/16/2026,Overall,quantile,0.1,294
Ensemble,5/16/2026,0,5/16/2026,Overall,quantile,0.15,313
Ensemble,5/16/2026,0,5/16/2026,Overall,quantile,0.2,332
Ensemble,5/16/2026,0,5/16/2026,Overall,quantile,0.25,347
Ensemble,5/16/2026,0,5/16/2026,Overall,quantile,0.3,362
Ensemble,5/16/2026,0,5/16/2026,Overall,quantile,0.35,376
Ensemble,5/16/2026,0,5/16/2026,Overall,quantile,0.4,388
Ensemble,5/16/2026,0,5/16/2026,Overall,quantile,0.45,402
Ensemble,5/16/2026,0,5/16/2026,Overall,quantile,0.5,420
Ensemble,5/16/2026,0,5/16/2026,Overall,quantile,0.55,442
Ensemble,5/16/2026,0,5/16/2026,Overall,quantile,0.6,458
Ensemble,5/16/2026,0,5/16/2026,Overall,quantile,0.65,475
Ensemble,5/16/2026,0,5/16/2026,Overall,quantile,0.7,492
Ensemble,5/16/2026,0,5/16/2026,Overall,quantile,0.75,510
Ensemble,5/16/2026,0,5/16/2026,Overall,quantile,0.8,527
Ensemble,5/16/2026,0,5/16/2026,Overall,quantile,0.85,550
Ensemble,5/16/2026,0,5/16/2026,Overall,quantile,0.9,594
Ensemble,5/16/2026,0,5/16/2026,Overall,quantile,0.95,642
Ensemble,5/16/2026,0,5/16/2026,Overall,quantile,0.975,697
Ensemble,5/16/2026,0,5/16/2026,Overall,quantile,0.99,771
Ensemble,5/16/2026,0,5/16/2026,Pediatrics,quantile,0.01,122
Ensemble,5/16/2026,0,5/16/2026,Pediatrics,quantile,0.025,132
Ensemble,5/16/2026,0,5/16/2026,Pediatrics,quantile,0.05,150
Ensemble,5/16/2026,0,5/16/2026,Pediatrics,quantile,0.1,169
Ensemble,5/16/2026,0,5/16/2026,Pediatrics,quantile,0.15,186
Ensemble,5/16/2026,0,5/16/2026,Pediatrics,quantile,0.2,196
Ensemble,5/16/2026,0,5/16/2026,Pediatrics,quantile,0.25,208
Ensemble,5/16/2026,0,5/16/2026,Pediatrics,quantile,0.3,220
Ensemble,5/16/2026,0,5/16/2026,Pediatrics,quantile,0.35,230
Ensemble,5/16/2026,0,5/16/2026,Pediatrics,quantile,0.4,242
Ensemble,5/16/2026,0,5/16/2026,Pediatrics,quantile,0.45,249
Ensemble,5/16/2026,0,5/16/2026,Pediatrics,quantile,0.5,262
Ensemble,5/16/2026,0,5/16/2026,Pediatrics,quantile,0.55,276
Ensemble,5/16/2026,0,5/16/2026,Pediatrics,quantile,0.6,291
Ensemble,5/16/2026,0,5/16/2026,Pediatrics,quantile,0.65,304
Ensemble,5/16/2026,0,5/16/2026,Pediatrics,quantile,0.7,316
Ensemble,5/16/2026,0,5/16/2026,Pediatrics,quantile,0.75,324
Ensemble,5/16/2026,0,5/16/2026,Pediatrics,quantile,0.8,342
Ensemble,5/16/2026,0,5/16/2026,Pediatrics,quantile,0.85,364
Ensemble,5/16/2026,0,5/16/2026,Pediatrics,quantile,0.9,384
Ensemble,5/16/2026,0,5/16/2026,Pediatrics,quantile,0.95,430
Ensemble,5/16/2026,0,5/16/2026,Pediatrics,quantile,0.975,482
Ensemble,5/16/2026,0,5/16/2026,Pediatrics,quantile,0.99,515
Ensemble,5/16/2026,1,5/23/2026,Adults,quantile,0.01,81
Ensemble,5/16/2026,1,5/23/2026,Adults,quantile,0.025,86
Ensemble,5/16/2026,1,5/23/2026,Adults,quantile,0.05,97
Ensemble,5/16/2026,1,5/23/2026,Adults,quantile,0.1,113
Ensemble,5/16/2026,1,5/23/2026,Adults,quantile,0.15,124
Ensemble,5/16/2026,1,5/23/2026,Adults,quantile,0.2,136
Ensemble,5/16/2026,1,5/23/2026,Adults,quantile,0.25,148
Ensemble,5/16/2026,1,5/23/2026,Adults,quantile,0.3,156
Ensemble,5/16/2026,1,5/23/2026,Adults,quantile,0.35,167
Ensemble,5/16/2026,1,5/23/2026,Adults,quantile,0.4,176
Ensemble,5/16/2026,1,5/23/2026,Adults,quantile,0.45,184
Ensemble,5/16/2026,1,5/23/2026,Adults,quantile,0.5,194
Ensemble,5/16/2026,1,5/23/2026,Adults,quantile,0.55,205
Ensemble,5/16/2026,1,5/23/2026,Adults,quantile,0.6,216
Ensemble,5/16/2026,1,5/23/2026,Adults,quantile,0.65,226
Ensemble,5/16/2026,1,5/23/2026,Adults,quantile,0.7,236
Ensemble,5/16/2026,1,5/23/2026,Adults,quantile,0.75,248
Ensemble,5/16/2026,1,5/23/2026,Adults,quantile,0.8,261
Ensemble,5/16/2026,1,5/23/2026,Adults,quantile,0.85,278
Ensemble,5/16/2026,1,5/23/2026,Adults,quantile,0.9,306
Ensemble,5/16/2026,1,5/23/2026,Adults,quantile,0.95,354
Ensemble,5/16/2026,1,5/23/2026,Adults,quantile,0.975,384
Ensemble,5/16/2026,1,5/23/2026,Adults,quantile,0.99,434
Ensemble,5/16/2026,1,5/23/2026,Overall,quantile,0.01,221
Ensemble,5/16/2026,1,5/23/2026,Overall,quantile,0.025,246
Ensemble,5/16/2026,1,5/23/2026,Overall,quantile,0.05,274
Ensemble,5/16/2026,1,5/23/2026,Overall,quantile,0.1,310
Ensemble,5/16/2026,1,5/23/2026,Overall,quantile,0.15,336
Ensemble,5/16/2026,1,5/23/2026,Overall,quantile,0.2,361
Ensemble,5/16/2026,1,5/23/2026,Overall,quantile,0.25,380
Ensemble,5/16/2026,1,5/23/2026,Overall,quantile,0.3,400
Ensemble,5/16/2026,1,5/23/2026,Overall,quantile,0.35,418
Ensemble,5/16/2026,1,5/23/2026,Overall,quantile,0.4,438
Ensemble,5/16/2026,1,5/23/2026,Overall,quantile,0.45,457
Ensemble,5/16/2026,1,5/23/2026,Overall,quantile,0.5,476
Ensemble,5/16/2026,1,5/23/2026,Overall,quantile,0.55,494
Ensemble,5/16/2026,1,5/23/2026,Overall,quantile,0.6,514
Ensemble,5/16/2026,1,5/23/2026,Overall,quantile,0.65,553
Ensemble,5/16/2026,1,5/23/2026,Overall,quantile,0.7,574
Ensemble,5/16/2026,1,5/23/2026,Overall,quantile,0.75,598
Ensemble,5/16/2026,1,5/23/2026,Overall,quantile,0.8,622
Ensemble,5/16/2026,1,5/23/2026,Overall,quantile,0.85,674
Ensemble,5/16/2026,1,5/23/2026,Overall,quantile,0.9,700
Ensemble,5/16/2026,1,5/23/2026,Overall,quantile,0.95,772
Ensemble,5/16/2026,1,5/23/2026,Overall,quantile,0.975,845
Ensemble,5/16/2026,1,5/23/2026,Overall,quantile,0.99,946
Ensemble,5/16/2026,1,5/23/2026,Pediatrics,quantile,0.01,120
Ensemble,5/16/2026,1,5/23/2026,Pediatrics,quantile,0.025,130
Ensemble,5/16/2026,1,5/23/2026,Pediatrics,quantile,0.05,150
Ensemble,5/16/2026,1,5/23/2026,Pediatrics,quantile,0.1,174
Ensemble,5/16/2026,1,5/23/2026,Pediatrics,quantile,0.15,194
Ensemble,5/16/2026,1,5/23/2026,Pediatrics,quantile,0.2,206
Ensemble,5/16/2026,1,5/23/2026,Pediatrics,quantile,0.25,220
Ensemble,5/16/2026,1,5/23/2026,Pediatrics,quantile,0.3,237
Ensemble,5/16/2026,1,5/23/2026,Pediatrics,quantile,0.35,253
Ensemble,5/16/2026,1,5/23/2026,Pediatrics,quantile,0.4,268
Ensemble,5/16/2026,1,5/23/2026,Pediatrics,quantile,0.45,276
Ensemble,5/16/2026,1,5/23/2026,Pediatrics,quantile,0.5,290
Ensemble,5/16/2026,1,5/23/2026,Pediatrics,quantile,0.55,307
Ensemble,5/16/2026,1,5/23/2026,Pediatrics,quantile,0.6,325
Ensemble,5/16/2026,1,5/23/2026,Pediatrics,quantile,0.65,343
Ensemble,5/16/2026,1,5/23/2026,Pediatrics,quantile,0.7,354
Ensemble,5/16/2026,1,5/23/2026,Pediatrics,quantile,0.75,373
Ensemble,5/16/2026,1,5/23/2026,Pediatrics,quantile,0.8,396
Ensemble,5/16/2026,1,5/23/2026,Pediatrics,quantile,0.85,426
Ensemble,5/16/2026,1,5/23/2026,Pediatrics,quantile,0.9,451
Ensemble,5/16/2026,1,5/23/2026,Pediatrics,quantile,0.95,492
Ensemble,5/16/2026,1,5/23/2026,Pediatrics,quantile,0.975,539
Ensemble,5/16/2026,1,5/23/2026,Pediatrics,quantile,0.99,592
Ensemble,5/16/2026,2,5/30/2026,Adults,quantile,0.01,78
Ensemble,5/16/2026,2,5/30/2026,Adults,quantile,0.025,87
Ensemble,5/16/2026,2,5/30/2026,Adults,quantile,0.05,102
Ensemble,5/16/2026,2,5/30/2026,Adults,quantile,0.1,120
Ensemble,5/16/2026,2,5/30/2026,Adults,quantile,0.15,132
Ensemble,5/16/2026,2,5/30/2026,Adults,quantile,0.2,144
Ensemble,5/16/2026,2,5/30/2026,Adults,quantile,0.25,156
Ensemble,5/16/2026,2,5/30/2026,Adults,quantile,0.3,168
Ensemble,5/16/2026,2,5/30/2026,Adults,quantile,0.35,178
Ensemble,5/16/2026,2,5/30/2026,Adults,quantile,0.4,190
Ensemble,5/16/2026,2,5/30/2026,Adults,quantile,0.45,201
Ensemble,5/16/2026,2,5/30/2026,Adults,quantile,0.5,212
Ensemble,5/16/2026,2,5/30/2026,Adults,quantile,0.55,228
Ensemble,5/16/2026,2,5/30/2026,Adults,quantile,0.6,248
Ensemble,5/16/2026,2,5/30/2026,Adults,quantile,0.65,265
Ensemble,5/16/2026,2,5/30/2026,Adults,quantile,0.7,278
Ensemble,5/16/2026,2,5/30/2026,Adults,quantile,0.75,292
Ensemble,5/16/2026,2,5/30/2026,Adults,quantile,0.8,310
Ensemble,5/16/2026,2,5/30/2026,Adults,quantile,0.85,335
Ensemble,5/16/2026,2,5/30/2026,Adults,quantile,0.9,370
Ensemble,5/16/2026,2,5/30/2026,Adults,quantile,0.95,428
Ensemble,5/16/2026,2,5/30/2026,Adults,quantile,0.975,460
Ensemble,5/16/2026,2,5/30/2026,Adults,quantile,0.99,530
Ensemble,5/16/2026,2,5/30/2026,Overall,quantile,0.01,226
Ensemble,5/16/2026,2,5/30/2026,Overall,quantile,0.025,246
Ensemble,5/16/2026,2,5/30/2026,Overall,quantile,0.05,282
Ensemble,5/16/2026,2,5/30/2026,Overall,quantile,0.1,328
Ensemble,5/16/2026,2,5/30/2026,Overall,quantile,0.15,358
Ensemble,5/16/2026,2,5/30/2026,Overall,quantile,0.2,393
Ensemble,5/16/2026,2,5/30/2026,Overall,quantile,0.25,417
Ensemble,5/16/2026,2,5/30/2026,Overall,quantile,0.3,446
Ensemble,5/16/2026,2,5/30/2026,Overall,quantile,0.35,470
Ensemble,5/16/2026,2,5/30/2026,Overall,quantile,0.4,490
Ensemble,5/16/2026,2,5/30/2026,Overall,quantile,0.45,510
Ensemble,5/16/2026,2,5/30/2026,Overall,quantile,0.5,537
Ensemble,5/16/2026,2,5/30/2026,Overall,quantile,0.55,562
Ensemble,5/16/2026,2,5/30/2026,Overall,quantile,0.6,586
Ensemble,5/16/2026,2,5/30/2026,Overall,quantile,0.65,612
Ensemble,5/16/2026,2,5/30/2026,Overall,quantile,0.7,655
Ensemble,5/16/2026,2,5/30/2026,Overall,quantile,0.75,700
Ensemble,5/16/2026,2,5/30/2026,Overall,quantile,0.8,732
Ensemble,5/16/2026,2,5/30/2026,Overall,quantile,0.85,782
Ensemble,5/16/2026,2,5/30/2026,Overall,quantile,0.9,824
Ensemble,5/16/2026,2,5/30/2026,Overall,quantile,0.95,916
Ensemble,5/16/2026,2,5/30/2026,Overall,quantile,0.975,1000
Ensemble,5/16/2026,2,5/30/2026,Overall,quantile,0.99,1114
Ensemble,5/16/2026,2,5/30/2026,Pediatrics,quantile,0.01,116
Ensemble,5/16/2026,2,5/30/2026,Pediatrics,quantile,0.025,130
Ensemble,5/16/2026,2,5/30/2026,Pediatrics,quantile,0.05,149
Ensemble,5/16/2026,2,5/30/2026,Pediatrics,quantile,0.1,177
Ensemble,5/16/2026,2,5/30/2026,Pediatrics,quantile,0.15,196
Ensemble,5/16/2026,2,5/30/2026,Pediatrics,quantile,0.2,214
Ensemble,5/16/2026,2,5/30/2026,Pediatrics,quantile,0.25,233
Ensemble,5/16/2026,2,5/30/2026,Pediatrics,quantile,0.3,250
Ensemble,5/16/2026,2,5/30/2026,Pediatrics,quantile,0.35,266
Ensemble,5/16/2026,2,5/30/2026,Pediatrics,quantile,0.4,281
Ensemble,5/16/2026,2,5/30/2026,Pediatrics,quantile,0.45,296
Ensemble,5/16/2026,2,5/30/2026,Pediatrics,quantile,0.5,314
Ensemble,5/16/2026,2,5/30/2026,Pediatrics,quantile,0.55,337
Ensemble,5/16/2026,2,5/30/2026,Pediatrics,quantile,0.6,359
Ensemble,5/16/2026,2,5/30/2026,Pediatrics,quantile,0.65,378
Ensemble,5/16/2026,2,5/30/2026,Pediatrics,quantile,0.7,396
Ensemble,5/16/2026,2,5/30/2026,Pediatrics,quantile,0.75,418
Ensemble,5/16/2026,2,5/30/2026,Pediatrics,quantile,0.8,452
Ensemble,5/16/2026,2,5/30/2026,Pediatrics,quantile,0.85,481
Ensemble,5/16/2026,2,5/30/2026,Pediatrics,quantile,0.9,521
Ensemble,5/16/2026,2,5/30/2026,Pediatrics,quantile,0.95,564
Ensemble,5/16/2026,2,5/30/2026,Pediatrics,quantile,0.975,614
Ensemble,5/16/2026,2,5/30/2026,Pediatrics,quantile,0.99,691
Ensemble,5/16/2026,3,6/6/2026,Adults,quantile,0.01,78
Ensemble,5/16/2026,3,6/6/2026,Adults,quantile,0.025,90
Ensemble,5/16/2026,3,6/6/2026,Adults,quantile,0.05,103
Ensemble,5/16/2026,3,6/6/2026,Adults,quantile,0.1,126
Ensemble,5/16/2026,3,6/6/2026,Adults,quantile,0.15,138
Ensemble,5/16/2026,3,6/6/2026,Adults,quantile,0.2,151
Ensemble,5/16/2026,3,6/6/2026,Adults,quantile,0.25,166
Ensemble,5/16/2026,3,6/6/2026,Adults,quantile,0.3,176
Ensemble,5/16/2026,3,6/6/2026,Adults,quantile,0.35,190
Ensemble,5/16/2026,3,6/6/2026,Adults,quantile,0.4,199
Ensemble,5/16/2026,3,6/6/2026,Adults,quantile,0.45,211
Ensemble,5/16/2026,3,6/6/2026,Adults,quantile,0.5,226
Ensemble,5/16/2026,3,6/6/2026,Adults,quantile,0.55,241
Ensemble,5/16/2026,3,6/6/2026,Adults,quantile,0.6,262
Ensemble,5/16/2026,3,6/6/2026,Adults,quantile,0.65,287
Ensemble,5/16/2026,3,6/6/2026,Adults,quantile,0.7,312
Ensemble,5/16/2026,3,6/6/2026,Adults,quantile,0.75,332
Ensemble,5/16/2026,3,6/6/2026,Adults,quantile,0.8,365
Ensemble,5/16/2026,3,6/6/2026,Adults,quantile,0.85,397
Ensemble,5/16/2026,3,6/6/2026,Adults,quantile,0.9,444
Ensemble,5/16/2026,3,6/6/2026,Adults,quantile,0.95,492
Ensemble,5/16/2026,3,6/6/2026,Adults,quantile,0.975,548
Ensemble,5/16/2026,3,6/6/2026,Adults,quantile,0.99,637
Ensemble,5/16/2026,3,6/6/2026,Overall,quantile,0.01,221
Ensemble,5/16/2026,3,6/6/2026,Overall,quantile,0.025,255
Ensemble,5/16/2026,3,6/6/2026,Overall,quantile,0.05,292
Ensemble,5/16/2026,3,6/6/2026,Overall,quantile,0.1,348
Ensemble,5/16/2026,3,6/6/2026,Overall,quantile,0.15,388
Ensemble,5/16/2026,3,6/6/2026,Overall,quantile,0.2,420
Ensemble,5/16/2026,3,6/6/2026,Overall,quantile,0.25,456
Ensemble,5/16/2026,3,6/6/2026,Overall,quantile,0.3,485
Ensemble,5/16/2026,3,6/6/2026,Overall,quantile,0.35,517
Ensemble,5/16/2026,3,6/6/2026,Overall,quantile,0.4,542
Ensemble,5/16/2026,3,6/6/2026,Overall,quantile,0.45,573
Ensemble,5/16/2026,3,6/6/2026,Overall,quantile,0.5,598
Ensemble,5/16/2026,3,6/6/2026,Overall,quantile,0.55,628
Ensemble,5/16/2026,3,6/6/2026,Overall,quantile,0.6,660
Ensemble,5/16/2026,3,6/6/2026,Overall,quantile,0.65,694
Ensemble,5/16/2026,3,6/6/2026,Overall,quantile,0.7,731
Ensemble,5/16/2026,3,6/6/2026,Overall,quantile,0.75,776
Ensemble,5/16/2026,3,6/6/2026,Overall,quantile,0.8,830
Ensemble,5/16/2026,3,6/6/2026,Overall,quantile,0.85,896
Ensemble,5/16/2026,3,6/6/2026,Overall,quantile,0.9,962
Ensemble,5/16/2026,3,6/6/2026,Overall,quantile,0.95,1066
Ensemble,5/16/2026,3,6/6/2026,Overall,quantile,0.975,1176
Ensemble,5/16/2026,3,6/6/2026,Overall,quantile,0.99,1318
Ensemble,5/16/2026,3,6/6/2026,Pediatrics,quantile,0.01,114
Ensemble,5/16/2026,3,6/6/2026,Pediatrics,quantile,0.025,134
Ensemble,5/16/2026,3,6/6/2026,Pediatrics,quantile,0.05,152
Ensemble,5/16/2026,3,6/6/2026,Pediatrics,quantile,0.1,180
Ensemble,5/16/2026,3,6/6/2026,Pediatrics,quantile,0.15,204
Ensemble,5/16/2026,3,6/6/2026,Pediatrics,quantile,0.2,222
Ensemble,5/16/2026,3,6/6/2026,Pediatrics,quantile,0.25,238
Ensemble,5/16/2026,3,6/6/2026,Pediatrics,quantile,0.3,254
Ensemble,5/16/2026,3,6/6/2026,Pediatrics,quantile,0.35,275
Ensemble,5/16/2026,3,6/6/2026,Pediatrics,quantile,0.4,294
Ensemble,5/16/2026,3,6/6/2026,Pediatrics,quantile,0.45,314
Ensemble,5/16/2026,3,6/6/2026,Pediatrics,quantile,0.5,332
Ensemble,5/16/2026,3,6/6/2026,Pediatrics,quantile,0.55,357
Ensemble,5/16/2026,3,6/6/2026,Pediatrics,quantile,0.6,384
Ensemble,5/16/2026,3,6/6/2026,Pediatrics,quantile,0.65,414
Ensemble,5/16/2026,3,6/6/2026,Pediatrics,quantile,0.7,440
Ensemble,5/16/2026,3,6/6/2026,Pediatrics,quantile,0.75,464
Ensemble,5/16/2026,3,6/6/2026,Pediatrics,quantile,0.8,501
Ensemble,5/16/2026,3,6/6/2026,Pediatrics,quantile,0.85,536
Ensemble,5/16/2026,3,6/6/2026,Pediatrics,quantile,0.9,581
Ensemble,5/16/2026,3,6/6/2026,Pediatrics,quantile,0.95,639
Ensemble,5/16/2026,3,6/6/2026,Pediatrics,quantile,0.975,712
Ensemble,5/16/2026,3,6/6/2026,Pediatrics,quantile,0.99,816
