model,reference_date,horizon,target_end_date,target_group,output_type,output_type_id,value
Regular Baseline,5/30/2026,-3,5/9/2026,Adults,quantile,0.01,45
Regular Baseline,5/30/2026,-3,5/9/2026,Adults,quantile,0.025,55
Regular Baseline,5/30/2026,-3,5/9/2026,Adults,quantile,0.05,66
Regular Baseline,5/30/2026,-3,5/9/2026,Adults,quantile,0.1,77
Regular Baseline,5/30/2026,-3,5/9/2026,Adults,quantile,0.15,80
Regular Baseline,5/30/2026,-3,5/9/2026,Adults,quantile,0.2,87
Regular Baseline,5/30/2026,-3,5/9/2026,Adults,quantile,0.25,91
Regular Baseline,5/30/2026,-3,5/9/2026,Adults,quantile,0.3,94
Regular Baseline,5/30/2026,-3,5/9/2026,Adults,quantile,0.35,98
Regular Baseline,5/30/2026,-3,5/9/2026,Adults,quantile,0.4,101
Regular Baseline,5/30/2026,-3,5/9/2026,Adults,quantile,0.45,103
Regular Baseline,5/30/2026,-3,5/9/2026,Adults,quantile,0.5,106
Regular Baseline,5/30/2026,-3,5/9/2026,Adults,quantile,0.55,109
Regular Baseline,5/30/2026,-3,5/9/2026,Adults,quantile,0.6,111
Regular Baseline,5/30/2026,-3,5/9/2026,Adults,quantile,0.65,115
Regular Baseline,5/30/2026,-3,5/9/2026,Adults,quantile,0.7,119
Regular Baseline,5/30/2026,-3,5/9/2026,Adults,quantile,0.75,122
Regular Baseline,5/30/2026,-3,5/9/2026,Adults,quantile,0.8,127
Regular Baseline,5/30/2026,-3,5/9/2026,Adults,quantile,0.85,135
Regular Baseline,5/30/2026,-3,5/9/2026,Adults,quantile,0.9,140
Regular Baseline,5/30/2026,-3,5/9/2026,Adults,quantile,0.95,156
Regular Baseline,5/30/2026,-3,5/9/2026,Adults,quantile,0.975,173
Regular Baseline,5/30/2026,-3,5/9/2026,Adults,quantile,0.99,191
Regular Baseline,5/30/2026,-2,5/16/2026,Adults,quantile,0.01,31
Regular Baseline,5/30/2026,-2,5/16/2026,Adults,quantile,0.025,41
Regular Baseline,5/30/2026,-2,5/16/2026,Adults,quantile,0.05,51
Regular Baseline,5/30/2026,-2,5/16/2026,Adults,quantile,0.1,63
Regular Baseline,5/30/2026,-2,5/16/2026,Adults,quantile,0.15,71
Regular Baseline,5/30/2026,-2,5/16/2026,Adults,quantile,0.2,77
Regular Baseline,5/30/2026,-2,5/16/2026,Adults,quantile,0.25,83
Regular Baseline,5/30/2026,-2,5/16/2026,Adults,quantile,0.3,88
Regular Baseline,5/30/2026,-2,5/16/2026,Adults,quantile,0.35,92
Regular Baseline,5/30/2026,-2,5/16/2026,Adults,quantile,0.4,97
Regular Baseline,5/30/2026,-2,5/16/2026,Adults,quantile,0.45,102
Regular Baseline,5/30/2026,-2,5/16/2026,Adults,quantile,0.5,106
Regular Baseline,5/30/2026,-2,5/16/2026,Adults,quantile,0.55,111
Regular Baseline,5/30/2026,-2,5/16/2026,Adults,quantile,0.6,116
Regular Baseline,5/30/2026,-2,5/16/2026,Adults,quantile,0.65,121
Regular Baseline,5/30/2026,-2,5/16/2026,Adults,quantile,0.7,126
Regular Baseline,5/30/2026,-2,5/16/2026,Adults,quantile,0.75,132
Regular Baseline,5/30/2026,-2,5/16/2026,Adults,quantile,0.8,139
Regular Baseline,5/30/2026,-2,5/16/2026,Adults,quantile,0.85,148
Regular Baseline,5/30/2026,-2,5/16/2026,Adults,quantile,0.9,159
Regular Baseline,5/30/2026,-2,5/16/2026,Adults,quantile,0.95,180
Regular Baseline,5/30/2026,-2,5/16/2026,Adults,quantile,0.975,200
Regular Baseline,5/30/2026,-2,5/16/2026,Adults,quantile,0.99,222
Regular Baseline,5/30/2026,-1,5/23/2026,Adults,quantile,0.01,20
Regular Baseline,5/30/2026,-1,5/23/2026,Adults,quantile,0.025,30
Regular Baseline,5/30/2026,-1,5/23/2026,Adults,quantile,0.05,41
Regular Baseline,5/30/2026,-1,5/23/2026,Adults,quantile,0.1,54
Regular Baseline,5/30/2026,-1,5/23/2026,Adults,quantile,0.15,64
Regular Baseline,5/30/2026,-1,5/23/2026,Adults,quantile,0.2,71
Regular Baseline,5/30/2026,-1,5/23/2026,Adults,quantile,0.25,78
Regular Baseline,5/30/2026,-1,5/23/2026,Adults,quantile,0.3,83
Regular Baseline,5/30/2026,-1,5/23/2026,Adults,quantile,0.35,89
Regular Baseline,5/30/2026,-1,5/23/2026,Adults,quantile,0.4,95
Regular Baseline,5/30/2026,-1,5/23/2026,Adults,quantile,0.45,100
Regular Baseline,5/30/2026,-1,5/23/2026,Adults,quantile,0.5,106
Regular Baseline,5/30/2026,-1,5/23/2026,Adults,quantile,0.55,112
Regular Baseline,5/30/2026,-1,5/23/2026,Adults,quantile,0.6,118
Regular Baseline,5/30/2026,-1,5/23/2026,Adults,quantile,0.65,124
Regular Baseline,5/30/2026,-1,5/23/2026,Adults,quantile,0.7,131
Regular Baseline,5/30/2026,-1,5/23/2026,Adults,quantile,0.75,139
Regular Baseline,5/30/2026,-1,5/23/2026,Adults,quantile,0.8,148
Regular Baseline,5/30/2026,-1,5/23/2026,Adults,quantile,0.85,158
Regular Baseline,5/30/2026,-1,5/23/2026,Adults,quantile,0.9,173
Regular Baseline,5/30/2026,-1,5/23/2026,Adults,quantile,0.95,196
Regular Baseline,5/30/2026,-1,5/23/2026,Adults,quantile,0.975,220
Regular Baseline,5/30/2026,-1,5/23/2026,Adults,quantile,0.99,251
Regular Baseline,5/30/2026,0,5/30/2026,Adults,quantile,0.01,14
Regular Baseline,5/30/2026,0,5/30/2026,Adults,quantile,0.025,23
Regular Baseline,5/30/2026,0,5/30/2026,Adults,quantile,0.05,34
Regular Baseline,5/30/2026,0,5/30/2026,Adults,quantile,0.1,48
Regular Baseline,5/30/2026,0,5/30/2026,Adults,quantile,0.15,58
Regular Baseline,5/30/2026,0,5/30/2026,Adults,quantile,0.2,66
Regular Baseline,5/30/2026,0,5/30/2026,Adults,quantile,0.25,74
Regular Baseline,5/30/2026,0,5/30/2026,Adults,quantile,0.3,81
Regular Baseline,5/30/2026,0,5/30/2026,Adults,quantile,0.35,87
Regular Baseline,5/30/2026,0,5/30/2026,Adults,quantile,0.4,93
Regular Baseline,5/30/2026,0,5/30/2026,Adults,quantile,0.45,100
Regular Baseline,5/30/2026,0,5/30/2026,Adults,quantile,0.5,106
Regular Baseline,5/30/2026,0,5/30/2026,Adults,quantile,0.55,112
Regular Baseline,5/30/2026,0,5/30/2026,Adults,quantile,0.6,120
Regular Baseline,5/30/2026,0,5/30/2026,Adults,quantile,0.65,127
Regular Baseline,5/30/2026,0,5/30/2026,Adults,quantile,0.7,136
Regular Baseline,5/30/2026,0,5/30/2026,Adults,quantile,0.75,145
Regular Baseline,5/30/2026,0,5/30/2026,Adults,quantile,0.8,155
Regular Baseline,5/30/2026,0,5/30/2026,Adults,quantile,0.85,169
Regular Baseline,5/30/2026,0,5/30/2026,Adults,quantile,0.9,186
Regular Baseline,5/30/2026,0,5/30/2026,Adults,quantile,0.95,215
Regular Baseline,5/30/2026,0,5/30/2026,Adults,quantile,0.975,244
Regular Baseline,5/30/2026,0,5/30/2026,Adults,quantile,0.99,275
Regular Baseline,5/30/2026,1,6/6/2026,Adults,quantile,0.01,10
Regular Baseline,5/30/2026,1,6/6/2026,Adults,quantile,0.025,18
Regular Baseline,5/30/2026,1,6/6/2026,Adults,quantile,0.05,27
Regular Baseline,5/30/2026,1,6/6/2026,Adults,quantile,0.1,41
Regular Baseline,5/30/2026,1,6/6/2026,Adults,quantile,0.15,52
Regular Baseline,5/30/2026,1,6/6/2026,Adults,quantile,0.2,61
Regular Baseline,5/30/2026,1,6/6/2026,Adults,quantile,0.25,69
Regular Baseline,5/30/2026,1,6/6/2026,Adults,quantile,0.3,77
Regular Baseline,5/30/2026,1,6/6/2026,Adults,quantile,0.35,85
Regular Baseline,5/30/2026,1,6/6/2026,Adults,quantile,0.4,92
Regular Baseline,5/30/2026,1,6/6/2026,Adults,quantile,0.45,98
Regular Baseline,5/30/2026,1,6/6/2026,Adults,quantile,0.5,106
Regular Baseline,5/30/2026,1,6/6/2026,Adults,quantile,0.55,113
Regular Baseline,5/30/2026,1,6/6/2026,Adults,quantile,0.6,121
Regular Baseline,5/30/2026,1,6/6/2026,Adults,quantile,0.65,130
Regular Baseline,5/30/2026,1,6/6/2026,Adults,quantile,0.7,140
Regular Baseline,5/30/2026,1,6/6/2026,Adults,quantile,0.75,150
Regular Baseline,5/30/2026,1,6/6/2026,Adults,quantile,0.8,162
Regular Baseline,5/30/2026,1,6/6/2026,Adults,quantile,0.85,178
Regular Baseline,5/30/2026,1,6/6/2026,Adults,quantile,0.9,199
Regular Baseline,5/30/2026,1,6/6/2026,Adults,quantile,0.95,230
Regular Baseline,5/30/2026,1,6/6/2026,Adults,quantile,0.975,259
Regular Baseline,5/30/2026,1,6/6/2026,Adults,quantile,0.99,297
Regular Baseline,5/30/2026,2,6/13/2026,Adults,quantile,0.01,5
Regular Baseline,5/30/2026,2,6/13/2026,Adults,quantile,0.025,14
Regular Baseline,5/30/2026,2,6/13/2026,Adults,quantile,0.05,24
Regular Baseline,5/30/2026,2,6/13/2026,Adults,quantile,0.1,37
Regular Baseline,5/30/2026,2,6/13/2026,Adults,quantile,0.15,48
Regular Baseline,5/30/2026,2,6/13/2026,Adults,quantile,0.2,57
Regular Baseline,5/30/2026,2,6/13/2026,Adults,quantile,0.25,66
Regular Baseline,5/30/2026,2,6/13/2026,Adults,quantile,0.3,74
Regular Baseline,5/30/2026,2,6/13/2026,Adults,quantile,0.35,82
Regular Baseline,5/30/2026,2,6/13/2026,Adults,quantile,0.4,90
Regular Baseline,5/30/2026,2,6/13/2026,Adults,quantile,0.45,98
Regular Baseline,5/30/2026,2,6/13/2026,Adults,quantile,0.5,106
Regular Baseline,5/30/2026,2,6/13/2026,Adults,quantile,0.55,114
Regular Baseline,5/30/2026,2,6/13/2026,Adults,quantile,0.6,124
Regular Baseline,5/30/2026,2,6/13/2026,Adults,quantile,0.65,133
Regular Baseline,5/30/2026,2,6/13/2026,Adults,quantile,0.7,143
Regular Baseline,5/30/2026,2,6/13/2026,Adults,quantile,0.75,154
Regular Baseline,5/30/2026,2,6/13/2026,Adults,quantile,0.8,168
Regular Baseline,5/30/2026,2,6/13/2026,Adults,quantile,0.85,186
Regular Baseline,5/30/2026,2,6/13/2026,Adults,quantile,0.9,209
Regular Baseline,5/30/2026,2,6/13/2026,Adults,quantile,0.95,245
Regular Baseline,5/30/2026,2,6/13/2026,Adults,quantile,0.975,282
Regular Baseline,5/30/2026,2,6/13/2026,Adults,quantile,0.99,324
Regular Baseline,5/30/2026,3,6/20/2026,Adults,quantile,0.01,3
Regular Baseline,5/30/2026,3,6/20/2026,Adults,quantile,0.025,11
Regular Baseline,5/30/2026,3,6/20/2026,Adults,quantile,0.05,21
Regular Baseline,5/30/2026,3,6/20/2026,Adults,quantile,0.1,34
Regular Baseline,5/30/2026,3,6/20/2026,Adults,quantile,0.15,45
Regular Baseline,5/30/2026,3,6/20/2026,Adults,quantile,0.2,55
Regular Baseline,5/30/2026,3,6/20/2026,Adults,quantile,0.25,64
Regular Baseline,5/30/2026,3,6/20/2026,Adults,quantile,0.3,72
Regular Baseline,5/30/2026,3,6/20/2026,Adults,quantile,0.35,80
Regular Baseline,5/30/2026,3,6/20/2026,Adults,quantile,0.4,89
Regular Baseline,5/30/2026,3,6/20/2026,Adults,quantile,0.45,97
Regular Baseline,5/30/2026,3,6/20/2026,Adults,quantile,0.5,106
Regular Baseline,5/30/2026,3,6/20/2026,Adults,quantile,0.55,115
Regular Baseline,5/30/2026,3,6/20/2026,Adults,quantile,0.6,125
Regular Baseline,5/30/2026,3,6/20/2026,Adults,quantile,0.65,135
Regular Baseline,5/30/2026,3,6/20/2026,Adults,quantile,0.7,147
Regular Baseline,5/30/2026,3,6/20/2026,Adults,quantile,0.75,160
Regular Baseline,5/30/2026,3,6/20/2026,Adults,quantile,0.8,176
Regular Baseline,5/30/2026,3,6/20/2026,Adults,quantile,0.85,195
Regular Baseline,5/30/2026,3,6/20/2026,Adults,quantile,0.9,222
Regular Baseline,5/30/2026,3,6/20/2026,Adults,quantile,0.95,262
Regular Baseline,5/30/2026,3,6/20/2026,Adults,quantile,0.975,297
Regular Baseline,5/30/2026,3,6/20/2026,Adults,quantile,0.99,346
Regular Baseline,5/30/2026,-3,5/9/2026,Overall,quantile,0.01,176
Regular Baseline,5/30/2026,-3,5/9/2026,Overall,quantile,0.025,191
Regular Baseline,5/30/2026,-3,5/9/2026,Overall,quantile,0.05,207
Regular Baseline,5/30/2026,-3,5/9/2026,Overall,quantile,0.1,228
Regular Baseline,5/30/2026,-3,5/9/2026,Overall,quantile,0.15,241
Regular Baseline,5/30/2026,-3,5/9/2026,Overall,quantile,0.2,250
Regular Baseline,5/30/2026,-3,5/9/2026,Overall,quantile,0.25,260
Regular Baseline,5/30/2026,-3,5/9/2026,Overall,quantile,0.3,266
Regular Baseline,5/30/2026,-3,5/9/2026,Overall,quantile,0.35,274
Regular Baseline,5/30/2026,-3,5/9/2026,Overall,quantile,0.4,280
Regular Baseline,5/30/2026,-3,5/9/2026,Overall,quantile,0.45,287
Regular Baseline,5/30/2026,-3,5/9/2026,Overall,quantile,0.5,292
Regular Baseline,5/30/2026,-3,5/9/2026,Overall,quantile,0.55,297
Regular Baseline,5/30/2026,-3,5/9/2026,Overall,quantile,0.6,304
Regular Baseline,5/30/2026,-3,5/9/2026,Overall,quantile,0.65,310
Regular Baseline,5/30/2026,-3,5/9/2026,Overall,quantile,0.7,319
Regular Baseline,5/30/2026,-3,5/9/2026,Overall,quantile,0.75,326
Regular Baseline,5/30/2026,-3,5/9/2026,Overall,quantile,0.8,338
Regular Baseline,5/30/2026,-3,5/9/2026,Overall,quantile,0.85,347
Regular Baseline,5/30/2026,-3,5/9/2026,Overall,quantile,0.9,364
Regular Baseline,5/30/2026,-3,5/9/2026,Overall,quantile,0.95,391
Regular Baseline,5/30/2026,-3,5/9/2026,Overall,quantile,0.975,414
Regular Baseline,5/30/2026,-3,5/9/2026,Overall,quantile,0.99,437
Regular Baseline,5/30/2026,-2,5/16/2026,Overall,quantile,0.01,133
Regular Baseline,5/30/2026,-2,5/16/2026,Overall,quantile,0.025,158
Regular Baseline,5/30/2026,-2,5/16/2026,Overall,quantile,0.05,181
Regular Baseline,5/30/2026,-2,5/16/2026,Overall,quantile,0.1,202
Regular Baseline,5/30/2026,-2,5/16/2026,Overall,quantile,0.15,219
Regular Baseline,5/30/2026,-2,5/16/2026,Overall,quantile,0.2,233
Regular Baseline,5/30/2026,-2,5/16/2026,Overall,quantile,0.25,244
Regular Baseline,5/30/2026,-2,5/16/2026,Overall,quantile,0.3,255
Regular Baseline,5/30/2026,-2,5/16/2026,Overall,quantile,0.35,264
Regular Baseline,5/30/2026,-2,5/16/2026,Overall,quantile,0.4,274
Regular Baseline,5/30/2026,-2,5/16/2026,Overall,quantile,0.45,283
Regular Baseline,5/30/2026,-2,5/16/2026,Overall,quantile,0.5,292
Regular Baseline,5/30/2026,-2,5/16/2026,Overall,quantile,0.55,301
Regular Baseline,5/30/2026,-2,5/16/2026,Overall,quantile,0.6,310
Regular Baseline,5/30/2026,-2,5/16/2026,Overall,quantile,0.65,320
Regular Baseline,5/30/2026,-2,5/16/2026,Overall,quantile,0.7,332
Regular Baseline,5/30/2026,-2,5/16/2026,Overall,quantile,0.75,345
Regular Baseline,5/30/2026,-2,5/16/2026,Overall,quantile,0.8,359
Regular Baseline,5/30/2026,-2,5/16/2026,Overall,quantile,0.85,376
Regular Baseline,5/30/2026,-2,5/16/2026,Overall,quantile,0.9,400
Regular Baseline,5/30/2026,-2,5/16/2026,Overall,quantile,0.95,433
Regular Baseline,5/30/2026,-2,5/16/2026,Overall,quantile,0.975,471
Regular Baseline,5/30/2026,-2,5/16/2026,Overall,quantile,0.99,515
Regular Baseline,5/30/2026,-1,5/23/2026,Overall,quantile,0.01,106
Regular Baseline,5/30/2026,-1,5/23/2026,Overall,quantile,0.025,133
Regular Baseline,5/30/2026,-1,5/23/2026,Overall,quantile,0.05,158
Regular Baseline,5/30/2026,-1,5/23/2026,Overall,quantile,0.1,185
Regular Baseline,5/30/2026,-1,5/23/2026,Overall,quantile,0.15,204
Regular Baseline,5/30/2026,-1,5/23/2026,Overall,quantile,0.2,221
Regular Baseline,5/30/2026,-1,5/23/2026,Overall,quantile,0.25,234
Regular Baseline,5/30/2026,-1,5/23/2026,Overall,quantile,0.3,247
Regular Baseline,5/30/2026,-1,5/23/2026,Overall,quantile,0.35,259
Regular Baseline,5/30/2026,-1,5/23/2026,Overall,quantile,0.4,270
Regular Baseline,5/30/2026,-1,5/23/2026,Overall,quantile,0.45,281
Regular Baseline,5/30/2026,-1,5/23/2026,Overall,quantile,0.5,292
Regular Baseline,5/30/2026,-1,5/23/2026,Overall,quantile,0.55,304
Regular Baseline,5/30/2026,-1,5/23/2026,Overall,quantile,0.6,317
Regular Baseline,5/30/2026,-1,5/23/2026,Overall,quantile,0.65,329
Regular Baseline,5/30/2026,-1,5/23/2026,Overall,quantile,0.7,343
Regular Baseline,5/30/2026,-1,5/23/2026,Overall,quantile,0.75,359
Regular Baseline,5/30/2026,-1,5/23/2026,Overall,quantile,0.8,377
Regular Baseline,5/30/2026,-1,5/23/2026,Overall,quantile,0.85,399
Regular Baseline,5/30/2026,-1,5/23/2026,Overall,quantile,0.9,425
Regular Baseline,5/30/2026,-1,5/23/2026,Overall,quantile,0.95,471
Regular Baseline,5/30/2026,-1,5/23/2026,Overall,quantile,0.975,514
Regular Baseline,5/30/2026,-1,5/23/2026,Overall,quantile,0.99,564
Regular Baseline,5/30/2026,0,5/30/2026,Overall,quantile,0.01,85
Regular Baseline,5/30/2026,0,5/30/2026,Overall,quantile,0.025,114
Regular Baseline,5/30/2026,0,5/30/2026,Overall,quantile,0.05,138
Regular Baseline,5/30/2026,0,5/30/2026,Overall,quantile,0.1,168
Regular Baseline,5/30/2026,0,5/30/2026,Overall,quantile,0.15,190
Regular Baseline,5/30/2026,0,5/30/2026,Overall,quantile,0.2,208
Regular Baseline,5/30/2026,0,5/30/2026,Overall,quantile,0.25,223
Regular Baseline,5/30/2026,0,5/30/2026,Overall,quantile,0.3,238
Regular Baseline,5/30/2026,0,5/30/2026,Overall,quantile,0.35,252
Regular Baseline,5/30/2026,0,5/30/2026,Overall,quantile,0.4,265
Regular Baseline,5/30/2026,0,5/30/2026,Overall,quantile,0.45,279
Regular Baseline,5/30/2026,0,5/30/2026,Overall,quantile,0.5,292
Regular Baseline,5/30/2026,0,5/30/2026,Overall,quantile,0.55,306
Regular Baseline,5/30/2026,0,5/30/2026,Overall,quantile,0.6,321
Regular Baseline,5/30/2026,0,5/30/2026,Overall,quantile,0.65,336
Regular Baseline,5/30/2026,0,5/30/2026,Overall,quantile,0.7,352
Regular Baseline,5/30/2026,0,5/30/2026,Overall,quantile,0.75,371
Regular Baseline,5/30/2026,0,5/30/2026,Overall,quantile,0.8,391
Regular Baseline,5/30/2026,0,5/30/2026,Overall,quantile,0.85,417
Regular Baseline,5/30/2026,0,5/30/2026,Overall,quantile,0.9,447
Regular Baseline,5/30/2026,0,5/30/2026,Overall,quantile,0.95,500
Regular Baseline,5/30/2026,0,5/30/2026,Overall,quantile,0.975,552
Regular Baseline,5/30/2026,0,5/30/2026,Overall,quantile,0.99,610
Regular Baseline,5/30/2026,1,6/6/2026,Overall,quantile,0.01,71
Regular Baseline,5/30/2026,1,6/6/2026,Overall,quantile,0.025,100
Regular Baseline,5/30/2026,1,6/6/2026,Overall,quantile,0.05,122
Regular Baseline,5/30/2026,1,6/6/2026,Overall,quantile,0.1,154
Regular Baseline,5/30/2026,1,6/6/2026,Overall,quantile,0.15,176
Regular Baseline,5/30/2026,1,6/6/2026,Overall,quantile,0.2,196
Regular Baseline,5/30/2026,1,6/6/2026,Overall,quantile,0.25,213
Regular Baseline,5/30/2026,1,6/6/2026,Overall,quantile,0.3,230
Regular Baseline,5/30/2026,1,6/6/2026,Overall,quantile,0.35,246
Regular Baseline,5/30/2026,1,6/6/2026,Overall,quantile,0.4,262
Regular Baseline,5/30/2026,1,6/6/2026,Overall,quantile,0.45,277
Regular Baseline,5/30/2026,1,6/6/2026,Overall,quantile,0.5,292
Regular Baseline,5/30/2026,1,6/6/2026,Overall,quantile,0.55,307
Regular Baseline,5/30/2026,1,6/6/2026,Overall,quantile,0.6,323
Regular Baseline,5/30/2026,1,6/6/2026,Overall,quantile,0.65,340
Regular Baseline,5/30/2026,1,6/6/2026,Overall,quantile,0.7,359
Regular Baseline,5/30/2026,1,6/6/2026,Overall,quantile,0.75,380
Regular Baseline,5/30/2026,1,6/6/2026,Overall,quantile,0.8,405
Regular Baseline,5/30/2026,1,6/6/2026,Overall,quantile,0.85,431
Regular Baseline,5/30/2026,1,6/6/2026,Overall,quantile,0.9,470
Regular Baseline,5/30/2026,1,6/6/2026,Overall,quantile,0.95,529
Regular Baseline,5/30/2026,1,6/6/2026,Overall,quantile,0.975,591
Regular Baseline,5/30/2026,1,6/6/2026,Overall,quantile,0.99,651
Regular Baseline,5/30/2026,2,6/13/2026,Overall,quantile,0.01,59
Regular Baseline,5/30/2026,2,6/13/2026,Overall,quantile,0.025,86
Regular Baseline,5/30/2026,2,6/13/2026,Overall,quantile,0.05,111
Regular Baseline,5/30/2026,2,6/13/2026,Overall,quantile,0.1,142
Regular Baseline,5/30/2026,2,6/13/2026,Overall,quantile,0.15,167
Regular Baseline,5/30/2026,2,6/13/2026,Overall,quantile,0.2,189
Regular Baseline,5/30/2026,2,6/13/2026,Overall,quantile,0.25,208
Regular Baseline,5/30/2026,2,6/13/2026,Overall,quantile,0.3,226
Regular Baseline,5/30/2026,2,6/13/2026,Overall,quantile,0.35,244
Regular Baseline,5/30/2026,2,6/13/2026,Overall,quantile,0.4,261
Regular Baseline,5/30/2026,2,6/13/2026,Overall,quantile,0.45,276
Regular Baseline,5/30/2026,2,6/13/2026,Overall,quantile,0.5,292
Regular Baseline,5/30/2026,2,6/13/2026,Overall,quantile,0.55,310
Regular Baseline,5/30/2026,2,6/13/2026,Overall,quantile,0.6,328
Regular Baseline,5/30/2026,2,6/13/2026,Overall,quantile,0.65,347
Regular Baseline,5/30/2026,2,6/13/2026,Overall,quantile,0.7,367
Regular Baseline,5/30/2026,2,6/13/2026,Overall,quantile,0.75,390
Regular Baseline,5/30/2026,2,6/13/2026,Overall,quantile,0.8,416
Regular Baseline,5/30/2026,2,6/13/2026,Overall,quantile,0.85,448
Regular Baseline,5/30/2026,2,6/13/2026,Overall,quantile,0.9,491
Regular Baseline,5/30/2026,2,6/13/2026,Overall,quantile,0.95,556
Regular Baseline,5/30/2026,2,6/13/2026,Overall,quantile,0.975,621
Regular Baseline,5/30/2026,2,6/13/2026,Overall,quantile,0.99,701
Regular Baseline,5/30/2026,3,6/20/2026,Overall,quantile,0.01,45
Regular Baseline,5/30/2026,3,6/20/2026,Overall,quantile,0.025,72
Regular Baseline,5/30/2026,3,6/20/2026,Overall,quantile,0.05,100
Regular Baseline,5/30/2026,3,6/20/2026,Overall,quantile,0.1,133
Regular Baseline,5/30/2026,3,6/20/2026,Overall,quantile,0.15,159
Regular Baseline,5/30/2026,3,6/20/2026,Overall,quantile,0.2,182
Regular Baseline,5/30/2026,3,6/20/2026,Overall,quantile,0.25,203
Regular Baseline,5/30/2026,3,6/20/2026,Overall,quantile,0.3,221
Regular Baseline,5/30/2026,3,6/20/2026,Overall,quantile,0.35,239
Regular Baseline,5/30/2026,3,6/20/2026,Overall,quantile,0.4,256
Regular Baseline,5/30/2026,3,6/20/2026,Overall,quantile,0.45,274
Regular Baseline,5/30/2026,3,6/20/2026,Overall,quantile,0.5,292
Regular Baseline,5/30/2026,3,6/20/2026,Overall,quantile,0.55,310
Regular Baseline,5/30/2026,3,6/20/2026,Overall,quantile,0.6,328
Regular Baseline,5/30/2026,3,6/20/2026,Overall,quantile,0.65,349
Regular Baseline,5/30/2026,3,6/20/2026,Overall,quantile,0.7,372
Regular Baseline,5/30/2026,3,6/20/2026,Overall,quantile,0.75,395
Regular Baseline,5/30/2026,3,6/20/2026,Overall,quantile,0.8,425
Regular Baseline,5/30/2026,3,6/20/2026,Overall,quantile,0.85,460
Regular Baseline,5/30/2026,3,6/20/2026,Overall,quantile,0.9,506
Regular Baseline,5/30/2026,3,6/20/2026,Overall,quantile,0.95,579
Regular Baseline,5/30/2026,3,6/20/2026,Overall,quantile,0.975,644
Regular Baseline,5/30/2026,3,6/20/2026,Overall,quantile,0.99,729
Regular Baseline,5/30/2026,-3,5/9/2026,Pediatrics,quantile,0.01,113
Regular Baseline,5/30/2026,-3,5/9/2026,Pediatrics,quantile,0.025,122
Regular Baseline,5/30/2026,-3,5/9/2026,Pediatrics,quantile,0.05,133
Regular Baseline,5/30/2026,-3,5/9/2026,Pediatrics,quantile,0.1,141
Regular Baseline,5/30/2026,-3,5/9/2026,Pediatrics,quantile,0.15,148
Regular Baseline,5/30/2026,-3,5/9/2026,Pediatrics,quantile,0.2,157
Regular Baseline,5/30/2026,-3,5/9/2026,Pediatrics,quantile,0.25,164
Regular Baseline,5/30/2026,-3,5/9/2026,Pediatrics,quantile,0.3,170
Regular Baseline,5/30/2026,-3,5/9/2026,Pediatrics,quantile,0.35,173
Regular Baseline,5/30/2026,-3,5/9/2026,Pediatrics,quantile,0.4,177
Regular Baseline,5/30/2026,-3,5/9/2026,Pediatrics,quantile,0.45,182
Regular Baseline,5/30/2026,-3,5/9/2026,Pediatrics,quantile,0.5,186
Regular Baseline,5/30/2026,-3,5/9/2026,Pediatrics,quantile,0.55,190
Regular Baseline,5/30/2026,-3,5/9/2026,Pediatrics,quantile,0.6,196
Regular Baseline,5/30/2026,-3,5/9/2026,Pediatrics,quantile,0.65,200
Regular Baseline,5/30/2026,-3,5/9/2026,Pediatrics,quantile,0.7,203
Regular Baseline,5/30/2026,-3,5/9/2026,Pediatrics,quantile,0.75,210
Regular Baseline,5/30/2026,-3,5/9/2026,Pediatrics,quantile,0.8,218
Regular Baseline,5/30/2026,-3,5/9/2026,Pediatrics,quantile,0.85,228
Regular Baseline,5/30/2026,-3,5/9/2026,Pediatrics,quantile,0.9,237
Regular Baseline,5/30/2026,-3,5/9/2026,Pediatrics,quantile,0.95,248
Regular Baseline,5/30/2026,-3,5/9/2026,Pediatrics,quantile,0.975,264
Regular Baseline,5/30/2026,-3,5/9/2026,Pediatrics,quantile,0.99,276
Regular Baseline,5/30/2026,-2,5/16/2026,Pediatrics,quantile,0.01,84
Regular Baseline,5/30/2026,-2,5/16/2026,Pediatrics,quantile,0.025,97
Regular Baseline,5/30/2026,-2,5/16/2026,Pediatrics,quantile,0.05,110
Regular Baseline,5/30/2026,-2,5/16/2026,Pediatrics,quantile,0.1,127
Regular Baseline,5/30/2026,-2,5/16/2026,Pediatrics,quantile,0.15,137
Regular Baseline,5/30/2026,-2,5/16/2026,Pediatrics,quantile,0.2,145
Regular Baseline,5/30/2026,-2,5/16/2026,Pediatrics,quantile,0.25,153
Regular Baseline,5/30/2026,-2,5/16/2026,Pediatrics,quantile,0.3,161
Regular Baseline,5/30/2026,-2,5/16/2026,Pediatrics,quantile,0.35,168
Regular Baseline,5/30/2026,-2,5/16/2026,Pediatrics,quantile,0.4,174
Regular Baseline,5/30/2026,-2,5/16/2026,Pediatrics,quantile,0.45,180
Regular Baseline,5/30/2026,-2,5/16/2026,Pediatrics,quantile,0.5,186
Regular Baseline,5/30/2026,-2,5/16/2026,Pediatrics,quantile,0.55,193
Regular Baseline,5/30/2026,-2,5/16/2026,Pediatrics,quantile,0.6,200
Regular Baseline,5/30/2026,-2,5/16/2026,Pediatrics,quantile,0.65,207
Regular Baseline,5/30/2026,-2,5/16/2026,Pediatrics,quantile,0.7,214
Regular Baseline,5/30/2026,-2,5/16/2026,Pediatrics,quantile,0.75,222
Regular Baseline,5/30/2026,-2,5/16/2026,Pediatrics,quantile,0.8,232
Regular Baseline,5/30/2026,-2,5/16/2026,Pediatrics,quantile,0.85,243
Regular Baseline,5/30/2026,-2,5/16/2026,Pediatrics,quantile,0.9,258
Regular Baseline,5/30/2026,-2,5/16/2026,Pediatrics,quantile,0.95,282
Regular Baseline,5/30/2026,-2,5/16/2026,Pediatrics,quantile,0.975,304
Regular Baseline,5/30/2026,-2,5/16/2026,Pediatrics,quantile,0.99,330
Regular Baseline,5/30/2026,-1,5/23/2026,Pediatrics,quantile,0.01,68
Regular Baseline,5/30/2026,-1,5/23/2026,Pediatrics,quantile,0.025,82
Regular Baseline,5/30/2026,-1,5/23/2026,Pediatrics,quantile,0.05,98
Regular Baseline,5/30/2026,-1,5/23/2026,Pediatrics,quantile,0.1,114
Regular Baseline,5/30/2026,-1,5/23/2026,Pediatrics,quantile,0.15,126
Regular Baseline,5/30/2026,-1,5/23/2026,Pediatrics,quantile,0.2,136
Regular Baseline,5/30/2026,-1,5/23/2026,Pediatrics,quantile,0.25,145
Regular Baseline,5/30/2026,-1,5/23/2026,Pediatrics,quantile,0.3,154
Regular Baseline,5/30/2026,-1,5/23/2026,Pediatrics,quantile,0.35,162
Regular Baseline,5/30/2026,-1,5/23/2026,Pediatrics,quantile,0.4,170
Regular Baseline,5/30/2026,-1,5/23/2026,Pediatrics,quantile,0.45,178
Regular Baseline,5/30/2026,-1,5/23/2026,Pediatrics,quantile,0.5,186
Regular Baseline,5/30/2026,-1,5/23/2026,Pediatrics,quantile,0.55,194
Regular Baseline,5/30/2026,-1,5/23/2026,Pediatrics,quantile,0.6,203
Regular Baseline,5/30/2026,-1,5/23/2026,Pediatrics,quantile,0.65,211
Regular Baseline,5/30/2026,-1,5/23/2026,Pediatrics,quantile,0.7,220
Regular Baseline,5/30/2026,-1,5/23/2026,Pediatrics,quantile,0.75,231
Regular Baseline,5/30/2026,-1,5/23/2026,Pediatrics,quantile,0.8,242
Regular Baseline,5/30/2026,-1,5/23/2026,Pediatrics,quantile,0.85,257
Regular Baseline,5/30/2026,-1,5/23/2026,Pediatrics,quantile,0.9,277
Regular Baseline,5/30/2026,-1,5/23/2026,Pediatrics,quantile,0.95,307
Regular Baseline,5/30/2026,-1,5/23/2026,Pediatrics,quantile,0.975,331
Regular Baseline,5/30/2026,-1,5/23/2026,Pediatrics,quantile,0.99,362
Regular Baseline,5/30/2026,0,5/30/2026,Pediatrics,quantile,0.01,54
Regular Baseline,5/30/2026,0,5/30/2026,Pediatrics,quantile,0.025,70
Regular Baseline,5/30/2026,0,5/30/2026,Pediatrics,quantile,0.05,86
Regular Baseline,5/30/2026,0,5/30/2026,Pediatrics,quantile,0.1,105
Regular Baseline,5/30/2026,0,5/30/2026,Pediatrics,quantile,0.15,119
Regular Baseline,5/30/2026,0,5/30/2026,Pediatrics,quantile,0.2,130
Regular Baseline,5/30/2026,0,5/30/2026,Pediatrics,quantile,0.25,140
Regular Baseline,5/30/2026,0,5/30/2026,Pediatrics,quantile,0.3,149
Regular Baseline,5/30/2026,0,5/30/2026,Pediatrics,quantile,0.35,158
Regular Baseline,5/30/2026,0,5/30/2026,Pediatrics,quantile,0.4,168
Regular Baseline,5/30/2026,0,5/30/2026,Pediatrics,quantile,0.45,176
Regular Baseline,5/30/2026,0,5/30/2026,Pediatrics,quantile,0.5,186
Regular Baseline,5/30/2026,0,5/30/2026,Pediatrics,quantile,0.55,195
Regular Baseline,5/30/2026,0,5/30/2026,Pediatrics,quantile,0.6,206
Regular Baseline,5/30/2026,0,5/30/2026,Pediatrics,quantile,0.65,216
Regular Baseline,5/30/2026,0,5/30/2026,Pediatrics,quantile,0.7,227
Regular Baseline,5/30/2026,0,5/30/2026,Pediatrics,quantile,0.75,240
Regular Baseline,5/30/2026,0,5/30/2026,Pediatrics,quantile,0.8,254
Regular Baseline,5/30/2026,0,5/30/2026,Pediatrics,quantile,0.85,272
Regular Baseline,5/30/2026,0,5/30/2026,Pediatrics,quantile,0.9,294
Regular Baseline,5/30/2026,0,5/30/2026,Pediatrics,quantile,0.95,328
Regular Baseline,5/30/2026,0,5/30/2026,Pediatrics,quantile,0.975,359
Regular Baseline,5/30/2026,0,5/30/2026,Pediatrics,quantile,0.99,395
Regular Baseline,5/30/2026,1,6/6/2026,Pediatrics,quantile,0.01,47
Regular Baseline,5/30/2026,1,6/6/2026,Pediatrics,quantile,0.025,60
Regular Baseline,5/30/2026,1,6/6/2026,Pediatrics,quantile,0.05,77
Regular Baseline,5/30/2026,1,6/6/2026,Pediatrics,quantile,0.1,96
Regular Baseline,5/30/2026,1,6/6/2026,Pediatrics,quantile,0.15,111
Regular Baseline,5/30/2026,1,6/6/2026,Pediatrics,quantile,0.2,125
Regular Baseline,5/30/2026,1,6/6/2026,Pediatrics,quantile,0.25,136
Regular Baseline,5/30/2026,1,6/6/2026,Pediatrics,quantile,0.3,147
Regular Baseline,5/30/2026,1,6/6/2026,Pediatrics,quantile,0.35,156
Regular Baseline,5/30/2026,1,6/6/2026,Pediatrics,quantile,0.4,166
Regular Baseline,5/30/2026,1,6/6/2026,Pediatrics,quantile,0.45,176
Regular Baseline,5/30/2026,1,6/6/2026,Pediatrics,quantile,0.5,186
Regular Baseline,5/30/2026,1,6/6/2026,Pediatrics,quantile,0.55,196
Regular Baseline,5/30/2026,1,6/6/2026,Pediatrics,quantile,0.6,207
Regular Baseline,5/30/2026,1,6/6/2026,Pediatrics,quantile,0.65,220
Regular Baseline,5/30/2026,1,6/6/2026,Pediatrics,quantile,0.7,232
Regular Baseline,5/30/2026,1,6/6/2026,Pediatrics,quantile,0.75,246
Regular Baseline,5/30/2026,1,6/6/2026,Pediatrics,quantile,0.8,261
Regular Baseline,5/30/2026,1,6/6/2026,Pediatrics,quantile,0.85,280
Regular Baseline,5/30/2026,1,6/6/2026,Pediatrics,quantile,0.9,307
Regular Baseline,5/30/2026,1,6/6/2026,Pediatrics,quantile,0.95,345
Regular Baseline,5/30/2026,1,6/6/2026,Pediatrics,quantile,0.975,381
Regular Baseline,5/30/2026,1,6/6/2026,Pediatrics,quantile,0.99,427
Regular Baseline,5/30/2026,2,6/13/2026,Pediatrics,quantile,0.01,35
Regular Baseline,5/30/2026,2,6/13/2026,Pediatrics,quantile,0.025,52
Regular Baseline,5/30/2026,2,6/13/2026,Pediatrics,quantile,0.05,68
Regular Baseline,5/30/2026,2,6/13/2026,Pediatrics,quantile,0.1,89
Regular Baseline,5/30/2026,2,6/13/2026,Pediatrics,quantile,0.15,104
Regular Baseline,5/30/2026,2,6/13/2026,Pediatrics,quantile,0.2,119
Regular Baseline,5/30/2026,2,6/13/2026,Pediatrics,quantile,0.25,131
Regular Baseline,5/30/2026,2,6/13/2026,Pediatrics,quantile,0.3,143
Regular Baseline,5/30/2026,2,6/13/2026,Pediatrics,quantile,0.35,153
Regular Baseline,5/30/2026,2,6/13/2026,Pediatrics,quantile,0.4,164
Regular Baseline,5/30/2026,2,6/13/2026,Pediatrics,quantile,0.45,174
Regular Baseline,5/30/2026,2,6/13/2026,Pediatrics,quantile,0.5,186
Regular Baseline,5/30/2026,2,6/13/2026,Pediatrics,quantile,0.55,198
Regular Baseline,5/30/2026,2,6/13/2026,Pediatrics,quantile,0.6,210
Regular Baseline,5/30/2026,2,6/13/2026,Pediatrics,quantile,0.65,222
Regular Baseline,5/30/2026,2,6/13/2026,Pediatrics,quantile,0.7,237
Regular Baseline,5/30/2026,2,6/13/2026,Pediatrics,quantile,0.75,252
Regular Baseline,5/30/2026,2,6/13/2026,Pediatrics,quantile,0.8,268
Regular Baseline,5/30/2026,2,6/13/2026,Pediatrics,quantile,0.85,290
Regular Baseline,5/30/2026,2,6/13/2026,Pediatrics,quantile,0.9,319
Regular Baseline,5/30/2026,2,6/13/2026,Pediatrics,quantile,0.95,362
Regular Baseline,5/30/2026,2,6/13/2026,Pediatrics,quantile,0.975,402
Regular Baseline,5/30/2026,2,6/13/2026,Pediatrics,quantile,0.99,452
Regular Baseline,5/30/2026,3,6/20/2026,Pediatrics,quantile,0.01,26
Regular Baseline,5/30/2026,3,6/20/2026,Pediatrics,quantile,0.025,44
Regular Baseline,5/30/2026,3,6/20/2026,Pediatrics,quantile,0.05,61
Regular Baseline,5/30/2026,3,6/20/2026,Pediatrics,quantile,0.1,82
Regular Baseline,5/30/2026,3,6/20/2026,Pediatrics,quantile,0.15,99
Regular Baseline,5/30/2026,3,6/20/2026,Pediatrics,quantile,0.2,112
Regular Baseline,5/30/2026,3,6/20/2026,Pediatrics,quantile,0.25,126
Regular Baseline,5/30/2026,3,6/20/2026,Pediatrics,quantile,0.3,138
Regular Baseline,5/30/2026,3,6/20/2026,Pediatrics,quantile,0.35,150
Regular Baseline,5/30/2026,3,6/20/2026,Pediatrics,quantile,0.4,162
Regular Baseline,5/30/2026,3,6/20/2026,Pediatrics,quantile,0.45,175
Regular Baseline,5/30/2026,3,6/20/2026,Pediatrics,quantile,0.5,186
Regular Baseline,5/30/2026,3,6/20/2026,Pediatrics,quantile,0.55,197
Regular Baseline,5/30/2026,3,6/20/2026,Pediatrics,quantile,0.6,211
Regular Baseline,5/30/2026,3,6/20/2026,Pediatrics,quantile,0.65,224
Regular Baseline,5/30/2026,3,6/20/2026,Pediatrics,quantile,0.7,239
Regular Baseline,5/30/2026,3,6/20/2026,Pediatrics,quantile,0.75,256
Regular Baseline,5/30/2026,3,6/20/2026,Pediatrics,quantile,0.8,276
Regular Baseline,5/30/2026,3,6/20/2026,Pediatrics,quantile,0.85,299
Regular Baseline,5/30/2026,3,6/20/2026,Pediatrics,quantile,0.9,330
Regular Baseline,5/30/2026,3,6/20/2026,Pediatrics,quantile,0.95,378
Regular Baseline,5/30/2026,3,6/20/2026,Pediatrics,quantile,0.975,422
Regular Baseline,5/30/2026,3,6/20/2026,Pediatrics,quantile,0.99,478
Seasonal Baseline,5/30/2026,-3,5/9/2026,Adults,quantile,0.01,51
Seasonal Baseline,5/30/2026,-3,5/9/2026,Adults,quantile,0.025,61
Seasonal Baseline,5/30/2026,-3,5/9/2026,Adults,quantile,0.05,73
Seasonal Baseline,5/30/2026,-3,5/9/2026,Adults,quantile,0.1,90
Seasonal Baseline,5/30/2026,-3,5/9/2026,Adults,quantile,0.15,103
Seasonal Baseline,5/30/2026,-3,5/9/2026,Adults,quantile,0.2,115
Seasonal Baseline,5/30/2026,-3,5/9/2026,Adults,quantile,0.25,126
Seasonal Baseline,5/30/2026,-3,5/9/2026,Adults,quantile,0.3,136
Seasonal Baseline,5/30/2026,-3,5/9/2026,Adults,quantile,0.35,147
Seasonal Baseline,5/30/2026,-3,5/9/2026,Adults,quantile,0.4,159
Seasonal Baseline,5/30/2026,-3,5/9/2026,Adults,quantile,0.45,171
Seasonal Baseline,5/30/2026,-3,5/9/2026,Adults,quantile,0.5,183
Seasonal Baseline,5/30/2026,-3,5/9/2026,Adults,quantile,0.55,196
Seasonal Baseline,5/30/2026,-3,5/9/2026,Adults,quantile,0.6,212
Seasonal Baseline,5/30/2026,-3,5/9/2026,Adults,quantile,0.65,229
Seasonal Baseline,5/30/2026,-3,5/9/2026,Adults,quantile,0.7,247
Seasonal Baseline,5/30/2026,-3,5/9/2026,Adults,quantile,0.75,268
Seasonal Baseline,5/30/2026,-3,5/9/2026,Adults,quantile,0.8,294
Seasonal Baseline,5/30/2026,-3,5/9/2026,Adults,quantile,0.85,326
Seasonal Baseline,5/30/2026,-3,5/9/2026,Adults,quantile,0.9,374
Seasonal Baseline,5/30/2026,-3,5/9/2026,Adults,quantile,0.95,458
Seasonal Baseline,5/30/2026,-3,5/9/2026,Adults,quantile,0.975,544
Seasonal Baseline,5/30/2026,-3,5/9/2026,Adults,quantile,0.99,659
Seasonal Baseline,5/30/2026,-2,5/16/2026,Adults,quantile,0.01,58
Seasonal Baseline,5/30/2026,-2,5/16/2026,Adults,quantile,0.025,70
Seasonal Baseline,5/30/2026,-2,5/16/2026,Adults,quantile,0.05,82
Seasonal Baseline,5/30/2026,-2,5/16/2026,Adults,quantile,0.1,102
Seasonal Baseline,5/30/2026,-2,5/16/2026,Adults,quantile,0.15,117
Seasonal Baseline,5/30/2026,-2,5/16/2026,Adults,quantile,0.2,130
Seasonal Baseline,5/30/2026,-2,5/16/2026,Adults,quantile,0.25,142
Seasonal Baseline,5/30/2026,-2,5/16/2026,Adults,quantile,0.3,153
Seasonal Baseline,5/30/2026,-2,5/16/2026,Adults,quantile,0.35,166
Seasonal Baseline,5/30/2026,-2,5/16/2026,Adults,quantile,0.4,179
Seasonal Baseline,5/30/2026,-2,5/16/2026,Adults,quantile,0.45,193
Seasonal Baseline,5/30/2026,-2,5/16/2026,Adults,quantile,0.5,206
Seasonal Baseline,5/30/2026,-2,5/16/2026,Adults,quantile,0.55,219
Seasonal Baseline,5/30/2026,-2,5/16/2026,Adults,quantile,0.6,235
Seasonal Baseline,5/30/2026,-2,5/16/2026,Adults,quantile,0.65,253
Seasonal Baseline,5/30/2026,-2,5/16/2026,Adults,quantile,0.7,274
Seasonal Baseline,5/30/2026,-2,5/16/2026,Adults,quantile,0.75,298
Seasonal Baseline,5/30/2026,-2,5/16/2026,Adults,quantile,0.8,326
Seasonal Baseline,5/30/2026,-2,5/16/2026,Adults,quantile,0.85,360
Seasonal Baseline,5/30/2026,-2,5/16/2026,Adults,quantile,0.9,410
Seasonal Baseline,5/30/2026,-2,5/16/2026,Adults,quantile,0.95,503
Seasonal Baseline,5/30/2026,-2,5/16/2026,Adults,quantile,0.975,595
Seasonal Baseline,5/30/2026,-2,5/16/2026,Adults,quantile,0.99,727
Seasonal Baseline,5/30/2026,-1,5/23/2026,Adults,quantile,0.01,63
Seasonal Baseline,5/30/2026,-1,5/23/2026,Adults,quantile,0.025,78
Seasonal Baseline,5/30/2026,-1,5/23/2026,Adults,quantile,0.05,92
Seasonal Baseline,5/30/2026,-1,5/23/2026,Adults,quantile,0.1,113
Seasonal Baseline,5/30/2026,-1,5/23/2026,Adults,quantile,0.15,131
Seasonal Baseline,5/30/2026,-1,5/23/2026,Adults,quantile,0.2,146
Seasonal Baseline,5/30/2026,-1,5/23/2026,Adults,quantile,0.25,159
Seasonal Baseline,5/30/2026,-1,5/23/2026,Adults,quantile,0.3,174
Seasonal Baseline,5/30/2026,-1,5/23/2026,Adults,quantile,0.35,188
Seasonal Baseline,5/30/2026,-1,5/23/2026,Adults,quantile,0.4,202
Seasonal Baseline,5/30/2026,-1,5/23/2026,Adults,quantile,0.45,217
Seasonal Baseline,5/30/2026,-1,5/23/2026,Adults,quantile,0.5,233
Seasonal Baseline,5/30/2026,-1,5/23/2026,Adults,quantile,0.55,250
Seasonal Baseline,5/30/2026,-1,5/23/2026,Adults,quantile,0.6,266
Seasonal Baseline,5/30/2026,-1,5/23/2026,Adults,quantile,0.65,286
Seasonal Baseline,5/30/2026,-1,5/23/2026,Adults,quantile,0.7,309
Seasonal Baseline,5/30/2026,-1,5/23/2026,Adults,quantile,0.75,336
Seasonal Baseline,5/30/2026,-1,5/23/2026,Adults,quantile,0.8,367
Seasonal Baseline,5/30/2026,-1,5/23/2026,Adults,quantile,0.85,407
Seasonal Baseline,5/30/2026,-1,5/23/2026,Adults,quantile,0.9,465
Seasonal Baseline,5/30/2026,-1,5/23/2026,Adults,quantile,0.95,560
Seasonal Baseline,5/30/2026,-1,5/23/2026,Adults,quantile,0.975,676
Seasonal Baseline,5/30/2026,-1,5/23/2026,Adults,quantile,0.99,851
Seasonal Baseline,5/30/2026,0,5/30/2026,Adults,quantile,0.01,72
Seasonal Baseline,5/30/2026,0,5/30/2026,Adults,quantile,0.025,88
Seasonal Baseline,5/30/2026,0,5/30/2026,Adults,quantile,0.05,106
Seasonal Baseline,5/30/2026,0,5/30/2026,Adults,quantile,0.1,130
Seasonal Baseline,5/30/2026,0,5/30/2026,Adults,quantile,0.15,149
Seasonal Baseline,5/30/2026,0,5/30/2026,Adults,quantile,0.2,165
Seasonal Baseline,5/30/2026,0,5/30/2026,Adults,quantile,0.25,181
Seasonal Baseline,5/30/2026,0,5/30/2026,Adults,quantile,0.3,196
Seasonal Baseline,5/30/2026,0,5/30/2026,Adults,quantile,0.35,212
Seasonal Baseline,5/30/2026,0,5/30/2026,Adults,quantile,0.4,228
Seasonal Baseline,5/30/2026,0,5/30/2026,Adults,quantile,0.45,245
Seasonal Baseline,5/30/2026,0,5/30/2026,Adults,quantile,0.5,261
Seasonal Baseline,5/30/2026,0,5/30/2026,Adults,quantile,0.55,281
Seasonal Baseline,5/30/2026,0,5/30/2026,Adults,quantile,0.6,302
Seasonal Baseline,5/30/2026,0,5/30/2026,Adults,quantile,0.65,326
Seasonal Baseline,5/30/2026,0,5/30/2026,Adults,quantile,0.7,351
Seasonal Baseline,5/30/2026,0,5/30/2026,Adults,quantile,0.75,384
Seasonal Baseline,5/30/2026,0,5/30/2026,Adults,quantile,0.8,420
Seasonal Baseline,5/30/2026,0,5/30/2026,Adults,quantile,0.85,467
Seasonal Baseline,5/30/2026,0,5/30/2026,Adults,quantile,0.9,530
Seasonal Baseline,5/30/2026,0,5/30/2026,Adults,quantile,0.95,645
Seasonal Baseline,5/30/2026,0,5/30/2026,Adults,quantile,0.975,762
Seasonal Baseline,5/30/2026,0,5/30/2026,Adults,quantile,0.99,921
Seasonal Baseline,5/30/2026,1,6/6/2026,Adults,quantile,0.01,79
Seasonal Baseline,5/30/2026,1,6/6/2026,Adults,quantile,0.025,99
Seasonal Baseline,5/30/2026,1,6/6/2026,Adults,quantile,0.05,117
Seasonal Baseline,5/30/2026,1,6/6/2026,Adults,quantile,0.1,144
Seasonal Baseline,5/30/2026,1,6/6/2026,Adults,quantile,0.15,165
Seasonal Baseline,5/30/2026,1,6/6/2026,Adults,quantile,0.2,184
Seasonal Baseline,5/30/2026,1,6/6/2026,Adults,quantile,0.25,201
Seasonal Baseline,5/30/2026,1,6/6/2026,Adults,quantile,0.3,218
Seasonal Baseline,5/30/2026,1,6/6/2026,Adults,quantile,0.35,234
Seasonal Baseline,5/30/2026,1,6/6/2026,Adults,quantile,0.4,251
Seasonal Baseline,5/30/2026,1,6/6/2026,Adults,quantile,0.45,271
Seasonal Baseline,5/30/2026,1,6/6/2026,Adults,quantile,0.5,290
Seasonal Baseline,5/30/2026,1,6/6/2026,Adults,quantile,0.55,311
Seasonal Baseline,5/30/2026,1,6/6/2026,Adults,quantile,0.6,334
Seasonal Baseline,5/30/2026,1,6/6/2026,Adults,quantile,0.65,362
Seasonal Baseline,5/30/2026,1,6/6/2026,Adults,quantile,0.7,391
Seasonal Baseline,5/30/2026,1,6/6/2026,Adults,quantile,0.75,425
Seasonal Baseline,5/30/2026,1,6/6/2026,Adults,quantile,0.8,461
Seasonal Baseline,5/30/2026,1,6/6/2026,Adults,quantile,0.85,514
Seasonal Baseline,5/30/2026,1,6/6/2026,Adults,quantile,0.9,587
Seasonal Baseline,5/30/2026,1,6/6/2026,Adults,quantile,0.95,715
Seasonal Baseline,5/30/2026,1,6/6/2026,Adults,quantile,0.975,835
Seasonal Baseline,5/30/2026,1,6/6/2026,Adults,quantile,0.99,1045
Seasonal Baseline,5/30/2026,2,6/13/2026,Adults,quantile,0.01,86
Seasonal Baseline,5/30/2026,2,6/13/2026,Adults,quantile,0.025,108
Seasonal Baseline,5/30/2026,2,6/13/2026,Adults,quantile,0.05,130
Seasonal Baseline,5/30/2026,2,6/13/2026,Adults,quantile,0.1,158
Seasonal Baseline,5/30/2026,2,6/13/2026,Adults,quantile,0.15,180
Seasonal Baseline,5/30/2026,2,6/13/2026,Adults,quantile,0.2,201
Seasonal Baseline,5/30/2026,2,6/13/2026,Adults,quantile,0.25,220
Seasonal Baseline,5/30/2026,2,6/13/2026,Adults,quantile,0.3,239
Seasonal Baseline,5/30/2026,2,6/13/2026,Adults,quantile,0.35,258
Seasonal Baseline,5/30/2026,2,6/13/2026,Adults,quantile,0.4,276
Seasonal Baseline,5/30/2026,2,6/13/2026,Adults,quantile,0.45,295
Seasonal Baseline,5/30/2026,2,6/13/2026,Adults,quantile,0.5,316
Seasonal Baseline,5/30/2026,2,6/13/2026,Adults,quantile,0.55,339
Seasonal Baseline,5/30/2026,2,6/13/2026,Adults,quantile,0.6,364
Seasonal Baseline,5/30/2026,2,6/13/2026,Adults,quantile,0.65,394
Seasonal Baseline,5/30/2026,2,6/13/2026,Adults,quantile,0.7,425
Seasonal Baseline,5/30/2026,2,6/13/2026,Adults,quantile,0.75,464
Seasonal Baseline,5/30/2026,2,6/13/2026,Adults,quantile,0.8,509
Seasonal Baseline,5/30/2026,2,6/13/2026,Adults,quantile,0.85,565
Seasonal Baseline,5/30/2026,2,6/13/2026,Adults,quantile,0.9,646
Seasonal Baseline,5/30/2026,2,6/13/2026,Adults,quantile,0.95,787
Seasonal Baseline,5/30/2026,2,6/13/2026,Adults,quantile,0.975,920
Seasonal Baseline,5/30/2026,2,6/13/2026,Adults,quantile,0.99,1128
Seasonal Baseline,5/30/2026,3,6/20/2026,Adults,quantile,0.01,91
Seasonal Baseline,5/30/2026,3,6/20/2026,Adults,quantile,0.025,109
Seasonal Baseline,5/30/2026,3,6/20/2026,Adults,quantile,0.05,130
Seasonal Baseline,5/30/2026,3,6/20/2026,Adults,quantile,0.1,162
Seasonal Baseline,5/30/2026,3,6/20/2026,Adults,quantile,0.15,185
Seasonal Baseline,5/30/2026,3,6/20/2026,Adults,quantile,0.2,206
Seasonal Baseline,5/30/2026,3,6/20/2026,Adults,quantile,0.25,228
Seasonal Baseline,5/30/2026,3,6/20/2026,Adults,quantile,0.3,247
Seasonal Baseline,5/30/2026,3,6/20/2026,Adults,quantile,0.35,265
Seasonal Baseline,5/30/2026,3,6/20/2026,Adults,quantile,0.4,285
Seasonal Baseline,5/30/2026,3,6/20/2026,Adults,quantile,0.45,305
Seasonal Baseline,5/30/2026,3,6/20/2026,Adults,quantile,0.5,327
Seasonal Baseline,5/30/2026,3,6/20/2026,Adults,quantile,0.55,352
Seasonal Baseline,5/30/2026,3,6/20/2026,Adults,quantile,0.6,377
Seasonal Baseline,5/30/2026,3,6/20/2026,Adults,quantile,0.65,405
Seasonal Baseline,5/30/2026,3,6/20/2026,Adults,quantile,0.7,437
Seasonal Baseline,5/30/2026,3,6/20/2026,Adults,quantile,0.75,474
Seasonal Baseline,5/30/2026,3,6/20/2026,Adults,quantile,0.8,522
Seasonal Baseline,5/30/2026,3,6/20/2026,Adults,quantile,0.85,577
Seasonal Baseline,5/30/2026,3,6/20/2026,Adults,quantile,0.9,655
Seasonal Baseline,5/30/2026,3,6/20/2026,Adults,quantile,0.95,817
Seasonal Baseline,5/30/2026,3,6/20/2026,Adults,quantile,0.975,966
Seasonal Baseline,5/30/2026,3,6/20/2026,Adults,quantile,0.99,1184
Seasonal Baseline,5/30/2026,-3,5/9/2026,Overall,quantile,0.01,176
Seasonal Baseline,5/30/2026,-3,5/9/2026,Overall,quantile,0.025,203
Seasonal Baseline,5/30/2026,-3,5/9/2026,Overall,quantile,0.05,230
Seasonal Baseline,5/30/2026,-3,5/9/2026,Overall,quantile,0.1,268
Seasonal Baseline,5/30/2026,-3,5/9/2026,Overall,quantile,0.15,296
Seasonal Baseline,5/30/2026,-3,5/9/2026,Overall,quantile,0.2,322
Seasonal Baseline,5/30/2026,-3,5/9/2026,Overall,quantile,0.25,344
Seasonal Baseline,5/30/2026,-3,5/9/2026,Overall,quantile,0.3,366
Seasonal Baseline,5/30/2026,-3,5/9/2026,Overall,quantile,0.35,389
Seasonal Baseline,5/30/2026,-3,5/9/2026,Overall,quantile,0.4,409
Seasonal Baseline,5/30/2026,-3,5/9/2026,Overall,quantile,0.45,431
Seasonal Baseline,5/30/2026,-3,5/9/2026,Overall,quantile,0.5,456
Seasonal Baseline,5/30/2026,-3,5/9/2026,Overall,quantile,0.55,481
Seasonal Baseline,5/30/2026,-3,5/9/2026,Overall,quantile,0.6,509
Seasonal Baseline,5/30/2026,-3,5/9/2026,Overall,quantile,0.65,535
Seasonal Baseline,5/30/2026,-3,5/9/2026,Overall,quantile,0.7,566
Seasonal Baseline,5/30/2026,-3,5/9/2026,Overall,quantile,0.75,603
Seasonal Baseline,5/30/2026,-3,5/9/2026,Overall,quantile,0.8,647
Seasonal Baseline,5/30/2026,-3,5/9/2026,Overall,quantile,0.85,702
Seasonal Baseline,5/30/2026,-3,5/9/2026,Overall,quantile,0.9,783
Seasonal Baseline,5/30/2026,-3,5/9/2026,Overall,quantile,0.95,902
Seasonal Baseline,5/30/2026,-3,5/9/2026,Overall,quantile,0.975,1021
Seasonal Baseline,5/30/2026,-3,5/9/2026,Overall,quantile,0.99,1215
Seasonal Baseline,5/30/2026,-2,5/16/2026,Overall,quantile,0.01,199
Seasonal Baseline,5/30/2026,-2,5/16/2026,Overall,quantile,0.025,231
Seasonal Baseline,5/30/2026,-2,5/16/2026,Overall,quantile,0.05,262
Seasonal Baseline,5/30/2026,-2,5/16/2026,Overall,quantile,0.1,307
Seasonal Baseline,5/30/2026,-2,5/16/2026,Overall,quantile,0.15,339
Seasonal Baseline,5/30/2026,-2,5/16/2026,Overall,quantile,0.2,367
Seasonal Baseline,5/30/2026,-2,5/16/2026,Overall,quantile,0.25,393
Seasonal Baseline,5/30/2026,-2,5/16/2026,Overall,quantile,0.3,416
Seasonal Baseline,5/30/2026,-2,5/16/2026,Overall,quantile,0.35,440
Seasonal Baseline,5/30/2026,-2,5/16/2026,Overall,quantile,0.4,466
Seasonal Baseline,5/30/2026,-2,5/16/2026,Overall,quantile,0.45,492
Seasonal Baseline,5/30/2026,-2,5/16/2026,Overall,quantile,0.5,520
Seasonal Baseline,5/30/2026,-2,5/16/2026,Overall,quantile,0.55,547
Seasonal Baseline,5/30/2026,-2,5/16/2026,Overall,quantile,0.6,577
Seasonal Baseline,5/30/2026,-2,5/16/2026,Overall,quantile,0.65,610
Seasonal Baseline,5/30/2026,-2,5/16/2026,Overall,quantile,0.7,645
Seasonal Baseline,5/30/2026,-2,5/16/2026,Overall,quantile,0.75,692
Seasonal Baseline,5/30/2026,-2,5/16/2026,Overall,quantile,0.8,746
Seasonal Baseline,5/30/2026,-2,5/16/2026,Overall,quantile,0.85,814
Seasonal Baseline,5/30/2026,-2,5/16/2026,Overall,quantile,0.9,897
Seasonal Baseline,5/30/2026,-2,5/16/2026,Overall,quantile,0.95,1051
Seasonal Baseline,5/30/2026,-2,5/16/2026,Overall,quantile,0.975,1186
Seasonal Baseline,5/30/2026,-2,5/16/2026,Overall,quantile,0.99,1389
Seasonal Baseline,5/30/2026,-1,5/23/2026,Overall,quantile,0.01,225
Seasonal Baseline,5/30/2026,-1,5/23/2026,Overall,quantile,0.025,260
Seasonal Baseline,5/30/2026,-1,5/23/2026,Overall,quantile,0.05,298
Seasonal Baseline,5/30/2026,-1,5/23/2026,Overall,quantile,0.1,348
Seasonal Baseline,5/30/2026,-1,5/23/2026,Overall,quantile,0.15,386
Seasonal Baseline,5/30/2026,-1,5/23/2026,Overall,quantile,0.2,419
Seasonal Baseline,5/30/2026,-1,5/23/2026,Overall,quantile,0.25,452
Seasonal Baseline,5/30/2026,-1,5/23/2026,Overall,quantile,0.3,479
Seasonal Baseline,5/30/2026,-1,5/23/2026,Overall,quantile,0.35,509
Seasonal Baseline,5/30/2026,-1,5/23/2026,Overall,quantile,0.4,537
Seasonal Baseline,5/30/2026,-1,5/23/2026,Overall,quantile,0.45,567
Seasonal Baseline,5/30/2026,-1,5/23/2026,Overall,quantile,0.5,596
Seasonal Baseline,5/30/2026,-1,5/23/2026,Overall,quantile,0.55,629
Seasonal Baseline,5/30/2026,-1,5/23/2026,Overall,quantile,0.6,661
Seasonal Baseline,5/30/2026,-1,5/23/2026,Overall,quantile,0.65,698
Seasonal Baseline,5/30/2026,-1,5/23/2026,Overall,quantile,0.7,744
Seasonal Baseline,5/30/2026,-1,5/23/2026,Overall,quantile,0.75,790
Seasonal Baseline,5/30/2026,-1,5/23/2026,Overall,quantile,0.8,844
Seasonal Baseline,5/30/2026,-1,5/23/2026,Overall,quantile,0.85,918
Seasonal Baseline,5/30/2026,-1,5/23/2026,Overall,quantile,0.9,1023
Seasonal Baseline,5/30/2026,-1,5/23/2026,Overall,quantile,0.95,1197
Seasonal Baseline,5/30/2026,-1,5/23/2026,Overall,quantile,0.975,1355
Seasonal Baseline,5/30/2026,-1,5/23/2026,Overall,quantile,0.99,1534
Seasonal Baseline,5/30/2026,0,5/30/2026,Overall,quantile,0.01,257
Seasonal Baseline,5/30/2026,0,5/30/2026,Overall,quantile,0.025,299
Seasonal Baseline,5/30/2026,0,5/30/2026,Overall,quantile,0.05,340
Seasonal Baseline,5/30/2026,0,5/30/2026,Overall,quantile,0.1,395
Seasonal Baseline,5/30/2026,0,5/30/2026,Overall,quantile,0.15,434
Seasonal Baseline,5/30/2026,0,5/30/2026,Overall,quantile,0.2,469
Seasonal Baseline,5/30/2026,0,5/30/2026,Overall,quantile,0.25,501
Seasonal Baseline,5/30/2026,0,5/30/2026,Overall,quantile,0.3,534
Seasonal Baseline,5/30/2026,0,5/30/2026,Overall,quantile,0.35,567
Seasonal Baseline,5/30/2026,0,5/30/2026,Overall,quantile,0.4,601
Seasonal Baseline,5/30/2026,0,5/30/2026,Overall,quantile,0.45,634
Seasonal Baseline,5/30/2026,0,5/30/2026,Overall,quantile,0.5,670
Seasonal Baseline,5/30/2026,0,5/30/2026,Overall,quantile,0.55,704
Seasonal Baseline,5/30/2026,0,5/30/2026,Overall,quantile,0.6,742
Seasonal Baseline,5/30/2026,0,5/30/2026,Overall,quantile,0.65,784
Seasonal Baseline,5/30/2026,0,5/30/2026,Overall,quantile,0.7,831
Seasonal Baseline,5/30/2026,0,5/30/2026,Overall,quantile,0.75,888
Seasonal Baseline,5/30/2026,0,5/30/2026,Overall,quantile,0.8,950
Seasonal Baseline,5/30/2026,0,5/30/2026,Overall,quantile,0.85,1026
Seasonal Baseline,5/30/2026,0,5/30/2026,Overall,quantile,0.9,1143
Seasonal Baseline,5/30/2026,0,5/30/2026,Overall,quantile,0.95,1327
Seasonal Baseline,5/30/2026,0,5/30/2026,Overall,quantile,0.975,1535
Seasonal Baseline,5/30/2026,0,5/30/2026,Overall,quantile,0.99,1774
Seasonal Baseline,5/30/2026,1,6/6/2026,Overall,quantile,0.01,278
Seasonal Baseline,5/30/2026,1,6/6/2026,Overall,quantile,0.025,327
Seasonal Baseline,5/30/2026,1,6/6/2026,Overall,quantile,0.05,372
Seasonal Baseline,5/30/2026,1,6/6/2026,Overall,quantile,0.1,433
Seasonal Baseline,5/30/2026,1,6/6/2026,Overall,quantile,0.15,481
Seasonal Baseline,5/30/2026,1,6/6/2026,Overall,quantile,0.2,522
Seasonal Baseline,5/30/2026,1,6/6/2026,Overall,quantile,0.25,561
Seasonal Baseline,5/30/2026,1,6/6/2026,Overall,quantile,0.3,598
Seasonal Baseline,5/30/2026,1,6/6/2026,Overall,quantile,0.35,631
Seasonal Baseline,5/30/2026,1,6/6/2026,Overall,quantile,0.4,666
Seasonal Baseline,5/30/2026,1,6/6/2026,Overall,quantile,0.45,702
Seasonal Baseline,5/30/2026,1,6/6/2026,Overall,quantile,0.5,741
Seasonal Baseline,5/30/2026,1,6/6/2026,Overall,quantile,0.55,781
Seasonal Baseline,5/30/2026,1,6/6/2026,Overall,quantile,0.6,825
Seasonal Baseline,5/30/2026,1,6/6/2026,Overall,quantile,0.65,874
Seasonal Baseline,5/30/2026,1,6/6/2026,Overall,quantile,0.7,925
Seasonal Baseline,5/30/2026,1,6/6/2026,Overall,quantile,0.75,986
Seasonal Baseline,5/30/2026,1,6/6/2026,Overall,quantile,0.8,1056
Seasonal Baseline,5/30/2026,1,6/6/2026,Overall,quantile,0.85,1140
Seasonal Baseline,5/30/2026,1,6/6/2026,Overall,quantile,0.9,1254
Seasonal Baseline,5/30/2026,1,6/6/2026,Overall,quantile,0.95,1459
Seasonal Baseline,5/30/2026,1,6/6/2026,Overall,quantile,0.975,1681
Seasonal Baseline,5/30/2026,1,6/6/2026,Overall,quantile,0.99,1951
Seasonal Baseline,5/30/2026,2,6/13/2026,Overall,quantile,0.01,302
Seasonal Baseline,5/30/2026,2,6/13/2026,Overall,quantile,0.025,351
Seasonal Baseline,5/30/2026,2,6/13/2026,Overall,quantile,0.05,398
Seasonal Baseline,5/30/2026,2,6/13/2026,Overall,quantile,0.1,466
Seasonal Baseline,5/30/2026,2,6/13/2026,Overall,quantile,0.15,520
Seasonal Baseline,5/30/2026,2,6/13/2026,Overall,quantile,0.2,562
Seasonal Baseline,5/30/2026,2,6/13/2026,Overall,quantile,0.25,601
Seasonal Baseline,5/30/2026,2,6/13/2026,Overall,quantile,0.3,641
Seasonal Baseline,5/30/2026,2,6/13/2026,Overall,quantile,0.35,676
Seasonal Baseline,5/30/2026,2,6/13/2026,Overall,quantile,0.4,714
Seasonal Baseline,5/30/2026,2,6/13/2026,Overall,quantile,0.45,755
Seasonal Baseline,5/30/2026,2,6/13/2026,Overall,quantile,0.5,795
Seasonal Baseline,5/30/2026,2,6/13/2026,Overall,quantile,0.55,840
Seasonal Baseline,5/30/2026,2,6/13/2026,Overall,quantile,0.6,885
Seasonal Baseline,5/30/2026,2,6/13/2026,Overall,quantile,0.65,935
Seasonal Baseline,5/30/2026,2,6/13/2026,Overall,quantile,0.7,996
Seasonal Baseline,5/30/2026,2,6/13/2026,Overall,quantile,0.75,1059
Seasonal Baseline,5/30/2026,2,6/13/2026,Overall,quantile,0.8,1132
Seasonal Baseline,5/30/2026,2,6/13/2026,Overall,quantile,0.85,1229
Seasonal Baseline,5/30/2026,2,6/13/2026,Overall,quantile,0.9,1352
Seasonal Baseline,5/30/2026,2,6/13/2026,Overall,quantile,0.95,1578
Seasonal Baseline,5/30/2026,2,6/13/2026,Overall,quantile,0.975,1809
Seasonal Baseline,5/30/2026,2,6/13/2026,Overall,quantile,0.99,2116
Seasonal Baseline,5/30/2026,3,6/20/2026,Overall,quantile,0.01,313
Seasonal Baseline,5/30/2026,3,6/20/2026,Overall,quantile,0.025,369
Seasonal Baseline,5/30/2026,3,6/20/2026,Overall,quantile,0.05,419
Seasonal Baseline,5/30/2026,3,6/20/2026,Overall,quantile,0.1,488
Seasonal Baseline,5/30/2026,3,6/20/2026,Overall,quantile,0.15,540
Seasonal Baseline,5/30/2026,3,6/20/2026,Overall,quantile,0.2,586
Seasonal Baseline,5/30/2026,3,6/20/2026,Overall,quantile,0.25,623
Seasonal Baseline,5/30/2026,3,6/20/2026,Overall,quantile,0.3,666
Seasonal Baseline,5/30/2026,3,6/20/2026,Overall,quantile,0.35,707
Seasonal Baseline,5/30/2026,3,6/20/2026,Overall,quantile,0.4,747
Seasonal Baseline,5/30/2026,3,6/20/2026,Overall,quantile,0.45,790
Seasonal Baseline,5/30/2026,3,6/20/2026,Overall,quantile,0.5,832
Seasonal Baseline,5/30/2026,3,6/20/2026,Overall,quantile,0.55,875
Seasonal Baseline,5/30/2026,3,6/20/2026,Overall,quantile,0.6,921
Seasonal Baseline,5/30/2026,3,6/20/2026,Overall,quantile,0.65,978
Seasonal Baseline,5/30/2026,3,6/20/2026,Overall,quantile,0.7,1035
Seasonal Baseline,5/30/2026,3,6/20/2026,Overall,quantile,0.75,1102
Seasonal Baseline,5/30/2026,3,6/20/2026,Overall,quantile,0.8,1187
Seasonal Baseline,5/30/2026,3,6/20/2026,Overall,quantile,0.85,1285
Seasonal Baseline,5/30/2026,3,6/20/2026,Overall,quantile,0.9,1417
Seasonal Baseline,5/30/2026,3,6/20/2026,Overall,quantile,0.95,1650
Seasonal Baseline,5/30/2026,3,6/20/2026,Overall,quantile,0.975,1908
Seasonal Baseline,5/30/2026,3,6/20/2026,Overall,quantile,0.99,2268
Seasonal Baseline,5/30/2026,-3,5/9/2026,Pediatrics,quantile,0.01,126
Seasonal Baseline,5/30/2026,-3,5/9/2026,Pediatrics,quantile,0.025,141
Seasonal Baseline,5/30/2026,-3,5/9/2026,Pediatrics,quantile,0.05,157
Seasonal Baseline,5/30/2026,-3,5/9/2026,Pediatrics,quantile,0.1,174
Seasonal Baseline,5/30/2026,-3,5/9/2026,Pediatrics,quantile,0.15,187
Seasonal Baseline,5/30/2026,-3,5/9/2026,Pediatrics,quantile,0.2,199
Seasonal Baseline,5/30/2026,-3,5/9/2026,Pediatrics,quantile,0.25,209
Seasonal Baseline,5/30/2026,-3,5/9/2026,Pediatrics,quantile,0.3,220
Seasonal Baseline,5/30/2026,-3,5/9/2026,Pediatrics,quantile,0.35,229
Seasonal Baseline,5/30/2026,-3,5/9/2026,Pediatrics,quantile,0.4,238
Seasonal Baseline,5/30/2026,-3,5/9/2026,Pediatrics,quantile,0.45,249
Seasonal Baseline,5/30/2026,-3,5/9/2026,Pediatrics,quantile,0.5,258
Seasonal Baseline,5/30/2026,-3,5/9/2026,Pediatrics,quantile,0.55,268
Seasonal Baseline,5/30/2026,-3,5/9/2026,Pediatrics,quantile,0.6,277
Seasonal Baseline,5/30/2026,-3,5/9/2026,Pediatrics,quantile,0.65,289
Seasonal Baseline,5/30/2026,-3,5/9/2026,Pediatrics,quantile,0.7,301
Seasonal Baseline,5/30/2026,-3,5/9/2026,Pediatrics,quantile,0.75,315
Seasonal Baseline,5/30/2026,-3,5/9/2026,Pediatrics,quantile,0.8,330
Seasonal Baseline,5/30/2026,-3,5/9/2026,Pediatrics,quantile,0.85,350
Seasonal Baseline,5/30/2026,-3,5/9/2026,Pediatrics,quantile,0.9,378
Seasonal Baseline,5/30/2026,-3,5/9/2026,Pediatrics,quantile,0.95,422
Seasonal Baseline,5/30/2026,-3,5/9/2026,Pediatrics,quantile,0.975,466
Seasonal Baseline,5/30/2026,-3,5/9/2026,Pediatrics,quantile,0.99,521
Seasonal Baseline,5/30/2026,-2,5/16/2026,Pediatrics,quantile,0.01,149
Seasonal Baseline,5/30/2026,-2,5/16/2026,Pediatrics,quantile,0.025,166
Seasonal Baseline,5/30/2026,-2,5/16/2026,Pediatrics,quantile,0.05,182
Seasonal Baseline,5/30/2026,-2,5/16/2026,Pediatrics,quantile,0.1,202
Seasonal Baseline,5/30/2026,-2,5/16/2026,Pediatrics,quantile,0.15,218
Seasonal Baseline,5/30/2026,-2,5/16/2026,Pediatrics,quantile,0.2,230
Seasonal Baseline,5/30/2026,-2,5/16/2026,Pediatrics,quantile,0.25,243
Seasonal Baseline,5/30/2026,-2,5/16/2026,Pediatrics,quantile,0.3,254
Seasonal Baseline,5/30/2026,-2,5/16/2026,Pediatrics,quantile,0.35,265
Seasonal Baseline,5/30/2026,-2,5/16/2026,Pediatrics,quantile,0.4,276
Seasonal Baseline,5/30/2026,-2,5/16/2026,Pediatrics,quantile,0.45,288
Seasonal Baseline,5/30/2026,-2,5/16/2026,Pediatrics,quantile,0.5,298
Seasonal Baseline,5/30/2026,-2,5/16/2026,Pediatrics,quantile,0.55,310
Seasonal Baseline,5/30/2026,-2,5/16/2026,Pediatrics,quantile,0.6,322
Seasonal Baseline,5/30/2026,-2,5/16/2026,Pediatrics,quantile,0.65,336
Seasonal Baseline,5/30/2026,-2,5/16/2026,Pediatrics,quantile,0.7,350
Seasonal Baseline,5/30/2026,-2,5/16/2026,Pediatrics,quantile,0.75,368
Seasonal Baseline,5/30/2026,-2,5/16/2026,Pediatrics,quantile,0.8,388
Seasonal Baseline,5/30/2026,-2,5/16/2026,Pediatrics,quantile,0.85,410
Seasonal Baseline,5/30/2026,-2,5/16/2026,Pediatrics,quantile,0.9,443
Seasonal Baseline,5/30/2026,-2,5/16/2026,Pediatrics,quantile,0.95,498
Seasonal Baseline,5/30/2026,-2,5/16/2026,Pediatrics,quantile,0.975,552
Seasonal Baseline,5/30/2026,-2,5/16/2026,Pediatrics,quantile,0.99,617
Seasonal Baseline,5/30/2026,-1,5/23/2026,Pediatrics,quantile,0.01,174
Seasonal Baseline,5/30/2026,-1,5/23/2026,Pediatrics,quantile,0.025,196
Seasonal Baseline,5/30/2026,-1,5/23/2026,Pediatrics,quantile,0.05,212
Seasonal Baseline,5/30/2026,-1,5/23/2026,Pediatrics,quantile,0.1,236
Seasonal Baseline,5/30/2026,-1,5/23/2026,Pediatrics,quantile,0.15,257
Seasonal Baseline,5/30/2026,-1,5/23/2026,Pediatrics,quantile,0.2,273
Seasonal Baseline,5/30/2026,-1,5/23/2026,Pediatrics,quantile,0.25,287
Seasonal Baseline,5/30/2026,-1,5/23/2026,Pediatrics,quantile,0.3,301
Seasonal Baseline,5/30/2026,-1,5/23/2026,Pediatrics,quantile,0.35,314
Seasonal Baseline,5/30/2026,-1,5/23/2026,Pediatrics,quantile,0.4,327
Seasonal Baseline,5/30/2026,-1,5/23/2026,Pediatrics,quantile,0.45,338
Seasonal Baseline,5/30/2026,-1,5/23/2026,Pediatrics,quantile,0.5,352
Seasonal Baseline,5/30/2026,-1,5/23/2026,Pediatrics,quantile,0.55,365
Seasonal Baseline,5/30/2026,-1,5/23/2026,Pediatrics,quantile,0.6,379
Seasonal Baseline,5/30/2026,-1,5/23/2026,Pediatrics,quantile,0.65,395
Seasonal Baseline,5/30/2026,-1,5/23/2026,Pediatrics,quantile,0.7,413
Seasonal Baseline,5/30/2026,-1,5/23/2026,Pediatrics,quantile,0.75,434
Seasonal Baseline,5/30/2026,-1,5/23/2026,Pediatrics,quantile,0.8,458
Seasonal Baseline,5/30/2026,-1,5/23/2026,Pediatrics,quantile,0.85,486
Seasonal Baseline,5/30/2026,-1,5/23/2026,Pediatrics,quantile,0.9,522
Seasonal Baseline,5/30/2026,-1,5/23/2026,Pediatrics,quantile,0.95,582
Seasonal Baseline,5/30/2026,-1,5/23/2026,Pediatrics,quantile,0.975,633
Seasonal Baseline,5/30/2026,-1,5/23/2026,Pediatrics,quantile,0.99,714
Seasonal Baseline,5/30/2026,0,5/30/2026,Pediatrics,quantile,0.01,200
Seasonal Baseline,5/30/2026,0,5/30/2026,Pediatrics,quantile,0.025,225
Seasonal Baseline,5/30/2026,0,5/30/2026,Pediatrics,quantile,0.05,246
Seasonal Baseline,5/30/2026,0,5/30/2026,Pediatrics,quantile,0.1,275
Seasonal Baseline,5/30/2026,0,5/30/2026,Pediatrics,quantile,0.15,295
Seasonal Baseline,5/30/2026,0,5/30/2026,Pediatrics,quantile,0.2,314
Seasonal Baseline,5/30/2026,0,5/30/2026,Pediatrics,quantile,0.25,330
Seasonal Baseline,5/30/2026,0,5/30/2026,Pediatrics,quantile,0.3,345
Seasonal Baseline,5/30/2026,0,5/30/2026,Pediatrics,quantile,0.35,359
Seasonal Baseline,5/30/2026,0,5/30/2026,Pediatrics,quantile,0.4,375
Seasonal Baseline,5/30/2026,0,5/30/2026,Pediatrics,quantile,0.45,391
Seasonal Baseline,5/30/2026,0,5/30/2026,Pediatrics,quantile,0.5,405
Seasonal Baseline,5/30/2026,0,5/30/2026,Pediatrics,quantile,0.55,422
Seasonal Baseline,5/30/2026,0,5/30/2026,Pediatrics,quantile,0.6,438
Seasonal Baseline,5/30/2026,0,5/30/2026,Pediatrics,quantile,0.65,455
Seasonal Baseline,5/30/2026,0,5/30/2026,Pediatrics,quantile,0.7,475
Seasonal Baseline,5/30/2026,0,5/30/2026,Pediatrics,quantile,0.75,496
Seasonal Baseline,5/30/2026,0,5/30/2026,Pediatrics,quantile,0.8,524
Seasonal Baseline,5/30/2026,0,5/30/2026,Pediatrics,quantile,0.85,556
Seasonal Baseline,5/30/2026,0,5/30/2026,Pediatrics,quantile,0.9,598
Seasonal Baseline,5/30/2026,0,5/30/2026,Pediatrics,quantile,0.95,664
Seasonal Baseline,5/30/2026,0,5/30/2026,Pediatrics,quantile,0.975,735
Seasonal Baseline,5/30/2026,0,5/30/2026,Pediatrics,quantile,0.99,813
Seasonal Baseline,5/30/2026,1,6/6/2026,Pediatrics,quantile,0.01,223
Seasonal Baseline,5/30/2026,1,6/6/2026,Pediatrics,quantile,0.025,247
Seasonal Baseline,5/30/2026,1,6/6/2026,Pediatrics,quantile,0.05,271
Seasonal Baseline,5/30/2026,1,6/6/2026,Pediatrics,quantile,0.1,305
Seasonal Baseline,5/30/2026,1,6/6/2026,Pediatrics,quantile,0.15,331
Seasonal Baseline,5/30/2026,1,6/6/2026,Pediatrics,quantile,0.2,351
Seasonal Baseline,5/30/2026,1,6/6/2026,Pediatrics,quantile,0.25,368
Seasonal Baseline,5/30/2026,1,6/6/2026,Pediatrics,quantile,0.3,385
Seasonal Baseline,5/30/2026,1,6/6/2026,Pediatrics,quantile,0.35,402
Seasonal Baseline,5/30/2026,1,6/6/2026,Pediatrics,quantile,0.4,418
Seasonal Baseline,5/30/2026,1,6/6/2026,Pediatrics,quantile,0.45,435
Seasonal Baseline,5/30/2026,1,6/6/2026,Pediatrics,quantile,0.5,452
Seasonal Baseline,5/30/2026,1,6/6/2026,Pediatrics,quantile,0.55,470
Seasonal Baseline,5/30/2026,1,6/6/2026,Pediatrics,quantile,0.6,489
Seasonal Baseline,5/30/2026,1,6/6/2026,Pediatrics,quantile,0.65,508
Seasonal Baseline,5/30/2026,1,6/6/2026,Pediatrics,quantile,0.7,530
Seasonal Baseline,5/30/2026,1,6/6/2026,Pediatrics,quantile,0.75,554
Seasonal Baseline,5/30/2026,1,6/6/2026,Pediatrics,quantile,0.8,583
Seasonal Baseline,5/30/2026,1,6/6/2026,Pediatrics,quantile,0.85,619
Seasonal Baseline,5/30/2026,1,6/6/2026,Pediatrics,quantile,0.9,671
Seasonal Baseline,5/30/2026,1,6/6/2026,Pediatrics,quantile,0.95,742
Seasonal Baseline,5/30/2026,1,6/6/2026,Pediatrics,quantile,0.975,820
Seasonal Baseline,5/30/2026,1,6/6/2026,Pediatrics,quantile,0.99,908
Seasonal Baseline,5/30/2026,2,6/13/2026,Pediatrics,quantile,0.01,242
Seasonal Baseline,5/30/2026,2,6/13/2026,Pediatrics,quantile,0.025,268
Seasonal Baseline,5/30/2026,2,6/13/2026,Pediatrics,quantile,0.05,292
Seasonal Baseline,5/30/2026,2,6/13/2026,Pediatrics,quantile,0.1,325
Seasonal Baseline,5/30/2026,2,6/13/2026,Pediatrics,quantile,0.15,353
Seasonal Baseline,5/30/2026,2,6/13/2026,Pediatrics,quantile,0.2,375
Seasonal Baseline,5/30/2026,2,6/13/2026,Pediatrics,quantile,0.25,396
Seasonal Baseline,5/30/2026,2,6/13/2026,Pediatrics,quantile,0.3,415
Seasonal Baseline,5/30/2026,2,6/13/2026,Pediatrics,quantile,0.35,432
Seasonal Baseline,5/30/2026,2,6/13/2026,Pediatrics,quantile,0.4,450
Seasonal Baseline,5/30/2026,2,6/13/2026,Pediatrics,quantile,0.45,468
Seasonal Baseline,5/30/2026,2,6/13/2026,Pediatrics,quantile,0.5,487
Seasonal Baseline,5/30/2026,2,6/13/2026,Pediatrics,quantile,0.55,505
Seasonal Baseline,5/30/2026,2,6/13/2026,Pediatrics,quantile,0.6,525
Seasonal Baseline,5/30/2026,2,6/13/2026,Pediatrics,quantile,0.65,547
Seasonal Baseline,5/30/2026,2,6/13/2026,Pediatrics,quantile,0.7,571
Seasonal Baseline,5/30/2026,2,6/13/2026,Pediatrics,quantile,0.75,597
Seasonal Baseline,5/30/2026,2,6/13/2026,Pediatrics,quantile,0.8,628
Seasonal Baseline,5/30/2026,2,6/13/2026,Pediatrics,quantile,0.85,664
Seasonal Baseline,5/30/2026,2,6/13/2026,Pediatrics,quantile,0.9,716
Seasonal Baseline,5/30/2026,2,6/13/2026,Pediatrics,quantile,0.95,800
Seasonal Baseline,5/30/2026,2,6/13/2026,Pediatrics,quantile,0.975,875
Seasonal Baseline,5/30/2026,2,6/13/2026,Pediatrics,quantile,0.99,990
Seasonal Baseline,5/30/2026,3,6/20/2026,Pediatrics,quantile,0.01,243
Seasonal Baseline,5/30/2026,3,6/20/2026,Pediatrics,quantile,0.025,273
Seasonal Baseline,5/30/2026,3,6/20/2026,Pediatrics,quantile,0.05,302
Seasonal Baseline,5/30/2026,3,6/20/2026,Pediatrics,quantile,0.1,336
Seasonal Baseline,5/30/2026,3,6/20/2026,Pediatrics,quantile,0.15,361
Seasonal Baseline,5/30/2026,3,6/20/2026,Pediatrics,quantile,0.2,384
Seasonal Baseline,5/30/2026,3,6/20/2026,Pediatrics,quantile,0.25,403
Seasonal Baseline,5/30/2026,3,6/20/2026,Pediatrics,quantile,0.3,423
Seasonal Baseline,5/30/2026,3,6/20/2026,Pediatrics,quantile,0.35,440
Seasonal Baseline,5/30/2026,3,6/20/2026,Pediatrics,quantile,0.4,459
Seasonal Baseline,5/30/2026,3,6/20/2026,Pediatrics,quantile,0.45,478
Seasonal Baseline,5/30/2026,3,6/20/2026,Pediatrics,quantile,0.5,497
Seasonal Baseline,5/30/2026,3,6/20/2026,Pediatrics,quantile,0.55,516
Seasonal Baseline,5/30/2026,3,6/20/2026,Pediatrics,quantile,0.6,536
Seasonal Baseline,5/30/2026,3,6/20/2026,Pediatrics,quantile,0.65,557
Seasonal Baseline,5/30/2026,3,6/20/2026,Pediatrics,quantile,0.7,581
Seasonal Baseline,5/30/2026,3,6/20/2026,Pediatrics,quantile,0.75,606
Seasonal Baseline,5/30/2026,3,6/20/2026,Pediatrics,quantile,0.8,639
Seasonal Baseline,5/30/2026,3,6/20/2026,Pediatrics,quantile,0.85,678
Seasonal Baseline,5/30/2026,3,6/20/2026,Pediatrics,quantile,0.9,729
Seasonal Baseline,5/30/2026,3,6/20/2026,Pediatrics,quantile,0.95,813
Seasonal Baseline,5/30/2026,3,6/20/2026,Pediatrics,quantile,0.975,896
Seasonal Baseline,5/30/2026,3,6/20/2026,Pediatrics,quantile,0.99,994
Opt Baseline,5/30/2026,-3,5/9/2026,Adults,quantile,0.01,83
Opt Baseline,5/30/2026,-3,5/9/2026,Adults,quantile,0.025,85
Opt Baseline,5/30/2026,-3,5/9/2026,Adults,quantile,0.05,88
Opt Baseline,5/30/2026,-3,5/9/2026,Adults,quantile,0.1,91
Opt Baseline,5/30/2026,-3,5/9/2026,Adults,quantile,0.15,91
Opt Baseline,5/30/2026,-3,5/9/2026,Adults,quantile,0.2,92
Opt Baseline,5/30/2026,-3,5/9/2026,Adults,quantile,0.25,94
Opt Baseline,5/30/2026,-3,5/9/2026,Adults,quantile,0.3,97
Opt Baseline,5/30/2026,-3,5/9/2026,Adults,quantile,0.35,99
Opt Baseline,5/30/2026,-3,5/9/2026,Adults,quantile,0.4,101
Opt Baseline,5/30/2026,-3,5/9/2026,Adults,quantile,0.45,102
Opt Baseline,5/30/2026,-3,5/9/2026,Adults,quantile,0.5,106
Opt Baseline,5/30/2026,-3,5/9/2026,Adults,quantile,0.55,110
Opt Baseline,5/30/2026,-3,5/9/2026,Adults,quantile,0.6,111
Opt Baseline,5/30/2026,-3,5/9/2026,Adults,quantile,0.65,113
Opt Baseline,5/30/2026,-3,5/9/2026,Adults,quantile,0.7,116
Opt Baseline,5/30/2026,-3,5/9/2026,Adults,quantile,0.75,118
Opt Baseline,5/30/2026,-3,5/9/2026,Adults,quantile,0.8,120
Opt Baseline,5/30/2026,-3,5/9/2026,Adults,quantile,0.85,122
Opt Baseline,5/30/2026,-3,5/9/2026,Adults,quantile,0.9,122
Opt Baseline,5/30/2026,-3,5/9/2026,Adults,quantile,0.95,125
Opt Baseline,5/30/2026,-3,5/9/2026,Adults,quantile,0.975,129
Opt Baseline,5/30/2026,-3,5/9/2026,Adults,quantile,0.99,132
Opt Baseline,5/30/2026,-2,5/16/2026,Adults,quantile,0.01,72
Opt Baseline,5/30/2026,-2,5/16/2026,Adults,quantile,0.025,75
Opt Baseline,5/30/2026,-2,5/16/2026,Adults,quantile,0.05,78
Opt Baseline,5/30/2026,-2,5/16/2026,Adults,quantile,0.1,83
Opt Baseline,5/30/2026,-2,5/16/2026,Adults,quantile,0.15,86
Opt Baseline,5/30/2026,-2,5/16/2026,Adults,quantile,0.2,90
Opt Baseline,5/30/2026,-2,5/16/2026,Adults,quantile,0.25,94
Opt Baseline,5/30/2026,-2,5/16/2026,Adults,quantile,0.3,97
Opt Baseline,5/30/2026,-2,5/16/2026,Adults,quantile,0.35,99
Opt Baseline,5/30/2026,-2,5/16/2026,Adults,quantile,0.4,102
Opt Baseline,5/30/2026,-2,5/16/2026,Adults,quantile,0.45,104
Opt Baseline,5/30/2026,-2,5/16/2026,Adults,quantile,0.5,106
Opt Baseline,5/30/2026,-2,5/16/2026,Adults,quantile,0.55,108
Opt Baseline,5/30/2026,-2,5/16/2026,Adults,quantile,0.6,110
Opt Baseline,5/30/2026,-2,5/16/2026,Adults,quantile,0.65,113
Opt Baseline,5/30/2026,-2,5/16/2026,Adults,quantile,0.7,116
Opt Baseline,5/30/2026,-2,5/16/2026,Adults,quantile,0.75,119
Opt Baseline,5/30/2026,-2,5/16/2026,Adults,quantile,0.8,124
Opt Baseline,5/30/2026,-2,5/16/2026,Adults,quantile,0.85,128
Opt Baseline,5/30/2026,-2,5/16/2026,Adults,quantile,0.9,132
Opt Baseline,5/30/2026,-2,5/16/2026,Adults,quantile,0.95,138
Opt Baseline,5/30/2026,-2,5/16/2026,Adults,quantile,0.975,141
Opt Baseline,5/30/2026,-2,5/16/2026,Adults,quantile,0.99,147
Opt Baseline,5/30/2026,-1,5/23/2026,Adults,quantile,0.01,63
Opt Baseline,5/30/2026,-1,5/23/2026,Adults,quantile,0.025,68
Opt Baseline,5/30/2026,-1,5/23/2026,Adults,quantile,0.05,73
Opt Baseline,5/30/2026,-1,5/23/2026,Adults,quantile,0.1,79
Opt Baseline,5/30/2026,-1,5/23/2026,Adults,quantile,0.15,83
Opt Baseline,5/30/2026,-1,5/23/2026,Adults,quantile,0.2,88
Opt Baseline,5/30/2026,-1,5/23/2026,Adults,quantile,0.25,91
Opt Baseline,5/30/2026,-1,5/23/2026,Adults,quantile,0.3,94
Opt Baseline,5/30/2026,-1,5/23/2026,Adults,quantile,0.35,97
Opt Baseline,5/30/2026,-1,5/23/2026,Adults,quantile,0.4,100
Opt Baseline,5/30/2026,-1,5/23/2026,Adults,quantile,0.45,103
Opt Baseline,5/30/2026,-1,5/23/2026,Adults,quantile,0.5,106
Opt Baseline,5/30/2026,-1,5/23/2026,Adults,quantile,0.55,109
Opt Baseline,5/30/2026,-1,5/23/2026,Adults,quantile,0.6,112
Opt Baseline,5/30/2026,-1,5/23/2026,Adults,quantile,0.65,115
Opt Baseline,5/30/2026,-1,5/23/2026,Adults,quantile,0.7,119
Opt Baseline,5/30/2026,-1,5/23/2026,Adults,quantile,0.75,122
Opt Baseline,5/30/2026,-1,5/23/2026,Adults,quantile,0.8,126
Opt Baseline,5/30/2026,-1,5/23/2026,Adults,quantile,0.85,131
Opt Baseline,5/30/2026,-1,5/23/2026,Adults,quantile,0.9,137
Opt Baseline,5/30/2026,-1,5/23/2026,Adults,quantile,0.95,146
Opt Baseline,5/30/2026,-1,5/23/2026,Adults,quantile,0.975,153
Opt Baseline,5/30/2026,-1,5/23/2026,Adults,quantile,0.99,159
Opt Baseline,5/30/2026,0,5/30/2026,Adults,quantile,0.01,57
Opt Baseline,5/30/2026,0,5/30/2026,Adults,quantile,0.025,63
Opt Baseline,5/30/2026,0,5/30/2026,Adults,quantile,0.05,68
Opt Baseline,5/30/2026,0,5/30/2026,Adults,quantile,0.1,75
Opt Baseline,5/30/2026,0,5/30/2026,Adults,quantile,0.15,81
Opt Baseline,5/30/2026,0,5/30/2026,Adults,quantile,0.2,85
Opt Baseline,5/30/2026,0,5/30/2026,Adults,quantile,0.25,89
Opt Baseline,5/30/2026,0,5/30/2026,Adults,quantile,0.3,92
Opt Baseline,5/30/2026,0,5/30/2026,Adults,quantile,0.35,96
Opt Baseline,5/30/2026,0,5/30/2026,Adults,quantile,0.4,99
Opt Baseline,5/30/2026,0,5/30/2026,Adults,quantile,0.45,102
Opt Baseline,5/30/2026,0,5/30/2026,Adults,quantile,0.5,106
Opt Baseline,5/30/2026,0,5/30/2026,Adults,quantile,0.55,109
Opt Baseline,5/30/2026,0,5/30/2026,Adults,quantile,0.6,113
Opt Baseline,5/30/2026,0,5/30/2026,Adults,quantile,0.65,117
Opt Baseline,5/30/2026,0,5/30/2026,Adults,quantile,0.7,120
Opt Baseline,5/30/2026,0,5/30/2026,Adults,quantile,0.75,125
Opt Baseline,5/30/2026,0,5/30/2026,Adults,quantile,0.8,129
Opt Baseline,5/30/2026,0,5/30/2026,Adults,quantile,0.85,135
Opt Baseline,5/30/2026,0,5/30/2026,Adults,quantile,0.9,142
Opt Baseline,5/30/2026,0,5/30/2026,Adults,quantile,0.95,152
Opt Baseline,5/30/2026,0,5/30/2026,Adults,quantile,0.975,161
Opt Baseline,5/30/2026,0,5/30/2026,Adults,quantile,0.99,172
Opt Baseline,5/30/2026,1,6/6/2026,Adults,quantile,0.01,52
Opt Baseline,5/30/2026,1,6/6/2026,Adults,quantile,0.025,58
Opt Baseline,5/30/2026,1,6/6/2026,Adults,quantile,0.05,65
Opt Baseline,5/30/2026,1,6/6/2026,Adults,quantile,0.1,72
Opt Baseline,5/30/2026,1,6/6/2026,Adults,quantile,0.15,78
Opt Baseline,5/30/2026,1,6/6/2026,Adults,quantile,0.2,83
Opt Baseline,5/30/2026,1,6/6/2026,Adults,quantile,0.25,87
Opt Baseline,5/30/2026,1,6/6/2026,Adults,quantile,0.3,91
Opt Baseline,5/30/2026,1,6/6/2026,Adults,quantile,0.35,95
Opt Baseline,5/30/2026,1,6/6/2026,Adults,quantile,0.4,99
Opt Baseline,5/30/2026,1,6/6/2026,Adults,quantile,0.45,102
Opt Baseline,5/30/2026,1,6/6/2026,Adults,quantile,0.5,106
Opt Baseline,5/30/2026,1,6/6/2026,Adults,quantile,0.55,110
Opt Baseline,5/30/2026,1,6/6/2026,Adults,quantile,0.6,114
Opt Baseline,5/30/2026,1,6/6/2026,Adults,quantile,0.65,118
Opt Baseline,5/30/2026,1,6/6/2026,Adults,quantile,0.7,122
Opt Baseline,5/30/2026,1,6/6/2026,Adults,quantile,0.75,127
Opt Baseline,5/30/2026,1,6/6/2026,Adults,quantile,0.8,133
Opt Baseline,5/30/2026,1,6/6/2026,Adults,quantile,0.85,139
Opt Baseline,5/30/2026,1,6/6/2026,Adults,quantile,0.9,147
Opt Baseline,5/30/2026,1,6/6/2026,Adults,quantile,0.95,159
Opt Baseline,5/30/2026,1,6/6/2026,Adults,quantile,0.975,169
Opt Baseline,5/30/2026,1,6/6/2026,Adults,quantile,0.99,181
Opt Baseline,5/30/2026,2,6/13/2026,Adults,quantile,0.01,46
Opt Baseline,5/30/2026,2,6/13/2026,Adults,quantile,0.025,54
Opt Baseline,5/30/2026,2,6/13/2026,Adults,quantile,0.05,61
Opt Baseline,5/30/2026,2,6/13/2026,Adults,quantile,0.1,69
Opt Baseline,5/30/2026,2,6/13/2026,Adults,quantile,0.15,75
Opt Baseline,5/30/2026,2,6/13/2026,Adults,quantile,0.2,81
Opt Baseline,5/30/2026,2,6/13/2026,Adults,quantile,0.25,86
Opt Baseline,5/30/2026,2,6/13/2026,Adults,quantile,0.3,90
Opt Baseline,5/30/2026,2,6/13/2026,Adults,quantile,0.35,94
Opt Baseline,5/30/2026,2,6/13/2026,Adults,quantile,0.4,98
Opt Baseline,5/30/2026,2,6/13/2026,Adults,quantile,0.45,102
Opt Baseline,5/30/2026,2,6/13/2026,Adults,quantile,0.5,106
Opt Baseline,5/30/2026,2,6/13/2026,Adults,quantile,0.55,110
Opt Baseline,5/30/2026,2,6/13/2026,Adults,quantile,0.6,114
Opt Baseline,5/30/2026,2,6/13/2026,Adults,quantile,0.65,119
Opt Baseline,5/30/2026,2,6/13/2026,Adults,quantile,0.7,124
Opt Baseline,5/30/2026,2,6/13/2026,Adults,quantile,0.75,129
Opt Baseline,5/30/2026,2,6/13/2026,Adults,quantile,0.8,135
Opt Baseline,5/30/2026,2,6/13/2026,Adults,quantile,0.85,142
Opt Baseline,5/30/2026,2,6/13/2026,Adults,quantile,0.9,151
Opt Baseline,5/30/2026,2,6/13/2026,Adults,quantile,0.95,164
Opt Baseline,5/30/2026,2,6/13/2026,Adults,quantile,0.975,176
Opt Baseline,5/30/2026,2,6/13/2026,Adults,quantile,0.99,189
Opt Baseline,5/30/2026,3,6/20/2026,Adults,quantile,0.01,42
Opt Baseline,5/30/2026,3,6/20/2026,Adults,quantile,0.025,50
Opt Baseline,5/30/2026,3,6/20/2026,Adults,quantile,0.05,57
Opt Baseline,5/30/2026,3,6/20/2026,Adults,quantile,0.1,67
Opt Baseline,5/30/2026,3,6/20/2026,Adults,quantile,0.15,73
Opt Baseline,5/30/2026,3,6/20/2026,Adults,quantile,0.2,79
Opt Baseline,5/30/2026,3,6/20/2026,Adults,quantile,0.25,84
Opt Baseline,5/30/2026,3,6/20/2026,Adults,quantile,0.3,89
Opt Baseline,5/30/2026,3,6/20/2026,Adults,quantile,0.35,93
Opt Baseline,5/30/2026,3,6/20/2026,Adults,quantile,0.4,97
Opt Baseline,5/30/2026,3,6/20/2026,Adults,quantile,0.45,102
Opt Baseline,5/30/2026,3,6/20/2026,Adults,quantile,0.5,106
Opt Baseline,5/30/2026,3,6/20/2026,Adults,quantile,0.55,110
Opt Baseline,5/30/2026,3,6/20/2026,Adults,quantile,0.6,115
Opt Baseline,5/30/2026,3,6/20/2026,Adults,quantile,0.65,120
Opt Baseline,5/30/2026,3,6/20/2026,Adults,quantile,0.7,125
Opt Baseline,5/30/2026,3,6/20/2026,Adults,quantile,0.75,131
Opt Baseline,5/30/2026,3,6/20/2026,Adults,quantile,0.8,137
Opt Baseline,5/30/2026,3,6/20/2026,Adults,quantile,0.85,145
Opt Baseline,5/30/2026,3,6/20/2026,Adults,quantile,0.9,154
Opt Baseline,5/30/2026,3,6/20/2026,Adults,quantile,0.95,169
Opt Baseline,5/30/2026,3,6/20/2026,Adults,quantile,0.975,182
Opt Baseline,5/30/2026,3,6/20/2026,Adults,quantile,0.99,197
Opt Baseline,5/30/2026,-3,5/9/2026,Overall,quantile,0.01,212
Opt Baseline,5/30/2026,-3,5/9/2026,Overall,quantile,0.025,226
Opt Baseline,5/30/2026,-3,5/9/2026,Overall,quantile,0.05,249
Opt Baseline,5/30/2026,-3,5/9/2026,Overall,quantile,0.1,266
Opt Baseline,5/30/2026,-3,5/9/2026,Overall,quantile,0.15,268
Opt Baseline,5/30/2026,-3,5/9/2026,Overall,quantile,0.2,269
Opt Baseline,5/30/2026,-3,5/9/2026,Overall,quantile,0.25,273
Opt Baseline,5/30/2026,-3,5/9/2026,Overall,quantile,0.3,276
Opt Baseline,5/30/2026,-3,5/9/2026,Overall,quantile,0.35,279
Opt Baseline,5/30/2026,-3,5/9/2026,Overall,quantile,0.4,284
Opt Baseline,5/30/2026,-3,5/9/2026,Overall,quantile,0.45,288
Opt Baseline,5/30/2026,-3,5/9/2026,Overall,quantile,0.5,292
Opt Baseline,5/30/2026,-3,5/9/2026,Overall,quantile,0.55,296
Opt Baseline,5/30/2026,-3,5/9/2026,Overall,quantile,0.6,300
Opt Baseline,5/30/2026,-3,5/9/2026,Overall,quantile,0.65,306
Opt Baseline,5/30/2026,-3,5/9/2026,Overall,quantile,0.7,309
Opt Baseline,5/30/2026,-3,5/9/2026,Overall,quantile,0.75,311
Opt Baseline,5/30/2026,-3,5/9/2026,Overall,quantile,0.8,316
Opt Baseline,5/30/2026,-3,5/9/2026,Overall,quantile,0.85,317
Opt Baseline,5/30/2026,-3,5/9/2026,Overall,quantile,0.9,319
Opt Baseline,5/30/2026,-3,5/9/2026,Overall,quantile,0.95,338
Opt Baseline,5/30/2026,-3,5/9/2026,Overall,quantile,0.975,367
Opt Baseline,5/30/2026,-3,5/9/2026,Overall,quantile,0.99,384
Opt Baseline,5/30/2026,-2,5/16/2026,Overall,quantile,0.01,195
Opt Baseline,5/30/2026,-2,5/16/2026,Overall,quantile,0.025,210
Opt Baseline,5/30/2026,-2,5/16/2026,Overall,quantile,0.05,228
Opt Baseline,5/30/2026,-2,5/16/2026,Overall,quantile,0.1,246
Opt Baseline,5/30/2026,-2,5/16/2026,Overall,quantile,0.15,253
Opt Baseline,5/30/2026,-2,5/16/2026,Overall,quantile,0.2,261
Opt Baseline,5/30/2026,-2,5/16/2026,Overall,quantile,0.25,268
Opt Baseline,5/30/2026,-2,5/16/2026,Overall,quantile,0.3,273
Opt Baseline,5/30/2026,-2,5/16/2026,Overall,quantile,0.35,279
Opt Baseline,5/30/2026,-2,5/16/2026,Overall,quantile,0.4,284
Opt Baseline,5/30/2026,-2,5/16/2026,Overall,quantile,0.45,289
Opt Baseline,5/30/2026,-2,5/16/2026,Overall,quantile,0.5,292
Opt Baseline,5/30/2026,-2,5/16/2026,Overall,quantile,0.55,295
Opt Baseline,5/30/2026,-2,5/16/2026,Overall,quantile,0.6,300
Opt Baseline,5/30/2026,-2,5/16/2026,Overall,quantile,0.65,306
Opt Baseline,5/30/2026,-2,5/16/2026,Overall,quantile,0.7,311
Opt Baseline,5/30/2026,-2,5/16/2026,Overall,quantile,0.75,317
Opt Baseline,5/30/2026,-2,5/16/2026,Overall,quantile,0.8,325
Opt Baseline,5/30/2026,-2,5/16/2026,Overall,quantile,0.85,333
Opt Baseline,5/30/2026,-2,5/16/2026,Overall,quantile,0.9,342
Opt Baseline,5/30/2026,-2,5/16/2026,Overall,quantile,0.95,366
Opt Baseline,5/30/2026,-2,5/16/2026,Overall,quantile,0.975,388
Opt Baseline,5/30/2026,-2,5/16/2026,Overall,quantile,0.99,406
Opt Baseline,5/30/2026,-1,5/23/2026,Overall,quantile,0.01,182
Opt Baseline,5/30/2026,-1,5/23/2026,Overall,quantile,0.025,199
Opt Baseline,5/30/2026,-1,5/23/2026,Overall,quantile,0.05,215
Opt Baseline,5/30/2026,-1,5/23/2026,Overall,quantile,0.1,234
Opt Baseline,5/30/2026,-1,5/23/2026,Overall,quantile,0.15,245
Opt Baseline,5/30/2026,-1,5/23/2026,Overall,quantile,0.2,254
Opt Baseline,5/30/2026,-1,5/23/2026,Overall,quantile,0.25,262
Opt Baseline,5/30/2026,-1,5/23/2026,Overall,quantile,0.3,268
Opt Baseline,5/30/2026,-1,5/23/2026,Overall,quantile,0.35,274
Opt Baseline,5/30/2026,-1,5/23/2026,Overall,quantile,0.4,280
Opt Baseline,5/30/2026,-1,5/23/2026,Overall,quantile,0.45,286
Opt Baseline,5/30/2026,-1,5/23/2026,Overall,quantile,0.5,292
Opt Baseline,5/30/2026,-1,5/23/2026,Overall,quantile,0.55,298
Opt Baseline,5/30/2026,-1,5/23/2026,Overall,quantile,0.6,304
Opt Baseline,5/30/2026,-1,5/23/2026,Overall,quantile,0.65,310
Opt Baseline,5/30/2026,-1,5/23/2026,Overall,quantile,0.7,316
Opt Baseline,5/30/2026,-1,5/23/2026,Overall,quantile,0.75,323
Opt Baseline,5/30/2026,-1,5/23/2026,Overall,quantile,0.8,332
Opt Baseline,5/30/2026,-1,5/23/2026,Overall,quantile,0.85,343
Opt Baseline,5/30/2026,-1,5/23/2026,Overall,quantile,0.9,358
Opt Baseline,5/30/2026,-1,5/23/2026,Overall,quantile,0.95,383
Opt Baseline,5/30/2026,-1,5/23/2026,Overall,quantile,0.975,405
Opt Baseline,5/30/2026,-1,5/23/2026,Overall,quantile,0.99,427
Opt Baseline,5/30/2026,0,5/30/2026,Overall,quantile,0.01,168
Opt Baseline,5/30/2026,0,5/30/2026,Overall,quantile,0.025,187
Opt Baseline,5/30/2026,0,5/30/2026,Overall,quantile,0.05,204
Opt Baseline,5/30/2026,0,5/30/2026,Overall,quantile,0.1,224
Opt Baseline,5/30/2026,0,5/30/2026,Overall,quantile,0.15,237
Opt Baseline,5/30/2026,0,5/30/2026,Overall,quantile,0.2,248
Opt Baseline,5/30/2026,0,5/30/2026,Overall,quantile,0.25,257
Opt Baseline,5/30/2026,0,5/30/2026,Overall,quantile,0.3,265
Opt Baseline,5/30/2026,0,5/30/2026,Overall,quantile,0.35,272
Opt Baseline,5/30/2026,0,5/30/2026,Overall,quantile,0.4,279
Opt Baseline,5/30/2026,0,5/30/2026,Overall,quantile,0.45,285
Opt Baseline,5/30/2026,0,5/30/2026,Overall,quantile,0.5,292
Opt Baseline,5/30/2026,0,5/30/2026,Overall,quantile,0.55,298
Opt Baseline,5/30/2026,0,5/30/2026,Overall,quantile,0.6,305
Opt Baseline,5/30/2026,0,5/30/2026,Overall,quantile,0.65,312
Opt Baseline,5/30/2026,0,5/30/2026,Overall,quantile,0.7,320
Opt Baseline,5/30/2026,0,5/30/2026,Overall,quantile,0.75,330
Opt Baseline,5/30/2026,0,5/30/2026,Overall,quantile,0.8,340
Opt Baseline,5/30/2026,0,5/30/2026,Overall,quantile,0.85,353
Opt Baseline,5/30/2026,0,5/30/2026,Overall,quantile,0.9,370
Opt Baseline,5/30/2026,0,5/30/2026,Overall,quantile,0.95,397
Opt Baseline,5/30/2026,0,5/30/2026,Overall,quantile,0.975,422
Opt Baseline,5/30/2026,0,5/30/2026,Overall,quantile,0.99,450
Opt Baseline,5/30/2026,1,6/6/2026,Overall,quantile,0.01,153
Opt Baseline,5/30/2026,1,6/6/2026,Overall,quantile,0.025,176
Opt Baseline,5/30/2026,1,6/6/2026,Overall,quantile,0.05,194
Opt Baseline,5/30/2026,1,6/6/2026,Overall,quantile,0.1,215
Opt Baseline,5/30/2026,1,6/6/2026,Overall,quantile,0.15,230
Opt Baseline,5/30/2026,1,6/6/2026,Overall,quantile,0.2,241
Opt Baseline,5/30/2026,1,6/6/2026,Overall,quantile,0.25,251
Opt Baseline,5/30/2026,1,6/6/2026,Overall,quantile,0.3,260
Opt Baseline,5/30/2026,1,6/6/2026,Overall,quantile,0.35,269
Opt Baseline,5/30/2026,1,6/6/2026,Overall,quantile,0.4,276
Opt Baseline,5/30/2026,1,6/6/2026,Overall,quantile,0.45,284
Opt Baseline,5/30/2026,1,6/6/2026,Overall,quantile,0.5,292
Opt Baseline,5/30/2026,1,6/6/2026,Overall,quantile,0.55,300
Opt Baseline,5/30/2026,1,6/6/2026,Overall,quantile,0.6,307
Opt Baseline,5/30/2026,1,6/6/2026,Overall,quantile,0.65,315
Opt Baseline,5/30/2026,1,6/6/2026,Overall,quantile,0.7,324
Opt Baseline,5/30/2026,1,6/6/2026,Overall,quantile,0.75,334
Opt Baseline,5/30/2026,1,6/6/2026,Overall,quantile,0.8,345
Opt Baseline,5/30/2026,1,6/6/2026,Overall,quantile,0.85,360
Opt Baseline,5/30/2026,1,6/6/2026,Overall,quantile,0.9,379
Opt Baseline,5/30/2026,1,6/6/2026,Overall,quantile,0.95,409
Opt Baseline,5/30/2026,1,6/6/2026,Overall,quantile,0.975,433
Opt Baseline,5/30/2026,1,6/6/2026,Overall,quantile,0.99,470
Opt Baseline,5/30/2026,2,6/13/2026,Overall,quantile,0.01,145
Opt Baseline,5/30/2026,2,6/13/2026,Overall,quantile,0.025,167
Opt Baseline,5/30/2026,2,6/13/2026,Overall,quantile,0.05,186
Opt Baseline,5/30/2026,2,6/13/2026,Overall,quantile,0.1,209
Opt Baseline,5/30/2026,2,6/13/2026,Overall,quantile,0.15,224
Opt Baseline,5/30/2026,2,6/13/2026,Overall,quantile,0.2,236
Opt Baseline,5/30/2026,2,6/13/2026,Overall,quantile,0.25,247
Opt Baseline,5/30/2026,2,6/13/2026,Overall,quantile,0.3,257
Opt Baseline,5/30/2026,2,6/13/2026,Overall,quantile,0.35,267
Opt Baseline,5/30/2026,2,6/13/2026,Overall,quantile,0.4,275
Opt Baseline,5/30/2026,2,6/13/2026,Overall,quantile,0.45,283
Opt Baseline,5/30/2026,2,6/13/2026,Overall,quantile,0.5,292
Opt Baseline,5/30/2026,2,6/13/2026,Overall,quantile,0.55,300
Opt Baseline,5/30/2026,2,6/13/2026,Overall,quantile,0.6,310
Opt Baseline,5/30/2026,2,6/13/2026,Overall,quantile,0.65,318
Opt Baseline,5/30/2026,2,6/13/2026,Overall,quantile,0.7,329
Opt Baseline,5/30/2026,2,6/13/2026,Overall,quantile,0.75,339
Opt Baseline,5/30/2026,2,6/13/2026,Overall,quantile,0.8,353
Opt Baseline,5/30/2026,2,6/13/2026,Overall,quantile,0.85,368
Opt Baseline,5/30/2026,2,6/13/2026,Overall,quantile,0.9,389
Opt Baseline,5/30/2026,2,6/13/2026,Overall,quantile,0.95,421
Opt Baseline,5/30/2026,2,6/13/2026,Overall,quantile,0.975,452
Opt Baseline,5/30/2026,2,6/13/2026,Overall,quantile,0.99,487
Opt Baseline,5/30/2026,3,6/20/2026,Overall,quantile,0.01,135
Opt Baseline,5/30/2026,3,6/20/2026,Overall,quantile,0.025,156
Opt Baseline,5/30/2026,3,6/20/2026,Overall,quantile,0.05,179
Opt Baseline,5/30/2026,3,6/20/2026,Overall,quantile,0.1,202
Opt Baseline,5/30/2026,3,6/20/2026,Overall,quantile,0.15,217
Opt Baseline,5/30/2026,3,6/20/2026,Overall,quantile,0.2,232
Opt Baseline,5/30/2026,3,6/20/2026,Overall,quantile,0.25,243
Opt Baseline,5/30/2026,3,6/20/2026,Overall,quantile,0.3,253
Opt Baseline,5/30/2026,3,6/20/2026,Overall,quantile,0.35,263
Opt Baseline,5/30/2026,3,6/20/2026,Overall,quantile,0.4,273
Opt Baseline,5/30/2026,3,6/20/2026,Overall,quantile,0.45,282
Opt Baseline,5/30/2026,3,6/20/2026,Overall,quantile,0.5,292
Opt Baseline,5/30/2026,3,6/20/2026,Overall,quantile,0.55,301
Opt Baseline,5/30/2026,3,6/20/2026,Overall,quantile,0.6,310
Opt Baseline,5/30/2026,3,6/20/2026,Overall,quantile,0.65,320
Opt Baseline,5/30/2026,3,6/20/2026,Overall,quantile,0.7,332
Opt Baseline,5/30/2026,3,6/20/2026,Overall,quantile,0.75,344
Opt Baseline,5/30/2026,3,6/20/2026,Overall,quantile,0.8,359
Opt Baseline,5/30/2026,3,6/20/2026,Overall,quantile,0.85,376
Opt Baseline,5/30/2026,3,6/20/2026,Overall,quantile,0.9,398
Opt Baseline,5/30/2026,3,6/20/2026,Overall,quantile,0.95,430
Opt Baseline,5/30/2026,3,6/20/2026,Overall,quantile,0.975,464
Opt Baseline,5/30/2026,3,6/20/2026,Overall,quantile,0.99,506
Opt Baseline,5/30/2026,-3,5/9/2026,Pediatrics,quantile,0.01,100
Opt Baseline,5/30/2026,-3,5/9/2026,Pediatrics,quantile,0.025,110
Opt Baseline,5/30/2026,-3,5/9/2026,Pediatrics,quantile,0.05,128
Opt Baseline,5/30/2026,-3,5/9/2026,Pediatrics,quantile,0.1,143
Opt Baseline,5/30/2026,-3,5/9/2026,Pediatrics,quantile,0.15,147
Opt Baseline,5/30/2026,-3,5/9/2026,Pediatrics,quantile,0.2,155
Opt Baseline,5/30/2026,-3,5/9/2026,Pediatrics,quantile,0.25,169
Opt Baseline,5/30/2026,-3,5/9/2026,Pediatrics,quantile,0.3,176
Opt Baseline,5/30/2026,-3,5/9/2026,Pediatrics,quantile,0.35,178
Opt Baseline,5/30/2026,-3,5/9/2026,Pediatrics,quantile,0.4,180
Opt Baseline,5/30/2026,-3,5/9/2026,Pediatrics,quantile,0.45,184
Opt Baseline,5/30/2026,-3,5/9/2026,Pediatrics,quantile,0.5,186
Opt Baseline,5/30/2026,-3,5/9/2026,Pediatrics,quantile,0.55,188
Opt Baseline,5/30/2026,-3,5/9/2026,Pediatrics,quantile,0.6,192
Opt Baseline,5/30/2026,-3,5/9/2026,Pediatrics,quantile,0.65,194
Opt Baseline,5/30/2026,-3,5/9/2026,Pediatrics,quantile,0.7,196
Opt Baseline,5/30/2026,-3,5/9/2026,Pediatrics,quantile,0.75,204
Opt Baseline,5/30/2026,-3,5/9/2026,Pediatrics,quantile,0.8,220
Opt Baseline,5/30/2026,-3,5/9/2026,Pediatrics,quantile,0.85,229
Opt Baseline,5/30/2026,-3,5/9/2026,Pediatrics,quantile,0.9,235
Opt Baseline,5/30/2026,-3,5/9/2026,Pediatrics,quantile,0.95,254
Opt Baseline,5/30/2026,-3,5/9/2026,Pediatrics,quantile,0.975,281
Opt Baseline,5/30/2026,-3,5/9/2026,Pediatrics,quantile,0.99,298
Opt Baseline,5/30/2026,-2,5/16/2026,Pediatrics,quantile,0.01,78
Opt Baseline,5/30/2026,-2,5/16/2026,Pediatrics,quantile,0.025,95
Opt Baseline,5/30/2026,-2,5/16/2026,Pediatrics,quantile,0.05,107
Opt Baseline,5/30/2026,-2,5/16/2026,Pediatrics,quantile,0.1,125
Opt Baseline,5/30/2026,-2,5/16/2026,Pediatrics,quantile,0.15,138
Opt Baseline,5/30/2026,-2,5/16/2026,Pediatrics,quantile,0.2,146
Opt Baseline,5/30/2026,-2,5/16/2026,Pediatrics,quantile,0.25,152
Opt Baseline,5/30/2026,-2,5/16/2026,Pediatrics,quantile,0.3,161
Opt Baseline,5/30/2026,-2,5/16/2026,Pediatrics,quantile,0.35,170
Opt Baseline,5/30/2026,-2,5/16/2026,Pediatrics,quantile,0.4,176
Opt Baseline,5/30/2026,-2,5/16/2026,Pediatrics,quantile,0.45,182
Opt Baseline,5/30/2026,-2,5/16/2026,Pediatrics,quantile,0.5,186
Opt Baseline,5/30/2026,-2,5/16/2026,Pediatrics,quantile,0.55,190
Opt Baseline,5/30/2026,-2,5/16/2026,Pediatrics,quantile,0.6,196
Opt Baseline,5/30/2026,-2,5/16/2026,Pediatrics,quantile,0.65,204
Opt Baseline,5/30/2026,-2,5/16/2026,Pediatrics,quantile,0.7,214
Opt Baseline,5/30/2026,-2,5/16/2026,Pediatrics,quantile,0.75,223
Opt Baseline,5/30/2026,-2,5/16/2026,Pediatrics,quantile,0.8,231
Opt Baseline,5/30/2026,-2,5/16/2026,Pediatrics,quantile,0.85,241
Opt Baseline,5/30/2026,-2,5/16/2026,Pediatrics,quantile,0.9,258
Opt Baseline,5/30/2026,-2,5/16/2026,Pediatrics,quantile,0.95,286
Opt Baseline,5/30/2026,-2,5/16/2026,Pediatrics,quantile,0.975,305
Opt Baseline,5/30/2026,-2,5/16/2026,Pediatrics,quantile,0.99,337
Opt Baseline,5/30/2026,-1,5/23/2026,Pediatrics,quantile,0.01,64
Opt Baseline,5/30/2026,-1,5/23/2026,Pediatrics,quantile,0.025,78
Opt Baseline,5/30/2026,-1,5/23/2026,Pediatrics,quantile,0.05,95
Opt Baseline,5/30/2026,-1,5/23/2026,Pediatrics,quantile,0.1,112
Opt Baseline,5/30/2026,-1,5/23/2026,Pediatrics,quantile,0.15,127
Opt Baseline,5/30/2026,-1,5/23/2026,Pediatrics,quantile,0.2,137
Opt Baseline,5/30/2026,-1,5/23/2026,Pediatrics,quantile,0.25,146
Opt Baseline,5/30/2026,-1,5/23/2026,Pediatrics,quantile,0.3,154
Opt Baseline,5/30/2026,-1,5/23/2026,Pediatrics,quantile,0.35,162
Opt Baseline,5/30/2026,-1,5/23/2026,Pediatrics,quantile,0.4,172
Opt Baseline,5/30/2026,-1,5/23/2026,Pediatrics,quantile,0.45,179
Opt Baseline,5/30/2026,-1,5/23/2026,Pediatrics,quantile,0.5,186
Opt Baseline,5/30/2026,-1,5/23/2026,Pediatrics,quantile,0.55,193
Opt Baseline,5/30/2026,-1,5/23/2026,Pediatrics,quantile,0.6,201
Opt Baseline,5/30/2026,-1,5/23/2026,Pediatrics,quantile,0.65,210
Opt Baseline,5/30/2026,-1,5/23/2026,Pediatrics,quantile,0.7,220
Opt Baseline,5/30/2026,-1,5/23/2026,Pediatrics,quantile,0.75,229
Opt Baseline,5/30/2026,-1,5/23/2026,Pediatrics,quantile,0.8,241
Opt Baseline,5/30/2026,-1,5/23/2026,Pediatrics,quantile,0.85,256
Opt Baseline,5/30/2026,-1,5/23/2026,Pediatrics,quantile,0.9,277
Opt Baseline,5/30/2026,-1,5/23/2026,Pediatrics,quantile,0.95,308
Opt Baseline,5/30/2026,-1,5/23/2026,Pediatrics,quantile,0.975,337
Opt Baseline,5/30/2026,-1,5/23/2026,Pediatrics,quantile,0.99,373
Opt Baseline,5/30/2026,0,5/30/2026,Pediatrics,quantile,0.01,49
Opt Baseline,5/30/2026,0,5/30/2026,Pediatrics,quantile,0.025,68
Opt Baseline,5/30/2026,0,5/30/2026,Pediatrics,quantile,0.05,83
Opt Baseline,5/30/2026,0,5/30/2026,Pediatrics,quantile,0.1,103
Opt Baseline,5/30/2026,0,5/30/2026,Pediatrics,quantile,0.15,117
Opt Baseline,5/30/2026,0,5/30/2026,Pediatrics,quantile,0.2,130
Opt Baseline,5/30/2026,0,5/30/2026,Pediatrics,quantile,0.25,141
Opt Baseline,5/30/2026,0,5/30/2026,Pediatrics,quantile,0.3,150
Opt Baseline,5/30/2026,0,5/30/2026,Pediatrics,quantile,0.35,160
Opt Baseline,5/30/2026,0,5/30/2026,Pediatrics,quantile,0.4,169
Opt Baseline,5/30/2026,0,5/30/2026,Pediatrics,quantile,0.45,178
Opt Baseline,5/30/2026,0,5/30/2026,Pediatrics,quantile,0.5,186
Opt Baseline,5/30/2026,0,5/30/2026,Pediatrics,quantile,0.55,194
Opt Baseline,5/30/2026,0,5/30/2026,Pediatrics,quantile,0.6,203
Opt Baseline,5/30/2026,0,5/30/2026,Pediatrics,quantile,0.65,214
Opt Baseline,5/30/2026,0,5/30/2026,Pediatrics,quantile,0.7,225
Opt Baseline,5/30/2026,0,5/30/2026,Pediatrics,quantile,0.75,237
Opt Baseline,5/30/2026,0,5/30/2026,Pediatrics,quantile,0.8,252
Opt Baseline,5/30/2026,0,5/30/2026,Pediatrics,quantile,0.85,269
Opt Baseline,5/30/2026,0,5/30/2026,Pediatrics,quantile,0.9,293
Opt Baseline,5/30/2026,0,5/30/2026,Pediatrics,quantile,0.95,331
Opt Baseline,5/30/2026,0,5/30/2026,Pediatrics,quantile,0.975,363
Opt Baseline,5/30/2026,0,5/30/2026,Pediatrics,quantile,0.99,409
Opt Baseline,5/30/2026,1,6/6/2026,Pediatrics,quantile,0.01,41
Opt Baseline,5/30/2026,1,6/6/2026,Pediatrics,quantile,0.025,57
Opt Baseline,5/30/2026,1,6/6/2026,Pediatrics,quantile,0.05,73
Opt Baseline,5/30/2026,1,6/6/2026,Pediatrics,quantile,0.1,96
Opt Baseline,5/30/2026,1,6/6/2026,Pediatrics,quantile,0.15,111
Opt Baseline,5/30/2026,1,6/6/2026,Pediatrics,quantile,0.2,123
Opt Baseline,5/30/2026,1,6/6/2026,Pediatrics,quantile,0.25,135
Opt Baseline,5/30/2026,1,6/6/2026,Pediatrics,quantile,0.3,146
Opt Baseline,5/30/2026,1,6/6/2026,Pediatrics,quantile,0.35,156
Opt Baseline,5/30/2026,1,6/6/2026,Pediatrics,quantile,0.4,166
Opt Baseline,5/30/2026,1,6/6/2026,Pediatrics,quantile,0.45,176
Opt Baseline,5/30/2026,1,6/6/2026,Pediatrics,quantile,0.5,186
Opt Baseline,5/30/2026,1,6/6/2026,Pediatrics,quantile,0.55,196
Opt Baseline,5/30/2026,1,6/6/2026,Pediatrics,quantile,0.6,206
Opt Baseline,5/30/2026,1,6/6/2026,Pediatrics,quantile,0.65,217
Opt Baseline,5/30/2026,1,6/6/2026,Pediatrics,quantile,0.7,230
Opt Baseline,5/30/2026,1,6/6/2026,Pediatrics,quantile,0.75,245
Opt Baseline,5/30/2026,1,6/6/2026,Pediatrics,quantile,0.8,262
Opt Baseline,5/30/2026,1,6/6/2026,Pediatrics,quantile,0.85,281
Opt Baseline,5/30/2026,1,6/6/2026,Pediatrics,quantile,0.9,307
Opt Baseline,5/30/2026,1,6/6/2026,Pediatrics,quantile,0.95,350
Opt Baseline,5/30/2026,1,6/6/2026,Pediatrics,quantile,0.975,385
Opt Baseline,5/30/2026,1,6/6/2026,Pediatrics,quantile,0.99,438
Opt Baseline,5/30/2026,2,6/13/2026,Pediatrics,quantile,0.01,31
Opt Baseline,5/30/2026,2,6/13/2026,Pediatrics,quantile,0.025,49
Opt Baseline,5/30/2026,2,6/13/2026,Pediatrics,quantile,0.05,66
Opt Baseline,5/30/2026,2,6/13/2026,Pediatrics,quantile,0.1,87
Opt Baseline,5/30/2026,2,6/13/2026,Pediatrics,quantile,0.15,104
Opt Baseline,5/30/2026,2,6/13/2026,Pediatrics,quantile,0.2,117
Opt Baseline,5/30/2026,2,6/13/2026,Pediatrics,quantile,0.25,130
Opt Baseline,5/30/2026,2,6/13/2026,Pediatrics,quantile,0.3,142
Opt Baseline,5/30/2026,2,6/13/2026,Pediatrics,quantile,0.35,153
Opt Baseline,5/30/2026,2,6/13/2026,Pediatrics,quantile,0.4,164
Opt Baseline,5/30/2026,2,6/13/2026,Pediatrics,quantile,0.45,175
Opt Baseline,5/30/2026,2,6/13/2026,Pediatrics,quantile,0.5,186
Opt Baseline,5/30/2026,2,6/13/2026,Pediatrics,quantile,0.55,197
Opt Baseline,5/30/2026,2,6/13/2026,Pediatrics,quantile,0.6,209
Opt Baseline,5/30/2026,2,6/13/2026,Pediatrics,quantile,0.65,222
Opt Baseline,5/30/2026,2,6/13/2026,Pediatrics,quantile,0.7,235
Opt Baseline,5/30/2026,2,6/13/2026,Pediatrics,quantile,0.75,251
Opt Baseline,5/30/2026,2,6/13/2026,Pediatrics,quantile,0.8,271
Opt Baseline,5/30/2026,2,6/13/2026,Pediatrics,quantile,0.85,291
Opt Baseline,5/30/2026,2,6/13/2026,Pediatrics,quantile,0.9,320
Opt Baseline,5/30/2026,2,6/13/2026,Pediatrics,quantile,0.95,365
Opt Baseline,5/30/2026,2,6/13/2026,Pediatrics,quantile,0.975,405
Opt Baseline,5/30/2026,2,6/13/2026,Pediatrics,quantile,0.99,457
Opt Baseline,5/30/2026,3,6/20/2026,Pediatrics,quantile,0.01,25
Opt Baseline,5/30/2026,3,6/20/2026,Pediatrics,quantile,0.025,43
Opt Baseline,5/30/2026,3,6/20/2026,Pediatrics,quantile,0.05,58
Opt Baseline,5/30/2026,3,6/20/2026,Pediatrics,quantile,0.1,81
Opt Baseline,5/30/2026,3,6/20/2026,Pediatrics,quantile,0.15,98
Opt Baseline,5/30/2026,3,6/20/2026,Pediatrics,quantile,0.2,113
Opt Baseline,5/30/2026,3,6/20/2026,Pediatrics,quantile,0.25,126
Opt Baseline,5/30/2026,3,6/20/2026,Pediatrics,quantile,0.3,138
Opt Baseline,5/30/2026,3,6/20/2026,Pediatrics,quantile,0.35,150
Opt Baseline,5/30/2026,3,6/20/2026,Pediatrics,quantile,0.4,163
Opt Baseline,5/30/2026,3,6/20/2026,Pediatrics,quantile,0.45,174
Opt Baseline,5/30/2026,3,6/20/2026,Pediatrics,quantile,0.5,186
Opt Baseline,5/30/2026,3,6/20/2026,Pediatrics,quantile,0.55,198
Opt Baseline,5/30/2026,3,6/20/2026,Pediatrics,quantile,0.6,211
Opt Baseline,5/30/2026,3,6/20/2026,Pediatrics,quantile,0.65,225
Opt Baseline,5/30/2026,3,6/20/2026,Pediatrics,quantile,0.7,240
Opt Baseline,5/30/2026,3,6/20/2026,Pediatrics,quantile,0.75,257
Opt Baseline,5/30/2026,3,6/20/2026,Pediatrics,quantile,0.8,277
Opt Baseline,5/30/2026,3,6/20/2026,Pediatrics,quantile,0.85,300
Opt Baseline,5/30/2026,3,6/20/2026,Pediatrics,quantile,0.9,335
Opt Baseline,5/30/2026,3,6/20/2026,Pediatrics,quantile,0.95,383
Opt Baseline,5/30/2026,3,6/20/2026,Pediatrics,quantile,0.975,428
Opt Baseline,5/30/2026,3,6/20/2026,Pediatrics,quantile,0.99,491
INFLAenza,5/30/2026,-3,5/9/2026,Adults,quantile,0.01,79
INFLAenza,5/30/2026,-3,5/9/2026,Adults,quantile,0.025,85
INFLAenza,5/30/2026,-3,5/9/2026,Adults,quantile,0.05,92
INFLAenza,5/30/2026,-3,5/9/2026,Adults,quantile,0.1,99
INFLAenza,5/30/2026,-3,5/9/2026,Adults,quantile,0.15,104
INFLAenza,5/30/2026,-3,5/9/2026,Adults,quantile,0.2,108
INFLAenza,5/30/2026,-3,5/9/2026,Adults,quantile,0.25,111
INFLAenza,5/30/2026,-3,5/9/2026,Adults,quantile,0.3,114
INFLAenza,5/30/2026,-3,5/9/2026,Adults,quantile,0.35,117
INFLAenza,5/30/2026,-3,5/9/2026,Adults,quantile,0.4,120
INFLAenza,5/30/2026,-3,5/9/2026,Adults,quantile,0.45,123
INFLAenza,5/30/2026,-3,5/9/2026,Adults,quantile,0.5,126
INFLAenza,5/30/2026,-3,5/9/2026,Adults,quantile,0.55,130
INFLAenza,5/30/2026,-3,5/9/2026,Adults,quantile,0.6,133
INFLAenza,5/30/2026,-3,5/9/2026,Adults,quantile,0.65,136
INFLAenza,5/30/2026,-3,5/9/2026,Adults,quantile,0.7,140
INFLAenza,5/30/2026,-3,5/9/2026,Adults,quantile,0.75,143
INFLAenza,5/30/2026,-3,5/9/2026,Adults,quantile,0.8,147
INFLAenza,5/30/2026,-3,5/9/2026,Adults,quantile,0.85,153
INFLAenza,5/30/2026,-3,5/9/2026,Adults,quantile,0.9,160
INFLAenza,5/30/2026,-3,5/9/2026,Adults,quantile,0.95,171
INFLAenza,5/30/2026,-3,5/9/2026,Adults,quantile,0.975,180
INFLAenza,5/30/2026,-3,5/9/2026,Adults,quantile,0.99,193
INFLAenza,5/30/2026,-3,5/9/2026,Overall,quantile,0.01,241
INFLAenza,5/30/2026,-3,5/9/2026,Overall,quantile,0.025,256
INFLAenza,5/30/2026,-3,5/9/2026,Overall,quantile,0.05,267
INFLAenza,5/30/2026,-3,5/9/2026,Overall,quantile,0.1,282
INFLAenza,5/30/2026,-3,5/9/2026,Overall,quantile,0.15,293
INFLAenza,5/30/2026,-3,5/9/2026,Overall,quantile,0.2,301
INFLAenza,5/30/2026,-3,5/9/2026,Overall,quantile,0.25,307
INFLAenza,5/30/2026,-3,5/9/2026,Overall,quantile,0.3,314
INFLAenza,5/30/2026,-3,5/9/2026,Overall,quantile,0.35,321
INFLAenza,5/30/2026,-3,5/9/2026,Overall,quantile,0.4,327
INFLAenza,5/30/2026,-3,5/9/2026,Overall,quantile,0.45,333
INFLAenza,5/30/2026,-3,5/9/2026,Overall,quantile,0.5,339
INFLAenza,5/30/2026,-3,5/9/2026,Overall,quantile,0.55,345
INFLAenza,5/30/2026,-3,5/9/2026,Overall,quantile,0.6,350
INFLAenza,5/30/2026,-3,5/9/2026,Overall,quantile,0.65,357
INFLAenza,5/30/2026,-3,5/9/2026,Overall,quantile,0.7,365
INFLAenza,5/30/2026,-3,5/9/2026,Overall,quantile,0.75,373
INFLAenza,5/30/2026,-3,5/9/2026,Overall,quantile,0.8,381
INFLAenza,5/30/2026,-3,5/9/2026,Overall,quantile,0.85,392
INFLAenza,5/30/2026,-3,5/9/2026,Overall,quantile,0.9,404
INFLAenza,5/30/2026,-3,5/9/2026,Overall,quantile,0.95,423
INFLAenza,5/30/2026,-3,5/9/2026,Overall,quantile,0.975,444
INFLAenza,5/30/2026,-3,5/9/2026,Overall,quantile,0.99,467
INFLAenza,5/30/2026,-3,5/9/2026,Pediatrics,quantile,0.01,139
INFLAenza,5/30/2026,-3,5/9/2026,Pediatrics,quantile,0.025,150
INFLAenza,5/30/2026,-3,5/9/2026,Pediatrics,quantile,0.05,157
INFLAenza,5/30/2026,-3,5/9/2026,Pediatrics,quantile,0.1,168
INFLAenza,5/30/2026,-3,5/9/2026,Pediatrics,quantile,0.15,176
INFLAenza,5/30/2026,-3,5/9/2026,Pediatrics,quantile,0.2,182
INFLAenza,5/30/2026,-3,5/9/2026,Pediatrics,quantile,0.25,188
INFLAenza,5/30/2026,-3,5/9/2026,Pediatrics,quantile,0.3,192
INFLAenza,5/30/2026,-3,5/9/2026,Pediatrics,quantile,0.35,197
INFLAenza,5/30/2026,-3,5/9/2026,Pediatrics,quantile,0.4,201
INFLAenza,5/30/2026,-3,5/9/2026,Pediatrics,quantile,0.45,206
INFLAenza,5/30/2026,-3,5/9/2026,Pediatrics,quantile,0.5,211
INFLAenza,5/30/2026,-3,5/9/2026,Pediatrics,quantile,0.55,215
INFLAenza,5/30/2026,-3,5/9/2026,Pediatrics,quantile,0.6,220
INFLAenza,5/30/2026,-3,5/9/2026,Pediatrics,quantile,0.65,225
INFLAenza,5/30/2026,-3,5/9/2026,Pediatrics,quantile,0.7,230
INFLAenza,5/30/2026,-3,5/9/2026,Pediatrics,quantile,0.75,236
INFLAenza,5/30/2026,-3,5/9/2026,Pediatrics,quantile,0.8,243
INFLAenza,5/30/2026,-3,5/9/2026,Pediatrics,quantile,0.85,251
INFLAenza,5/30/2026,-3,5/9/2026,Pediatrics,quantile,0.9,262
INFLAenza,5/30/2026,-3,5/9/2026,Pediatrics,quantile,0.95,277
INFLAenza,5/30/2026,-3,5/9/2026,Pediatrics,quantile,0.975,291
INFLAenza,5/30/2026,-3,5/9/2026,Pediatrics,quantile,0.99,309
INFLAenza,5/30/2026,-2,5/16/2026,Adults,quantile,0.01,85
INFLAenza,5/30/2026,-2,5/16/2026,Adults,quantile,0.025,94
INFLAenza,5/30/2026,-2,5/16/2026,Adults,quantile,0.05,100
INFLAenza,5/30/2026,-2,5/16/2026,Adults,quantile,0.1,110
INFLAenza,5/30/2026,-2,5/16/2026,Adults,quantile,0.15,116
INFLAenza,5/30/2026,-2,5/16/2026,Adults,quantile,0.2,122
INFLAenza,5/30/2026,-2,5/16/2026,Adults,quantile,0.25,127
INFLAenza,5/30/2026,-2,5/16/2026,Adults,quantile,0.3,131
INFLAenza,5/30/2026,-2,5/16/2026,Adults,quantile,0.35,135
INFLAenza,5/30/2026,-2,5/16/2026,Adults,quantile,0.4,139
INFLAenza,5/30/2026,-2,5/16/2026,Adults,quantile,0.45,144
INFLAenza,5/30/2026,-2,5/16/2026,Adults,quantile,0.5,148
INFLAenza,5/30/2026,-2,5/16/2026,Adults,quantile,0.55,153
INFLAenza,5/30/2026,-2,5/16/2026,Adults,quantile,0.6,158
INFLAenza,5/30/2026,-2,5/16/2026,Adults,quantile,0.65,163
INFLAenza,5/30/2026,-2,5/16/2026,Adults,quantile,0.7,168
INFLAenza,5/30/2026,-2,5/16/2026,Adults,quantile,0.75,173
INFLAenza,5/30/2026,-2,5/16/2026,Adults,quantile,0.8,180
INFLAenza,5/30/2026,-2,5/16/2026,Adults,quantile,0.85,188
INFLAenza,5/30/2026,-2,5/16/2026,Adults,quantile,0.9,199
INFLAenza,5/30/2026,-2,5/16/2026,Adults,quantile,0.95,216
INFLAenza,5/30/2026,-2,5/16/2026,Adults,quantile,0.975,230
INFLAenza,5/30/2026,-2,5/16/2026,Adults,quantile,0.99,249
INFLAenza,5/30/2026,-2,5/16/2026,Overall,quantile,0.01,258
INFLAenza,5/30/2026,-2,5/16/2026,Overall,quantile,0.025,274
INFLAenza,5/30/2026,-2,5/16/2026,Overall,quantile,0.05,291
INFLAenza,5/30/2026,-2,5/16/2026,Overall,quantile,0.1,313
INFLAenza,5/30/2026,-2,5/16/2026,Overall,quantile,0.15,328
INFLAenza,5/30/2026,-2,5/16/2026,Overall,quantile,0.2,339
INFLAenza,5/30/2026,-2,5/16/2026,Overall,quantile,0.25,349
INFLAenza,5/30/2026,-2,5/16/2026,Overall,quantile,0.3,360
INFLAenza,5/30/2026,-2,5/16/2026,Overall,quantile,0.35,370
INFLAenza,5/30/2026,-2,5/16/2026,Overall,quantile,0.4,379
INFLAenza,5/30/2026,-2,5/16/2026,Overall,quantile,0.45,389
INFLAenza,5/30/2026,-2,5/16/2026,Overall,quantile,0.5,397
INFLAenza,5/30/2026,-2,5/16/2026,Overall,quantile,0.55,407
INFLAenza,5/30/2026,-2,5/16/2026,Overall,quantile,0.6,416
INFLAenza,5/30/2026,-2,5/16/2026,Overall,quantile,0.65,427
INFLAenza,5/30/2026,-2,5/16/2026,Overall,quantile,0.7,438
INFLAenza,5/30/2026,-2,5/16/2026,Overall,quantile,0.75,450
INFLAenza,5/30/2026,-2,5/16/2026,Overall,quantile,0.8,462
INFLAenza,5/30/2026,-2,5/16/2026,Overall,quantile,0.85,479
INFLAenza,5/30/2026,-2,5/16/2026,Overall,quantile,0.9,498
INFLAenza,5/30/2026,-2,5/16/2026,Overall,quantile,0.95,534
INFLAenza,5/30/2026,-2,5/16/2026,Overall,quantile,0.975,567
INFLAenza,5/30/2026,-2,5/16/2026,Overall,quantile,0.99,606
INFLAenza,5/30/2026,-2,5/16/2026,Pediatrics,quantile,0.01,145
INFLAenza,5/30/2026,-2,5/16/2026,Pediatrics,quantile,0.025,158
INFLAenza,5/30/2026,-2,5/16/2026,Pediatrics,quantile,0.05,169
INFLAenza,5/30/2026,-2,5/16/2026,Pediatrics,quantile,0.1,185
INFLAenza,5/30/2026,-2,5/16/2026,Pediatrics,quantile,0.15,194
INFLAenza,5/30/2026,-2,5/16/2026,Pediatrics,quantile,0.2,203
INFLAenza,5/30/2026,-2,5/16/2026,Pediatrics,quantile,0.25,210
INFLAenza,5/30/2026,-2,5/16/2026,Pediatrics,quantile,0.3,218
INFLAenza,5/30/2026,-2,5/16/2026,Pediatrics,quantile,0.35,225
INFLAenza,5/30/2026,-2,5/16/2026,Pediatrics,quantile,0.4,231
INFLAenza,5/30/2026,-2,5/16/2026,Pediatrics,quantile,0.45,238
INFLAenza,5/30/2026,-2,5/16/2026,Pediatrics,quantile,0.5,245
INFLAenza,5/30/2026,-2,5/16/2026,Pediatrics,quantile,0.55,253
INFLAenza,5/30/2026,-2,5/16/2026,Pediatrics,quantile,0.6,260
INFLAenza,5/30/2026,-2,5/16/2026,Pediatrics,quantile,0.65,267
INFLAenza,5/30/2026,-2,5/16/2026,Pediatrics,quantile,0.7,276
INFLAenza,5/30/2026,-2,5/16/2026,Pediatrics,quantile,0.75,286
INFLAenza,5/30/2026,-2,5/16/2026,Pediatrics,quantile,0.8,295
INFLAenza,5/30/2026,-2,5/16/2026,Pediatrics,quantile,0.85,309
INFLAenza,5/30/2026,-2,5/16/2026,Pediatrics,quantile,0.9,325
INFLAenza,5/30/2026,-2,5/16/2026,Pediatrics,quantile,0.95,352
INFLAenza,5/30/2026,-2,5/16/2026,Pediatrics,quantile,0.975,380
INFLAenza,5/30/2026,-2,5/16/2026,Pediatrics,quantile,0.99,406
INFLAenza,5/30/2026,-1,5/23/2026,Adults,quantile,0.01,94
INFLAenza,5/30/2026,-1,5/23/2026,Adults,quantile,0.025,104
INFLAenza,5/30/2026,-1,5/23/2026,Adults,quantile,0.05,113
INFLAenza,5/30/2026,-1,5/23/2026,Adults,quantile,0.1,126
INFLAenza,5/30/2026,-1,5/23/2026,Adults,quantile,0.15,134
INFLAenza,5/30/2026,-1,5/23/2026,Adults,quantile,0.2,142
INFLAenza,5/30/2026,-1,5/23/2026,Adults,quantile,0.25,149
INFLAenza,5/30/2026,-1,5/23/2026,Adults,quantile,0.3,155
INFLAenza,5/30/2026,-1,5/23/2026,Adults,quantile,0.35,162
INFLAenza,5/30/2026,-1,5/23/2026,Adults,quantile,0.4,168
INFLAenza,5/30/2026,-1,5/23/2026,Adults,quantile,0.45,174
INFLAenza,5/30/2026,-1,5/23/2026,Adults,quantile,0.5,179
INFLAenza,5/30/2026,-1,5/23/2026,Adults,quantile,0.55,186
INFLAenza,5/30/2026,-1,5/23/2026,Adults,quantile,0.6,192
INFLAenza,5/30/2026,-1,5/23/2026,Adults,quantile,0.65,199
INFLAenza,5/30/2026,-1,5/23/2026,Adults,quantile,0.7,207
INFLAenza,5/30/2026,-1,5/23/2026,Adults,quantile,0.75,215
INFLAenza,5/30/2026,-1,5/23/2026,Adults,quantile,0.8,225
INFLAenza,5/30/2026,-1,5/23/2026,Adults,quantile,0.85,236
INFLAenza,5/30/2026,-1,5/23/2026,Adults,quantile,0.9,253
INFLAenza,5/30/2026,-1,5/23/2026,Adults,quantile,0.95,281
INFLAenza,5/30/2026,-1,5/23/2026,Adults,quantile,0.975,302
INFLAenza,5/30/2026,-1,5/23/2026,Adults,quantile,0.99,338
INFLAenza,5/30/2026,-1,5/23/2026,Overall,quantile,0.01,287
INFLAenza,5/30/2026,-1,5/23/2026,Overall,quantile,0.025,308
INFLAenza,5/30/2026,-1,5/23/2026,Overall,quantile,0.05,330
INFLAenza,5/30/2026,-1,5/23/2026,Overall,quantile,0.1,358
INFLAenza,5/30/2026,-1,5/23/2026,Overall,quantile,0.15,378
INFLAenza,5/30/2026,-1,5/23/2026,Overall,quantile,0.2,396
INFLAenza,5/30/2026,-1,5/23/2026,Overall,quantile,0.25,411
INFLAenza,5/30/2026,-1,5/23/2026,Overall,quantile,0.3,425
INFLAenza,5/30/2026,-1,5/23/2026,Overall,quantile,0.35,439
INFLAenza,5/30/2026,-1,5/23/2026,Overall,quantile,0.4,449
INFLAenza,5/30/2026,-1,5/23/2026,Overall,quantile,0.45,463
INFLAenza,5/30/2026,-1,5/23/2026,Overall,quantile,0.5,476
INFLAenza,5/30/2026,-1,5/23/2026,Overall,quantile,0.55,489
INFLAenza,5/30/2026,-1,5/23/2026,Overall,quantile,0.6,503
INFLAenza,5/30/2026,-1,5/23/2026,Overall,quantile,0.65,518
INFLAenza,5/30/2026,-1,5/23/2026,Overall,quantile,0.7,533
INFLAenza,5/30/2026,-1,5/23/2026,Overall,quantile,0.75,550
INFLAenza,5/30/2026,-1,5/23/2026,Overall,quantile,0.8,572
INFLAenza,5/30/2026,-1,5/23/2026,Overall,quantile,0.85,596
INFLAenza,5/30/2026,-1,5/23/2026,Overall,quantile,0.9,630
INFLAenza,5/30/2026,-1,5/23/2026,Overall,quantile,0.95,682
INFLAenza,5/30/2026,-1,5/23/2026,Overall,quantile,0.975,734
INFLAenza,5/30/2026,-1,5/23/2026,Overall,quantile,0.99,797
INFLAenza,5/30/2026,-1,5/23/2026,Pediatrics,quantile,0.01,157
INFLAenza,5/30/2026,-1,5/23/2026,Pediatrics,quantile,0.025,175
INFLAenza,5/30/2026,-1,5/23/2026,Pediatrics,quantile,0.05,189
INFLAenza,5/30/2026,-1,5/23/2026,Pediatrics,quantile,0.1,207
INFLAenza,5/30/2026,-1,5/23/2026,Pediatrics,quantile,0.15,222
INFLAenza,5/30/2026,-1,5/23/2026,Pediatrics,quantile,0.2,234
INFLAenza,5/30/2026,-1,5/23/2026,Pediatrics,quantile,0.25,245
INFLAenza,5/30/2026,-1,5/23/2026,Pediatrics,quantile,0.3,254
INFLAenza,5/30/2026,-1,5/23/2026,Pediatrics,quantile,0.35,264
INFLAenza,5/30/2026,-1,5/23/2026,Pediatrics,quantile,0.4,273
INFLAenza,5/30/2026,-1,5/23/2026,Pediatrics,quantile,0.45,282
INFLAenza,5/30/2026,-1,5/23/2026,Pediatrics,quantile,0.5,291
INFLAenza,5/30/2026,-1,5/23/2026,Pediatrics,quantile,0.55,301
INFLAenza,5/30/2026,-1,5/23/2026,Pediatrics,quantile,0.6,311
INFLAenza,5/30/2026,-1,5/23/2026,Pediatrics,quantile,0.65,322
INFLAenza,5/30/2026,-1,5/23/2026,Pediatrics,quantile,0.7,333
INFLAenza,5/30/2026,-1,5/23/2026,Pediatrics,quantile,0.75,347
INFLAenza,5/30/2026,-1,5/23/2026,Pediatrics,quantile,0.8,364
INFLAenza,5/30/2026,-1,5/23/2026,Pediatrics,quantile,0.85,382
INFLAenza,5/30/2026,-1,5/23/2026,Pediatrics,quantile,0.9,407
INFLAenza,5/30/2026,-1,5/23/2026,Pediatrics,quantile,0.95,449
INFLAenza,5/30/2026,-1,5/23/2026,Pediatrics,quantile,0.975,493
INFLAenza,5/30/2026,-1,5/23/2026,Pediatrics,quantile,0.99,539
INFLAenza,5/30/2026,0,5/30/2026,Adults,quantile,0.01,103
INFLAenza,5/30/2026,0,5/30/2026,Adults,quantile,0.025,115
INFLAenza,5/30/2026,0,5/30/2026,Adults,quantile,0.05,128
INFLAenza,5/30/2026,0,5/30/2026,Adults,quantile,0.1,145
INFLAenza,5/30/2026,0,5/30/2026,Adults,quantile,0.15,157
INFLAenza,5/30/2026,0,5/30/2026,Adults,quantile,0.2,166
INFLAenza,5/30/2026,0,5/30/2026,Adults,quantile,0.25,175
INFLAenza,5/30/2026,0,5/30/2026,Adults,quantile,0.3,183
INFLAenza,5/30/2026,0,5/30/2026,Adults,quantile,0.35,191
INFLAenza,5/30/2026,0,5/30/2026,Adults,quantile,0.4,199
INFLAenza,5/30/2026,0,5/30/2026,Adults,quantile,0.45,207
INFLAenza,5/30/2026,0,5/30/2026,Adults,quantile,0.5,215
INFLAenza,5/30/2026,0,5/30/2026,Adults,quantile,0.55,224
INFLAenza,5/30/2026,0,5/30/2026,Adults,quantile,0.6,231
INFLAenza,5/30/2026,0,5/30/2026,Adults,quantile,0.65,241
INFLAenza,5/30/2026,0,5/30/2026,Adults,quantile,0.7,252
INFLAenza,5/30/2026,0,5/30/2026,Adults,quantile,0.75,263
INFLAenza,5/30/2026,0,5/30/2026,Adults,quantile,0.8,276
INFLAenza,5/30/2026,0,5/30/2026,Adults,quantile,0.85,293
INFLAenza,5/30/2026,0,5/30/2026,Adults,quantile,0.9,314
INFLAenza,5/30/2026,0,5/30/2026,Adults,quantile,0.95,351
INFLAenza,5/30/2026,0,5/30/2026,Adults,quantile,0.975,382
INFLAenza,5/30/2026,0,5/30/2026,Adults,quantile,0.99,439
INFLAenza,5/30/2026,0,5/30/2026,Overall,quantile,0.01,322
INFLAenza,5/30/2026,0,5/30/2026,Overall,quantile,0.025,348
INFLAenza,5/30/2026,0,5/30/2026,Overall,quantile,0.05,376
INFLAenza,5/30/2026,0,5/30/2026,Overall,quantile,0.1,411
INFLAenza,5/30/2026,0,5/30/2026,Overall,quantile,0.15,438
INFLAenza,5/30/2026,0,5/30/2026,Overall,quantile,0.2,459
INFLAenza,5/30/2026,0,5/30/2026,Overall,quantile,0.25,477
INFLAenza,5/30/2026,0,5/30/2026,Overall,quantile,0.3,495
INFLAenza,5/30/2026,0,5/30/2026,Overall,quantile,0.35,513
INFLAenza,5/30/2026,0,5/30/2026,Overall,quantile,0.4,530
INFLAenza,5/30/2026,0,5/30/2026,Overall,quantile,0.45,549
INFLAenza,5/30/2026,0,5/30/2026,Overall,quantile,0.5,566
INFLAenza,5/30/2026,0,5/30/2026,Overall,quantile,0.55,583
INFLAenza,5/30/2026,0,5/30/2026,Overall,quantile,0.6,602
INFLAenza,5/30/2026,0,5/30/2026,Overall,quantile,0.65,621
INFLAenza,5/30/2026,0,5/30/2026,Overall,quantile,0.7,644
INFLAenza,5/30/2026,0,5/30/2026,Overall,quantile,0.75,667
INFLAenza,5/30/2026,0,5/30/2026,Overall,quantile,0.8,695
INFLAenza,5/30/2026,0,5/30/2026,Overall,quantile,0.85,730
INFLAenza,5/30/2026,0,5/30/2026,Overall,quantile,0.9,778
INFLAenza,5/30/2026,0,5/30/2026,Overall,quantile,0.95,853
INFLAenza,5/30/2026,0,5/30/2026,Overall,quantile,0.975,923
INFLAenza,5/30/2026,0,5/30/2026,Overall,quantile,0.99,1014
INFLAenza,5/30/2026,0,5/30/2026,Pediatrics,quantile,0.01,176
INFLAenza,5/30/2026,0,5/30/2026,Pediatrics,quantile,0.025,195
INFLAenza,5/30/2026,0,5/30/2026,Pediatrics,quantile,0.05,213
INFLAenza,5/30/2026,0,5/30/2026,Pediatrics,quantile,0.1,236
INFLAenza,5/30/2026,0,5/30/2026,Pediatrics,quantile,0.15,253
INFLAenza,5/30/2026,0,5/30/2026,Pediatrics,quantile,0.2,266
INFLAenza,5/30/2026,0,5/30/2026,Pediatrics,quantile,0.25,279
INFLAenza,5/30/2026,0,5/30/2026,Pediatrics,quantile,0.3,292
INFLAenza,5/30/2026,0,5/30/2026,Pediatrics,quantile,0.35,304
INFLAenza,5/30/2026,0,5/30/2026,Pediatrics,quantile,0.4,317
INFLAenza,5/30/2026,0,5/30/2026,Pediatrics,quantile,0.45,330
INFLAenza,5/30/2026,0,5/30/2026,Pediatrics,quantile,0.5,342
INFLAenza,5/30/2026,0,5/30/2026,Pediatrics,quantile,0.55,355
INFLAenza,5/30/2026,0,5/30/2026,Pediatrics,quantile,0.6,369
INFLAenza,5/30/2026,0,5/30/2026,Pediatrics,quantile,0.65,383
INFLAenza,5/30/2026,0,5/30/2026,Pediatrics,quantile,0.7,400
INFLAenza,5/30/2026,0,5/30/2026,Pediatrics,quantile,0.75,419
INFLAenza,5/30/2026,0,5/30/2026,Pediatrics,quantile,0.8,441
INFLAenza,5/30/2026,0,5/30/2026,Pediatrics,quantile,0.85,467
INFLAenza,5/30/2026,0,5/30/2026,Pediatrics,quantile,0.9,505
INFLAenza,5/30/2026,0,5/30/2026,Pediatrics,quantile,0.95,561
INFLAenza,5/30/2026,0,5/30/2026,Pediatrics,quantile,0.975,614
INFLAenza,5/30/2026,0,5/30/2026,Pediatrics,quantile,0.99,703
INFLAenza,5/30/2026,1,6/6/2026,Adults,quantile,0.01,117
INFLAenza,5/30/2026,1,6/6/2026,Adults,quantile,0.025,130
INFLAenza,5/30/2026,1,6/6/2026,Adults,quantile,0.05,146
INFLAenza,5/30/2026,1,6/6/2026,Adults,quantile,0.1,166
INFLAenza,5/30/2026,1,6/6/2026,Adults,quantile,0.15,180
INFLAenza,5/30/2026,1,6/6/2026,Adults,quantile,0.2,192
INFLAenza,5/30/2026,1,6/6/2026,Adults,quantile,0.25,203
INFLAenza,5/30/2026,1,6/6/2026,Adults,quantile,0.3,214
INFLAenza,5/30/2026,1,6/6/2026,Adults,quantile,0.35,224
INFLAenza,5/30/2026,1,6/6/2026,Adults,quantile,0.4,234
INFLAenza,5/30/2026,1,6/6/2026,Adults,quantile,0.45,244
INFLAenza,5/30/2026,1,6/6/2026,Adults,quantile,0.5,255
INFLAenza,5/30/2026,1,6/6/2026,Adults,quantile,0.55,266
INFLAenza,5/30/2026,1,6/6/2026,Adults,quantile,0.6,276
INFLAenza,5/30/2026,1,6/6/2026,Adults,quantile,0.65,288
INFLAenza,5/30/2026,1,6/6/2026,Adults,quantile,0.7,301
INFLAenza,5/30/2026,1,6/6/2026,Adults,quantile,0.75,316
INFLAenza,5/30/2026,1,6/6/2026,Adults,quantile,0.8,333
INFLAenza,5/30/2026,1,6/6/2026,Adults,quantile,0.85,354
INFLAenza,5/30/2026,1,6/6/2026,Adults,quantile,0.9,381
INFLAenza,5/30/2026,1,6/6/2026,Adults,quantile,0.95,430
INFLAenza,5/30/2026,1,6/6/2026,Adults,quantile,0.975,478
INFLAenza,5/30/2026,1,6/6/2026,Adults,quantile,0.99,553
INFLAenza,5/30/2026,1,6/6/2026,Overall,quantile,0.01,354
INFLAenza,5/30/2026,1,6/6/2026,Overall,quantile,0.025,394
INFLAenza,5/30/2026,1,6/6/2026,Overall,quantile,0.05,425
INFLAenza,5/30/2026,1,6/6/2026,Overall,quantile,0.1,470
INFLAenza,5/30/2026,1,6/6/2026,Overall,quantile,0.15,502
INFLAenza,5/30/2026,1,6/6/2026,Overall,quantile,0.2,528
INFLAenza,5/30/2026,1,6/6/2026,Overall,quantile,0.25,552
INFLAenza,5/30/2026,1,6/6/2026,Overall,quantile,0.3,574
INFLAenza,5/30/2026,1,6/6/2026,Overall,quantile,0.35,596
INFLAenza,5/30/2026,1,6/6/2026,Overall,quantile,0.4,618
INFLAenza,5/30/2026,1,6/6/2026,Overall,quantile,0.45,641
INFLAenza,5/30/2026,1,6/6/2026,Overall,quantile,0.5,664
INFLAenza,5/30/2026,1,6/6/2026,Overall,quantile,0.55,689
INFLAenza,5/30/2026,1,6/6/2026,Overall,quantile,0.6,711
INFLAenza,5/30/2026,1,6/6/2026,Overall,quantile,0.65,738
INFLAenza,5/30/2026,1,6/6/2026,Overall,quantile,0.7,764
INFLAenza,5/30/2026,1,6/6/2026,Overall,quantile,0.75,797
INFLAenza,5/30/2026,1,6/6/2026,Overall,quantile,0.8,831
INFLAenza,5/30/2026,1,6/6/2026,Overall,quantile,0.85,882
INFLAenza,5/30/2026,1,6/6/2026,Overall,quantile,0.9,939
INFLAenza,5/30/2026,1,6/6/2026,Overall,quantile,0.95,1033
INFLAenza,5/30/2026,1,6/6/2026,Overall,quantile,0.975,1124
INFLAenza,5/30/2026,1,6/6/2026,Overall,quantile,0.99,1244
INFLAenza,5/30/2026,1,6/6/2026,Pediatrics,quantile,0.01,188
INFLAenza,5/30/2026,1,6/6/2026,Pediatrics,quantile,0.025,214
INFLAenza,5/30/2026,1,6/6/2026,Pediatrics,quantile,0.05,235
INFLAenza,5/30/2026,1,6/6/2026,Pediatrics,quantile,0.1,265
INFLAenza,5/30/2026,1,6/6/2026,Pediatrics,quantile,0.15,285
INFLAenza,5/30/2026,1,6/6/2026,Pediatrics,quantile,0.2,303
INFLAenza,5/30/2026,1,6/6/2026,Pediatrics,quantile,0.25,319
INFLAenza,5/30/2026,1,6/6/2026,Pediatrics,quantile,0.3,335
INFLAenza,5/30/2026,1,6/6/2026,Pediatrics,quantile,0.35,351
INFLAenza,5/30/2026,1,6/6/2026,Pediatrics,quantile,0.4,367
INFLAenza,5/30/2026,1,6/6/2026,Pediatrics,quantile,0.45,383
INFLAenza,5/30/2026,1,6/6/2026,Pediatrics,quantile,0.5,401
INFLAenza,5/30/2026,1,6/6/2026,Pediatrics,quantile,0.55,418
INFLAenza,5/30/2026,1,6/6/2026,Pediatrics,quantile,0.6,436
INFLAenza,5/30/2026,1,6/6/2026,Pediatrics,quantile,0.65,452
INFLAenza,5/30/2026,1,6/6/2026,Pediatrics,quantile,0.7,474
INFLAenza,5/30/2026,1,6/6/2026,Pediatrics,quantile,0.75,498
INFLAenza,5/30/2026,1,6/6/2026,Pediatrics,quantile,0.8,525
INFLAenza,5/30/2026,1,6/6/2026,Pediatrics,quantile,0.85,559
INFLAenza,5/30/2026,1,6/6/2026,Pediatrics,quantile,0.9,606
INFLAenza,5/30/2026,1,6/6/2026,Pediatrics,quantile,0.95,676
INFLAenza,5/30/2026,1,6/6/2026,Pediatrics,quantile,0.975,758
INFLAenza,5/30/2026,1,6/6/2026,Pediatrics,quantile,0.99,855
INFLAenza,5/30/2026,2,6/13/2026,Adults,quantile,0.01,123
INFLAenza,5/30/2026,2,6/13/2026,Adults,quantile,0.025,142
INFLAenza,5/30/2026,2,6/13/2026,Adults,quantile,0.05,159
INFLAenza,5/30/2026,2,6/13/2026,Adults,quantile,0.1,181
INFLAenza,5/30/2026,2,6/13/2026,Adults,quantile,0.15,198
INFLAenza,5/30/2026,2,6/13/2026,Adults,quantile,0.2,212
INFLAenza,5/30/2026,2,6/13/2026,Adults,quantile,0.25,225
INFLAenza,5/30/2026,2,6/13/2026,Adults,quantile,0.3,237
INFLAenza,5/30/2026,2,6/13/2026,Adults,quantile,0.35,249
INFLAenza,5/30/2026,2,6/13/2026,Adults,quantile,0.4,262
INFLAenza,5/30/2026,2,6/13/2026,Adults,quantile,0.45,274
INFLAenza,5/30/2026,2,6/13/2026,Adults,quantile,0.5,287
INFLAenza,5/30/2026,2,6/13/2026,Adults,quantile,0.55,300
INFLAenza,5/30/2026,2,6/13/2026,Adults,quantile,0.6,314
INFLAenza,5/30/2026,2,6/13/2026,Adults,quantile,0.65,329
INFLAenza,5/30/2026,2,6/13/2026,Adults,quantile,0.7,345
INFLAenza,5/30/2026,2,6/13/2026,Adults,quantile,0.75,364
INFLAenza,5/30/2026,2,6/13/2026,Adults,quantile,0.8,386
INFLAenza,5/30/2026,2,6/13/2026,Adults,quantile,0.85,409
INFLAenza,5/30/2026,2,6/13/2026,Adults,quantile,0.9,447
INFLAenza,5/30/2026,2,6/13/2026,Adults,quantile,0.95,509
INFLAenza,5/30/2026,2,6/13/2026,Adults,quantile,0.975,571
INFLAenza,5/30/2026,2,6/13/2026,Adults,quantile,0.99,644
INFLAenza,5/30/2026,2,6/13/2026,Overall,quantile,0.01,387
INFLAenza,5/30/2026,2,6/13/2026,Overall,quantile,0.025,426
INFLAenza,5/30/2026,2,6/13/2026,Overall,quantile,0.05,461
INFLAenza,5/30/2026,2,6/13/2026,Overall,quantile,0.1,515
INFLAenza,5/30/2026,2,6/13/2026,Overall,quantile,0.15,550
INFLAenza,5/30/2026,2,6/13/2026,Overall,quantile,0.2,584
INFLAenza,5/30/2026,2,6/13/2026,Overall,quantile,0.25,612
INFLAenza,5/30/2026,2,6/13/2026,Overall,quantile,0.3,639
INFLAenza,5/30/2026,2,6/13/2026,Overall,quantile,0.35,663
INFLAenza,5/30/2026,2,6/13/2026,Overall,quantile,0.4,690
INFLAenza,5/30/2026,2,6/13/2026,Overall,quantile,0.45,716
INFLAenza,5/30/2026,2,6/13/2026,Overall,quantile,0.5,744
INFLAenza,5/30/2026,2,6/13/2026,Overall,quantile,0.55,772
INFLAenza,5/30/2026,2,6/13/2026,Overall,quantile,0.6,803
INFLAenza,5/30/2026,2,6/13/2026,Overall,quantile,0.65,836
INFLAenza,5/30/2026,2,6/13/2026,Overall,quantile,0.7,870
INFLAenza,5/30/2026,2,6/13/2026,Overall,quantile,0.75,907
INFLAenza,5/30/2026,2,6/13/2026,Overall,quantile,0.8,954
INFLAenza,5/30/2026,2,6/13/2026,Overall,quantile,0.85,1012
INFLAenza,5/30/2026,2,6/13/2026,Overall,quantile,0.9,1085
INFLAenza,5/30/2026,2,6/13/2026,Overall,quantile,0.95,1196
INFLAenza,5/30/2026,2,6/13/2026,Overall,quantile,0.975,1312
INFLAenza,5/30/2026,2,6/13/2026,Overall,quantile,0.99,1459
INFLAenza,5/30/2026,2,6/13/2026,Pediatrics,quantile,0.01,197
INFLAenza,5/30/2026,2,6/13/2026,Pediatrics,quantile,0.025,227
INFLAenza,5/30/2026,2,6/13/2026,Pediatrics,quantile,0.05,253
INFLAenza,5/30/2026,2,6/13/2026,Pediatrics,quantile,0.1,284
INFLAenza,5/30/2026,2,6/13/2026,Pediatrics,quantile,0.15,309
INFLAenza,5/30/2026,2,6/13/2026,Pediatrics,quantile,0.2,331
INFLAenza,5/30/2026,2,6/13/2026,Pediatrics,quantile,0.25,349
INFLAenza,5/30/2026,2,6/13/2026,Pediatrics,quantile,0.3,370
INFLAenza,5/30/2026,2,6/13/2026,Pediatrics,quantile,0.35,389
INFLAenza,5/30/2026,2,6/13/2026,Pediatrics,quantile,0.4,407
INFLAenza,5/30/2026,2,6/13/2026,Pediatrics,quantile,0.45,428
INFLAenza,5/30/2026,2,6/13/2026,Pediatrics,quantile,0.5,447
INFLAenza,5/30/2026,2,6/13/2026,Pediatrics,quantile,0.55,469
INFLAenza,5/30/2026,2,6/13/2026,Pediatrics,quantile,0.6,490
INFLAenza,5/30/2026,2,6/13/2026,Pediatrics,quantile,0.65,513
INFLAenza,5/30/2026,2,6/13/2026,Pediatrics,quantile,0.7,537
INFLAenza,5/30/2026,2,6/13/2026,Pediatrics,quantile,0.75,564
INFLAenza,5/30/2026,2,6/13/2026,Pediatrics,quantile,0.8,597
INFLAenza,5/30/2026,2,6/13/2026,Pediatrics,quantile,0.85,641
INFLAenza,5/30/2026,2,6/13/2026,Pediatrics,quantile,0.9,700
INFLAenza,5/30/2026,2,6/13/2026,Pediatrics,quantile,0.95,784
INFLAenza,5/30/2026,2,6/13/2026,Pediatrics,quantile,0.975,878
INFLAenza,5/30/2026,2,6/13/2026,Pediatrics,quantile,0.99,1000
INFLAenza,5/30/2026,3,6/20/2026,Adults,quantile,0.01,118
INFLAenza,5/30/2026,3,6/20/2026,Adults,quantile,0.025,136
INFLAenza,5/30/2026,3,6/20/2026,Adults,quantile,0.05,156
INFLAenza,5/30/2026,3,6/20/2026,Adults,quantile,0.1,180
INFLAenza,5/30/2026,3,6/20/2026,Adults,quantile,0.15,198
INFLAenza,5/30/2026,3,6/20/2026,Adults,quantile,0.2,214
INFLAenza,5/30/2026,3,6/20/2026,Adults,quantile,0.25,227
INFLAenza,5/30/2026,3,6/20/2026,Adults,quantile,0.3,240
INFLAenza,5/30/2026,3,6/20/2026,Adults,quantile,0.35,252
INFLAenza,5/30/2026,3,6/20/2026,Adults,quantile,0.4,264
INFLAenza,5/30/2026,3,6/20/2026,Adults,quantile,0.45,277
INFLAenza,5/30/2026,3,6/20/2026,Adults,quantile,0.5,291
INFLAenza,5/30/2026,3,6/20/2026,Adults,quantile,0.55,306
INFLAenza,5/30/2026,3,6/20/2026,Adults,quantile,0.6,321
INFLAenza,5/30/2026,3,6/20/2026,Adults,quantile,0.65,336
INFLAenza,5/30/2026,3,6/20/2026,Adults,quantile,0.7,354
INFLAenza,5/30/2026,3,6/20/2026,Adults,quantile,0.75,378
INFLAenza,5/30/2026,3,6/20/2026,Adults,quantile,0.8,402
INFLAenza,5/30/2026,3,6/20/2026,Adults,quantile,0.85,430
INFLAenza,5/30/2026,3,6/20/2026,Adults,quantile,0.9,469
INFLAenza,5/30/2026,3,6/20/2026,Adults,quantile,0.95,530
INFLAenza,5/30/2026,3,6/20/2026,Adults,quantile,0.975,598
INFLAenza,5/30/2026,3,6/20/2026,Adults,quantile,0.99,680
INFLAenza,5/30/2026,3,6/20/2026,Overall,quantile,0.01,374
INFLAenza,5/30/2026,3,6/20/2026,Overall,quantile,0.025,409
INFLAenza,5/30/2026,3,6/20/2026,Overall,quantile,0.05,452
INFLAenza,5/30/2026,3,6/20/2026,Overall,quantile,0.1,507
INFLAenza,5/30/2026,3,6/20/2026,Overall,quantile,0.15,551
INFLAenza,5/30/2026,3,6/20/2026,Overall,quantile,0.2,582
INFLAenza,5/30/2026,3,6/20/2026,Overall,quantile,0.25,610
INFLAenza,5/30/2026,3,6/20/2026,Overall,quantile,0.3,638
INFLAenza,5/30/2026,3,6/20/2026,Overall,quantile,0.35,665
INFLAenza,5/30/2026,3,6/20/2026,Overall,quantile,0.4,693
INFLAenza,5/30/2026,3,6/20/2026,Overall,quantile,0.45,722
INFLAenza,5/30/2026,3,6/20/2026,Overall,quantile,0.5,748
INFLAenza,5/30/2026,3,6/20/2026,Overall,quantile,0.55,780
INFLAenza,5/30/2026,3,6/20/2026,Overall,quantile,0.6,810
INFLAenza,5/30/2026,3,6/20/2026,Overall,quantile,0.65,848
INFLAenza,5/30/2026,3,6/20/2026,Overall,quantile,0.7,886
INFLAenza,5/30/2026,3,6/20/2026,Overall,quantile,0.75,925
INFLAenza,5/30/2026,3,6/20/2026,Overall,quantile,0.8,980
INFLAenza,5/30/2026,3,6/20/2026,Overall,quantile,0.85,1031
INFLAenza,5/30/2026,3,6/20/2026,Overall,quantile,0.9,1116
INFLAenza,5/30/2026,3,6/20/2026,Overall,quantile,0.95,1253
INFLAenza,5/30/2026,3,6/20/2026,Overall,quantile,0.975,1387
INFLAenza,5/30/2026,3,6/20/2026,Overall,quantile,0.99,1568
INFLAenza,5/30/2026,3,6/20/2026,Pediatrics,quantile,0.01,190
INFLAenza,5/30/2026,3,6/20/2026,Pediatrics,quantile,0.025,218
INFLAenza,5/30/2026,3,6/20/2026,Pediatrics,quantile,0.05,243
INFLAenza,5/30/2026,3,6/20/2026,Pediatrics,quantile,0.1,275
INFLAenza,5/30/2026,3,6/20/2026,Pediatrics,quantile,0.15,304
INFLAenza,5/30/2026,3,6/20/2026,Pediatrics,quantile,0.2,325
INFLAenza,5/30/2026,3,6/20/2026,Pediatrics,quantile,0.25,346
INFLAenza,5/30/2026,3,6/20/2026,Pediatrics,quantile,0.3,366
INFLAenza,5/30/2026,3,6/20/2026,Pediatrics,quantile,0.35,385
INFLAenza,5/30/2026,3,6/20/2026,Pediatrics,quantile,0.4,405
INFLAenza,5/30/2026,3,6/20/2026,Pediatrics,quantile,0.45,425
INFLAenza,5/30/2026,3,6/20/2026,Pediatrics,quantile,0.5,444
INFLAenza,5/30/2026,3,6/20/2026,Pediatrics,quantile,0.55,466
INFLAenza,5/30/2026,3,6/20/2026,Pediatrics,quantile,0.6,488
INFLAenza,5/30/2026,3,6/20/2026,Pediatrics,quantile,0.65,512
INFLAenza,5/30/2026,3,6/20/2026,Pediatrics,quantile,0.7,537
INFLAenza,5/30/2026,3,6/20/2026,Pediatrics,quantile,0.75,570
INFLAenza,5/30/2026,3,6/20/2026,Pediatrics,quantile,0.8,608
INFLAenza,5/30/2026,3,6/20/2026,Pediatrics,quantile,0.85,652
INFLAenza,5/30/2026,3,6/20/2026,Pediatrics,quantile,0.9,720
INFLAenza,5/30/2026,3,6/20/2026,Pediatrics,quantile,0.95,831
INFLAenza,5/30/2026,3,6/20/2026,Pediatrics,quantile,0.975,924
INFLAenza,5/30/2026,3,6/20/2026,Pediatrics,quantile,0.99,1048
Copycat,5/30/2026,-3,5/9/2026,Adults,quantile,0.01,86
Copycat,5/30/2026,-3,5/9/2026,Adults,quantile,0.025,91
Copycat,5/30/2026,-3,5/9/2026,Adults,quantile,0.05,96
Copycat,5/30/2026,-3,5/9/2026,Adults,quantile,0.1,101
Copycat,5/30/2026,-3,5/9/2026,Adults,quantile,0.15,104
Copycat,5/30/2026,-3,5/9/2026,Adults,quantile,0.2,107
Copycat,5/30/2026,-3,5/9/2026,Adults,quantile,0.25,109
Copycat,5/30/2026,-3,5/9/2026,Adults,quantile,0.3,111
Copycat,5/30/2026,-3,5/9/2026,Adults,quantile,0.35,113
Copycat,5/30/2026,-3,5/9/2026,Adults,quantile,0.4,115
Copycat,5/30/2026,-3,5/9/2026,Adults,quantile,0.45,117
Copycat,5/30/2026,-3,5/9/2026,Adults,quantile,0.5,119
Copycat,5/30/2026,-3,5/9/2026,Adults,quantile,0.55,121
Copycat,5/30/2026,-3,5/9/2026,Adults,quantile,0.6,123
Copycat,5/30/2026,-3,5/9/2026,Adults,quantile,0.65,125
Copycat,5/30/2026,-3,5/9/2026,Adults,quantile,0.7,127
Copycat,5/30/2026,-3,5/9/2026,Adults,quantile,0.75,130
Copycat,5/30/2026,-3,5/9/2026,Adults,quantile,0.8,133
Copycat,5/30/2026,-3,5/9/2026,Adults,quantile,0.85,135
Copycat,5/30/2026,-3,5/9/2026,Adults,quantile,0.9,140
Copycat,5/30/2026,-3,5/9/2026,Adults,quantile,0.95,146
Copycat,5/30/2026,-3,5/9/2026,Adults,quantile,0.975,151
Copycat,5/30/2026,-3,5/9/2026,Adults,quantile,0.99,156
Copycat,5/30/2026,-2,5/16/2026,Adults,quantile,0.01,90
Copycat,5/30/2026,-2,5/16/2026,Adults,quantile,0.025,96
Copycat,5/30/2026,-2,5/16/2026,Adults,quantile,0.05,103
Copycat,5/30/2026,-2,5/16/2026,Adults,quantile,0.1,110
Copycat,5/30/2026,-2,5/16/2026,Adults,quantile,0.15,114
Copycat,5/30/2026,-2,5/16/2026,Adults,quantile,0.2,117
Copycat,5/30/2026,-2,5/16/2026,Adults,quantile,0.25,121
Copycat,5/30/2026,-2,5/16/2026,Adults,quantile,0.3,123
Copycat,5/30/2026,-2,5/16/2026,Adults,quantile,0.35,125
Copycat,5/30/2026,-2,5/16/2026,Adults,quantile,0.4,128
Copycat,5/30/2026,-2,5/16/2026,Adults,quantile,0.45,131
Copycat,5/30/2026,-2,5/16/2026,Adults,quantile,0.5,133
Copycat,5/30/2026,-2,5/16/2026,Adults,quantile,0.55,136
Copycat,5/30/2026,-2,5/16/2026,Adults,quantile,0.6,138
Copycat,5/30/2026,-2,5/16/2026,Adults,quantile,0.65,142
Copycat,5/30/2026,-2,5/16/2026,Adults,quantile,0.7,145
Copycat,5/30/2026,-2,5/16/2026,Adults,quantile,0.75,149
Copycat,5/30/2026,-2,5/16/2026,Adults,quantile,0.8,155
Copycat,5/30/2026,-2,5/16/2026,Adults,quantile,0.85,160
Copycat,5/30/2026,-2,5/16/2026,Adults,quantile,0.9,168
Copycat,5/30/2026,-2,5/16/2026,Adults,quantile,0.95,179
Copycat,5/30/2026,-2,5/16/2026,Adults,quantile,0.975,190
Copycat,5/30/2026,-2,5/16/2026,Adults,quantile,0.99,201
Copycat,5/30/2026,-1,5/23/2026,Adults,quantile,0.01,97
Copycat,5/30/2026,-1,5/23/2026,Adults,quantile,0.025,104
Copycat,5/30/2026,-1,5/23/2026,Adults,quantile,0.05,109
Copycat,5/30/2026,-1,5/23/2026,Adults,quantile,0.1,118
Copycat,5/30/2026,-1,5/23/2026,Adults,quantile,0.15,124
Copycat,5/30/2026,-1,5/23/2026,Adults,quantile,0.2,128
Copycat,5/30/2026,-1,5/23/2026,Adults,quantile,0.25,132
Copycat,5/30/2026,-1,5/23/2026,Adults,quantile,0.3,136
Copycat,5/30/2026,-1,5/23/2026,Adults,quantile,0.35,139
Copycat,5/30/2026,-1,5/23/2026,Adults,quantile,0.4,143
Copycat,5/30/2026,-1,5/23/2026,Adults,quantile,0.45,147
Copycat,5/30/2026,-1,5/23/2026,Adults,quantile,0.5,151
Copycat,5/30/2026,-1,5/23/2026,Adults,quantile,0.55,155
Copycat,5/30/2026,-1,5/23/2026,Adults,quantile,0.6,159
Copycat,5/30/2026,-1,5/23/2026,Adults,quantile,0.65,165
Copycat,5/30/2026,-1,5/23/2026,Adults,quantile,0.7,171
Copycat,5/30/2026,-1,5/23/2026,Adults,quantile,0.75,177
Copycat,5/30/2026,-1,5/23/2026,Adults,quantile,0.8,182
Copycat,5/30/2026,-1,5/23/2026,Adults,quantile,0.85,191
Copycat,5/30/2026,-1,5/23/2026,Adults,quantile,0.9,201
Copycat,5/30/2026,-1,5/23/2026,Adults,quantile,0.95,224
Copycat,5/30/2026,-1,5/23/2026,Adults,quantile,0.975,234
Copycat,5/30/2026,-1,5/23/2026,Adults,quantile,0.99,248
Copycat,5/30/2026,0,5/30/2026,Adults,quantile,0.01,97
Copycat,5/30/2026,0,5/30/2026,Adults,quantile,0.025,108
Copycat,5/30/2026,0,5/30/2026,Adults,quantile,0.05,116
Copycat,5/30/2026,0,5/30/2026,Adults,quantile,0.1,126
Copycat,5/30/2026,0,5/30/2026,Adults,quantile,0.15,132
Copycat,5/30/2026,0,5/30/2026,Adults,quantile,0.2,138
Copycat,5/30/2026,0,5/30/2026,Adults,quantile,0.25,145
Copycat,5/30/2026,0,5/30/2026,Adults,quantile,0.3,150
Copycat,5/30/2026,0,5/30/2026,Adults,quantile,0.35,154
Copycat,5/30/2026,0,5/30/2026,Adults,quantile,0.4,159
Copycat,5/30/2026,0,5/30/2026,Adults,quantile,0.45,164
Copycat,5/30/2026,0,5/30/2026,Adults,quantile,0.5,170
Copycat,5/30/2026,0,5/30/2026,Adults,quantile,0.55,174
Copycat,5/30/2026,0,5/30/2026,Adults,quantile,0.6,181
Copycat,5/30/2026,0,5/30/2026,Adults,quantile,0.65,187
Copycat,5/30/2026,0,5/30/2026,Adults,quantile,0.7,193
Copycat,5/30/2026,0,5/30/2026,Adults,quantile,0.75,201
Copycat,5/30/2026,0,5/30/2026,Adults,quantile,0.8,213
Copycat,5/30/2026,0,5/30/2026,Adults,quantile,0.85,228
Copycat,5/30/2026,0,5/30/2026,Adults,quantile,0.9,244
Copycat,5/30/2026,0,5/30/2026,Adults,quantile,0.95,268
Copycat,5/30/2026,0,5/30/2026,Adults,quantile,0.975,283
Copycat,5/30/2026,0,5/30/2026,Adults,quantile,0.99,302
Copycat,5/30/2026,1,6/6/2026,Adults,quantile,0.01,101
Copycat,5/30/2026,1,6/6/2026,Adults,quantile,0.025,111
Copycat,5/30/2026,1,6/6/2026,Adults,quantile,0.05,118
Copycat,5/30/2026,1,6/6/2026,Adults,quantile,0.1,133
Copycat,5/30/2026,1,6/6/2026,Adults,quantile,0.15,140
Copycat,5/30/2026,1,6/6/2026,Adults,quantile,0.2,148
Copycat,5/30/2026,1,6/6/2026,Adults,quantile,0.25,153
Copycat,5/30/2026,1,6/6/2026,Adults,quantile,0.3,160
Copycat,5/30/2026,1,6/6/2026,Adults,quantile,0.35,168
Copycat,5/30/2026,1,6/6/2026,Adults,quantile,0.4,175
Copycat,5/30/2026,1,6/6/2026,Adults,quantile,0.45,182
Copycat,5/30/2026,1,6/6/2026,Adults,quantile,0.5,189
Copycat,5/30/2026,1,6/6/2026,Adults,quantile,0.55,197
Copycat,5/30/2026,1,6/6/2026,Adults,quantile,0.6,203
Copycat,5/30/2026,1,6/6/2026,Adults,quantile,0.65,211
Copycat,5/30/2026,1,6/6/2026,Adults,quantile,0.7,220
Copycat,5/30/2026,1,6/6/2026,Adults,quantile,0.75,232
Copycat,5/30/2026,1,6/6/2026,Adults,quantile,0.8,245
Copycat,5/30/2026,1,6/6/2026,Adults,quantile,0.85,265
Copycat,5/30/2026,1,6/6/2026,Adults,quantile,0.9,283
Copycat,5/30/2026,1,6/6/2026,Adults,quantile,0.95,315
Copycat,5/30/2026,1,6/6/2026,Adults,quantile,0.975,346
Copycat,5/30/2026,1,6/6/2026,Adults,quantile,0.99,369
Copycat,5/30/2026,2,6/13/2026,Adults,quantile,0.01,102
Copycat,5/30/2026,2,6/13/2026,Adults,quantile,0.025,113
Copycat,5/30/2026,2,6/13/2026,Adults,quantile,0.05,120
Copycat,5/30/2026,2,6/13/2026,Adults,quantile,0.1,132
Copycat,5/30/2026,2,6/13/2026,Adults,quantile,0.15,145
Copycat,5/30/2026,2,6/13/2026,Adults,quantile,0.2,155
Copycat,5/30/2026,2,6/13/2026,Adults,quantile,0.25,161
Copycat,5/30/2026,2,6/13/2026,Adults,quantile,0.3,168
Copycat,5/30/2026,2,6/13/2026,Adults,quantile,0.35,178
Copycat,5/30/2026,2,6/13/2026,Adults,quantile,0.4,185
Copycat,5/30/2026,2,6/13/2026,Adults,quantile,0.45,194
Copycat,5/30/2026,2,6/13/2026,Adults,quantile,0.5,203
Copycat,5/30/2026,2,6/13/2026,Adults,quantile,0.55,210
Copycat,5/30/2026,2,6/13/2026,Adults,quantile,0.6,219
Copycat,5/30/2026,2,6/13/2026,Adults,quantile,0.65,231
Copycat,5/30/2026,2,6/13/2026,Adults,quantile,0.7,243
Copycat,5/30/2026,2,6/13/2026,Adults,quantile,0.75,257
Copycat,5/30/2026,2,6/13/2026,Adults,quantile,0.8,273
Copycat,5/30/2026,2,6/13/2026,Adults,quantile,0.85,296
Copycat,5/30/2026,2,6/13/2026,Adults,quantile,0.9,326
Copycat,5/30/2026,2,6/13/2026,Adults,quantile,0.95,363
Copycat,5/30/2026,2,6/13/2026,Adults,quantile,0.975,407
Copycat,5/30/2026,2,6/13/2026,Adults,quantile,0.99,446
Copycat,5/30/2026,3,6/20/2026,Adults,quantile,0.01,97
Copycat,5/30/2026,3,6/20/2026,Adults,quantile,0.025,107
Copycat,5/30/2026,3,6/20/2026,Adults,quantile,0.05,116
Copycat,5/30/2026,3,6/20/2026,Adults,quantile,0.1,131
Copycat,5/30/2026,3,6/20/2026,Adults,quantile,0.15,143
Copycat,5/30/2026,3,6/20/2026,Adults,quantile,0.2,152
Copycat,5/30/2026,3,6/20/2026,Adults,quantile,0.25,163
Copycat,5/30/2026,3,6/20/2026,Adults,quantile,0.3,172
Copycat,5/30/2026,3,6/20/2026,Adults,quantile,0.35,181
Copycat,5/30/2026,3,6/20/2026,Adults,quantile,0.4,191
Copycat,5/30/2026,3,6/20/2026,Adults,quantile,0.45,200
Copycat,5/30/2026,3,6/20/2026,Adults,quantile,0.5,211
Copycat,5/30/2026,3,6/20/2026,Adults,quantile,0.55,222
Copycat,5/30/2026,3,6/20/2026,Adults,quantile,0.6,231
Copycat,5/30/2026,3,6/20/2026,Adults,quantile,0.65,244
Copycat,5/30/2026,3,6/20/2026,Adults,quantile,0.7,260
Copycat,5/30/2026,3,6/20/2026,Adults,quantile,0.75,276
Copycat,5/30/2026,3,6/20/2026,Adults,quantile,0.8,295
Copycat,5/30/2026,3,6/20/2026,Adults,quantile,0.85,318
Copycat,5/30/2026,3,6/20/2026,Adults,quantile,0.9,354
Copycat,5/30/2026,3,6/20/2026,Adults,quantile,0.95,404
Copycat,5/30/2026,3,6/20/2026,Adults,quantile,0.975,468
Copycat,5/30/2026,3,6/20/2026,Adults,quantile,0.99,520
Copycat,5/30/2026,-3,5/9/2026,Overall,quantile,0.01,268
Copycat,5/30/2026,-3,5/9/2026,Overall,quantile,0.025,273
Copycat,5/30/2026,-3,5/9/2026,Overall,quantile,0.05,280
Copycat,5/30/2026,-3,5/9/2026,Overall,quantile,0.1,290
Copycat,5/30/2026,-3,5/9/2026,Overall,quantile,0.15,298
Copycat,5/30/2026,-3,5/9/2026,Overall,quantile,0.2,302
Copycat,5/30/2026,-3,5/9/2026,Overall,quantile,0.25,307
Copycat,5/30/2026,-3,5/9/2026,Overall,quantile,0.3,312
Copycat,5/30/2026,-3,5/9/2026,Overall,quantile,0.35,316
Copycat,5/30/2026,-3,5/9/2026,Overall,quantile,0.4,320
Copycat,5/30/2026,-3,5/9/2026,Overall,quantile,0.45,323
Copycat,5/30/2026,-3,5/9/2026,Overall,quantile,0.5,327
Copycat,5/30/2026,-3,5/9/2026,Overall,quantile,0.55,331
Copycat,5/30/2026,-3,5/9/2026,Overall,quantile,0.6,336
Copycat,5/30/2026,-3,5/9/2026,Overall,quantile,0.65,339
Copycat,5/30/2026,-3,5/9/2026,Overall,quantile,0.7,344
Copycat,5/30/2026,-3,5/9/2026,Overall,quantile,0.75,349
Copycat,5/30/2026,-3,5/9/2026,Overall,quantile,0.8,356
Copycat,5/30/2026,-3,5/9/2026,Overall,quantile,0.85,364
Copycat,5/30/2026,-3,5/9/2026,Overall,quantile,0.9,375
Copycat,5/30/2026,-3,5/9/2026,Overall,quantile,0.95,389
Copycat,5/30/2026,-3,5/9/2026,Overall,quantile,0.975,404
Copycat,5/30/2026,-3,5/9/2026,Overall,quantile,0.99,419
Copycat,5/30/2026,-2,5/16/2026,Overall,quantile,0.01,274
Copycat,5/30/2026,-2,5/16/2026,Overall,quantile,0.025,288
Copycat,5/30/2026,-2,5/16/2026,Overall,quantile,0.05,302
Copycat,5/30/2026,-2,5/16/2026,Overall,quantile,0.1,313
Copycat,5/30/2026,-2,5/16/2026,Overall,quantile,0.15,320
Copycat,5/30/2026,-2,5/16/2026,Overall,quantile,0.2,330
Copycat,5/30/2026,-2,5/16/2026,Overall,quantile,0.25,337
Copycat,5/30/2026,-2,5/16/2026,Overall,quantile,0.3,345
Copycat,5/30/2026,-2,5/16/2026,Overall,quantile,0.35,352
Copycat,5/30/2026,-2,5/16/2026,Overall,quantile,0.4,359
Copycat,5/30/2026,-2,5/16/2026,Overall,quantile,0.45,365
Copycat,5/30/2026,-2,5/16/2026,Overall,quantile,0.5,374
Copycat,5/30/2026,-2,5/16/2026,Overall,quantile,0.55,380
Copycat,5/30/2026,-2,5/16/2026,Overall,quantile,0.6,387
Copycat,5/30/2026,-2,5/16/2026,Overall,quantile,0.65,397
Copycat,5/30/2026,-2,5/16/2026,Overall,quantile,0.7,405
Copycat,5/30/2026,-2,5/16/2026,Overall,quantile,0.75,415
Copycat,5/30/2026,-2,5/16/2026,Overall,quantile,0.8,425
Copycat,5/30/2026,-2,5/16/2026,Overall,quantile,0.85,439
Copycat,5/30/2026,-2,5/16/2026,Overall,quantile,0.9,454
Copycat,5/30/2026,-2,5/16/2026,Overall,quantile,0.95,481
Copycat,5/30/2026,-2,5/16/2026,Overall,quantile,0.975,508
Copycat,5/30/2026,-2,5/16/2026,Overall,quantile,0.99,537
Copycat,5/30/2026,-1,5/23/2026,Overall,quantile,0.01,284
Copycat,5/30/2026,-1,5/23/2026,Overall,quantile,0.025,300
Copycat,5/30/2026,-1,5/23/2026,Overall,quantile,0.05,318
Copycat,5/30/2026,-1,5/23/2026,Overall,quantile,0.1,336
Copycat,5/30/2026,-1,5/23/2026,Overall,quantile,0.15,349
Copycat,5/30/2026,-1,5/23/2026,Overall,quantile,0.2,363
Copycat,5/30/2026,-1,5/23/2026,Overall,quantile,0.25,374
Copycat,5/30/2026,-1,5/23/2026,Overall,quantile,0.3,385
Copycat,5/30/2026,-1,5/23/2026,Overall,quantile,0.35,395
Copycat,5/30/2026,-1,5/23/2026,Overall,quantile,0.4,405
Copycat,5/30/2026,-1,5/23/2026,Overall,quantile,0.45,416
Copycat,5/30/2026,-1,5/23/2026,Overall,quantile,0.5,426
Copycat,5/30/2026,-1,5/23/2026,Overall,quantile,0.55,438
Copycat,5/30/2026,-1,5/23/2026,Overall,quantile,0.6,446
Copycat,5/30/2026,-1,5/23/2026,Overall,quantile,0.65,457
Copycat,5/30/2026,-1,5/23/2026,Overall,quantile,0.7,470
Copycat,5/30/2026,-1,5/23/2026,Overall,quantile,0.75,483
Copycat,5/30/2026,-1,5/23/2026,Overall,quantile,0.8,499
Copycat,5/30/2026,-1,5/23/2026,Overall,quantile,0.85,523
Copycat,5/30/2026,-1,5/23/2026,Overall,quantile,0.9,557
Copycat,5/30/2026,-1,5/23/2026,Overall,quantile,0.95,604
Copycat,5/30/2026,-1,5/23/2026,Overall,quantile,0.975,633
Copycat,5/30/2026,-1,5/23/2026,Overall,quantile,0.99,654
Copycat,5/30/2026,0,5/30/2026,Overall,quantile,0.01,286
Copycat,5/30/2026,0,5/30/2026,Overall,quantile,0.025,313
Copycat,5/30/2026,0,5/30/2026,Overall,quantile,0.05,331
Copycat,5/30/2026,0,5/30/2026,Overall,quantile,0.1,362
Copycat,5/30/2026,0,5/30/2026,Overall,quantile,0.15,379
Copycat,5/30/2026,0,5/30/2026,Overall,quantile,0.2,393
Copycat,5/30/2026,0,5/30/2026,Overall,quantile,0.25,406
Copycat,5/30/2026,0,5/30/2026,Overall,quantile,0.3,418
Copycat,5/30/2026,0,5/30/2026,Overall,quantile,0.35,435
Copycat,5/30/2026,0,5/30/2026,Overall,quantile,0.4,451
Copycat,5/30/2026,0,5/30/2026,Overall,quantile,0.45,468
Copycat,5/30/2026,0,5/30/2026,Overall,quantile,0.5,480
Copycat,5/30/2026,0,5/30/2026,Overall,quantile,0.55,490
Copycat,5/30/2026,0,5/30/2026,Overall,quantile,0.6,506
Copycat,5/30/2026,0,5/30/2026,Overall,quantile,0.65,524
Copycat,5/30/2026,0,5/30/2026,Overall,quantile,0.7,542
Copycat,5/30/2026,0,5/30/2026,Overall,quantile,0.75,568
Copycat,5/30/2026,0,5/30/2026,Overall,quantile,0.8,596
Copycat,5/30/2026,0,5/30/2026,Overall,quantile,0.85,623
Copycat,5/30/2026,0,5/30/2026,Overall,quantile,0.9,668
Copycat,5/30/2026,0,5/30/2026,Overall,quantile,0.95,739
Copycat,5/30/2026,0,5/30/2026,Overall,quantile,0.975,772
Copycat,5/30/2026,0,5/30/2026,Overall,quantile,0.99,830
Copycat,5/30/2026,1,6/6/2026,Overall,quantile,0.01,295
Copycat,5/30/2026,1,6/6/2026,Overall,quantile,0.025,318
Copycat,5/30/2026,1,6/6/2026,Overall,quantile,0.05,351
Copycat,5/30/2026,1,6/6/2026,Overall,quantile,0.1,377
Copycat,5/30/2026,1,6/6/2026,Overall,quantile,0.15,397
Copycat,5/30/2026,1,6/6/2026,Overall,quantile,0.2,419
Copycat,5/30/2026,1,6/6/2026,Overall,quantile,0.25,436
Copycat,5/30/2026,1,6/6/2026,Overall,quantile,0.3,457
Copycat,5/30/2026,1,6/6/2026,Overall,quantile,0.35,473
Copycat,5/30/2026,1,6/6/2026,Overall,quantile,0.4,491
Copycat,5/30/2026,1,6/6/2026,Overall,quantile,0.45,507
Copycat,5/30/2026,1,6/6/2026,Overall,quantile,0.5,526
Copycat,5/30/2026,1,6/6/2026,Overall,quantile,0.55,546
Copycat,5/30/2026,1,6/6/2026,Overall,quantile,0.6,568
Copycat,5/30/2026,1,6/6/2026,Overall,quantile,0.65,590
Copycat,5/30/2026,1,6/6/2026,Overall,quantile,0.7,610
Copycat,5/30/2026,1,6/6/2026,Overall,quantile,0.75,640
Copycat,5/30/2026,1,6/6/2026,Overall,quantile,0.8,677
Copycat,5/30/2026,1,6/6/2026,Overall,quantile,0.85,727
Copycat,5/30/2026,1,6/6/2026,Overall,quantile,0.9,778
Copycat,5/30/2026,1,6/6/2026,Overall,quantile,0.95,849
Copycat,5/30/2026,1,6/6/2026,Overall,quantile,0.975,914
Copycat,5/30/2026,1,6/6/2026,Overall,quantile,0.99,972
Copycat,5/30/2026,2,6/13/2026,Overall,quantile,0.01,274
Copycat,5/30/2026,2,6/13/2026,Overall,quantile,0.025,317
Copycat,5/30/2026,2,6/13/2026,Overall,quantile,0.05,342
Copycat,5/30/2026,2,6/13/2026,Overall,quantile,0.1,383
Copycat,5/30/2026,2,6/13/2026,Overall,quantile,0.15,412
Copycat,5/30/2026,2,6/13/2026,Overall,quantile,0.2,440
Copycat,5/30/2026,2,6/13/2026,Overall,quantile,0.25,453
Copycat,5/30/2026,2,6/13/2026,Overall,quantile,0.3,479
Copycat,5/30/2026,2,6/13/2026,Overall,quantile,0.35,499
Copycat,5/30/2026,2,6/13/2026,Overall,quantile,0.4,525
Copycat,5/30/2026,2,6/13/2026,Overall,quantile,0.45,546
Copycat,5/30/2026,2,6/13/2026,Overall,quantile,0.5,568
Copycat,5/30/2026,2,6/13/2026,Overall,quantile,0.55,590
Copycat,5/30/2026,2,6/13/2026,Overall,quantile,0.6,611
Copycat,5/30/2026,2,6/13/2026,Overall,quantile,0.65,638
Copycat,5/30/2026,2,6/13/2026,Overall,quantile,0.7,670
Copycat,5/30/2026,2,6/13/2026,Overall,quantile,0.75,704
Copycat,5/30/2026,2,6/13/2026,Overall,quantile,0.8,753
Copycat,5/30/2026,2,6/13/2026,Overall,quantile,0.85,808
Copycat,5/30/2026,2,6/13/2026,Overall,quantile,0.9,885
Copycat,5/30/2026,2,6/13/2026,Overall,quantile,0.95,992
Copycat,5/30/2026,2,6/13/2026,Overall,quantile,0.975,1079
Copycat,5/30/2026,2,6/13/2026,Overall,quantile,0.99,1236
Copycat,5/30/2026,3,6/20/2026,Overall,quantile,0.01,269
Copycat,5/30/2026,3,6/20/2026,Overall,quantile,0.025,303
Copycat,5/30/2026,3,6/20/2026,Overall,quantile,0.05,347
Copycat,5/30/2026,3,6/20/2026,Overall,quantile,0.1,375
Copycat,5/30/2026,3,6/20/2026,Overall,quantile,0.15,404
Copycat,5/30/2026,3,6/20/2026,Overall,quantile,0.2,432
Copycat,5/30/2026,3,6/20/2026,Overall,quantile,0.25,457
Copycat,5/30/2026,3,6/20/2026,Overall,quantile,0.3,483
Copycat,5/30/2026,3,6/20/2026,Overall,quantile,0.35,514
Copycat,5/30/2026,3,6/20/2026,Overall,quantile,0.4,541
Copycat,5/30/2026,3,6/20/2026,Overall,quantile,0.45,568
Copycat,5/30/2026,3,6/20/2026,Overall,quantile,0.5,590
Copycat,5/30/2026,3,6/20/2026,Overall,quantile,0.55,622
Copycat,5/30/2026,3,6/20/2026,Overall,quantile,0.6,652
Copycat,5/30/2026,3,6/20/2026,Overall,quantile,0.65,689
Copycat,5/30/2026,3,6/20/2026,Overall,quantile,0.7,718
Copycat,5/30/2026,3,6/20/2026,Overall,quantile,0.75,760
Copycat,5/30/2026,3,6/20/2026,Overall,quantile,0.8,806
Copycat,5/30/2026,3,6/20/2026,Overall,quantile,0.85,874
Copycat,5/30/2026,3,6/20/2026,Overall,quantile,0.9,959
Copycat,5/30/2026,3,6/20/2026,Overall,quantile,0.95,1113
Copycat,5/30/2026,3,6/20/2026,Overall,quantile,0.975,1236
Copycat,5/30/2026,3,6/20/2026,Overall,quantile,0.99,1361
Copycat,5/30/2026,-3,5/9/2026,Pediatrics,quantile,0.01,161
Copycat,5/30/2026,-3,5/9/2026,Pediatrics,quantile,0.025,170
Copycat,5/30/2026,-3,5/9/2026,Pediatrics,quantile,0.05,175
Copycat,5/30/2026,-3,5/9/2026,Pediatrics,quantile,0.1,184
Copycat,5/30/2026,-3,5/9/2026,Pediatrics,quantile,0.15,189
Copycat,5/30/2026,-3,5/9/2026,Pediatrics,quantile,0.2,193
Copycat,5/30/2026,-3,5/9/2026,Pediatrics,quantile,0.25,197
Copycat,5/30/2026,-3,5/9/2026,Pediatrics,quantile,0.3,199
Copycat,5/30/2026,-3,5/9/2026,Pediatrics,quantile,0.35,202
Copycat,5/30/2026,-3,5/9/2026,Pediatrics,quantile,0.4,205
Copycat,5/30/2026,-3,5/9/2026,Pediatrics,quantile,0.45,208
Copycat,5/30/2026,-3,5/9/2026,Pediatrics,quantile,0.5,210
Copycat,5/30/2026,-3,5/9/2026,Pediatrics,quantile,0.55,214
Copycat,5/30/2026,-3,5/9/2026,Pediatrics,quantile,0.6,216
Copycat,5/30/2026,-3,5/9/2026,Pediatrics,quantile,0.65,219
Copycat,5/30/2026,-3,5/9/2026,Pediatrics,quantile,0.7,222
Copycat,5/30/2026,-3,5/9/2026,Pediatrics,quantile,0.75,225
Copycat,5/30/2026,-3,5/9/2026,Pediatrics,quantile,0.8,230
Copycat,5/30/2026,-3,5/9/2026,Pediatrics,quantile,0.85,235
Copycat,5/30/2026,-3,5/9/2026,Pediatrics,quantile,0.9,240
Copycat,5/30/2026,-3,5/9/2026,Pediatrics,quantile,0.95,249
Copycat,5/30/2026,-3,5/9/2026,Pediatrics,quantile,0.975,255
Copycat,5/30/2026,-3,5/9/2026,Pediatrics,quantile,0.99,268
Copycat,5/30/2026,-2,5/16/2026,Pediatrics,quantile,0.01,170
Copycat,5/30/2026,-2,5/16/2026,Pediatrics,quantile,0.025,179
Copycat,5/30/2026,-2,5/16/2026,Pediatrics,quantile,0.05,187
Copycat,5/30/2026,-2,5/16/2026,Pediatrics,quantile,0.1,198
Copycat,5/30/2026,-2,5/16/2026,Pediatrics,quantile,0.15,205
Copycat,5/30/2026,-2,5/16/2026,Pediatrics,quantile,0.2,210
Copycat,5/30/2026,-2,5/16/2026,Pediatrics,quantile,0.25,215
Copycat,5/30/2026,-2,5/16/2026,Pediatrics,quantile,0.3,220
Copycat,5/30/2026,-2,5/16/2026,Pediatrics,quantile,0.35,224
Copycat,5/30/2026,-2,5/16/2026,Pediatrics,quantile,0.4,228
Copycat,5/30/2026,-2,5/16/2026,Pediatrics,quantile,0.45,233
Copycat,5/30/2026,-2,5/16/2026,Pediatrics,quantile,0.5,237
Copycat,5/30/2026,-2,5/16/2026,Pediatrics,quantile,0.55,243
Copycat,5/30/2026,-2,5/16/2026,Pediatrics,quantile,0.6,248
Copycat,5/30/2026,-2,5/16/2026,Pediatrics,quantile,0.65,253
Copycat,5/30/2026,-2,5/16/2026,Pediatrics,quantile,0.7,260
Copycat,5/30/2026,-2,5/16/2026,Pediatrics,quantile,0.75,266
Copycat,5/30/2026,-2,5/16/2026,Pediatrics,quantile,0.8,273
Copycat,5/30/2026,-2,5/16/2026,Pediatrics,quantile,0.85,279
Copycat,5/30/2026,-2,5/16/2026,Pediatrics,quantile,0.9,292
Copycat,5/30/2026,-2,5/16/2026,Pediatrics,quantile,0.95,311
Copycat,5/30/2026,-2,5/16/2026,Pediatrics,quantile,0.975,324
Copycat,5/30/2026,-2,5/16/2026,Pediatrics,quantile,0.99,337
Copycat,5/30/2026,-1,5/23/2026,Pediatrics,quantile,0.01,179
Copycat,5/30/2026,-1,5/23/2026,Pediatrics,quantile,0.025,188
Copycat,5/30/2026,-1,5/23/2026,Pediatrics,quantile,0.05,201
Copycat,5/30/2026,-1,5/23/2026,Pediatrics,quantile,0.1,213
Copycat,5/30/2026,-1,5/23/2026,Pediatrics,quantile,0.15,221
Copycat,5/30/2026,-1,5/23/2026,Pediatrics,quantile,0.2,228
Copycat,5/30/2026,-1,5/23/2026,Pediatrics,quantile,0.25,236
Copycat,5/30/2026,-1,5/23/2026,Pediatrics,quantile,0.3,244
Copycat,5/30/2026,-1,5/23/2026,Pediatrics,quantile,0.35,250
Copycat,5/30/2026,-1,5/23/2026,Pediatrics,quantile,0.4,255
Copycat,5/30/2026,-1,5/23/2026,Pediatrics,quantile,0.45,261
Copycat,5/30/2026,-1,5/23/2026,Pediatrics,quantile,0.5,268
Copycat,5/30/2026,-1,5/23/2026,Pediatrics,quantile,0.55,274
Copycat,5/30/2026,-1,5/23/2026,Pediatrics,quantile,0.6,281
Copycat,5/30/2026,-1,5/23/2026,Pediatrics,quantile,0.65,290
Copycat,5/30/2026,-1,5/23/2026,Pediatrics,quantile,0.7,299
Copycat,5/30/2026,-1,5/23/2026,Pediatrics,quantile,0.75,310
Copycat,5/30/2026,-1,5/23/2026,Pediatrics,quantile,0.8,320
Copycat,5/30/2026,-1,5/23/2026,Pediatrics,quantile,0.85,336
Copycat,5/30/2026,-1,5/23/2026,Pediatrics,quantile,0.9,352
Copycat,5/30/2026,-1,5/23/2026,Pediatrics,quantile,0.95,384
Copycat,5/30/2026,-1,5/23/2026,Pediatrics,quantile,0.975,412
Copycat,5/30/2026,-1,5/23/2026,Pediatrics,quantile,0.99,435
Copycat,5/30/2026,0,5/30/2026,Pediatrics,quantile,0.01,187
Copycat,5/30/2026,0,5/30/2026,Pediatrics,quantile,0.025,197
Copycat,5/30/2026,0,5/30/2026,Pediatrics,quantile,0.05,212
Copycat,5/30/2026,0,5/30/2026,Pediatrics,quantile,0.1,222
Copycat,5/30/2026,0,5/30/2026,Pediatrics,quantile,0.15,234
Copycat,5/30/2026,0,5/30/2026,Pediatrics,quantile,0.2,244
Copycat,5/30/2026,0,5/30/2026,Pediatrics,quantile,0.25,253
Copycat,5/30/2026,0,5/30/2026,Pediatrics,quantile,0.3,265
Copycat,5/30/2026,0,5/30/2026,Pediatrics,quantile,0.35,273
Copycat,5/30/2026,0,5/30/2026,Pediatrics,quantile,0.4,282
Copycat,5/30/2026,0,5/30/2026,Pediatrics,quantile,0.45,290
Copycat,5/30/2026,0,5/30/2026,Pediatrics,quantile,0.5,300
Copycat,5/30/2026,0,5/30/2026,Pediatrics,quantile,0.55,310
Copycat,5/30/2026,0,5/30/2026,Pediatrics,quantile,0.6,320
Copycat,5/30/2026,0,5/30/2026,Pediatrics,quantile,0.65,332
Copycat,5/30/2026,0,5/30/2026,Pediatrics,quantile,0.7,345
Copycat,5/30/2026,0,5/30/2026,Pediatrics,quantile,0.75,359
Copycat,5/30/2026,0,5/30/2026,Pediatrics,quantile,0.8,375
Copycat,5/30/2026,0,5/30/2026,Pediatrics,quantile,0.85,397
Copycat,5/30/2026,0,5/30/2026,Pediatrics,quantile,0.9,422
Copycat,5/30/2026,0,5/30/2026,Pediatrics,quantile,0.95,472
Copycat,5/30/2026,0,5/30/2026,Pediatrics,quantile,0.975,506
Copycat,5/30/2026,0,5/30/2026,Pediatrics,quantile,0.99,534
Copycat,5/30/2026,1,6/6/2026,Pediatrics,quantile,0.01,184
Copycat,5/30/2026,1,6/6/2026,Pediatrics,quantile,0.025,200
Copycat,5/30/2026,1,6/6/2026,Pediatrics,quantile,0.05,213
Copycat,5/30/2026,1,6/6/2026,Pediatrics,quantile,0.1,233
Copycat,5/30/2026,1,6/6/2026,Pediatrics,quantile,0.15,247
Copycat,5/30/2026,1,6/6/2026,Pediatrics,quantile,0.2,256
Copycat,5/30/2026,1,6/6/2026,Pediatrics,quantile,0.25,269
Copycat,5/30/2026,1,6/6/2026,Pediatrics,quantile,0.3,281
Copycat,5/30/2026,1,6/6/2026,Pediatrics,quantile,0.35,295
Copycat,5/30/2026,1,6/6/2026,Pediatrics,quantile,0.4,306
Copycat,5/30/2026,1,6/6/2026,Pediatrics,quantile,0.45,319
Copycat,5/30/2026,1,6/6/2026,Pediatrics,quantile,0.5,329
Copycat,5/30/2026,1,6/6/2026,Pediatrics,quantile,0.55,339
Copycat,5/30/2026,1,6/6/2026,Pediatrics,quantile,0.6,355
Copycat,5/30/2026,1,6/6/2026,Pediatrics,quantile,0.65,370
Copycat,5/30/2026,1,6/6/2026,Pediatrics,quantile,0.7,388
Copycat,5/30/2026,1,6/6/2026,Pediatrics,quantile,0.75,407
Copycat,5/30/2026,1,6/6/2026,Pediatrics,quantile,0.8,439
Copycat,5/30/2026,1,6/6/2026,Pediatrics,quantile,0.85,466
Copycat,5/30/2026,1,6/6/2026,Pediatrics,quantile,0.9,497
Copycat,5/30/2026,1,6/6/2026,Pediatrics,quantile,0.95,549
Copycat,5/30/2026,1,6/6/2026,Pediatrics,quantile,0.975,585
Copycat,5/30/2026,1,6/6/2026,Pediatrics,quantile,0.99,653
Copycat,5/30/2026,2,6/13/2026,Pediatrics,quantile,0.01,183
Copycat,5/30/2026,2,6/13/2026,Pediatrics,quantile,0.025,198
Copycat,5/30/2026,2,6/13/2026,Pediatrics,quantile,0.05,212
Copycat,5/30/2026,2,6/13/2026,Pediatrics,quantile,0.1,233
Copycat,5/30/2026,2,6/13/2026,Pediatrics,quantile,0.15,247
Copycat,5/30/2026,2,6/13/2026,Pediatrics,quantile,0.2,261
Copycat,5/30/2026,2,6/13/2026,Pediatrics,quantile,0.25,276
Copycat,5/30/2026,2,6/13/2026,Pediatrics,quantile,0.3,290
Copycat,5/30/2026,2,6/13/2026,Pediatrics,quantile,0.35,305
Copycat,5/30/2026,2,6/13/2026,Pediatrics,quantile,0.4,323
Copycat,5/30/2026,2,6/13/2026,Pediatrics,quantile,0.45,337
Copycat,5/30/2026,2,6/13/2026,Pediatrics,quantile,0.5,351
Copycat,5/30/2026,2,6/13/2026,Pediatrics,quantile,0.55,368
Copycat,5/30/2026,2,6/13/2026,Pediatrics,quantile,0.6,384
Copycat,5/30/2026,2,6/13/2026,Pediatrics,quantile,0.65,403
Copycat,5/30/2026,2,6/13/2026,Pediatrics,quantile,0.7,428
Copycat,5/30/2026,2,6/13/2026,Pediatrics,quantile,0.75,450
Copycat,5/30/2026,2,6/13/2026,Pediatrics,quantile,0.8,483
Copycat,5/30/2026,2,6/13/2026,Pediatrics,quantile,0.85,517
Copycat,5/30/2026,2,6/13/2026,Pediatrics,quantile,0.9,561
Copycat,5/30/2026,2,6/13/2026,Pediatrics,quantile,0.95,630
Copycat,5/30/2026,2,6/13/2026,Pediatrics,quantile,0.975,669
Copycat,5/30/2026,2,6/13/2026,Pediatrics,quantile,0.99,742
Copycat,5/30/2026,3,6/20/2026,Pediatrics,quantile,0.01,165
Copycat,5/30/2026,3,6/20/2026,Pediatrics,quantile,0.025,181
Copycat,5/30/2026,3,6/20/2026,Pediatrics,quantile,0.05,199
Copycat,5/30/2026,3,6/20/2026,Pediatrics,quantile,0.1,222
Copycat,5/30/2026,3,6/20/2026,Pediatrics,quantile,0.15,242
Copycat,5/30/2026,3,6/20/2026,Pediatrics,quantile,0.2,256
Copycat,5/30/2026,3,6/20/2026,Pediatrics,quantile,0.25,272
Copycat,5/30/2026,3,6/20/2026,Pediatrics,quantile,0.3,292
Copycat,5/30/2026,3,6/20/2026,Pediatrics,quantile,0.35,308
Copycat,5/30/2026,3,6/20/2026,Pediatrics,quantile,0.4,323
Copycat,5/30/2026,3,6/20/2026,Pediatrics,quantile,0.45,343
Copycat,5/30/2026,3,6/20/2026,Pediatrics,quantile,0.5,362
Copycat,5/30/2026,3,6/20/2026,Pediatrics,quantile,0.55,381
Copycat,5/30/2026,3,6/20/2026,Pediatrics,quantile,0.6,404
Copycat,5/30/2026,3,6/20/2026,Pediatrics,quantile,0.65,423
Copycat,5/30/2026,3,6/20/2026,Pediatrics,quantile,0.7,456
Copycat,5/30/2026,3,6/20/2026,Pediatrics,quantile,0.75,486
Copycat,5/30/2026,3,6/20/2026,Pediatrics,quantile,0.8,516
Copycat,5/30/2026,3,6/20/2026,Pediatrics,quantile,0.85,563
Copycat,5/30/2026,3,6/20/2026,Pediatrics,quantile,0.9,614
Copycat,5/30/2026,3,6/20/2026,Pediatrics,quantile,0.95,694
Copycat,5/30/2026,3,6/20/2026,Pediatrics,quantile,0.975,774
Copycat,5/30/2026,3,6/20/2026,Pediatrics,quantile,0.99,858
newGBQR,5/30/2026,-3,5/9/2026,Adults,quantile,0.01,28
newGBQR,5/30/2026,-3,5/9/2026,Adults,quantile,0.025,65
newGBQR,5/30/2026,-3,5/9/2026,Adults,quantile,0.05,91
newGBQR,5/30/2026,-3,5/9/2026,Adults,quantile,0.1,109
newGBQR,5/30/2026,-3,5/9/2026,Adults,quantile,0.15,120
newGBQR,5/30/2026,-3,5/9/2026,Adults,quantile,0.2,126
newGBQR,5/30/2026,-3,5/9/2026,Adults,quantile,0.25,130
newGBQR,5/30/2026,-3,5/9/2026,Adults,quantile,0.3,132
newGBQR,5/30/2026,-3,5/9/2026,Adults,quantile,0.35,133
newGBQR,5/30/2026,-3,5/9/2026,Adults,quantile,0.4,136
newGBQR,5/30/2026,-3,5/9/2026,Adults,quantile,0.45,138
newGBQR,5/30/2026,-3,5/9/2026,Adults,quantile,0.5,138
newGBQR,5/30/2026,-3,5/9/2026,Adults,quantile,0.55,140
newGBQR,5/30/2026,-3,5/9/2026,Adults,quantile,0.6,142
newGBQR,5/30/2026,-3,5/9/2026,Adults,quantile,0.65,142
newGBQR,5/30/2026,-3,5/9/2026,Adults,quantile,0.7,143
newGBQR,5/30/2026,-3,5/9/2026,Adults,quantile,0.75,144
newGBQR,5/30/2026,-3,5/9/2026,Adults,quantile,0.8,148
newGBQR,5/30/2026,-3,5/9/2026,Adults,quantile,0.85,156
newGBQR,5/30/2026,-3,5/9/2026,Adults,quantile,0.9,176
newGBQR,5/30/2026,-3,5/9/2026,Adults,quantile,0.95,229
newGBQR,5/30/2026,-3,5/9/2026,Adults,quantile,0.975,293
newGBQR,5/30/2026,-3,5/9/2026,Adults,quantile,0.99,396
newGBQR,5/30/2026,-2,5/16/2026,Adults,quantile,0.01,28
newGBQR,5/30/2026,-2,5/16/2026,Adults,quantile,0.025,65
newGBQR,5/30/2026,-2,5/16/2026,Adults,quantile,0.05,91
newGBQR,5/30/2026,-2,5/16/2026,Adults,quantile,0.1,109
newGBQR,5/30/2026,-2,5/16/2026,Adults,quantile,0.15,122
newGBQR,5/30/2026,-2,5/16/2026,Adults,quantile,0.2,131
newGBQR,5/30/2026,-2,5/16/2026,Adults,quantile,0.25,137
newGBQR,5/30/2026,-2,5/16/2026,Adults,quantile,0.3,142
newGBQR,5/30/2026,-2,5/16/2026,Adults,quantile,0.35,146
newGBQR,5/30/2026,-2,5/16/2026,Adults,quantile,0.4,152
newGBQR,5/30/2026,-2,5/16/2026,Adults,quantile,0.45,153
newGBQR,5/30/2026,-2,5/16/2026,Adults,quantile,0.5,160
newGBQR,5/30/2026,-2,5/16/2026,Adults,quantile,0.55,162
newGBQR,5/30/2026,-2,5/16/2026,Adults,quantile,0.6,164
newGBQR,5/30/2026,-2,5/16/2026,Adults,quantile,0.65,166
newGBQR,5/30/2026,-2,5/16/2026,Adults,quantile,0.7,166
newGBQR,5/30/2026,-2,5/16/2026,Adults,quantile,0.75,168
newGBQR,5/30/2026,-2,5/16/2026,Adults,quantile,0.8,168
newGBQR,5/30/2026,-2,5/16/2026,Adults,quantile,0.85,170
newGBQR,5/30/2026,-2,5/16/2026,Adults,quantile,0.9,186
newGBQR,5/30/2026,-2,5/16/2026,Adults,quantile,0.95,231
newGBQR,5/30/2026,-2,5/16/2026,Adults,quantile,0.975,286
newGBQR,5/30/2026,-2,5/16/2026,Adults,quantile,0.99,397
newGBQR,5/30/2026,-1,5/23/2026,Adults,quantile,0.01,28
newGBQR,5/30/2026,-1,5/23/2026,Adults,quantile,0.025,65
newGBQR,5/30/2026,-1,5/23/2026,Adults,quantile,0.05,91
newGBQR,5/30/2026,-1,5/23/2026,Adults,quantile,0.1,110
newGBQR,5/30/2026,-1,5/23/2026,Adults,quantile,0.15,125
newGBQR,5/30/2026,-1,5/23/2026,Adults,quantile,0.2,137
newGBQR,5/30/2026,-1,5/23/2026,Adults,quantile,0.25,148
newGBQR,5/30/2026,-1,5/23/2026,Adults,quantile,0.3,159
newGBQR,5/30/2026,-1,5/23/2026,Adults,quantile,0.35,163
newGBQR,5/30/2026,-1,5/23/2026,Adults,quantile,0.4,174
newGBQR,5/30/2026,-1,5/23/2026,Adults,quantile,0.45,181
newGBQR,5/30/2026,-1,5/23/2026,Adults,quantile,0.5,189
newGBQR,5/30/2026,-1,5/23/2026,Adults,quantile,0.55,203
newGBQR,5/30/2026,-1,5/23/2026,Adults,quantile,0.6,203
newGBQR,5/30/2026,-1,5/23/2026,Adults,quantile,0.65,219
newGBQR,5/30/2026,-1,5/23/2026,Adults,quantile,0.7,225
newGBQR,5/30/2026,-1,5/23/2026,Adults,quantile,0.75,229
newGBQR,5/30/2026,-1,5/23/2026,Adults,quantile,0.8,239
newGBQR,5/30/2026,-1,5/23/2026,Adults,quantile,0.85,243
newGBQR,5/30/2026,-1,5/23/2026,Adults,quantile,0.9,251
newGBQR,5/30/2026,-1,5/23/2026,Adults,quantile,0.95,277
newGBQR,5/30/2026,-1,5/23/2026,Adults,quantile,0.975,304
newGBQR,5/30/2026,-1,5/23/2026,Adults,quantile,0.99,406
newGBQR,5/30/2026,0,5/30/2026,Adults,quantile,0.01,28
newGBQR,5/30/2026,0,5/30/2026,Adults,quantile,0.025,65
newGBQR,5/30/2026,0,5/30/2026,Adults,quantile,0.05,91
newGBQR,5/30/2026,0,5/30/2026,Adults,quantile,0.1,111
newGBQR,5/30/2026,0,5/30/2026,Adults,quantile,0.15,128
newGBQR,5/30/2026,0,5/30/2026,Adults,quantile,0.2,142
newGBQR,5/30/2026,0,5/30/2026,Adults,quantile,0.25,154
newGBQR,5/30/2026,0,5/30/2026,Adults,quantile,0.3,170
newGBQR,5/30/2026,0,5/30/2026,Adults,quantile,0.35,178
newGBQR,5/30/2026,0,5/30/2026,Adults,quantile,0.4,194
newGBQR,5/30/2026,0,5/30/2026,Adults,quantile,0.45,200
newGBQR,5/30/2026,0,5/30/2026,Adults,quantile,0.5,204
newGBQR,5/30/2026,0,5/30/2026,Adults,quantile,0.55,224
newGBQR,5/30/2026,0,5/30/2026,Adults,quantile,0.6,239
newGBQR,5/30/2026,0,5/30/2026,Adults,quantile,0.65,259
newGBQR,5/30/2026,0,5/30/2026,Adults,quantile,0.7,283
newGBQR,5/30/2026,0,5/30/2026,Adults,quantile,0.75,302
newGBQR,5/30/2026,0,5/30/2026,Adults,quantile,0.8,312
newGBQR,5/30/2026,0,5/30/2026,Adults,quantile,0.85,337
newGBQR,5/30/2026,0,5/30/2026,Adults,quantile,0.9,352
newGBQR,5/30/2026,0,5/30/2026,Adults,quantile,0.95,354
newGBQR,5/30/2026,0,5/30/2026,Adults,quantile,0.975,373
newGBQR,5/30/2026,0,5/30/2026,Adults,quantile,0.99,435
newGBQR,5/30/2026,1,6/6/2026,Adults,quantile,0.01,25
newGBQR,5/30/2026,1,6/6/2026,Adults,quantile,0.025,64
newGBQR,5/30/2026,1,6/6/2026,Adults,quantile,0.05,91
newGBQR,5/30/2026,1,6/6/2026,Adults,quantile,0.1,112
newGBQR,5/30/2026,1,6/6/2026,Adults,quantile,0.15,129
newGBQR,5/30/2026,1,6/6/2026,Adults,quantile,0.2,143
newGBQR,5/30/2026,1,6/6/2026,Adults,quantile,0.25,157
newGBQR,5/30/2026,1,6/6/2026,Adults,quantile,0.3,175
newGBQR,5/30/2026,1,6/6/2026,Adults,quantile,0.35,185
newGBQR,5/30/2026,1,6/6/2026,Adults,quantile,0.4,200
newGBQR,5/30/2026,1,6/6/2026,Adults,quantile,0.45,213
newGBQR,5/30/2026,1,6/6/2026,Adults,quantile,0.5,223
newGBQR,5/30/2026,1,6/6/2026,Adults,quantile,0.55,240
newGBQR,5/30/2026,1,6/6/2026,Adults,quantile,0.6,260
newGBQR,5/30/2026,1,6/6/2026,Adults,quantile,0.65,282
newGBQR,5/30/2026,1,6/6/2026,Adults,quantile,0.7,310
newGBQR,5/30/2026,1,6/6/2026,Adults,quantile,0.75,330
newGBQR,5/30/2026,1,6/6/2026,Adults,quantile,0.8,354
newGBQR,5/30/2026,1,6/6/2026,Adults,quantile,0.85,380
newGBQR,5/30/2026,1,6/6/2026,Adults,quantile,0.9,414
newGBQR,5/30/2026,1,6/6/2026,Adults,quantile,0.95,447
newGBQR,5/30/2026,1,6/6/2026,Adults,quantile,0.975,451
newGBQR,5/30/2026,1,6/6/2026,Adults,quantile,0.99,458
newGBQR,5/30/2026,2,6/13/2026,Adults,quantile,0.01,24
newGBQR,5/30/2026,2,6/13/2026,Adults,quantile,0.025,62
newGBQR,5/30/2026,2,6/13/2026,Adults,quantile,0.05,92
newGBQR,5/30/2026,2,6/13/2026,Adults,quantile,0.1,112
newGBQR,5/30/2026,2,6/13/2026,Adults,quantile,0.15,129
newGBQR,5/30/2026,2,6/13/2026,Adults,quantile,0.2,143
newGBQR,5/30/2026,2,6/13/2026,Adults,quantile,0.25,158
newGBQR,5/30/2026,2,6/13/2026,Adults,quantile,0.3,176
newGBQR,5/30/2026,2,6/13/2026,Adults,quantile,0.35,187
newGBQR,5/30/2026,2,6/13/2026,Adults,quantile,0.4,203
newGBQR,5/30/2026,2,6/13/2026,Adults,quantile,0.45,221
newGBQR,5/30/2026,2,6/13/2026,Adults,quantile,0.5,233
newGBQR,5/30/2026,2,6/13/2026,Adults,quantile,0.55,249
newGBQR,5/30/2026,2,6/13/2026,Adults,quantile,0.6,267
newGBQR,5/30/2026,2,6/13/2026,Adults,quantile,0.65,283
newGBQR,5/30/2026,2,6/13/2026,Adults,quantile,0.7,321
newGBQR,5/30/2026,2,6/13/2026,Adults,quantile,0.75,349
newGBQR,5/30/2026,2,6/13/2026,Adults,quantile,0.8,383
newGBQR,5/30/2026,2,6/13/2026,Adults,quantile,0.85,408
newGBQR,5/30/2026,2,6/13/2026,Adults,quantile,0.9,453
newGBQR,5/30/2026,2,6/13/2026,Adults,quantile,0.95,505
newGBQR,5/30/2026,2,6/13/2026,Adults,quantile,0.975,514
newGBQR,5/30/2026,2,6/13/2026,Adults,quantile,0.99,525
newGBQR,5/30/2026,3,6/20/2026,Adults,quantile,0.01,23
newGBQR,5/30/2026,3,6/20/2026,Adults,quantile,0.025,61
newGBQR,5/30/2026,3,6/20/2026,Adults,quantile,0.05,92
newGBQR,5/30/2026,3,6/20/2026,Adults,quantile,0.1,113
newGBQR,5/30/2026,3,6/20/2026,Adults,quantile,0.15,128
newGBQR,5/30/2026,3,6/20/2026,Adults,quantile,0.2,143
newGBQR,5/30/2026,3,6/20/2026,Adults,quantile,0.25,158
newGBQR,5/30/2026,3,6/20/2026,Adults,quantile,0.3,178
newGBQR,5/30/2026,3,6/20/2026,Adults,quantile,0.35,188
newGBQR,5/30/2026,3,6/20/2026,Adults,quantile,0.4,206
newGBQR,5/30/2026,3,6/20/2026,Adults,quantile,0.45,227
newGBQR,5/30/2026,3,6/20/2026,Adults,quantile,0.5,235
newGBQR,5/30/2026,3,6/20/2026,Adults,quantile,0.55,256
newGBQR,5/30/2026,3,6/20/2026,Adults,quantile,0.6,269
newGBQR,5/30/2026,3,6/20/2026,Adults,quantile,0.65,300
newGBQR,5/30/2026,3,6/20/2026,Adults,quantile,0.7,329
newGBQR,5/30/2026,3,6/20/2026,Adults,quantile,0.75,355
newGBQR,5/30/2026,3,6/20/2026,Adults,quantile,0.8,398
newGBQR,5/30/2026,3,6/20/2026,Adults,quantile,0.85,419
newGBQR,5/30/2026,3,6/20/2026,Adults,quantile,0.9,476
newGBQR,5/30/2026,3,6/20/2026,Adults,quantile,0.95,532
newGBQR,5/30/2026,3,6/20/2026,Adults,quantile,0.975,535
newGBQR,5/30/2026,3,6/20/2026,Adults,quantile,0.99,540
newGBQR,5/30/2026,-3,5/9/2026,Overall,quantile,0.01,158
newGBQR,5/30/2026,-3,5/9/2026,Overall,quantile,0.025,222
newGBQR,5/30/2026,-3,5/9/2026,Overall,quantile,0.05,264
newGBQR,5/30/2026,-3,5/9/2026,Overall,quantile,0.1,293
newGBQR,5/30/2026,-3,5/9/2026,Overall,quantile,0.15,312
newGBQR,5/30/2026,-3,5/9/2026,Overall,quantile,0.2,324
newGBQR,5/30/2026,-3,5/9/2026,Overall,quantile,0.25,336
newGBQR,5/30/2026,-3,5/9/2026,Overall,quantile,0.3,344
newGBQR,5/30/2026,-3,5/9/2026,Overall,quantile,0.35,345
newGBQR,5/30/2026,-3,5/9/2026,Overall,quantile,0.4,350
newGBQR,5/30/2026,-3,5/9/2026,Overall,quantile,0.45,360
newGBQR,5/30/2026,-3,5/9/2026,Overall,quantile,0.5,363
newGBQR,5/30/2026,-3,5/9/2026,Overall,quantile,0.55,365
newGBQR,5/30/2026,-3,5/9/2026,Overall,quantile,0.6,375
newGBQR,5/30/2026,-3,5/9/2026,Overall,quantile,0.65,376
newGBQR,5/30/2026,-3,5/9/2026,Overall,quantile,0.7,378
newGBQR,5/30/2026,-3,5/9/2026,Overall,quantile,0.75,380
newGBQR,5/30/2026,-3,5/9/2026,Overall,quantile,0.8,384
newGBQR,5/30/2026,-3,5/9/2026,Overall,quantile,0.85,392
newGBQR,5/30/2026,-3,5/9/2026,Overall,quantile,0.9,429
newGBQR,5/30/2026,-3,5/9/2026,Overall,quantile,0.95,497
newGBQR,5/30/2026,-3,5/9/2026,Overall,quantile,0.975,555
newGBQR,5/30/2026,-3,5/9/2026,Overall,quantile,0.99,719
newGBQR,5/30/2026,-2,5/16/2026,Overall,quantile,0.01,158
newGBQR,5/30/2026,-2,5/16/2026,Overall,quantile,0.025,222
newGBQR,5/30/2026,-2,5/16/2026,Overall,quantile,0.05,263
newGBQR,5/30/2026,-2,5/16/2026,Overall,quantile,0.1,295
newGBQR,5/30/2026,-2,5/16/2026,Overall,quantile,0.15,316
newGBQR,5/30/2026,-2,5/16/2026,Overall,quantile,0.2,331
newGBQR,5/30/2026,-2,5/16/2026,Overall,quantile,0.25,345
newGBQR,5/30/2026,-2,5/16/2026,Overall,quantile,0.3,357
newGBQR,5/30/2026,-2,5/16/2026,Overall,quantile,0.35,365
newGBQR,5/30/2026,-2,5/16/2026,Overall,quantile,0.4,373
newGBQR,5/30/2026,-2,5/16/2026,Overall,quantile,0.45,383
newGBQR,5/30/2026,-2,5/16/2026,Overall,quantile,0.5,395
newGBQR,5/30/2026,-2,5/16/2026,Overall,quantile,0.55,396
newGBQR,5/30/2026,-2,5/16/2026,Overall,quantile,0.6,402
newGBQR,5/30/2026,-2,5/16/2026,Overall,quantile,0.65,404
newGBQR,5/30/2026,-2,5/16/2026,Overall,quantile,0.7,406
newGBQR,5/30/2026,-2,5/16/2026,Overall,quantile,0.75,409
newGBQR,5/30/2026,-2,5/16/2026,Overall,quantile,0.8,410
newGBQR,5/30/2026,-2,5/16/2026,Overall,quantile,0.85,412
newGBQR,5/30/2026,-2,5/16/2026,Overall,quantile,0.9,439
newGBQR,5/30/2026,-2,5/16/2026,Overall,quantile,0.95,500
newGBQR,5/30/2026,-2,5/16/2026,Overall,quantile,0.975,562
newGBQR,5/30/2026,-2,5/16/2026,Overall,quantile,0.99,719
newGBQR,5/30/2026,-1,5/23/2026,Overall,quantile,0.01,158
newGBQR,5/30/2026,-1,5/23/2026,Overall,quantile,0.025,222
newGBQR,5/30/2026,-1,5/23/2026,Overall,quantile,0.05,263
newGBQR,5/30/2026,-1,5/23/2026,Overall,quantile,0.1,296
newGBQR,5/30/2026,-1,5/23/2026,Overall,quantile,0.15,320
newGBQR,5/30/2026,-1,5/23/2026,Overall,quantile,0.2,336
newGBQR,5/30/2026,-1,5/23/2026,Overall,quantile,0.25,351
newGBQR,5/30/2026,-1,5/23/2026,Overall,quantile,0.3,372
newGBQR,5/30/2026,-1,5/23/2026,Overall,quantile,0.35,386
newGBQR,5/30/2026,-1,5/23/2026,Overall,quantile,0.4,402
newGBQR,5/30/2026,-1,5/23/2026,Overall,quantile,0.45,419
newGBQR,5/30/2026,-1,5/23/2026,Overall,quantile,0.5,434
newGBQR,5/30/2026,-1,5/23/2026,Overall,quantile,0.55,443
newGBQR,5/30/2026,-1,5/23/2026,Overall,quantile,0.6,448
newGBQR,5/30/2026,-1,5/23/2026,Overall,quantile,0.65,450
newGBQR,5/30/2026,-1,5/23/2026,Overall,quantile,0.7,458
newGBQR,5/30/2026,-1,5/23/2026,Overall,quantile,0.75,470
newGBQR,5/30/2026,-1,5/23/2026,Overall,quantile,0.8,470
newGBQR,5/30/2026,-1,5/23/2026,Overall,quantile,0.85,473
newGBQR,5/30/2026,-1,5/23/2026,Overall,quantile,0.9,482
newGBQR,5/30/2026,-1,5/23/2026,Overall,quantile,0.95,526
newGBQR,5/30/2026,-1,5/23/2026,Overall,quantile,0.975,580
newGBQR,5/30/2026,-1,5/23/2026,Overall,quantile,0.99,726
newGBQR,5/30/2026,0,5/30/2026,Overall,quantile,0.01,158
newGBQR,5/30/2026,0,5/30/2026,Overall,quantile,0.025,222
newGBQR,5/30/2026,0,5/30/2026,Overall,quantile,0.05,263
newGBQR,5/30/2026,0,5/30/2026,Overall,quantile,0.1,300
newGBQR,5/30/2026,0,5/30/2026,Overall,quantile,0.15,327
newGBQR,5/30/2026,0,5/30/2026,Overall,quantile,0.2,349
newGBQR,5/30/2026,0,5/30/2026,Overall,quantile,0.25,371
newGBQR,5/30/2026,0,5/30/2026,Overall,quantile,0.3,395
newGBQR,5/30/2026,0,5/30/2026,Overall,quantile,0.35,412
newGBQR,5/30/2026,0,5/30/2026,Overall,quantile,0.4,439
newGBQR,5/30/2026,0,5/30/2026,Overall,quantile,0.45,452
newGBQR,5/30/2026,0,5/30/2026,Overall,quantile,0.5,466
newGBQR,5/30/2026,0,5/30/2026,Overall,quantile,0.55,486
newGBQR,5/30/2026,0,5/30/2026,Overall,quantile,0.6,521
newGBQR,5/30/2026,0,5/30/2026,Overall,quantile,0.65,556
newGBQR,5/30/2026,0,5/30/2026,Overall,quantile,0.7,563
newGBQR,5/30/2026,0,5/30/2026,Overall,quantile,0.75,584
newGBQR,5/30/2026,0,5/30/2026,Overall,quantile,0.8,589
newGBQR,5/30/2026,0,5/30/2026,Overall,quantile,0.85,603
newGBQR,5/30/2026,0,5/30/2026,Overall,quantile,0.9,609
newGBQR,5/30/2026,0,5/30/2026,Overall,quantile,0.95,613
newGBQR,5/30/2026,0,5/30/2026,Overall,quantile,0.975,651
newGBQR,5/30/2026,0,5/30/2026,Overall,quantile,0.99,737
newGBQR,5/30/2026,1,6/6/2026,Overall,quantile,0.01,153
newGBQR,5/30/2026,1,6/6/2026,Overall,quantile,0.025,221
newGBQR,5/30/2026,1,6/6/2026,Overall,quantile,0.05,264
newGBQR,5/30/2026,1,6/6/2026,Overall,quantile,0.1,300
newGBQR,5/30/2026,1,6/6/2026,Overall,quantile,0.15,330
newGBQR,5/30/2026,1,6/6/2026,Overall,quantile,0.2,354
newGBQR,5/30/2026,1,6/6/2026,Overall,quantile,0.25,377
newGBQR,5/30/2026,1,6/6/2026,Overall,quantile,0.3,402
newGBQR,5/30/2026,1,6/6/2026,Overall,quantile,0.35,426
newGBQR,5/30/2026,1,6/6/2026,Overall,quantile,0.4,456
newGBQR,5/30/2026,1,6/6/2026,Overall,quantile,0.45,479
newGBQR,5/30/2026,1,6/6/2026,Overall,quantile,0.5,502
newGBQR,5/30/2026,1,6/6/2026,Overall,quantile,0.55,533
newGBQR,5/30/2026,1,6/6/2026,Overall,quantile,0.6,584
newGBQR,5/30/2026,1,6/6/2026,Overall,quantile,0.65,602
newGBQR,5/30/2026,1,6/6/2026,Overall,quantile,0.7,669
newGBQR,5/30/2026,1,6/6/2026,Overall,quantile,0.75,678
newGBQR,5/30/2026,1,6/6/2026,Overall,quantile,0.8,687
newGBQR,5/30/2026,1,6/6/2026,Overall,quantile,0.85,690
newGBQR,5/30/2026,1,6/6/2026,Overall,quantile,0.9,711
newGBQR,5/30/2026,1,6/6/2026,Overall,quantile,0.95,716
newGBQR,5/30/2026,1,6/6/2026,Overall,quantile,0.975,721
newGBQR,5/30/2026,1,6/6/2026,Overall,quantile,0.99,758
newGBQR,5/30/2026,2,6/13/2026,Overall,quantile,0.01,152
newGBQR,5/30/2026,2,6/13/2026,Overall,quantile,0.025,219
newGBQR,5/30/2026,2,6/13/2026,Overall,quantile,0.05,265
newGBQR,5/30/2026,2,6/13/2026,Overall,quantile,0.1,301
newGBQR,5/30/2026,2,6/13/2026,Overall,quantile,0.15,330
newGBQR,5/30/2026,2,6/13/2026,Overall,quantile,0.2,354
newGBQR,5/30/2026,2,6/13/2026,Overall,quantile,0.25,379
newGBQR,5/30/2026,2,6/13/2026,Overall,quantile,0.3,406
newGBQR,5/30/2026,2,6/13/2026,Overall,quantile,0.35,426
newGBQR,5/30/2026,2,6/13/2026,Overall,quantile,0.4,460
newGBQR,5/30/2026,2,6/13/2026,Overall,quantile,0.45,489
newGBQR,5/30/2026,2,6/13/2026,Overall,quantile,0.5,513
newGBQR,5/30/2026,2,6/13/2026,Overall,quantile,0.55,559
newGBQR,5/30/2026,2,6/13/2026,Overall,quantile,0.6,605
newGBQR,5/30/2026,2,6/13/2026,Overall,quantile,0.65,625
newGBQR,5/30/2026,2,6/13/2026,Overall,quantile,0.7,715
newGBQR,5/30/2026,2,6/13/2026,Overall,quantile,0.75,723
newGBQR,5/30/2026,2,6/13/2026,Overall,quantile,0.8,753
newGBQR,5/30/2026,2,6/13/2026,Overall,quantile,0.85,758
newGBQR,5/30/2026,2,6/13/2026,Overall,quantile,0.9,791
newGBQR,5/30/2026,2,6/13/2026,Overall,quantile,0.95,792
newGBQR,5/30/2026,2,6/13/2026,Overall,quantile,0.975,800
newGBQR,5/30/2026,2,6/13/2026,Overall,quantile,0.99,804
newGBQR,5/30/2026,3,6/20/2026,Overall,quantile,0.01,150
newGBQR,5/30/2026,3,6/20/2026,Overall,quantile,0.025,217
newGBQR,5/30/2026,3,6/20/2026,Overall,quantile,0.05,265
newGBQR,5/30/2026,3,6/20/2026,Overall,quantile,0.1,302
newGBQR,5/30/2026,3,6/20/2026,Overall,quantile,0.15,331
newGBQR,5/30/2026,3,6/20/2026,Overall,quantile,0.2,355
newGBQR,5/30/2026,3,6/20/2026,Overall,quantile,0.25,379
newGBQR,5/30/2026,3,6/20/2026,Overall,quantile,0.3,410
newGBQR,5/30/2026,3,6/20/2026,Overall,quantile,0.35,435
newGBQR,5/30/2026,3,6/20/2026,Overall,quantile,0.4,468
newGBQR,5/30/2026,3,6/20/2026,Overall,quantile,0.45,498
newGBQR,5/30/2026,3,6/20/2026,Overall,quantile,0.5,519
newGBQR,5/30/2026,3,6/20/2026,Overall,quantile,0.55,571
newGBQR,5/30/2026,3,6/20/2026,Overall,quantile,0.6,628
newGBQR,5/30/2026,3,6/20/2026,Overall,quantile,0.65,655
newGBQR,5/30/2026,3,6/20/2026,Overall,quantile,0.7,725
newGBQR,5/30/2026,3,6/20/2026,Overall,quantile,0.75,762
newGBQR,5/30/2026,3,6/20/2026,Overall,quantile,0.8,764
newGBQR,5/30/2026,3,6/20/2026,Overall,quantile,0.85,785
newGBQR,5/30/2026,3,6/20/2026,Overall,quantile,0.9,800
newGBQR,5/30/2026,3,6/20/2026,Overall,quantile,0.95,802
newGBQR,5/30/2026,3,6/20/2026,Overall,quantile,0.975,835
newGBQR,5/30/2026,3,6/20/2026,Overall,quantile,0.99,860
newGBQR,5/30/2026,-3,5/9/2026,Pediatrics,quantile,0.01,88
newGBQR,5/30/2026,-3,5/9/2026,Pediatrics,quantile,0.025,131
newGBQR,5/30/2026,-3,5/9/2026,Pediatrics,quantile,0.05,158
newGBQR,5/30/2026,-3,5/9/2026,Pediatrics,quantile,0.1,179
newGBQR,5/30/2026,-3,5/9/2026,Pediatrics,quantile,0.15,195
newGBQR,5/30/2026,-3,5/9/2026,Pediatrics,quantile,0.2,206
newGBQR,5/30/2026,-3,5/9/2026,Pediatrics,quantile,0.25,213
newGBQR,5/30/2026,-3,5/9/2026,Pediatrics,quantile,0.3,217
newGBQR,5/30/2026,-3,5/9/2026,Pediatrics,quantile,0.35,219
newGBQR,5/30/2026,-3,5/9/2026,Pediatrics,quantile,0.4,224
newGBQR,5/30/2026,-3,5/9/2026,Pediatrics,quantile,0.45,226
newGBQR,5/30/2026,-3,5/9/2026,Pediatrics,quantile,0.5,232
newGBQR,5/30/2026,-3,5/9/2026,Pediatrics,quantile,0.55,236
newGBQR,5/30/2026,-3,5/9/2026,Pediatrics,quantile,0.6,240
newGBQR,5/30/2026,-3,5/9/2026,Pediatrics,quantile,0.65,244
newGBQR,5/30/2026,-3,5/9/2026,Pediatrics,quantile,0.7,246
newGBQR,5/30/2026,-3,5/9/2026,Pediatrics,quantile,0.75,247
newGBQR,5/30/2026,-3,5/9/2026,Pediatrics,quantile,0.8,252
newGBQR,5/30/2026,-3,5/9/2026,Pediatrics,quantile,0.85,256
newGBQR,5/30/2026,-3,5/9/2026,Pediatrics,quantile,0.9,280
newGBQR,5/30/2026,-3,5/9/2026,Pediatrics,quantile,0.95,321
newGBQR,5/30/2026,-3,5/9/2026,Pediatrics,quantile,0.975,371
newGBQR,5/30/2026,-3,5/9/2026,Pediatrics,quantile,0.99,437
newGBQR,5/30/2026,-2,5/16/2026,Pediatrics,quantile,0.01,89
newGBQR,5/30/2026,-2,5/16/2026,Pediatrics,quantile,0.025,131
newGBQR,5/30/2026,-2,5/16/2026,Pediatrics,quantile,0.05,156
newGBQR,5/30/2026,-2,5/16/2026,Pediatrics,quantile,0.1,177
newGBQR,5/30/2026,-2,5/16/2026,Pediatrics,quantile,0.15,198
newGBQR,5/30/2026,-2,5/16/2026,Pediatrics,quantile,0.2,210
newGBQR,5/30/2026,-2,5/16/2026,Pediatrics,quantile,0.25,221
newGBQR,5/30/2026,-2,5/16/2026,Pediatrics,quantile,0.3,225
newGBQR,5/30/2026,-2,5/16/2026,Pediatrics,quantile,0.35,233
newGBQR,5/30/2026,-2,5/16/2026,Pediatrics,quantile,0.4,241
newGBQR,5/30/2026,-2,5/16/2026,Pediatrics,quantile,0.45,249
newGBQR,5/30/2026,-2,5/16/2026,Pediatrics,quantile,0.5,260
newGBQR,5/30/2026,-2,5/16/2026,Pediatrics,quantile,0.55,266
newGBQR,5/30/2026,-2,5/16/2026,Pediatrics,quantile,0.6,276
newGBQR,5/30/2026,-2,5/16/2026,Pediatrics,quantile,0.65,282
newGBQR,5/30/2026,-2,5/16/2026,Pediatrics,quantile,0.7,287
newGBQR,5/30/2026,-2,5/16/2026,Pediatrics,quantile,0.75,294
newGBQR,5/30/2026,-2,5/16/2026,Pediatrics,quantile,0.8,298
newGBQR,5/30/2026,-2,5/16/2026,Pediatrics,quantile,0.85,305
newGBQR,5/30/2026,-2,5/16/2026,Pediatrics,quantile,0.9,313
newGBQR,5/30/2026,-2,5/16/2026,Pediatrics,quantile,0.95,334
newGBQR,5/30/2026,-2,5/16/2026,Pediatrics,quantile,0.975,372
newGBQR,5/30/2026,-2,5/16/2026,Pediatrics,quantile,0.99,438
newGBQR,5/30/2026,-1,5/23/2026,Pediatrics,quantile,0.01,89
newGBQR,5/30/2026,-1,5/23/2026,Pediatrics,quantile,0.025,131
newGBQR,5/30/2026,-1,5/23/2026,Pediatrics,quantile,0.05,155
newGBQR,5/30/2026,-1,5/23/2026,Pediatrics,quantile,0.1,178
newGBQR,5/30/2026,-1,5/23/2026,Pediatrics,quantile,0.15,197
newGBQR,5/30/2026,-1,5/23/2026,Pediatrics,quantile,0.2,212
newGBQR,5/30/2026,-1,5/23/2026,Pediatrics,quantile,0.25,226
newGBQR,5/30/2026,-1,5/23/2026,Pediatrics,quantile,0.3,232
newGBQR,5/30/2026,-1,5/23/2026,Pediatrics,quantile,0.35,244
newGBQR,5/30/2026,-1,5/23/2026,Pediatrics,quantile,0.4,254
newGBQR,5/30/2026,-1,5/23/2026,Pediatrics,quantile,0.45,265
newGBQR,5/30/2026,-1,5/23/2026,Pediatrics,quantile,0.5,281
newGBQR,5/30/2026,-1,5/23/2026,Pediatrics,quantile,0.55,292
newGBQR,5/30/2026,-1,5/23/2026,Pediatrics,quantile,0.6,307
newGBQR,5/30/2026,-1,5/23/2026,Pediatrics,quantile,0.65,321
newGBQR,5/30/2026,-1,5/23/2026,Pediatrics,quantile,0.7,334
newGBQR,5/30/2026,-1,5/23/2026,Pediatrics,quantile,0.75,347
newGBQR,5/30/2026,-1,5/23/2026,Pediatrics,quantile,0.8,351
newGBQR,5/30/2026,-1,5/23/2026,Pediatrics,quantile,0.85,368
newGBQR,5/30/2026,-1,5/23/2026,Pediatrics,quantile,0.9,380
newGBQR,5/30/2026,-1,5/23/2026,Pediatrics,quantile,0.95,387
newGBQR,5/30/2026,-1,5/23/2026,Pediatrics,quantile,0.975,417
newGBQR,5/30/2026,-1,5/23/2026,Pediatrics,quantile,0.99,450
newGBQR,5/30/2026,0,5/30/2026,Pediatrics,quantile,0.01,89
newGBQR,5/30/2026,0,5/30/2026,Pediatrics,quantile,0.025,130
newGBQR,5/30/2026,0,5/30/2026,Pediatrics,quantile,0.05,154
newGBQR,5/30/2026,0,5/30/2026,Pediatrics,quantile,0.1,179
newGBQR,5/30/2026,0,5/30/2026,Pediatrics,quantile,0.15,199
newGBQR,5/30/2026,0,5/30/2026,Pediatrics,quantile,0.2,214
newGBQR,5/30/2026,0,5/30/2026,Pediatrics,quantile,0.25,227
newGBQR,5/30/2026,0,5/30/2026,Pediatrics,quantile,0.3,237
newGBQR,5/30/2026,0,5/30/2026,Pediatrics,quantile,0.35,250
newGBQR,5/30/2026,0,5/30/2026,Pediatrics,quantile,0.4,265
newGBQR,5/30/2026,0,5/30/2026,Pediatrics,quantile,0.45,279
newGBQR,5/30/2026,0,5/30/2026,Pediatrics,quantile,0.5,300
newGBQR,5/30/2026,0,5/30/2026,Pediatrics,quantile,0.55,317
newGBQR,5/30/2026,0,5/30/2026,Pediatrics,quantile,0.6,335
newGBQR,5/30/2026,0,5/30/2026,Pediatrics,quantile,0.65,352
newGBQR,5/30/2026,0,5/30/2026,Pediatrics,quantile,0.7,364
newGBQR,5/30/2026,0,5/30/2026,Pediatrics,quantile,0.75,380
newGBQR,5/30/2026,0,5/30/2026,Pediatrics,quantile,0.8,391
newGBQR,5/30/2026,0,5/30/2026,Pediatrics,quantile,0.85,422
newGBQR,5/30/2026,0,5/30/2026,Pediatrics,quantile,0.9,452
newGBQR,5/30/2026,0,5/30/2026,Pediatrics,quantile,0.95,455
newGBQR,5/30/2026,0,5/30/2026,Pediatrics,quantile,0.975,475
newGBQR,5/30/2026,0,5/30/2026,Pediatrics,quantile,0.99,484
newGBQR,5/30/2026,1,6/6/2026,Pediatrics,quantile,0.01,85
newGBQR,5/30/2026,1,6/6/2026,Pediatrics,quantile,0.025,128
newGBQR,5/30/2026,1,6/6/2026,Pediatrics,quantile,0.05,154
newGBQR,5/30/2026,1,6/6/2026,Pediatrics,quantile,0.1,180
newGBQR,5/30/2026,1,6/6/2026,Pediatrics,quantile,0.15,200
newGBQR,5/30/2026,1,6/6/2026,Pediatrics,quantile,0.2,215
newGBQR,5/30/2026,1,6/6/2026,Pediatrics,quantile,0.25,229
newGBQR,5/30/2026,1,6/6/2026,Pediatrics,quantile,0.3,240
newGBQR,5/30/2026,1,6/6/2026,Pediatrics,quantile,0.35,254
newGBQR,5/30/2026,1,6/6/2026,Pediatrics,quantile,0.4,270
newGBQR,5/30/2026,1,6/6/2026,Pediatrics,quantile,0.45,285
newGBQR,5/30/2026,1,6/6/2026,Pediatrics,quantile,0.5,308
newGBQR,5/30/2026,1,6/6/2026,Pediatrics,quantile,0.55,331
newGBQR,5/30/2026,1,6/6/2026,Pediatrics,quantile,0.6,348
newGBQR,5/30/2026,1,6/6/2026,Pediatrics,quantile,0.65,373
newGBQR,5/30/2026,1,6/6/2026,Pediatrics,quantile,0.7,396
newGBQR,5/30/2026,1,6/6/2026,Pediatrics,quantile,0.75,413
newGBQR,5/30/2026,1,6/6/2026,Pediatrics,quantile,0.8,423
newGBQR,5/30/2026,1,6/6/2026,Pediatrics,quantile,0.85,450
newGBQR,5/30/2026,1,6/6/2026,Pediatrics,quantile,0.9,475
newGBQR,5/30/2026,1,6/6/2026,Pediatrics,quantile,0.95,483
newGBQR,5/30/2026,1,6/6/2026,Pediatrics,quantile,0.975,495
newGBQR,5/30/2026,1,6/6/2026,Pediatrics,quantile,0.99,498
newGBQR,5/30/2026,2,6/13/2026,Pediatrics,quantile,0.01,84
newGBQR,5/30/2026,2,6/13/2026,Pediatrics,quantile,0.025,127
newGBQR,5/30/2026,2,6/13/2026,Pediatrics,quantile,0.05,155
newGBQR,5/30/2026,2,6/13/2026,Pediatrics,quantile,0.1,180
newGBQR,5/30/2026,2,6/13/2026,Pediatrics,quantile,0.15,200
newGBQR,5/30/2026,2,6/13/2026,Pediatrics,quantile,0.2,215
newGBQR,5/30/2026,2,6/13/2026,Pediatrics,quantile,0.25,230
newGBQR,5/30/2026,2,6/13/2026,Pediatrics,quantile,0.3,243
newGBQR,5/30/2026,2,6/13/2026,Pediatrics,quantile,0.35,255
newGBQR,5/30/2026,2,6/13/2026,Pediatrics,quantile,0.4,270
newGBQR,5/30/2026,2,6/13/2026,Pediatrics,quantile,0.45,288
newGBQR,5/30/2026,2,6/13/2026,Pediatrics,quantile,0.5,312
newGBQR,5/30/2026,2,6/13/2026,Pediatrics,quantile,0.55,335
newGBQR,5/30/2026,2,6/13/2026,Pediatrics,quantile,0.6,354
newGBQR,5/30/2026,2,6/13/2026,Pediatrics,quantile,0.65,382
newGBQR,5/30/2026,2,6/13/2026,Pediatrics,quantile,0.7,398
newGBQR,5/30/2026,2,6/13/2026,Pediatrics,quantile,0.75,430
newGBQR,5/30/2026,2,6/13/2026,Pediatrics,quantile,0.8,443
newGBQR,5/30/2026,2,6/13/2026,Pediatrics,quantile,0.85,469
newGBQR,5/30/2026,2,6/13/2026,Pediatrics,quantile,0.9,483
newGBQR,5/30/2026,2,6/13/2026,Pediatrics,quantile,0.95,491
newGBQR,5/30/2026,2,6/13/2026,Pediatrics,quantile,0.975,494
newGBQR,5/30/2026,2,6/13/2026,Pediatrics,quantile,0.99,511
newGBQR,5/30/2026,3,6/20/2026,Pediatrics,quantile,0.01,82
newGBQR,5/30/2026,3,6/20/2026,Pediatrics,quantile,0.025,127
newGBQR,5/30/2026,3,6/20/2026,Pediatrics,quantile,0.05,155
newGBQR,5/30/2026,3,6/20/2026,Pediatrics,quantile,0.1,180
newGBQR,5/30/2026,3,6/20/2026,Pediatrics,quantile,0.15,200
newGBQR,5/30/2026,3,6/20/2026,Pediatrics,quantile,0.2,214
newGBQR,5/30/2026,3,6/20/2026,Pediatrics,quantile,0.25,230
newGBQR,5/30/2026,3,6/20/2026,Pediatrics,quantile,0.3,243
newGBQR,5/30/2026,3,6/20/2026,Pediatrics,quantile,0.35,259
newGBQR,5/30/2026,3,6/20/2026,Pediatrics,quantile,0.4,275
newGBQR,5/30/2026,3,6/20/2026,Pediatrics,quantile,0.45,295
newGBQR,5/30/2026,3,6/20/2026,Pediatrics,quantile,0.5,314
newGBQR,5/30/2026,3,6/20/2026,Pediatrics,quantile,0.55,337
newGBQR,5/30/2026,3,6/20/2026,Pediatrics,quantile,0.6,355
newGBQR,5/30/2026,3,6/20/2026,Pediatrics,quantile,0.65,383
newGBQR,5/30/2026,3,6/20/2026,Pediatrics,quantile,0.7,404
newGBQR,5/30/2026,3,6/20/2026,Pediatrics,quantile,0.75,433
newGBQR,5/30/2026,3,6/20/2026,Pediatrics,quantile,0.8,442
newGBQR,5/30/2026,3,6/20/2026,Pediatrics,quantile,0.85,473
newGBQR,5/30/2026,3,6/20/2026,Pediatrics,quantile,0.9,478
newGBQR,5/30/2026,3,6/20/2026,Pediatrics,quantile,0.95,492
newGBQR,5/30/2026,3,6/20/2026,Pediatrics,quantile,0.975,493
newGBQR,5/30/2026,3,6/20/2026,Pediatrics,quantile,0.99,506
Ensemble,5/30/2026,-3,5/9/2026,Adults,quantile,0.01,79
Ensemble,5/30/2026,-3,5/9/2026,Adults,quantile,0.025,85
Ensemble,5/30/2026,-3,5/9/2026,Adults,quantile,0.05,92
Ensemble,5/30/2026,-3,5/9/2026,Adults,quantile,0.1,101
Ensemble,5/30/2026,-3,5/9/2026,Adults,quantile,0.15,104
Ensemble,5/30/2026,-3,5/9/2026,Adults,quantile,0.2,108
Ensemble,5/30/2026,-3,5/9/2026,Adults,quantile,0.25,111
Ensemble,5/30/2026,-3,5/9/2026,Adults,quantile,0.3,114
Ensemble,5/30/2026,-3,5/9/2026,Adults,quantile,0.35,117
Ensemble,5/30/2026,-3,5/9/2026,Adults,quantile,0.4,120
Ensemble,5/30/2026,-3,5/9/2026,Adults,quantile,0.45,123
Ensemble,5/30/2026,-3,5/9/2026,Adults,quantile,0.5,126
Ensemble,5/30/2026,-3,5/9/2026,Adults,quantile,0.55,130
Ensemble,5/30/2026,-3,5/9/2026,Adults,quantile,0.6,133
Ensemble,5/30/2026,-3,5/9/2026,Adults,quantile,0.65,136
Ensemble,5/30/2026,-3,5/9/2026,Adults,quantile,0.7,140
Ensemble,5/30/2026,-3,5/9/2026,Adults,quantile,0.75,143
Ensemble,5/30/2026,-3,5/9/2026,Adults,quantile,0.8,147
Ensemble,5/30/2026,-3,5/9/2026,Adults,quantile,0.85,153
Ensemble,5/30/2026,-3,5/9/2026,Adults,quantile,0.9,160
Ensemble,5/30/2026,-3,5/9/2026,Adults,quantile,0.95,171
Ensemble,5/30/2026,-3,5/9/2026,Adults,quantile,0.975,180
Ensemble,5/30/2026,-3,5/9/2026,Adults,quantile,0.99,193
Ensemble,5/30/2026,-3,5/9/2026,Overall,quantile,0.01,241
Ensemble,5/30/2026,-3,5/9/2026,Overall,quantile,0.025,256
Ensemble,5/30/2026,-3,5/9/2026,Overall,quantile,0.05,267
Ensemble,5/30/2026,-3,5/9/2026,Overall,quantile,0.1,290
Ensemble,5/30/2026,-3,5/9/2026,Overall,quantile,0.15,298
Ensemble,5/30/2026,-3,5/9/2026,Overall,quantile,0.2,302
Ensemble,5/30/2026,-3,5/9/2026,Overall,quantile,0.25,307
Ensemble,5/30/2026,-3,5/9/2026,Overall,quantile,0.3,314
Ensemble,5/30/2026,-3,5/9/2026,Overall,quantile,0.35,321
Ensemble,5/30/2026,-3,5/9/2026,Overall,quantile,0.4,327
Ensemble,5/30/2026,-3,5/9/2026,Overall,quantile,0.45,333
Ensemble,5/30/2026,-3,5/9/2026,Overall,quantile,0.5,339
Ensemble,5/30/2026,-3,5/9/2026,Overall,quantile,0.55,345
Ensemble,5/30/2026,-3,5/9/2026,Overall,quantile,0.6,350
Ensemble,5/30/2026,-3,5/9/2026,Overall,quantile,0.65,357
Ensemble,5/30/2026,-3,5/9/2026,Overall,quantile,0.7,365
Ensemble,5/30/2026,-3,5/9/2026,Overall,quantile,0.75,373
Ensemble,5/30/2026,-3,5/9/2026,Overall,quantile,0.8,381
Ensemble,5/30/2026,-3,5/9/2026,Overall,quantile,0.85,392
Ensemble,5/30/2026,-3,5/9/2026,Overall,quantile,0.9,404
Ensemble,5/30/2026,-3,5/9/2026,Overall,quantile,0.95,423
Ensemble,5/30/2026,-3,5/9/2026,Overall,quantile,0.975,444
Ensemble,5/30/2026,-3,5/9/2026,Overall,quantile,0.99,467
Ensemble,5/30/2026,-3,5/9/2026,Pediatrics,quantile,0.01,139
Ensemble,5/30/2026,-3,5/9/2026,Pediatrics,quantile,0.025,150
Ensemble,5/30/2026,-3,5/9/2026,Pediatrics,quantile,0.05,158
Ensemble,5/30/2026,-3,5/9/2026,Pediatrics,quantile,0.1,179
Ensemble,5/30/2026,-3,5/9/2026,Pediatrics,quantile,0.15,189
Ensemble,5/30/2026,-3,5/9/2026,Pediatrics,quantile,0.2,193
Ensemble,5/30/2026,-3,5/9/2026,Pediatrics,quantile,0.25,197
Ensemble,5/30/2026,-3,5/9/2026,Pediatrics,quantile,0.3,199
Ensemble,5/30/2026,-3,5/9/2026,Pediatrics,quantile,0.35,202
Ensemble,5/30/2026,-3,5/9/2026,Pediatrics,quantile,0.4,205
Ensemble,5/30/2026,-3,5/9/2026,Pediatrics,quantile,0.45,208
Ensemble,5/30/2026,-3,5/9/2026,Pediatrics,quantile,0.5,211
Ensemble,5/30/2026,-3,5/9/2026,Pediatrics,quantile,0.55,215
Ensemble,5/30/2026,-3,5/9/2026,Pediatrics,quantile,0.6,220
Ensemble,5/30/2026,-3,5/9/2026,Pediatrics,quantile,0.65,225
Ensemble,5/30/2026,-3,5/9/2026,Pediatrics,quantile,0.7,230
Ensemble,5/30/2026,-3,5/9/2026,Pediatrics,quantile,0.75,236
Ensemble,5/30/2026,-3,5/9/2026,Pediatrics,quantile,0.8,243
Ensemble,5/30/2026,-3,5/9/2026,Pediatrics,quantile,0.85,251
Ensemble,5/30/2026,-3,5/9/2026,Pediatrics,quantile,0.9,262
Ensemble,5/30/2026,-3,5/9/2026,Pediatrics,quantile,0.95,277
Ensemble,5/30/2026,-3,5/9/2026,Pediatrics,quantile,0.975,291
Ensemble,5/30/2026,-3,5/9/2026,Pediatrics,quantile,0.99,309
Ensemble,5/30/2026,-2,5/16/2026,Adults,quantile,0.01,85
Ensemble,5/30/2026,-2,5/16/2026,Adults,quantile,0.025,94
Ensemble,5/30/2026,-2,5/16/2026,Adults,quantile,0.05,100
Ensemble,5/30/2026,-2,5/16/2026,Adults,quantile,0.1,110
Ensemble,5/30/2026,-2,5/16/2026,Adults,quantile,0.15,116
Ensemble,5/30/2026,-2,5/16/2026,Adults,quantile,0.2,122
Ensemble,5/30/2026,-2,5/16/2026,Adults,quantile,0.25,127
Ensemble,5/30/2026,-2,5/16/2026,Adults,quantile,0.3,131
Ensemble,5/30/2026,-2,5/16/2026,Adults,quantile,0.35,135
Ensemble,5/30/2026,-2,5/16/2026,Adults,quantile,0.4,139
Ensemble,5/30/2026,-2,5/16/2026,Adults,quantile,0.45,144
Ensemble,5/30/2026,-2,5/16/2026,Adults,quantile,0.5,148
Ensemble,5/30/2026,-2,5/16/2026,Adults,quantile,0.55,153
Ensemble,5/30/2026,-2,5/16/2026,Adults,quantile,0.6,158
Ensemble,5/30/2026,-2,5/16/2026,Adults,quantile,0.65,163
Ensemble,5/30/2026,-2,5/16/2026,Adults,quantile,0.7,166
Ensemble,5/30/2026,-2,5/16/2026,Adults,quantile,0.75,168
Ensemble,5/30/2026,-2,5/16/2026,Adults,quantile,0.8,168
Ensemble,5/30/2026,-2,5/16/2026,Adults,quantile,0.85,170
Ensemble,5/30/2026,-2,5/16/2026,Adults,quantile,0.9,186
Ensemble,5/30/2026,-2,5/16/2026,Adults,quantile,0.95,216
Ensemble,5/30/2026,-2,5/16/2026,Adults,quantile,0.975,230
Ensemble,5/30/2026,-2,5/16/2026,Adults,quantile,0.99,249
Ensemble,5/30/2026,-2,5/16/2026,Overall,quantile,0.01,258
Ensemble,5/30/2026,-2,5/16/2026,Overall,quantile,0.025,274
Ensemble,5/30/2026,-2,5/16/2026,Overall,quantile,0.05,291
Ensemble,5/30/2026,-2,5/16/2026,Overall,quantile,0.1,313
Ensemble,5/30/2026,-2,5/16/2026,Overall,quantile,0.15,320
Ensemble,5/30/2026,-2,5/16/2026,Overall,quantile,0.2,331
Ensemble,5/30/2026,-2,5/16/2026,Overall,quantile,0.25,345
Ensemble,5/30/2026,-2,5/16/2026,Overall,quantile,0.3,357
Ensemble,5/30/2026,-2,5/16/2026,Overall,quantile,0.35,365
Ensemble,5/30/2026,-2,5/16/2026,Overall,quantile,0.4,373
Ensemble,5/30/2026,-2,5/16/2026,Overall,quantile,0.45,383
Ensemble,5/30/2026,-2,5/16/2026,Overall,quantile,0.5,395
Ensemble,5/30/2026,-2,5/16/2026,Overall,quantile,0.55,396
Ensemble,5/30/2026,-2,5/16/2026,Overall,quantile,0.6,402
Ensemble,5/30/2026,-2,5/16/2026,Overall,quantile,0.65,404
Ensemble,5/30/2026,-2,5/16/2026,Overall,quantile,0.7,406
Ensemble,5/30/2026,-2,5/16/2026,Overall,quantile,0.75,415
Ensemble,5/30/2026,-2,5/16/2026,Overall,quantile,0.8,425
Ensemble,5/30/2026,-2,5/16/2026,Overall,quantile,0.85,439
Ensemble,5/30/2026,-2,5/16/2026,Overall,quantile,0.9,454
Ensemble,5/30/2026,-2,5/16/2026,Overall,quantile,0.95,500
Ensemble,5/30/2026,-2,5/16/2026,Overall,quantile,0.975,562
Ensemble,5/30/2026,-2,5/16/2026,Overall,quantile,0.99,606
Ensemble,5/30/2026,-2,5/16/2026,Pediatrics,quantile,0.01,145
Ensemble,5/30/2026,-2,5/16/2026,Pediatrics,quantile,0.025,158
Ensemble,5/30/2026,-2,5/16/2026,Pediatrics,quantile,0.05,169
Ensemble,5/30/2026,-2,5/16/2026,Pediatrics,quantile,0.1,185
Ensemble,5/30/2026,-2,5/16/2026,Pediatrics,quantile,0.15,198
Ensemble,5/30/2026,-2,5/16/2026,Pediatrics,quantile,0.2,210
Ensemble,5/30/2026,-2,5/16/2026,Pediatrics,quantile,0.25,215
Ensemble,5/30/2026,-2,5/16/2026,Pediatrics,quantile,0.3,220
Ensemble,5/30/2026,-2,5/16/2026,Pediatrics,quantile,0.35,225
Ensemble,5/30/2026,-2,5/16/2026,Pediatrics,quantile,0.4,231
Ensemble,5/30/2026,-2,5/16/2026,Pediatrics,quantile,0.45,238
Ensemble,5/30/2026,-2,5/16/2026,Pediatrics,quantile,0.5,245
Ensemble,5/30/2026,-2,5/16/2026,Pediatrics,quantile,0.55,253
Ensemble,5/30/2026,-2,5/16/2026,Pediatrics,quantile,0.6,260
Ensemble,5/30/2026,-2,5/16/2026,Pediatrics,quantile,0.65,267
Ensemble,5/30/2026,-2,5/16/2026,Pediatrics,quantile,0.7,276
Ensemble,5/30/2026,-2,5/16/2026,Pediatrics,quantile,0.75,286
Ensemble,5/30/2026,-2,5/16/2026,Pediatrics,quantile,0.8,295
Ensemble,5/30/2026,-2,5/16/2026,Pediatrics,quantile,0.85,305
Ensemble,5/30/2026,-2,5/16/2026,Pediatrics,quantile,0.9,313
Ensemble,5/30/2026,-2,5/16/2026,Pediatrics,quantile,0.95,334
Ensemble,5/30/2026,-2,5/16/2026,Pediatrics,quantile,0.975,372
Ensemble,5/30/2026,-2,5/16/2026,Pediatrics,quantile,0.99,406
Ensemble,5/30/2026,-1,5/23/2026,Adults,quantile,0.01,94
Ensemble,5/30/2026,-1,5/23/2026,Adults,quantile,0.025,104
Ensemble,5/30/2026,-1,5/23/2026,Adults,quantile,0.05,109
Ensemble,5/30/2026,-1,5/23/2026,Adults,quantile,0.1,118
Ensemble,5/30/2026,-1,5/23/2026,Adults,quantile,0.15,125
Ensemble,5/30/2026,-1,5/23/2026,Adults,quantile,0.2,137
Ensemble,5/30/2026,-1,5/23/2026,Adults,quantile,0.25,148
Ensemble,5/30/2026,-1,5/23/2026,Adults,quantile,0.3,155
Ensemble,5/30/2026,-1,5/23/2026,Adults,quantile,0.35,162
Ensemble,5/30/2026,-1,5/23/2026,Adults,quantile,0.4,168
Ensemble,5/30/2026,-1,5/23/2026,Adults,quantile,0.45,174
Ensemble,5/30/2026,-1,5/23/2026,Adults,quantile,0.5,179
Ensemble,5/30/2026,-1,5/23/2026,Adults,quantile,0.55,186
Ensemble,5/30/2026,-1,5/23/2026,Adults,quantile,0.6,192
Ensemble,5/30/2026,-1,5/23/2026,Adults,quantile,0.65,199
Ensemble,5/30/2026,-1,5/23/2026,Adults,quantile,0.7,207
Ensemble,5/30/2026,-1,5/23/2026,Adults,quantile,0.75,215
Ensemble,5/30/2026,-1,5/23/2026,Adults,quantile,0.8,225
Ensemble,5/30/2026,-1,5/23/2026,Adults,quantile,0.85,236
Ensemble,5/30/2026,-1,5/23/2026,Adults,quantile,0.9,251
Ensemble,5/30/2026,-1,5/23/2026,Adults,quantile,0.95,277
Ensemble,5/30/2026,-1,5/23/2026,Adults,quantile,0.975,302
Ensemble,5/30/2026,-1,5/23/2026,Adults,quantile,0.99,338
Ensemble,5/30/2026,-1,5/23/2026,Overall,quantile,0.01,284
Ensemble,5/30/2026,-1,5/23/2026,Overall,quantile,0.025,300
Ensemble,5/30/2026,-1,5/23/2026,Overall,quantile,0.05,318
Ensemble,5/30/2026,-1,5/23/2026,Overall,quantile,0.1,336
Ensemble,5/30/2026,-1,5/23/2026,Overall,quantile,0.15,349
Ensemble,5/30/2026,-1,5/23/2026,Overall,quantile,0.2,363
Ensemble,5/30/2026,-1,5/23/2026,Overall,quantile,0.25,374
Ensemble,5/30/2026,-1,5/23/2026,Overall,quantile,0.3,385
Ensemble,5/30/2026,-1,5/23/2026,Overall,quantile,0.35,395
Ensemble,5/30/2026,-1,5/23/2026,Overall,quantile,0.4,405
Ensemble,5/30/2026,-1,5/23/2026,Overall,quantile,0.45,419
Ensemble,5/30/2026,-1,5/23/2026,Overall,quantile,0.5,434
Ensemble,5/30/2026,-1,5/23/2026,Overall,quantile,0.55,443
Ensemble,5/30/2026,-1,5/23/2026,Overall,quantile,0.6,448
Ensemble,5/30/2026,-1,5/23/2026,Overall,quantile,0.65,457
Ensemble,5/30/2026,-1,5/23/2026,Overall,quantile,0.7,470
Ensemble,5/30/2026,-1,5/23/2026,Overall,quantile,0.75,483
Ensemble,5/30/2026,-1,5/23/2026,Overall,quantile,0.8,499
Ensemble,5/30/2026,-1,5/23/2026,Overall,quantile,0.85,523
Ensemble,5/30/2026,-1,5/23/2026,Overall,quantile,0.9,557
Ensemble,5/30/2026,-1,5/23/2026,Overall,quantile,0.95,604
Ensemble,5/30/2026,-1,5/23/2026,Overall,quantile,0.975,633
Ensemble,5/30/2026,-1,5/23/2026,Overall,quantile,0.99,726
Ensemble,5/30/2026,-1,5/23/2026,Pediatrics,quantile,0.01,157
Ensemble,5/30/2026,-1,5/23/2026,Pediatrics,quantile,0.025,175
Ensemble,5/30/2026,-1,5/23/2026,Pediatrics,quantile,0.05,189
Ensemble,5/30/2026,-1,5/23/2026,Pediatrics,quantile,0.1,207
Ensemble,5/30/2026,-1,5/23/2026,Pediatrics,quantile,0.15,221
Ensemble,5/30/2026,-1,5/23/2026,Pediatrics,quantile,0.2,228
Ensemble,5/30/2026,-1,5/23/2026,Pediatrics,quantile,0.25,236
Ensemble,5/30/2026,-1,5/23/2026,Pediatrics,quantile,0.3,244
Ensemble,5/30/2026,-1,5/23/2026,Pediatrics,quantile,0.35,250
Ensemble,5/30/2026,-1,5/23/2026,Pediatrics,quantile,0.4,255
Ensemble,5/30/2026,-1,5/23/2026,Pediatrics,quantile,0.45,265
Ensemble,5/30/2026,-1,5/23/2026,Pediatrics,quantile,0.5,281
Ensemble,5/30/2026,-1,5/23/2026,Pediatrics,quantile,0.55,292
Ensemble,5/30/2026,-1,5/23/2026,Pediatrics,quantile,0.6,307
Ensemble,5/30/2026,-1,5/23/2026,Pediatrics,quantile,0.65,321
Ensemble,5/30/2026,-1,5/23/2026,Pediatrics,quantile,0.7,333
Ensemble,5/30/2026,-1,5/23/2026,Pediatrics,quantile,0.75,347
Ensemble,5/30/2026,-1,5/23/2026,Pediatrics,quantile,0.8,351
Ensemble,5/30/2026,-1,5/23/2026,Pediatrics,quantile,0.85,368
Ensemble,5/30/2026,-1,5/23/2026,Pediatrics,quantile,0.9,380
Ensemble,5/30/2026,-1,5/23/2026,Pediatrics,quantile,0.95,387
Ensemble,5/30/2026,-1,5/23/2026,Pediatrics,quantile,0.975,417
Ensemble,5/30/2026,-1,5/23/2026,Pediatrics,quantile,0.99,450
Ensemble,5/30/2026,0,5/30/2026,Adults,quantile,0.01,97
Ensemble,5/30/2026,0,5/30/2026,Adults,quantile,0.025,108
Ensemble,5/30/2026,0,5/30/2026,Adults,quantile,0.05,116
Ensemble,5/30/2026,0,5/30/2026,Adults,quantile,0.1,126
Ensemble,5/30/2026,0,5/30/2026,Adults,quantile,0.15,132
Ensemble,5/30/2026,0,5/30/2026,Adults,quantile,0.2,142
Ensemble,5/30/2026,0,5/30/2026,Adults,quantile,0.25,154
Ensemble,5/30/2026,0,5/30/2026,Adults,quantile,0.3,170
Ensemble,5/30/2026,0,5/30/2026,Adults,quantile,0.35,178
Ensemble,5/30/2026,0,5/30/2026,Adults,quantile,0.4,194
Ensemble,5/30/2026,0,5/30/2026,Adults,quantile,0.45,200
Ensemble,5/30/2026,0,5/30/2026,Adults,quantile,0.5,204
Ensemble,5/30/2026,0,5/30/2026,Adults,quantile,0.55,224
Ensemble,5/30/2026,0,5/30/2026,Adults,quantile,0.6,231
Ensemble,5/30/2026,0,5/30/2026,Adults,quantile,0.65,241
Ensemble,5/30/2026,0,5/30/2026,Adults,quantile,0.7,252
Ensemble,5/30/2026,0,5/30/2026,Adults,quantile,0.75,263
Ensemble,5/30/2026,0,5/30/2026,Adults,quantile,0.8,276
Ensemble,5/30/2026,0,5/30/2026,Adults,quantile,0.85,293
Ensemble,5/30/2026,0,5/30/2026,Adults,quantile,0.9,314
Ensemble,5/30/2026,0,5/30/2026,Adults,quantile,0.95,351
Ensemble,5/30/2026,0,5/30/2026,Adults,quantile,0.975,373
Ensemble,5/30/2026,0,5/30/2026,Adults,quantile,0.99,435
Ensemble,5/30/2026,0,5/30/2026,Overall,quantile,0.01,286
Ensemble,5/30/2026,0,5/30/2026,Overall,quantile,0.025,313
Ensemble,5/30/2026,0,5/30/2026,Overall,quantile,0.05,331
Ensemble,5/30/2026,0,5/30/2026,Overall,quantile,0.1,362
Ensemble,5/30/2026,0,5/30/2026,Overall,quantile,0.15,379
Ensemble,5/30/2026,0,5/30/2026,Overall,quantile,0.2,393
Ensemble,5/30/2026,0,5/30/2026,Overall,quantile,0.25,406
Ensemble,5/30/2026,0,5/30/2026,Overall,quantile,0.3,418
Ensemble,5/30/2026,0,5/30/2026,Overall,quantile,0.35,435
Ensemble,5/30/2026,0,5/30/2026,Overall,quantile,0.4,451
Ensemble,5/30/2026,0,5/30/2026,Overall,quantile,0.45,468
Ensemble,5/30/2026,0,5/30/2026,Overall,quantile,0.5,480
Ensemble,5/30/2026,0,5/30/2026,Overall,quantile,0.55,490
Ensemble,5/30/2026,0,5/30/2026,Overall,quantile,0.6,521
Ensemble,5/30/2026,0,5/30/2026,Overall,quantile,0.65,556
Ensemble,5/30/2026,0,5/30/2026,Overall,quantile,0.7,563
Ensemble,5/30/2026,0,5/30/2026,Overall,quantile,0.75,584
Ensemble,5/30/2026,0,5/30/2026,Overall,quantile,0.8,596
Ensemble,5/30/2026,0,5/30/2026,Overall,quantile,0.85,623
Ensemble,5/30/2026,0,5/30/2026,Overall,quantile,0.9,668
Ensemble,5/30/2026,0,5/30/2026,Overall,quantile,0.95,739
Ensemble,5/30/2026,0,5/30/2026,Overall,quantile,0.975,772
Ensemble,5/30/2026,0,5/30/2026,Overall,quantile,0.99,830
Ensemble,5/30/2026,0,5/30/2026,Pediatrics,quantile,0.01,176
Ensemble,5/30/2026,0,5/30/2026,Pediatrics,quantile,0.025,195
Ensemble,5/30/2026,0,5/30/2026,Pediatrics,quantile,0.05,212
Ensemble,5/30/2026,0,5/30/2026,Pediatrics,quantile,0.1,222
Ensemble,5/30/2026,0,5/30/2026,Pediatrics,quantile,0.15,234
Ensemble,5/30/2026,0,5/30/2026,Pediatrics,quantile,0.2,244
Ensemble,5/30/2026,0,5/30/2026,Pediatrics,quantile,0.25,253
Ensemble,5/30/2026,0,5/30/2026,Pediatrics,quantile,0.3,265
Ensemble,5/30/2026,0,5/30/2026,Pediatrics,quantile,0.35,273
Ensemble,5/30/2026,0,5/30/2026,Pediatrics,quantile,0.4,282
Ensemble,5/30/2026,0,5/30/2026,Pediatrics,quantile,0.45,290
Ensemble,5/30/2026,0,5/30/2026,Pediatrics,quantile,0.5,300
Ensemble,5/30/2026,0,5/30/2026,Pediatrics,quantile,0.55,317
Ensemble,5/30/2026,0,5/30/2026,Pediatrics,quantile,0.6,335
Ensemble,5/30/2026,0,5/30/2026,Pediatrics,quantile,0.65,352
Ensemble,5/30/2026,0,5/30/2026,Pediatrics,quantile,0.7,364
Ensemble,5/30/2026,0,5/30/2026,Pediatrics,quantile,0.75,380
Ensemble,5/30/2026,0,5/30/2026,Pediatrics,quantile,0.8,391
Ensemble,5/30/2026,0,5/30/2026,Pediatrics,quantile,0.85,422
Ensemble,5/30/2026,0,5/30/2026,Pediatrics,quantile,0.9,452
Ensemble,5/30/2026,0,5/30/2026,Pediatrics,quantile,0.95,472
Ensemble,5/30/2026,0,5/30/2026,Pediatrics,quantile,0.975,506
Ensemble,5/30/2026,0,5/30/2026,Pediatrics,quantile,0.99,534
Ensemble,5/30/2026,1,6/6/2026,Adults,quantile,0.01,101
Ensemble,5/30/2026,1,6/6/2026,Adults,quantile,0.025,111
Ensemble,5/30/2026,1,6/6/2026,Adults,quantile,0.05,118
Ensemble,5/30/2026,1,6/6/2026,Adults,quantile,0.1,133
Ensemble,5/30/2026,1,6/6/2026,Adults,quantile,0.15,140
Ensemble,5/30/2026,1,6/6/2026,Adults,quantile,0.2,148
Ensemble,5/30/2026,1,6/6/2026,Adults,quantile,0.25,157
Ensemble,5/30/2026,1,6/6/2026,Adults,quantile,0.3,175
Ensemble,5/30/2026,1,6/6/2026,Adults,quantile,0.35,185
Ensemble,5/30/2026,1,6/6/2026,Adults,quantile,0.4,200
Ensemble,5/30/2026,1,6/6/2026,Adults,quantile,0.45,213
Ensemble,5/30/2026,1,6/6/2026,Adults,quantile,0.5,223
Ensemble,5/30/2026,1,6/6/2026,Adults,quantile,0.55,240
Ensemble,5/30/2026,1,6/6/2026,Adults,quantile,0.6,260
Ensemble,5/30/2026,1,6/6/2026,Adults,quantile,0.65,282
Ensemble,5/30/2026,1,6/6/2026,Adults,quantile,0.7,301
Ensemble,5/30/2026,1,6/6/2026,Adults,quantile,0.75,316
Ensemble,5/30/2026,1,6/6/2026,Adults,quantile,0.8,333
Ensemble,5/30/2026,1,6/6/2026,Adults,quantile,0.85,354
Ensemble,5/30/2026,1,6/6/2026,Adults,quantile,0.9,381
Ensemble,5/30/2026,1,6/6/2026,Adults,quantile,0.95,430
Ensemble,5/30/2026,1,6/6/2026,Adults,quantile,0.975,451
Ensemble,5/30/2026,1,6/6/2026,Adults,quantile,0.99,458
Ensemble,5/30/2026,1,6/6/2026,Overall,quantile,0.01,295
Ensemble,5/30/2026,1,6/6/2026,Overall,quantile,0.025,318
Ensemble,5/30/2026,1,6/6/2026,Overall,quantile,0.05,351
Ensemble,5/30/2026,1,6/6/2026,Overall,quantile,0.1,377
Ensemble,5/30/2026,1,6/6/2026,Overall,quantile,0.15,397
Ensemble,5/30/2026,1,6/6/2026,Overall,quantile,0.2,419
Ensemble,5/30/2026,1,6/6/2026,Overall,quantile,0.25,436
Ensemble,5/30/2026,1,6/6/2026,Overall,quantile,0.3,457
Ensemble,5/30/2026,1,6/6/2026,Overall,quantile,0.35,473
Ensemble,5/30/2026,1,6/6/2026,Overall,quantile,0.4,491
Ensemble,5/30/2026,1,6/6/2026,Overall,quantile,0.45,507
Ensemble,5/30/2026,1,6/6/2026,Overall,quantile,0.5,526
Ensemble,5/30/2026,1,6/6/2026,Overall,quantile,0.55,546
Ensemble,5/30/2026,1,6/6/2026,Overall,quantile,0.6,584
Ensemble,5/30/2026,1,6/6/2026,Overall,quantile,0.65,602
Ensemble,5/30/2026,1,6/6/2026,Overall,quantile,0.7,669
Ensemble,5/30/2026,1,6/6/2026,Overall,quantile,0.75,678
Ensemble,5/30/2026,1,6/6/2026,Overall,quantile,0.8,687
Ensemble,5/30/2026,1,6/6/2026,Overall,quantile,0.85,727
Ensemble,5/30/2026,1,6/6/2026,Overall,quantile,0.9,778
Ensemble,5/30/2026,1,6/6/2026,Overall,quantile,0.95,849
Ensemble,5/30/2026,1,6/6/2026,Overall,quantile,0.975,914
Ensemble,5/30/2026,1,6/6/2026,Overall,quantile,0.99,972
Ensemble,5/30/2026,1,6/6/2026,Pediatrics,quantile,0.01,184
Ensemble,5/30/2026,1,6/6/2026,Pediatrics,quantile,0.025,200
Ensemble,5/30/2026,1,6/6/2026,Pediatrics,quantile,0.05,213
Ensemble,5/30/2026,1,6/6/2026,Pediatrics,quantile,0.1,233
Ensemble,5/30/2026,1,6/6/2026,Pediatrics,quantile,0.15,247
Ensemble,5/30/2026,1,6/6/2026,Pediatrics,quantile,0.2,256
Ensemble,5/30/2026,1,6/6/2026,Pediatrics,quantile,0.25,269
Ensemble,5/30/2026,1,6/6/2026,Pediatrics,quantile,0.3,281
Ensemble,5/30/2026,1,6/6/2026,Pediatrics,quantile,0.35,295
Ensemble,5/30/2026,1,6/6/2026,Pediatrics,quantile,0.4,306
Ensemble,5/30/2026,1,6/6/2026,Pediatrics,quantile,0.45,319
Ensemble,5/30/2026,1,6/6/2026,Pediatrics,quantile,0.5,329
Ensemble,5/30/2026,1,6/6/2026,Pediatrics,quantile,0.55,339
Ensemble,5/30/2026,1,6/6/2026,Pediatrics,quantile,0.6,355
Ensemble,5/30/2026,1,6/6/2026,Pediatrics,quantile,0.65,373
Ensemble,5/30/2026,1,6/6/2026,Pediatrics,quantile,0.7,396
Ensemble,5/30/2026,1,6/6/2026,Pediatrics,quantile,0.75,413
Ensemble,5/30/2026,1,6/6/2026,Pediatrics,quantile,0.8,439
Ensemble,5/30/2026,1,6/6/2026,Pediatrics,quantile,0.85,466
Ensemble,5/30/2026,1,6/6/2026,Pediatrics,quantile,0.9,497
Ensemble,5/30/2026,1,6/6/2026,Pediatrics,quantile,0.95,549
Ensemble,5/30/2026,1,6/6/2026,Pediatrics,quantile,0.975,585
Ensemble,5/30/2026,1,6/6/2026,Pediatrics,quantile,0.99,653
Ensemble,5/30/2026,2,6/13/2026,Adults,quantile,0.01,102
Ensemble,5/30/2026,2,6/13/2026,Adults,quantile,0.025,113
Ensemble,5/30/2026,2,6/13/2026,Adults,quantile,0.05,120
Ensemble,5/30/2026,2,6/13/2026,Adults,quantile,0.1,132
Ensemble,5/30/2026,2,6/13/2026,Adults,quantile,0.15,145
Ensemble,5/30/2026,2,6/13/2026,Adults,quantile,0.2,155
Ensemble,5/30/2026,2,6/13/2026,Adults,quantile,0.25,161
Ensemble,5/30/2026,2,6/13/2026,Adults,quantile,0.3,176
Ensemble,5/30/2026,2,6/13/2026,Adults,quantile,0.35,187
Ensemble,5/30/2026,2,6/13/2026,Adults,quantile,0.4,203
Ensemble,5/30/2026,2,6/13/2026,Adults,quantile,0.45,221
Ensemble,5/30/2026,2,6/13/2026,Adults,quantile,0.5,233
Ensemble,5/30/2026,2,6/13/2026,Adults,quantile,0.55,249
Ensemble,5/30/2026,2,6/13/2026,Adults,quantile,0.6,267
Ensemble,5/30/2026,2,6/13/2026,Adults,quantile,0.65,283
Ensemble,5/30/2026,2,6/13/2026,Adults,quantile,0.7,321
Ensemble,5/30/2026,2,6/13/2026,Adults,quantile,0.75,349
Ensemble,5/30/2026,2,6/13/2026,Adults,quantile,0.8,383
Ensemble,5/30/2026,2,6/13/2026,Adults,quantile,0.85,408
Ensemble,5/30/2026,2,6/13/2026,Adults,quantile,0.9,447
Ensemble,5/30/2026,2,6/13/2026,Adults,quantile,0.95,505
Ensemble,5/30/2026,2,6/13/2026,Adults,quantile,0.975,514
Ensemble,5/30/2026,2,6/13/2026,Adults,quantile,0.99,525
Ensemble,5/30/2026,2,6/13/2026,Overall,quantile,0.01,274
Ensemble,5/30/2026,2,6/13/2026,Overall,quantile,0.025,317
Ensemble,5/30/2026,2,6/13/2026,Overall,quantile,0.05,342
Ensemble,5/30/2026,2,6/13/2026,Overall,quantile,0.1,383
Ensemble,5/30/2026,2,6/13/2026,Overall,quantile,0.15,412
Ensemble,5/30/2026,2,6/13/2026,Overall,quantile,0.2,440
Ensemble,5/30/2026,2,6/13/2026,Overall,quantile,0.25,453
Ensemble,5/30/2026,2,6/13/2026,Overall,quantile,0.3,479
Ensemble,5/30/2026,2,6/13/2026,Overall,quantile,0.35,499
Ensemble,5/30/2026,2,6/13/2026,Overall,quantile,0.4,525
Ensemble,5/30/2026,2,6/13/2026,Overall,quantile,0.45,546
Ensemble,5/30/2026,2,6/13/2026,Overall,quantile,0.5,568
Ensemble,5/30/2026,2,6/13/2026,Overall,quantile,0.55,590
Ensemble,5/30/2026,2,6/13/2026,Overall,quantile,0.6,611
Ensemble,5/30/2026,2,6/13/2026,Overall,quantile,0.65,638
Ensemble,5/30/2026,2,6/13/2026,Overall,quantile,0.7,715
Ensemble,5/30/2026,2,6/13/2026,Overall,quantile,0.75,723
Ensemble,5/30/2026,2,6/13/2026,Overall,quantile,0.8,753
Ensemble,5/30/2026,2,6/13/2026,Overall,quantile,0.85,808
Ensemble,5/30/2026,2,6/13/2026,Overall,quantile,0.9,885
Ensemble,5/30/2026,2,6/13/2026,Overall,quantile,0.95,992
Ensemble,5/30/2026,2,6/13/2026,Overall,quantile,0.975,1079
Ensemble,5/30/2026,2,6/13/2026,Overall,quantile,0.99,1236
Ensemble,5/30/2026,2,6/13/2026,Pediatrics,quantile,0.01,183
Ensemble,5/30/2026,2,6/13/2026,Pediatrics,quantile,0.025,198
Ensemble,5/30/2026,2,6/13/2026,Pediatrics,quantile,0.05,212
Ensemble,5/30/2026,2,6/13/2026,Pediatrics,quantile,0.1,233
Ensemble,5/30/2026,2,6/13/2026,Pediatrics,quantile,0.15,247
Ensemble,5/30/2026,2,6/13/2026,Pediatrics,quantile,0.2,261
Ensemble,5/30/2026,2,6/13/2026,Pediatrics,quantile,0.25,276
Ensemble,5/30/2026,2,6/13/2026,Pediatrics,quantile,0.3,290
Ensemble,5/30/2026,2,6/13/2026,Pediatrics,quantile,0.35,305
Ensemble,5/30/2026,2,6/13/2026,Pediatrics,quantile,0.4,323
Ensemble,5/30/2026,2,6/13/2026,Pediatrics,quantile,0.45,337
Ensemble,5/30/2026,2,6/13/2026,Pediatrics,quantile,0.5,351
Ensemble,5/30/2026,2,6/13/2026,Pediatrics,quantile,0.55,368
Ensemble,5/30/2026,2,6/13/2026,Pediatrics,quantile,0.6,384
Ensemble,5/30/2026,2,6/13/2026,Pediatrics,quantile,0.65,403
Ensemble,5/30/2026,2,6/13/2026,Pediatrics,quantile,0.7,428
Ensemble,5/30/2026,2,6/13/2026,Pediatrics,quantile,0.75,450
Ensemble,5/30/2026,2,6/13/2026,Pediatrics,quantile,0.8,483
Ensemble,5/30/2026,2,6/13/2026,Pediatrics,quantile,0.85,517
Ensemble,5/30/2026,2,6/13/2026,Pediatrics,quantile,0.9,561
Ensemble,5/30/2026,2,6/13/2026,Pediatrics,quantile,0.95,630
Ensemble,5/30/2026,2,6/13/2026,Pediatrics,quantile,0.975,669
Ensemble,5/30/2026,2,6/13/2026,Pediatrics,quantile,0.99,742
Ensemble,5/30/2026,3,6/20/2026,Adults,quantile,0.01,97
Ensemble,5/30/2026,3,6/20/2026,Adults,quantile,0.025,107
Ensemble,5/30/2026,3,6/20/2026,Adults,quantile,0.05,116
Ensemble,5/30/2026,3,6/20/2026,Adults,quantile,0.1,131
Ensemble,5/30/2026,3,6/20/2026,Adults,quantile,0.15,143
Ensemble,5/30/2026,3,6/20/2026,Adults,quantile,0.2,152
Ensemble,5/30/2026,3,6/20/2026,Adults,quantile,0.25,163
Ensemble,5/30/2026,3,6/20/2026,Adults,quantile,0.3,178
Ensemble,5/30/2026,3,6/20/2026,Adults,quantile,0.35,188
Ensemble,5/30/2026,3,6/20/2026,Adults,quantile,0.4,206
Ensemble,5/30/2026,3,6/20/2026,Adults,quantile,0.45,227
Ensemble,5/30/2026,3,6/20/2026,Adults,quantile,0.5,235
Ensemble,5/30/2026,3,6/20/2026,Adults,quantile,0.55,256
Ensemble,5/30/2026,3,6/20/2026,Adults,quantile,0.6,269
Ensemble,5/30/2026,3,6/20/2026,Adults,quantile,0.65,300
Ensemble,5/30/2026,3,6/20/2026,Adults,quantile,0.7,329
Ensemble,5/30/2026,3,6/20/2026,Adults,quantile,0.75,355
Ensemble,5/30/2026,3,6/20/2026,Adults,quantile,0.8,398
Ensemble,5/30/2026,3,6/20/2026,Adults,quantile,0.85,419
Ensemble,5/30/2026,3,6/20/2026,Adults,quantile,0.9,469
Ensemble,5/30/2026,3,6/20/2026,Adults,quantile,0.95,530
Ensemble,5/30/2026,3,6/20/2026,Adults,quantile,0.975,535
Ensemble,5/30/2026,3,6/20/2026,Adults,quantile,0.99,540
Ensemble,5/30/2026,3,6/20/2026,Overall,quantile,0.01,269
Ensemble,5/30/2026,3,6/20/2026,Overall,quantile,0.025,303
Ensemble,5/30/2026,3,6/20/2026,Overall,quantile,0.05,347
Ensemble,5/30/2026,3,6/20/2026,Overall,quantile,0.1,375
Ensemble,5/30/2026,3,6/20/2026,Overall,quantile,0.15,404
Ensemble,5/30/2026,3,6/20/2026,Overall,quantile,0.2,432
Ensemble,5/30/2026,3,6/20/2026,Overall,quantile,0.25,457
Ensemble,5/30/2026,3,6/20/2026,Overall,quantile,0.3,483
Ensemble,5/30/2026,3,6/20/2026,Overall,quantile,0.35,514
Ensemble,5/30/2026,3,6/20/2026,Overall,quantile,0.4,541
Ensemble,5/30/2026,3,6/20/2026,Overall,quantile,0.45,568
Ensemble,5/30/2026,3,6/20/2026,Overall,quantile,0.5,590
Ensemble,5/30/2026,3,6/20/2026,Overall,quantile,0.55,622
Ensemble,5/30/2026,3,6/20/2026,Overall,quantile,0.6,652
Ensemble,5/30/2026,3,6/20/2026,Overall,quantile,0.65,689
Ensemble,5/30/2026,3,6/20/2026,Overall,quantile,0.7,725
Ensemble,5/30/2026,3,6/20/2026,Overall,quantile,0.75,762
Ensemble,5/30/2026,3,6/20/2026,Overall,quantile,0.8,806
Ensemble,5/30/2026,3,6/20/2026,Overall,quantile,0.85,874
Ensemble,5/30/2026,3,6/20/2026,Overall,quantile,0.9,959
Ensemble,5/30/2026,3,6/20/2026,Overall,quantile,0.95,1113
Ensemble,5/30/2026,3,6/20/2026,Overall,quantile,0.975,1236
Ensemble,5/30/2026,3,6/20/2026,Overall,quantile,0.99,1361
Ensemble,5/30/2026,3,6/20/2026,Pediatrics,quantile,0.01,165
Ensemble,5/30/2026,3,6/20/2026,Pediatrics,quantile,0.025,181
Ensemble,5/30/2026,3,6/20/2026,Pediatrics,quantile,0.05,199
Ensemble,5/30/2026,3,6/20/2026,Pediatrics,quantile,0.1,222
Ensemble,5/30/2026,3,6/20/2026,Pediatrics,quantile,0.15,242
Ensemble,5/30/2026,3,6/20/2026,Pediatrics,quantile,0.2,256
Ensemble,5/30/2026,3,6/20/2026,Pediatrics,quantile,0.25,272
Ensemble,5/30/2026,3,6/20/2026,Pediatrics,quantile,0.3,292
Ensemble,5/30/2026,3,6/20/2026,Pediatrics,quantile,0.35,308
Ensemble,5/30/2026,3,6/20/2026,Pediatrics,quantile,0.4,323
Ensemble,5/30/2026,3,6/20/2026,Pediatrics,quantile,0.45,343
Ensemble,5/30/2026,3,6/20/2026,Pediatrics,quantile,0.5,362
Ensemble,5/30/2026,3,6/20/2026,Pediatrics,quantile,0.55,381
Ensemble,5/30/2026,3,6/20/2026,Pediatrics,quantile,0.6,404
Ensemble,5/30/2026,3,6/20/2026,Pediatrics,quantile,0.65,423
Ensemble,5/30/2026,3,6/20/2026,Pediatrics,quantile,0.7,456
Ensemble,5/30/2026,3,6/20/2026,Pediatrics,quantile,0.75,486
Ensemble,5/30/2026,3,6/20/2026,Pediatrics,quantile,0.8,516
Ensemble,5/30/2026,3,6/20/2026,Pediatrics,quantile,0.85,563
Ensemble,5/30/2026,3,6/20/2026,Pediatrics,quantile,0.9,614
Ensemble,5/30/2026,3,6/20/2026,Pediatrics,quantile,0.95,694
Ensemble,5/30/2026,3,6/20/2026,Pediatrics,quantile,0.975,774
Ensemble,5/30/2026,3,6/20/2026,Pediatrics,quantile,0.99,858
