"model","reference_date","horizon","target_end_date","target_group","output_type","output_type_id","value"
"Regular Baseline","2026-08-15",-8,"2026-06-20","Adults","quantile","0.01",42
"Regular Baseline","2026-08-15",-8,"2026-06-20","Adults","quantile","0.025",51
"Regular Baseline","2026-08-15",-8,"2026-06-20","Adults","quantile","0.05",62
"Regular Baseline","2026-08-15",-8,"2026-06-20","Adults","quantile","0.1",72
"Regular Baseline","2026-08-15",-8,"2026-06-20","Adults","quantile","0.15",76
"Regular Baseline","2026-08-15",-8,"2026-06-20","Adults","quantile","0.2",82
"Regular Baseline","2026-08-15",-8,"2026-06-20","Adults","quantile","0.25",87
"Regular Baseline","2026-08-15",-8,"2026-06-20","Adults","quantile","0.3",90
"Regular Baseline","2026-08-15",-8,"2026-06-20","Adults","quantile","0.35",93
"Regular Baseline","2026-08-15",-8,"2026-06-20","Adults","quantile","0.4",97
"Regular Baseline","2026-08-15",-8,"2026-06-20","Adults","quantile","0.45",99
"Regular Baseline","2026-08-15",-8,"2026-06-20","Adults","quantile","0.5",102
"Regular Baseline","2026-08-15",-8,"2026-06-20","Adults","quantile","0.55",105
"Regular Baseline","2026-08-15",-8,"2026-06-20","Adults","quantile","0.6",108
"Regular Baseline","2026-08-15",-8,"2026-06-20","Adults","quantile","0.65",111
"Regular Baseline","2026-08-15",-8,"2026-06-20","Adults","quantile","0.7",115
"Regular Baseline","2026-08-15",-8,"2026-06-20","Adults","quantile","0.75",118
"Regular Baseline","2026-08-15",-8,"2026-06-20","Adults","quantile","0.8",124
"Regular Baseline","2026-08-15",-8,"2026-06-20","Adults","quantile","0.85",131
"Regular Baseline","2026-08-15",-8,"2026-06-20","Adults","quantile","0.9",137
"Regular Baseline","2026-08-15",-8,"2026-06-20","Adults","quantile","0.95",151
"Regular Baseline","2026-08-15",-8,"2026-06-20","Adults","quantile","0.975",170
"Regular Baseline","2026-08-15",-8,"2026-06-20","Adults","quantile","0.99",189
"Regular Baseline","2026-08-15",-7,"2026-06-27","Adults","quantile","0.01",25
"Regular Baseline","2026-08-15",-7,"2026-06-27","Adults","quantile","0.025",37
"Regular Baseline","2026-08-15",-7,"2026-06-27","Adults","quantile","0.05",47
"Regular Baseline","2026-08-15",-7,"2026-06-27","Adults","quantile","0.1",59
"Regular Baseline","2026-08-15",-7,"2026-06-27","Adults","quantile","0.15",67
"Regular Baseline","2026-08-15",-7,"2026-06-27","Adults","quantile","0.2",73
"Regular Baseline","2026-08-15",-7,"2026-06-27","Adults","quantile","0.25",79
"Regular Baseline","2026-08-15",-7,"2026-06-27","Adults","quantile","0.3",84
"Regular Baseline","2026-08-15",-7,"2026-06-27","Adults","quantile","0.35",88
"Regular Baseline","2026-08-15",-7,"2026-06-27","Adults","quantile","0.4",93
"Regular Baseline","2026-08-15",-7,"2026-06-27","Adults","quantile","0.45",97
"Regular Baseline","2026-08-15",-7,"2026-06-27","Adults","quantile","0.5",102
"Regular Baseline","2026-08-15",-7,"2026-06-27","Adults","quantile","0.55",106
"Regular Baseline","2026-08-15",-7,"2026-06-27","Adults","quantile","0.6",111
"Regular Baseline","2026-08-15",-7,"2026-06-27","Adults","quantile","0.65",116
"Regular Baseline","2026-08-15",-7,"2026-06-27","Adults","quantile","0.7",122
"Regular Baseline","2026-08-15",-7,"2026-06-27","Adults","quantile","0.75",128
"Regular Baseline","2026-08-15",-7,"2026-06-27","Adults","quantile","0.8",135
"Regular Baseline","2026-08-15",-7,"2026-06-27","Adults","quantile","0.85",144
"Regular Baseline","2026-08-15",-7,"2026-06-27","Adults","quantile","0.9",156
"Regular Baseline","2026-08-15",-7,"2026-06-27","Adults","quantile","0.95",177
"Regular Baseline","2026-08-15",-7,"2026-06-27","Adults","quantile","0.975",199
"Regular Baseline","2026-08-15",-7,"2026-06-27","Adults","quantile","0.99",235
"Regular Baseline","2026-08-15",-6,"2026-07-04","Adults","quantile","0.01",16
"Regular Baseline","2026-08-15",-6,"2026-07-04","Adults","quantile","0.025",27
"Regular Baseline","2026-08-15",-6,"2026-07-04","Adults","quantile","0.05",38
"Regular Baseline","2026-08-15",-6,"2026-07-04","Adults","quantile","0.1",50
"Regular Baseline","2026-08-15",-6,"2026-07-04","Adults","quantile","0.15",59
"Regular Baseline","2026-08-15",-6,"2026-07-04","Adults","quantile","0.2",66
"Regular Baseline","2026-08-15",-6,"2026-07-04","Adults","quantile","0.25",73
"Regular Baseline","2026-08-15",-6,"2026-07-04","Adults","quantile","0.3",79
"Regular Baseline","2026-08-15",-6,"2026-07-04","Adults","quantile","0.35",85
"Regular Baseline","2026-08-15",-6,"2026-07-04","Adults","quantile","0.4",91
"Regular Baseline","2026-08-15",-6,"2026-07-04","Adults","quantile","0.45",96
"Regular Baseline","2026-08-15",-6,"2026-07-04","Adults","quantile","0.5",102
"Regular Baseline","2026-08-15",-6,"2026-07-04","Adults","quantile","0.55",108
"Regular Baseline","2026-08-15",-6,"2026-07-04","Adults","quantile","0.6",114
"Regular Baseline","2026-08-15",-6,"2026-07-04","Adults","quantile","0.65",121
"Regular Baseline","2026-08-15",-6,"2026-07-04","Adults","quantile","0.7",129
"Regular Baseline","2026-08-15",-6,"2026-07-04","Adults","quantile","0.75",137
"Regular Baseline","2026-08-15",-6,"2026-07-04","Adults","quantile","0.8",146
"Regular Baseline","2026-08-15",-6,"2026-07-04","Adults","quantile","0.85",158
"Regular Baseline","2026-08-15",-6,"2026-07-04","Adults","quantile","0.9",173
"Regular Baseline","2026-08-15",-6,"2026-07-04","Adults","quantile","0.95",201
"Regular Baseline","2026-08-15",-6,"2026-07-04","Adults","quantile","0.975",227
"Regular Baseline","2026-08-15",-6,"2026-07-04","Adults","quantile","0.99",271
"Regular Baseline","2026-08-15",-5,"2026-07-11","Adults","quantile","0.01",9
"Regular Baseline","2026-08-15",-5,"2026-07-11","Adults","quantile","0.025",20
"Regular Baseline","2026-08-15",-5,"2026-07-11","Adults","quantile","0.05",29
"Regular Baseline","2026-08-15",-5,"2026-07-11","Adults","quantile","0.1",43
"Regular Baseline","2026-08-15",-5,"2026-07-11","Adults","quantile","0.15",53
"Regular Baseline","2026-08-15",-5,"2026-07-11","Adults","quantile","0.2",61
"Regular Baseline","2026-08-15",-5,"2026-07-11","Adults","quantile","0.25",69
"Regular Baseline","2026-08-15",-5,"2026-07-11","Adults","quantile","0.3",76
"Regular Baseline","2026-08-15",-5,"2026-07-11","Adults","quantile","0.35",82
"Regular Baseline","2026-08-15",-5,"2026-07-11","Adults","quantile","0.4",89
"Regular Baseline","2026-08-15",-5,"2026-07-11","Adults","quantile","0.45",95
"Regular Baseline","2026-08-15",-5,"2026-07-11","Adults","quantile","0.5",102
"Regular Baseline","2026-08-15",-5,"2026-07-11","Adults","quantile","0.55",108
"Regular Baseline","2026-08-15",-5,"2026-07-11","Adults","quantile","0.6",116
"Regular Baseline","2026-08-15",-5,"2026-07-11","Adults","quantile","0.65",123
"Regular Baseline","2026-08-15",-5,"2026-07-11","Adults","quantile","0.7",132
"Regular Baseline","2026-08-15",-5,"2026-07-11","Adults","quantile","0.75",142
"Regular Baseline","2026-08-15",-5,"2026-07-11","Adults","quantile","0.8",153
"Regular Baseline","2026-08-15",-5,"2026-07-11","Adults","quantile","0.85",167
"Regular Baseline","2026-08-15",-5,"2026-07-11","Adults","quantile","0.9",186
"Regular Baseline","2026-08-15",-5,"2026-07-11","Adults","quantile","0.95",216
"Regular Baseline","2026-08-15",-5,"2026-07-11","Adults","quantile","0.975",246
"Regular Baseline","2026-08-15",-5,"2026-07-11","Adults","quantile","0.99",288
"Regular Baseline","2026-08-15",-4,"2026-07-18","Adults","quantile","0.01",5
"Regular Baseline","2026-08-15",-4,"2026-07-18","Adults","quantile","0.025",13
"Regular Baseline","2026-08-15",-4,"2026-07-18","Adults","quantile","0.05",23
"Regular Baseline","2026-08-15",-4,"2026-07-18","Adults","quantile","0.1",38
"Regular Baseline","2026-08-15",-4,"2026-07-18","Adults","quantile","0.15",48
"Regular Baseline","2026-08-15",-4,"2026-07-18","Adults","quantile","0.2",56
"Regular Baseline","2026-08-15",-4,"2026-07-18","Adults","quantile","0.25",64
"Regular Baseline","2026-08-15",-4,"2026-07-18","Adults","quantile","0.3",72
"Regular Baseline","2026-08-15",-4,"2026-07-18","Adults","quantile","0.35",79
"Regular Baseline","2026-08-15",-4,"2026-07-18","Adults","quantile","0.4",87
"Regular Baseline","2026-08-15",-4,"2026-07-18","Adults","quantile","0.45",94
"Regular Baseline","2026-08-15",-4,"2026-07-18","Adults","quantile","0.5",102
"Regular Baseline","2026-08-15",-4,"2026-07-18","Adults","quantile","0.55",110
"Regular Baseline","2026-08-15",-4,"2026-07-18","Adults","quantile","0.6",118
"Regular Baseline","2026-08-15",-4,"2026-07-18","Adults","quantile","0.65",127
"Regular Baseline","2026-08-15",-4,"2026-07-18","Adults","quantile","0.7",137
"Regular Baseline","2026-08-15",-4,"2026-07-18","Adults","quantile","0.75",147
"Regular Baseline","2026-08-15",-4,"2026-07-18","Adults","quantile","0.8",160
"Regular Baseline","2026-08-15",-4,"2026-07-18","Adults","quantile","0.85",175
"Regular Baseline","2026-08-15",-4,"2026-07-18","Adults","quantile","0.9",197
"Regular Baseline","2026-08-15",-4,"2026-07-18","Adults","quantile","0.95",234
"Regular Baseline","2026-08-15",-4,"2026-07-18","Adults","quantile","0.975",267
"Regular Baseline","2026-08-15",-4,"2026-07-18","Adults","quantile","0.99",321
"Regular Baseline","2026-08-15",-3,"2026-07-25","Adults","quantile","0.01",2
"Regular Baseline","2026-08-15",-3,"2026-07-25","Adults","quantile","0.025",10
"Regular Baseline","2026-08-15",-3,"2026-07-25","Adults","quantile","0.05",19
"Regular Baseline","2026-08-15",-3,"2026-07-25","Adults","quantile","0.1",33
"Regular Baseline","2026-08-15",-3,"2026-07-25","Adults","quantile","0.15",44
"Regular Baseline","2026-08-15",-3,"2026-07-25","Adults","quantile","0.2",53
"Regular Baseline","2026-08-15",-3,"2026-07-25","Adults","quantile","0.25",61
"Regular Baseline","2026-08-15",-3,"2026-07-25","Adults","quantile","0.3",70
"Regular Baseline","2026-08-15",-3,"2026-07-25","Adults","quantile","0.35",78
"Regular Baseline","2026-08-15",-3,"2026-07-25","Adults","quantile","0.4",86
"Regular Baseline","2026-08-15",-3,"2026-07-25","Adults","quantile","0.45",94
"Regular Baseline","2026-08-15",-3,"2026-07-25","Adults","quantile","0.5",102
"Regular Baseline","2026-08-15",-3,"2026-07-25","Adults","quantile","0.55",111
"Regular Baseline","2026-08-15",-3,"2026-07-25","Adults","quantile","0.6",120
"Regular Baseline","2026-08-15",-3,"2026-07-25","Adults","quantile","0.65",130
"Regular Baseline","2026-08-15",-3,"2026-07-25","Adults","quantile","0.7",142
"Regular Baseline","2026-08-15",-3,"2026-07-25","Adults","quantile","0.75",154
"Regular Baseline","2026-08-15",-3,"2026-07-25","Adults","quantile","0.8",168
"Regular Baseline","2026-08-15",-3,"2026-07-25","Adults","quantile","0.85",186
"Regular Baseline","2026-08-15",-3,"2026-07-25","Adults","quantile","0.9",210
"Regular Baseline","2026-08-15",-3,"2026-07-25","Adults","quantile","0.95",250
"Regular Baseline","2026-08-15",-3,"2026-07-25","Adults","quantile","0.975",287
"Regular Baseline","2026-08-15",-3,"2026-07-25","Adults","quantile","0.99",354
"Regular Baseline","2026-08-15",-2,"2026-08-01","Adults","quantile","0.01",1
"Regular Baseline","2026-08-15",-2,"2026-08-01","Adults","quantile","0.025",7
"Regular Baseline","2026-08-15",-2,"2026-08-01","Adults","quantile","0.05",15
"Regular Baseline","2026-08-15",-2,"2026-08-01","Adults","quantile","0.1",28
"Regular Baseline","2026-08-15",-2,"2026-08-01","Adults","quantile","0.15",40
"Regular Baseline","2026-08-15",-2,"2026-08-01","Adults","quantile","0.2",49
"Regular Baseline","2026-08-15",-2,"2026-08-01","Adults","quantile","0.25",59
"Regular Baseline","2026-08-15",-2,"2026-08-01","Adults","quantile","0.3",67
"Regular Baseline","2026-08-15",-2,"2026-08-01","Adults","quantile","0.35",75
"Regular Baseline","2026-08-15",-2,"2026-08-01","Adults","quantile","0.4",84
"Regular Baseline","2026-08-15",-2,"2026-08-01","Adults","quantile","0.45",93
"Regular Baseline","2026-08-15",-2,"2026-08-01","Adults","quantile","0.5",102
"Regular Baseline","2026-08-15",-2,"2026-08-01","Adults","quantile","0.55",111
"Regular Baseline","2026-08-15",-2,"2026-08-01","Adults","quantile","0.6",120
"Regular Baseline","2026-08-15",-2,"2026-08-01","Adults","quantile","0.65",131
"Regular Baseline","2026-08-15",-2,"2026-08-01","Adults","quantile","0.7",143
"Regular Baseline","2026-08-15",-2,"2026-08-01","Adults","quantile","0.75",157
"Regular Baseline","2026-08-15",-2,"2026-08-01","Adults","quantile","0.8",172
"Regular Baseline","2026-08-15",-2,"2026-08-01","Adults","quantile","0.85",193
"Regular Baseline","2026-08-15",-2,"2026-08-01","Adults","quantile","0.9",221
"Regular Baseline","2026-08-15",-2,"2026-08-01","Adults","quantile","0.95",266
"Regular Baseline","2026-08-15",-2,"2026-08-01","Adults","quantile","0.975",304
"Regular Baseline","2026-08-15",-2,"2026-08-01","Adults","quantile","0.99",368
"Regular Baseline","2026-08-15",-1,"2026-08-08","Adults","quantile","0.01",0
"Regular Baseline","2026-08-15",-1,"2026-08-08","Adults","quantile","0.025",4
"Regular Baseline","2026-08-15",-1,"2026-08-08","Adults","quantile","0.05",13
"Regular Baseline","2026-08-15",-1,"2026-08-08","Adults","quantile","0.1",26
"Regular Baseline","2026-08-15",-1,"2026-08-08","Adults","quantile","0.15",37
"Regular Baseline","2026-08-15",-1,"2026-08-08","Adults","quantile","0.2",47
"Regular Baseline","2026-08-15",-1,"2026-08-08","Adults","quantile","0.25",56
"Regular Baseline","2026-08-15",-1,"2026-08-08","Adults","quantile","0.3",65
"Regular Baseline","2026-08-15",-1,"2026-08-08","Adults","quantile","0.35",75
"Regular Baseline","2026-08-15",-1,"2026-08-08","Adults","quantile","0.4",84
"Regular Baseline","2026-08-15",-1,"2026-08-08","Adults","quantile","0.45",93
"Regular Baseline","2026-08-15",-1,"2026-08-08","Adults","quantile","0.5",102
"Regular Baseline","2026-08-15",-1,"2026-08-08","Adults","quantile","0.55",113
"Regular Baseline","2026-08-15",-1,"2026-08-08","Adults","quantile","0.6",123
"Regular Baseline","2026-08-15",-1,"2026-08-08","Adults","quantile","0.65",136
"Regular Baseline","2026-08-15",-1,"2026-08-08","Adults","quantile","0.7",148
"Regular Baseline","2026-08-15",-1,"2026-08-08","Adults","quantile","0.75",163
"Regular Baseline","2026-08-15",-1,"2026-08-08","Adults","quantile","0.8",181
"Regular Baseline","2026-08-15",-1,"2026-08-08","Adults","quantile","0.85",203
"Regular Baseline","2026-08-15",-1,"2026-08-08","Adults","quantile","0.9",234
"Regular Baseline","2026-08-15",-1,"2026-08-08","Adults","quantile","0.95",282
"Regular Baseline","2026-08-15",-1,"2026-08-08","Adults","quantile","0.975",334
"Regular Baseline","2026-08-15",-1,"2026-08-08","Adults","quantile","0.99",401
"Regular Baseline","2026-08-15",0,"2026-08-15","Adults","quantile","0.01",0
"Regular Baseline","2026-08-15",0,"2026-08-15","Adults","quantile","0.025",3
"Regular Baseline","2026-08-15",0,"2026-08-15","Adults","quantile","0.05",10
"Regular Baseline","2026-08-15",0,"2026-08-15","Adults","quantile","0.1",22
"Regular Baseline","2026-08-15",0,"2026-08-15","Adults","quantile","0.15",33
"Regular Baseline","2026-08-15",0,"2026-08-15","Adults","quantile","0.2",44
"Regular Baseline","2026-08-15",0,"2026-08-15","Adults","quantile","0.25",54
"Regular Baseline","2026-08-15",0,"2026-08-15","Adults","quantile","0.3",63
"Regular Baseline","2026-08-15",0,"2026-08-15","Adults","quantile","0.35",73
"Regular Baseline","2026-08-15",0,"2026-08-15","Adults","quantile","0.4",82
"Regular Baseline","2026-08-15",0,"2026-08-15","Adults","quantile","0.45",92
"Regular Baseline","2026-08-15",0,"2026-08-15","Adults","quantile","0.5",102
"Regular Baseline","2026-08-15",0,"2026-08-15","Adults","quantile","0.55",112
"Regular Baseline","2026-08-15",0,"2026-08-15","Adults","quantile","0.6",124
"Regular Baseline","2026-08-15",0,"2026-08-15","Adults","quantile","0.65",137
"Regular Baseline","2026-08-15",0,"2026-08-15","Adults","quantile","0.7",151
"Regular Baseline","2026-08-15",0,"2026-08-15","Adults","quantile","0.75",167
"Regular Baseline","2026-08-15",0,"2026-08-15","Adults","quantile","0.8",186
"Regular Baseline","2026-08-15",0,"2026-08-15","Adults","quantile","0.85",209
"Regular Baseline","2026-08-15",0,"2026-08-15","Adults","quantile","0.9",244
"Regular Baseline","2026-08-15",0,"2026-08-15","Adults","quantile","0.95",298
"Regular Baseline","2026-08-15",0,"2026-08-15","Adults","quantile","0.975",355
"Regular Baseline","2026-08-15",0,"2026-08-15","Adults","quantile","0.99",419
"Regular Baseline","2026-08-15",1,"2026-08-22","Adults","quantile","0.01",0
"Regular Baseline","2026-08-15",1,"2026-08-22","Adults","quantile","0.025",1
"Regular Baseline","2026-08-15",1,"2026-08-22","Adults","quantile","0.05",7
"Regular Baseline","2026-08-15",1,"2026-08-22","Adults","quantile","0.1",19
"Regular Baseline","2026-08-15",1,"2026-08-22","Adults","quantile","0.15",31
"Regular Baseline","2026-08-15",1,"2026-08-22","Adults","quantile","0.2",42
"Regular Baseline","2026-08-15",1,"2026-08-22","Adults","quantile","0.25",52
"Regular Baseline","2026-08-15",1,"2026-08-22","Adults","quantile","0.3",62
"Regular Baseline","2026-08-15",1,"2026-08-22","Adults","quantile","0.35",72
"Regular Baseline","2026-08-15",1,"2026-08-22","Adults","quantile","0.4",82
"Regular Baseline","2026-08-15",1,"2026-08-22","Adults","quantile","0.45",92
"Regular Baseline","2026-08-15",1,"2026-08-22","Adults","quantile","0.5",102
"Regular Baseline","2026-08-15",1,"2026-08-22","Adults","quantile","0.55",114
"Regular Baseline","2026-08-15",1,"2026-08-22","Adults","quantile","0.6",126
"Regular Baseline","2026-08-15",1,"2026-08-22","Adults","quantile","0.65",140
"Regular Baseline","2026-08-15",1,"2026-08-22","Adults","quantile","0.7",155
"Regular Baseline","2026-08-15",1,"2026-08-22","Adults","quantile","0.75",172
"Regular Baseline","2026-08-15",1,"2026-08-22","Adults","quantile","0.8",193
"Regular Baseline","2026-08-15",1,"2026-08-22","Adults","quantile","0.85",217
"Regular Baseline","2026-08-15",1,"2026-08-22","Adults","quantile","0.9",253
"Regular Baseline","2026-08-15",1,"2026-08-22","Adults","quantile","0.95",311
"Regular Baseline","2026-08-15",1,"2026-08-22","Adults","quantile","0.975",372
"Regular Baseline","2026-08-15",1,"2026-08-22","Adults","quantile","0.99",448
"Regular Baseline","2026-08-15",2,"2026-08-29","Adults","quantile","0.01",0
"Regular Baseline","2026-08-15",2,"2026-08-29","Adults","quantile","0.025",0
"Regular Baseline","2026-08-15",2,"2026-08-29","Adults","quantile","0.05",5
"Regular Baseline","2026-08-15",2,"2026-08-29","Adults","quantile","0.1",17
"Regular Baseline","2026-08-15",2,"2026-08-29","Adults","quantile","0.15",28
"Regular Baseline","2026-08-15",2,"2026-08-29","Adults","quantile","0.2",39
"Regular Baseline","2026-08-15",2,"2026-08-29","Adults","quantile","0.25",49
"Regular Baseline","2026-08-15",2,"2026-08-29","Adults","quantile","0.3",60
"Regular Baseline","2026-08-15",2,"2026-08-29","Adults","quantile","0.35",70
"Regular Baseline","2026-08-15",2,"2026-08-29","Adults","quantile","0.4",80
"Regular Baseline","2026-08-15",2,"2026-08-29","Adults","quantile","0.45",91
"Regular Baseline","2026-08-15",2,"2026-08-29","Adults","quantile","0.5",102
"Regular Baseline","2026-08-15",2,"2026-08-29","Adults","quantile","0.55",114
"Regular Baseline","2026-08-15",2,"2026-08-29","Adults","quantile","0.6",126
"Regular Baseline","2026-08-15",2,"2026-08-29","Adults","quantile","0.65",140
"Regular Baseline","2026-08-15",2,"2026-08-29","Adults","quantile","0.7",157
"Regular Baseline","2026-08-15",2,"2026-08-29","Adults","quantile","0.75",174
"Regular Baseline","2026-08-15",2,"2026-08-29","Adults","quantile","0.8",196
"Regular Baseline","2026-08-15",2,"2026-08-29","Adults","quantile","0.85",225
"Regular Baseline","2026-08-15",2,"2026-08-29","Adults","quantile","0.9",263
"Regular Baseline","2026-08-15",2,"2026-08-29","Adults","quantile","0.95",326
"Regular Baseline","2026-08-15",2,"2026-08-29","Adults","quantile","0.975",386
"Regular Baseline","2026-08-15",2,"2026-08-29","Adults","quantile","0.99",480
"Regular Baseline","2026-08-15",3,"2026-09-05","Adults","quantile","0.01",0
"Regular Baseline","2026-08-15",3,"2026-09-05","Adults","quantile","0.025",0
"Regular Baseline","2026-08-15",3,"2026-09-05","Adults","quantile","0.05",4
"Regular Baseline","2026-08-15",3,"2026-09-05","Adults","quantile","0.1",14
"Regular Baseline","2026-08-15",3,"2026-09-05","Adults","quantile","0.15",25
"Regular Baseline","2026-08-15",3,"2026-09-05","Adults","quantile","0.2",36
"Regular Baseline","2026-08-15",3,"2026-09-05","Adults","quantile","0.25",47
"Regular Baseline","2026-08-15",3,"2026-09-05","Adults","quantile","0.3",57
"Regular Baseline","2026-08-15",3,"2026-09-05","Adults","quantile","0.35",68
"Regular Baseline","2026-08-15",3,"2026-09-05","Adults","quantile","0.4",78
"Regular Baseline","2026-08-15",3,"2026-09-05","Adults","quantile","0.45",91
"Regular Baseline","2026-08-15",3,"2026-09-05","Adults","quantile","0.5",102
"Regular Baseline","2026-08-15",3,"2026-09-05","Adults","quantile","0.55",114
"Regular Baseline","2026-08-15",3,"2026-09-05","Adults","quantile","0.6",127
"Regular Baseline","2026-08-15",3,"2026-09-05","Adults","quantile","0.65",141
"Regular Baseline","2026-08-15",3,"2026-09-05","Adults","quantile","0.7",157
"Regular Baseline","2026-08-15",3,"2026-09-05","Adults","quantile","0.75",178
"Regular Baseline","2026-08-15",3,"2026-09-05","Adults","quantile","0.8",202
"Regular Baseline","2026-08-15",3,"2026-09-05","Adults","quantile","0.85",231
"Regular Baseline","2026-08-15",3,"2026-09-05","Adults","quantile","0.9",271
"Regular Baseline","2026-08-15",3,"2026-09-05","Adults","quantile","0.95",342
"Regular Baseline","2026-08-15",3,"2026-09-05","Adults","quantile","0.975",409
"Regular Baseline","2026-08-15",3,"2026-09-05","Adults","quantile","0.99",502
"Regular Baseline","2026-08-15",-8,"2026-06-20","Overall","quantile","0.01",109
"Regular Baseline","2026-08-15",-8,"2026-06-20","Overall","quantile","0.025",140
"Regular Baseline","2026-08-15",-8,"2026-06-20","Overall","quantile","0.05",154
"Regular Baseline","2026-08-15",-8,"2026-06-20","Overall","quantile","0.1",172
"Regular Baseline","2026-08-15",-8,"2026-06-20","Overall","quantile","0.15",182
"Regular Baseline","2026-08-15",-8,"2026-06-20","Overall","quantile","0.2",190
"Regular Baseline","2026-08-15",-8,"2026-06-20","Overall","quantile","0.25",198
"Regular Baseline","2026-08-15",-8,"2026-06-20","Overall","quantile","0.3",204
"Regular Baseline","2026-08-15",-8,"2026-06-20","Overall","quantile","0.35",210
"Regular Baseline","2026-08-15",-8,"2026-06-20","Overall","quantile","0.4",217
"Regular Baseline","2026-08-15",-8,"2026-06-20","Overall","quantile","0.45",223
"Regular Baseline","2026-08-15",-8,"2026-06-20","Overall","quantile","0.5",228
"Regular Baseline","2026-08-15",-8,"2026-06-20","Overall","quantile","0.55",233
"Regular Baseline","2026-08-15",-8,"2026-06-20","Overall","quantile","0.6",240
"Regular Baseline","2026-08-15",-8,"2026-06-20","Overall","quantile","0.65",246
"Regular Baseline","2026-08-15",-8,"2026-06-20","Overall","quantile","0.7",253
"Regular Baseline","2026-08-15",-8,"2026-06-20","Overall","quantile","0.75",261
"Regular Baseline","2026-08-15",-8,"2026-06-20","Overall","quantile","0.8",270
"Regular Baseline","2026-08-15",-8,"2026-06-20","Overall","quantile","0.85",279
"Regular Baseline","2026-08-15",-8,"2026-06-20","Overall","quantile","0.9",292
"Regular Baseline","2026-08-15",-8,"2026-06-20","Overall","quantile","0.95",316
"Regular Baseline","2026-08-15",-8,"2026-06-20","Overall","quantile","0.975",338
"Regular Baseline","2026-08-15",-8,"2026-06-20","Overall","quantile","0.99",391
"Regular Baseline","2026-08-15",-7,"2026-06-27","Overall","quantile","0.01",80
"Regular Baseline","2026-08-15",-7,"2026-06-27","Overall","quantile","0.025",104
"Regular Baseline","2026-08-15",-7,"2026-06-27","Overall","quantile","0.05",126
"Regular Baseline","2026-08-15",-7,"2026-06-27","Overall","quantile","0.1",147
"Regular Baseline","2026-08-15",-7,"2026-06-27","Overall","quantile","0.15",163
"Regular Baseline","2026-08-15",-7,"2026-06-27","Overall","quantile","0.2",174
"Regular Baseline","2026-08-15",-7,"2026-06-27","Overall","quantile","0.25",185
"Regular Baseline","2026-08-15",-7,"2026-06-27","Overall","quantile","0.3",194
"Regular Baseline","2026-08-15",-7,"2026-06-27","Overall","quantile","0.35",203
"Regular Baseline","2026-08-15",-7,"2026-06-27","Overall","quantile","0.4",211
"Regular Baseline","2026-08-15",-7,"2026-06-27","Overall","quantile","0.45",220
"Regular Baseline","2026-08-15",-7,"2026-06-27","Overall","quantile","0.5",228
"Regular Baseline","2026-08-15",-7,"2026-06-27","Overall","quantile","0.55",237
"Regular Baseline","2026-08-15",-7,"2026-06-27","Overall","quantile","0.6",245
"Regular Baseline","2026-08-15",-7,"2026-06-27","Overall","quantile","0.65",254
"Regular Baseline","2026-08-15",-7,"2026-06-27","Overall","quantile","0.7",264
"Regular Baseline","2026-08-15",-7,"2026-06-27","Overall","quantile","0.75",275
"Regular Baseline","2026-08-15",-7,"2026-06-27","Overall","quantile","0.8",288
"Regular Baseline","2026-08-15",-7,"2026-06-27","Overall","quantile","0.85",303
"Regular Baseline","2026-08-15",-7,"2026-06-27","Overall","quantile","0.9",323
"Regular Baseline","2026-08-15",-7,"2026-06-27","Overall","quantile","0.95",361
"Regular Baseline","2026-08-15",-7,"2026-06-27","Overall","quantile","0.975",396
"Regular Baseline","2026-08-15",-7,"2026-06-27","Overall","quantile","0.99",453
"Regular Baseline","2026-08-15",-6,"2026-07-04","Overall","quantile","0.01",59
"Regular Baseline","2026-08-15",-6,"2026-07-04","Overall","quantile","0.025",85
"Regular Baseline","2026-08-15",-6,"2026-07-04","Overall","quantile","0.05",107
"Regular Baseline","2026-08-15",-6,"2026-07-04","Overall","quantile","0.1",133
"Regular Baseline","2026-08-15",-6,"2026-07-04","Overall","quantile","0.15",150
"Regular Baseline","2026-08-15",-6,"2026-07-04","Overall","quantile","0.2",164
"Regular Baseline","2026-08-15",-6,"2026-07-04","Overall","quantile","0.25",176
"Regular Baseline","2026-08-15",-6,"2026-07-04","Overall","quantile","0.3",188
"Regular Baseline","2026-08-15",-6,"2026-07-04","Overall","quantile","0.35",198
"Regular Baseline","2026-08-15",-6,"2026-07-04","Overall","quantile","0.4",208
"Regular Baseline","2026-08-15",-6,"2026-07-04","Overall","quantile","0.45",218
"Regular Baseline","2026-08-15",-6,"2026-07-04","Overall","quantile","0.5",228
"Regular Baseline","2026-08-15",-6,"2026-07-04","Overall","quantile","0.55",239
"Regular Baseline","2026-08-15",-6,"2026-07-04","Overall","quantile","0.6",250
"Regular Baseline","2026-08-15",-6,"2026-07-04","Overall","quantile","0.65",262
"Regular Baseline","2026-08-15",-6,"2026-07-04","Overall","quantile","0.7",275
"Regular Baseline","2026-08-15",-6,"2026-07-04","Overall","quantile","0.75",289
"Regular Baseline","2026-08-15",-6,"2026-07-04","Overall","quantile","0.8",305
"Regular Baseline","2026-08-15",-6,"2026-07-04","Overall","quantile","0.85",325
"Regular Baseline","2026-08-15",-6,"2026-07-04","Overall","quantile","0.9",351
"Regular Baseline","2026-08-15",-6,"2026-07-04","Overall","quantile","0.95",396
"Regular Baseline","2026-08-15",-6,"2026-07-04","Overall","quantile","0.975",442
"Regular Baseline","2026-08-15",-6,"2026-07-04","Overall","quantile","0.99",514
"Regular Baseline","2026-08-15",-5,"2026-07-11","Overall","quantile","0.01",44
"Regular Baseline","2026-08-15",-5,"2026-07-11","Overall","quantile","0.025",67
"Regular Baseline","2026-08-15",-5,"2026-07-11","Overall","quantile","0.05",92
"Regular Baseline","2026-08-15",-5,"2026-07-11","Overall","quantile","0.1",120
"Regular Baseline","2026-08-15",-5,"2026-07-11","Overall","quantile","0.15",138
"Regular Baseline","2026-08-15",-5,"2026-07-11","Overall","quantile","0.2",153
"Regular Baseline","2026-08-15",-5,"2026-07-11","Overall","quantile","0.25",168
"Regular Baseline","2026-08-15",-5,"2026-07-11","Overall","quantile","0.3",181
"Regular Baseline","2026-08-15",-5,"2026-07-11","Overall","quantile","0.35",193
"Regular Baseline","2026-08-15",-5,"2026-07-11","Overall","quantile","0.4",205
"Regular Baseline","2026-08-15",-5,"2026-07-11","Overall","quantile","0.45",216
"Regular Baseline","2026-08-15",-5,"2026-07-11","Overall","quantile","0.5",228
"Regular Baseline","2026-08-15",-5,"2026-07-11","Overall","quantile","0.55",241
"Regular Baseline","2026-08-15",-5,"2026-07-11","Overall","quantile","0.6",254
"Regular Baseline","2026-08-15",-5,"2026-07-11","Overall","quantile","0.65",268
"Regular Baseline","2026-08-15",-5,"2026-07-11","Overall","quantile","0.7",283
"Regular Baseline","2026-08-15",-5,"2026-07-11","Overall","quantile","0.75",300
"Regular Baseline","2026-08-15",-5,"2026-07-11","Overall","quantile","0.8",319
"Regular Baseline","2026-08-15",-5,"2026-07-11","Overall","quantile","0.85",343
"Regular Baseline","2026-08-15",-5,"2026-07-11","Overall","quantile","0.9",375
"Regular Baseline","2026-08-15",-5,"2026-07-11","Overall","quantile","0.95",432
"Regular Baseline","2026-08-15",-5,"2026-07-11","Overall","quantile","0.975",490
"Regular Baseline","2026-08-15",-5,"2026-07-11","Overall","quantile","0.99",576
"Regular Baseline","2026-08-15",-4,"2026-07-18","Overall","quantile","0.01",32
"Regular Baseline","2026-08-15",-4,"2026-07-18","Overall","quantile","0.025",57
"Regular Baseline","2026-08-15",-4,"2026-07-18","Overall","quantile","0.05",80
"Regular Baseline","2026-08-15",-4,"2026-07-18","Overall","quantile","0.1",107
"Regular Baseline","2026-08-15",-4,"2026-07-18","Overall","quantile","0.15",127
"Regular Baseline","2026-08-15",-4,"2026-07-18","Overall","quantile","0.2",143
"Regular Baseline","2026-08-15",-4,"2026-07-18","Overall","quantile","0.25",159
"Regular Baseline","2026-08-15",-4,"2026-07-18","Overall","quantile","0.3",173
"Regular Baseline","2026-08-15",-4,"2026-07-18","Overall","quantile","0.35",187
"Regular Baseline","2026-08-15",-4,"2026-07-18","Overall","quantile","0.4",201
"Regular Baseline","2026-08-15",-4,"2026-07-18","Overall","quantile","0.45",214
"Regular Baseline","2026-08-15",-4,"2026-07-18","Overall","quantile","0.5",228
"Regular Baseline","2026-08-15",-4,"2026-07-18","Overall","quantile","0.55",241
"Regular Baseline","2026-08-15",-4,"2026-07-18","Overall","quantile","0.6",256
"Regular Baseline","2026-08-15",-4,"2026-07-18","Overall","quantile","0.65",273
"Regular Baseline","2026-08-15",-4,"2026-07-18","Overall","quantile","0.7",290
"Regular Baseline","2026-08-15",-4,"2026-07-18","Overall","quantile","0.75",308
"Regular Baseline","2026-08-15",-4,"2026-07-18","Overall","quantile","0.8",331
"Regular Baseline","2026-08-15",-4,"2026-07-18","Overall","quantile","0.85",359
"Regular Baseline","2026-08-15",-4,"2026-07-18","Overall","quantile","0.9",398
"Regular Baseline","2026-08-15",-4,"2026-07-18","Overall","quantile","0.95",458
"Regular Baseline","2026-08-15",-4,"2026-07-18","Overall","quantile","0.975",515
"Regular Baseline","2026-08-15",-4,"2026-07-18","Overall","quantile","0.99",616
"Regular Baseline","2026-08-15",-3,"2026-07-25","Overall","quantile","0.01",21
"Regular Baseline","2026-08-15",-3,"2026-07-25","Overall","quantile","0.025",44
"Regular Baseline","2026-08-15",-3,"2026-07-25","Overall","quantile","0.05",67
"Regular Baseline","2026-08-15",-3,"2026-07-25","Overall","quantile","0.1",95
"Regular Baseline","2026-08-15",-3,"2026-07-25","Overall","quantile","0.15",117
"Regular Baseline","2026-08-15",-3,"2026-07-25","Overall","quantile","0.2",134
"Regular Baseline","2026-08-15",-3,"2026-07-25","Overall","quantile","0.25",152
"Regular Baseline","2026-08-15",-3,"2026-07-25","Overall","quantile","0.3",167
"Regular Baseline","2026-08-15",-3,"2026-07-25","Overall","quantile","0.35",182
"Regular Baseline","2026-08-15",-3,"2026-07-25","Overall","quantile","0.4",197
"Regular Baseline","2026-08-15",-3,"2026-07-25","Overall","quantile","0.45",213
"Regular Baseline","2026-08-15",-3,"2026-07-25","Overall","quantile","0.5",228
"Regular Baseline","2026-08-15",-3,"2026-07-25","Overall","quantile","0.55",243
"Regular Baseline","2026-08-15",-3,"2026-07-25","Overall","quantile","0.6",260
"Regular Baseline","2026-08-15",-3,"2026-07-25","Overall","quantile","0.65",277
"Regular Baseline","2026-08-15",-3,"2026-07-25","Overall","quantile","0.7",296
"Regular Baseline","2026-08-15",-3,"2026-07-25","Overall","quantile","0.75",317
"Regular Baseline","2026-08-15",-3,"2026-07-25","Overall","quantile","0.8",343
"Regular Baseline","2026-08-15",-3,"2026-07-25","Overall","quantile","0.85",373
"Regular Baseline","2026-08-15",-3,"2026-07-25","Overall","quantile","0.9",415
"Regular Baseline","2026-08-15",-3,"2026-07-25","Overall","quantile","0.95",484
"Regular Baseline","2026-08-15",-3,"2026-07-25","Overall","quantile","0.975",547
"Regular Baseline","2026-08-15",-3,"2026-07-25","Overall","quantile","0.99",640
"Regular Baseline","2026-08-15",-2,"2026-08-01","Overall","quantile","0.01",15
"Regular Baseline","2026-08-15",-2,"2026-08-01","Overall","quantile","0.025",37
"Regular Baseline","2026-08-15",-2,"2026-08-01","Overall","quantile","0.05",58
"Regular Baseline","2026-08-15",-2,"2026-08-01","Overall","quantile","0.1",87
"Regular Baseline","2026-08-15",-2,"2026-08-01","Overall","quantile","0.15",109
"Regular Baseline","2026-08-15",-2,"2026-08-01","Overall","quantile","0.2",128
"Regular Baseline","2026-08-15",-2,"2026-08-01","Overall","quantile","0.25",147
"Regular Baseline","2026-08-15",-2,"2026-08-01","Overall","quantile","0.3",163
"Regular Baseline","2026-08-15",-2,"2026-08-01","Overall","quantile","0.35",180
"Regular Baseline","2026-08-15",-2,"2026-08-01","Overall","quantile","0.4",197
"Regular Baseline","2026-08-15",-2,"2026-08-01","Overall","quantile","0.45",212
"Regular Baseline","2026-08-15",-2,"2026-08-01","Overall","quantile","0.5",228
"Regular Baseline","2026-08-15",-2,"2026-08-01","Overall","quantile","0.55",245
"Regular Baseline","2026-08-15",-2,"2026-08-01","Overall","quantile","0.6",263
"Regular Baseline","2026-08-15",-2,"2026-08-01","Overall","quantile","0.65",283
"Regular Baseline","2026-08-15",-2,"2026-08-01","Overall","quantile","0.7",304
"Regular Baseline","2026-08-15",-2,"2026-08-01","Overall","quantile","0.75",326
"Regular Baseline","2026-08-15",-2,"2026-08-01","Overall","quantile","0.8",352
"Regular Baseline","2026-08-15",-2,"2026-08-01","Overall","quantile","0.85",390
"Regular Baseline","2026-08-15",-2,"2026-08-01","Overall","quantile","0.9",433
"Regular Baseline","2026-08-15",-2,"2026-08-01","Overall","quantile","0.95",512
"Regular Baseline","2026-08-15",-2,"2026-08-01","Overall","quantile","0.975",581
"Regular Baseline","2026-08-15",-2,"2026-08-01","Overall","quantile","0.99",679
"Regular Baseline","2026-08-15",-1,"2026-08-08","Overall","quantile","0.01",9
"Regular Baseline","2026-08-15",-1,"2026-08-08","Overall","quantile","0.025",27
"Regular Baseline","2026-08-15",-1,"2026-08-08","Overall","quantile","0.05",50
"Regular Baseline","2026-08-15",-1,"2026-08-08","Overall","quantile","0.1",79
"Regular Baseline","2026-08-15",-1,"2026-08-08","Overall","quantile","0.15",103
"Regular Baseline","2026-08-15",-1,"2026-08-08","Overall","quantile","0.2",123
"Regular Baseline","2026-08-15",-1,"2026-08-08","Overall","quantile","0.25",141
"Regular Baseline","2026-08-15",-1,"2026-08-08","Overall","quantile","0.3",161
"Regular Baseline","2026-08-15",-1,"2026-08-08","Overall","quantile","0.35",178
"Regular Baseline","2026-08-15",-1,"2026-08-08","Overall","quantile","0.4",193
"Regular Baseline","2026-08-15",-1,"2026-08-08","Overall","quantile","0.45",211
"Regular Baseline","2026-08-15",-1,"2026-08-08","Overall","quantile","0.5",228
"Regular Baseline","2026-08-15",-1,"2026-08-08","Overall","quantile","0.55",246
"Regular Baseline","2026-08-15",-1,"2026-08-08","Overall","quantile","0.6",266
"Regular Baseline","2026-08-15",-1,"2026-08-08","Overall","quantile","0.65",286
"Regular Baseline","2026-08-15",-1,"2026-08-08","Overall","quantile","0.7",308
"Regular Baseline","2026-08-15",-1,"2026-08-08","Overall","quantile","0.75",333
"Regular Baseline","2026-08-15",-1,"2026-08-08","Overall","quantile","0.8",363
"Regular Baseline","2026-08-15",-1,"2026-08-08","Overall","quantile","0.85",401
"Regular Baseline","2026-08-15",-1,"2026-08-08","Overall","quantile","0.9",451
"Regular Baseline","2026-08-15",-1,"2026-08-08","Overall","quantile","0.95",533
"Regular Baseline","2026-08-15",-1,"2026-08-08","Overall","quantile","0.975",608
"Regular Baseline","2026-08-15",-1,"2026-08-08","Overall","quantile","0.99",720
"Regular Baseline","2026-08-15",0,"2026-08-15","Overall","quantile","0.01",5
"Regular Baseline","2026-08-15",0,"2026-08-15","Overall","quantile","0.025",20
"Regular Baseline","2026-08-15",0,"2026-08-15","Overall","quantile","0.05",42
"Regular Baseline","2026-08-15",0,"2026-08-15","Overall","quantile","0.1",71
"Regular Baseline","2026-08-15",0,"2026-08-15","Overall","quantile","0.15",97
"Regular Baseline","2026-08-15",0,"2026-08-15","Overall","quantile","0.2",118
"Regular Baseline","2026-08-15",0,"2026-08-15","Overall","quantile","0.25",138
"Regular Baseline","2026-08-15",0,"2026-08-15","Overall","quantile","0.3",157
"Regular Baseline","2026-08-15",0,"2026-08-15","Overall","quantile","0.35",174
"Regular Baseline","2026-08-15",0,"2026-08-15","Overall","quantile","0.4",193
"Regular Baseline","2026-08-15",0,"2026-08-15","Overall","quantile","0.45",211
"Regular Baseline","2026-08-15",0,"2026-08-15","Overall","quantile","0.5",228
"Regular Baseline","2026-08-15",0,"2026-08-15","Overall","quantile","0.55",248
"Regular Baseline","2026-08-15",0,"2026-08-15","Overall","quantile","0.6",270
"Regular Baseline","2026-08-15",0,"2026-08-15","Overall","quantile","0.65",293
"Regular Baseline","2026-08-15",0,"2026-08-15","Overall","quantile","0.7",315
"Regular Baseline","2026-08-15",0,"2026-08-15","Overall","quantile","0.75",343
"Regular Baseline","2026-08-15",0,"2026-08-15","Overall","quantile","0.8",375
"Regular Baseline","2026-08-15",0,"2026-08-15","Overall","quantile","0.85",414
"Regular Baseline","2026-08-15",0,"2026-08-15","Overall","quantile","0.9",467
"Regular Baseline","2026-08-15",0,"2026-08-15","Overall","quantile","0.95",556
"Regular Baseline","2026-08-15",0,"2026-08-15","Overall","quantile","0.975",646
"Regular Baseline","2026-08-15",0,"2026-08-15","Overall","quantile","0.99",777
"Regular Baseline","2026-08-15",1,"2026-08-22","Overall","quantile","0.01",3
"Regular Baseline","2026-08-15",1,"2026-08-22","Overall","quantile","0.025",17
"Regular Baseline","2026-08-15",1,"2026-08-22","Overall","quantile","0.05",37
"Regular Baseline","2026-08-15",1,"2026-08-22","Overall","quantile","0.1",66
"Regular Baseline","2026-08-15",1,"2026-08-22","Overall","quantile","0.15",91
"Regular Baseline","2026-08-15",1,"2026-08-22","Overall","quantile","0.2",113
"Regular Baseline","2026-08-15",1,"2026-08-22","Overall","quantile","0.25",133
"Regular Baseline","2026-08-15",1,"2026-08-22","Overall","quantile","0.3",152
"Regular Baseline","2026-08-15",1,"2026-08-22","Overall","quantile","0.35",172
"Regular Baseline","2026-08-15",1,"2026-08-22","Overall","quantile","0.4",190
"Regular Baseline","2026-08-15",1,"2026-08-22","Overall","quantile","0.45",208
"Regular Baseline","2026-08-15",1,"2026-08-22","Overall","quantile","0.5",228
"Regular Baseline","2026-08-15",1,"2026-08-22","Overall","quantile","0.55",249
"Regular Baseline","2026-08-15",1,"2026-08-22","Overall","quantile","0.6",270
"Regular Baseline","2026-08-15",1,"2026-08-22","Overall","quantile","0.65",294
"Regular Baseline","2026-08-15",1,"2026-08-22","Overall","quantile","0.7",319
"Regular Baseline","2026-08-15",1,"2026-08-22","Overall","quantile","0.75",348
"Regular Baseline","2026-08-15",1,"2026-08-22","Overall","quantile","0.8",384
"Regular Baseline","2026-08-15",1,"2026-08-22","Overall","quantile","0.85",427
"Regular Baseline","2026-08-15",1,"2026-08-22","Overall","quantile","0.9",487
"Regular Baseline","2026-08-15",1,"2026-08-22","Overall","quantile","0.95",582
"Regular Baseline","2026-08-15",1,"2026-08-22","Overall","quantile","0.975",671
"Regular Baseline","2026-08-15",1,"2026-08-22","Overall","quantile","0.99",803
"Regular Baseline","2026-08-15",2,"2026-08-29","Overall","quantile","0.01",1
"Regular Baseline","2026-08-15",2,"2026-08-29","Overall","quantile","0.025",14
"Regular Baseline","2026-08-15",2,"2026-08-29","Overall","quantile","0.05",34
"Regular Baseline","2026-08-15",2,"2026-08-29","Overall","quantile","0.1",60
"Regular Baseline","2026-08-15",2,"2026-08-29","Overall","quantile","0.15",86
"Regular Baseline","2026-08-15",2,"2026-08-29","Overall","quantile","0.2",108
"Regular Baseline","2026-08-15",2,"2026-08-29","Overall","quantile","0.25",129
"Regular Baseline","2026-08-15",2,"2026-08-29","Overall","quantile","0.3",149
"Regular Baseline","2026-08-15",2,"2026-08-29","Overall","quantile","0.35",169
"Regular Baseline","2026-08-15",2,"2026-08-29","Overall","quantile","0.4",188
"Regular Baseline","2026-08-15",2,"2026-08-29","Overall","quantile","0.45",208
"Regular Baseline","2026-08-15",2,"2026-08-29","Overall","quantile","0.5",228
"Regular Baseline","2026-08-15",2,"2026-08-29","Overall","quantile","0.55",249
"Regular Baseline","2026-08-15",2,"2026-08-29","Overall","quantile","0.6",272
"Regular Baseline","2026-08-15",2,"2026-08-29","Overall","quantile","0.65",295
"Regular Baseline","2026-08-15",2,"2026-08-29","Overall","quantile","0.7",325
"Regular Baseline","2026-08-15",2,"2026-08-29","Overall","quantile","0.75",357
"Regular Baseline","2026-08-15",2,"2026-08-29","Overall","quantile","0.8",393
"Regular Baseline","2026-08-15",2,"2026-08-29","Overall","quantile","0.85",442
"Regular Baseline","2026-08-15",2,"2026-08-29","Overall","quantile","0.9",504
"Regular Baseline","2026-08-15",2,"2026-08-29","Overall","quantile","0.95",600
"Regular Baseline","2026-08-15",2,"2026-08-29","Overall","quantile","0.975",701
"Regular Baseline","2026-08-15",2,"2026-08-29","Overall","quantile","0.99",816
"Regular Baseline","2026-08-15",3,"2026-09-05","Overall","quantile","0.01",0
"Regular Baseline","2026-08-15",3,"2026-09-05","Overall","quantile","0.025",10
"Regular Baseline","2026-08-15",3,"2026-09-05","Overall","quantile","0.05",26
"Regular Baseline","2026-08-15",3,"2026-09-05","Overall","quantile","0.1",57
"Regular Baseline","2026-08-15",3,"2026-09-05","Overall","quantile","0.15",81
"Regular Baseline","2026-08-15",3,"2026-09-05","Overall","quantile","0.2",104
"Regular Baseline","2026-08-15",3,"2026-09-05","Overall","quantile","0.25",126
"Regular Baseline","2026-08-15",3,"2026-09-05","Overall","quantile","0.3",146
"Regular Baseline","2026-08-15",3,"2026-09-05","Overall","quantile","0.35",167
"Regular Baseline","2026-08-15",3,"2026-09-05","Overall","quantile","0.4",187
"Regular Baseline","2026-08-15",3,"2026-09-05","Overall","quantile","0.45",207
"Regular Baseline","2026-08-15",3,"2026-09-05","Overall","quantile","0.5",228
"Regular Baseline","2026-08-15",3,"2026-09-05","Overall","quantile","0.55",250
"Regular Baseline","2026-08-15",3,"2026-09-05","Overall","quantile","0.6",275
"Regular Baseline","2026-08-15",3,"2026-09-05","Overall","quantile","0.65",299
"Regular Baseline","2026-08-15",3,"2026-09-05","Overall","quantile","0.7",327
"Regular Baseline","2026-08-15",3,"2026-09-05","Overall","quantile","0.75",362
"Regular Baseline","2026-08-15",3,"2026-09-05","Overall","quantile","0.8",404
"Regular Baseline","2026-08-15",3,"2026-09-05","Overall","quantile","0.85",452
"Regular Baseline","2026-08-15",3,"2026-09-05","Overall","quantile","0.9",519
"Regular Baseline","2026-08-15",3,"2026-09-05","Overall","quantile","0.95",621
"Regular Baseline","2026-08-15",3,"2026-09-05","Overall","quantile","0.975",725
"Regular Baseline","2026-08-15",3,"2026-09-05","Overall","quantile","0.99",856
"Regular Baseline","2026-08-15",-8,"2026-06-20","Pediatrics","quantile","0.01",62
"Regular Baseline","2026-08-15",-8,"2026-06-20","Pediatrics","quantile","0.025",74
"Regular Baseline","2026-08-15",-8,"2026-06-20","Pediatrics","quantile","0.05",83
"Regular Baseline","2026-08-15",-8,"2026-06-20","Pediatrics","quantile","0.1",90
"Regular Baseline","2026-08-15",-8,"2026-06-20","Pediatrics","quantile","0.15",95
"Regular Baseline","2026-08-15",-8,"2026-06-20","Pediatrics","quantile","0.2",102
"Regular Baseline","2026-08-15",-8,"2026-06-20","Pediatrics","quantile","0.25",107
"Regular Baseline","2026-08-15",-8,"2026-06-20","Pediatrics","quantile","0.3",113
"Regular Baseline","2026-08-15",-8,"2026-06-20","Pediatrics","quantile","0.35",115
"Regular Baseline","2026-08-15",-8,"2026-06-20","Pediatrics","quantile","0.4",118
"Regular Baseline","2026-08-15",-8,"2026-06-20","Pediatrics","quantile","0.45",123
"Regular Baseline","2026-08-15",-8,"2026-06-20","Pediatrics","quantile","0.5",126
"Regular Baseline","2026-08-15",-8,"2026-06-20","Pediatrics","quantile","0.55",129
"Regular Baseline","2026-08-15",-8,"2026-06-20","Pediatrics","quantile","0.6",134
"Regular Baseline","2026-08-15",-8,"2026-06-20","Pediatrics","quantile","0.65",137
"Regular Baseline","2026-08-15",-8,"2026-06-20","Pediatrics","quantile","0.7",140
"Regular Baseline","2026-08-15",-8,"2026-06-20","Pediatrics","quantile","0.75",147
"Regular Baseline","2026-08-15",-8,"2026-06-20","Pediatrics","quantile","0.8",153
"Regular Baseline","2026-08-15",-8,"2026-06-20","Pediatrics","quantile","0.85",161
"Regular Baseline","2026-08-15",-8,"2026-06-20","Pediatrics","quantile","0.9",169
"Regular Baseline","2026-08-15",-8,"2026-06-20","Pediatrics","quantile","0.95",178
"Regular Baseline","2026-08-15",-8,"2026-06-20","Pediatrics","quantile","0.975",192
"Regular Baseline","2026-08-15",-8,"2026-06-20","Pediatrics","quantile","0.99",213
"Regular Baseline","2026-08-15",-7,"2026-06-27","Pediatrics","quantile","0.01",42
"Regular Baseline","2026-08-15",-7,"2026-06-27","Pediatrics","quantile","0.025",54
"Regular Baseline","2026-08-15",-7,"2026-06-27","Pediatrics","quantile","0.05",64
"Regular Baseline","2026-08-15",-7,"2026-06-27","Pediatrics","quantile","0.1",78
"Regular Baseline","2026-08-15",-7,"2026-06-27","Pediatrics","quantile","0.15",86
"Regular Baseline","2026-08-15",-7,"2026-06-27","Pediatrics","quantile","0.2",92
"Regular Baseline","2026-08-15",-7,"2026-06-27","Pediatrics","quantile","0.25",99
"Regular Baseline","2026-08-15",-7,"2026-06-27","Pediatrics","quantile","0.3",104
"Regular Baseline","2026-08-15",-7,"2026-06-27","Pediatrics","quantile","0.35",110
"Regular Baseline","2026-08-15",-7,"2026-06-27","Pediatrics","quantile","0.4",116
"Regular Baseline","2026-08-15",-7,"2026-06-27","Pediatrics","quantile","0.45",121
"Regular Baseline","2026-08-15",-7,"2026-06-27","Pediatrics","quantile","0.5",126
"Regular Baseline","2026-08-15",-7,"2026-06-27","Pediatrics","quantile","0.55",131
"Regular Baseline","2026-08-15",-7,"2026-06-27","Pediatrics","quantile","0.6",137
"Regular Baseline","2026-08-15",-7,"2026-06-27","Pediatrics","quantile","0.65",143
"Regular Baseline","2026-08-15",-7,"2026-06-27","Pediatrics","quantile","0.7",149
"Regular Baseline","2026-08-15",-7,"2026-06-27","Pediatrics","quantile","0.75",156
"Regular Baseline","2026-08-15",-7,"2026-06-27","Pediatrics","quantile","0.8",164
"Regular Baseline","2026-08-15",-7,"2026-06-27","Pediatrics","quantile","0.85",174
"Regular Baseline","2026-08-15",-7,"2026-06-27","Pediatrics","quantile","0.9",187
"Regular Baseline","2026-08-15",-7,"2026-06-27","Pediatrics","quantile","0.95",208
"Regular Baseline","2026-08-15",-7,"2026-06-27","Pediatrics","quantile","0.975",227
"Regular Baseline","2026-08-15",-7,"2026-06-27","Pediatrics","quantile","0.99",258
"Regular Baseline","2026-08-15",-6,"2026-07-04","Pediatrics","quantile","0.01",28
"Regular Baseline","2026-08-15",-6,"2026-07-04","Pediatrics","quantile","0.025",42
"Regular Baseline","2026-08-15",-6,"2026-07-04","Pediatrics","quantile","0.05",54
"Regular Baseline","2026-08-15",-6,"2026-07-04","Pediatrics","quantile","0.1",67
"Regular Baseline","2026-08-15",-6,"2026-07-04","Pediatrics","quantile","0.15",78
"Regular Baseline","2026-08-15",-6,"2026-07-04","Pediatrics","quantile","0.2",86
"Regular Baseline","2026-08-15",-6,"2026-07-04","Pediatrics","quantile","0.25",93
"Regular Baseline","2026-08-15",-6,"2026-07-04","Pediatrics","quantile","0.3",100
"Regular Baseline","2026-08-15",-6,"2026-07-04","Pediatrics","quantile","0.35",107
"Regular Baseline","2026-08-15",-6,"2026-07-04","Pediatrics","quantile","0.4",114
"Regular Baseline","2026-08-15",-6,"2026-07-04","Pediatrics","quantile","0.45",120
"Regular Baseline","2026-08-15",-6,"2026-07-04","Pediatrics","quantile","0.5",126
"Regular Baseline","2026-08-15",-6,"2026-07-04","Pediatrics","quantile","0.55",133
"Regular Baseline","2026-08-15",-6,"2026-07-04","Pediatrics","quantile","0.6",140
"Regular Baseline","2026-08-15",-6,"2026-07-04","Pediatrics","quantile","0.65",148
"Regular Baseline","2026-08-15",-6,"2026-07-04","Pediatrics","quantile","0.7",156
"Regular Baseline","2026-08-15",-6,"2026-07-04","Pediatrics","quantile","0.75",164
"Regular Baseline","2026-08-15",-6,"2026-07-04","Pediatrics","quantile","0.8",175
"Regular Baseline","2026-08-15",-6,"2026-07-04","Pediatrics","quantile","0.85",188
"Regular Baseline","2026-08-15",-6,"2026-07-04","Pediatrics","quantile","0.9",205
"Regular Baseline","2026-08-15",-6,"2026-07-04","Pediatrics","quantile","0.95",232
"Regular Baseline","2026-08-15",-6,"2026-07-04","Pediatrics","quantile","0.975",257
"Regular Baseline","2026-08-15",-6,"2026-07-04","Pediatrics","quantile","0.99",291
"Regular Baseline","2026-08-15",-5,"2026-07-11","Pediatrics","quantile","0.01",19
"Regular Baseline","2026-08-15",-5,"2026-07-11","Pediatrics","quantile","0.025",33
"Regular Baseline","2026-08-15",-5,"2026-07-11","Pediatrics","quantile","0.05",45
"Regular Baseline","2026-08-15",-5,"2026-07-11","Pediatrics","quantile","0.1",59
"Regular Baseline","2026-08-15",-5,"2026-07-11","Pediatrics","quantile","0.15",69
"Regular Baseline","2026-08-15",-5,"2026-07-11","Pediatrics","quantile","0.2",78
"Regular Baseline","2026-08-15",-5,"2026-07-11","Pediatrics","quantile","0.25",87
"Regular Baseline","2026-08-15",-5,"2026-07-11","Pediatrics","quantile","0.3",95
"Regular Baseline","2026-08-15",-5,"2026-07-11","Pediatrics","quantile","0.35",103
"Regular Baseline","2026-08-15",-5,"2026-07-11","Pediatrics","quantile","0.4",111
"Regular Baseline","2026-08-15",-5,"2026-07-11","Pediatrics","quantile","0.45",119
"Regular Baseline","2026-08-15",-5,"2026-07-11","Pediatrics","quantile","0.5",126
"Regular Baseline","2026-08-15",-5,"2026-07-11","Pediatrics","quantile","0.55",134
"Regular Baseline","2026-08-15",-5,"2026-07-11","Pediatrics","quantile","0.6",142
"Regular Baseline","2026-08-15",-5,"2026-07-11","Pediatrics","quantile","0.65",151
"Regular Baseline","2026-08-15",-5,"2026-07-11","Pediatrics","quantile","0.7",160
"Regular Baseline","2026-08-15",-5,"2026-07-11","Pediatrics","quantile","0.75",171
"Regular Baseline","2026-08-15",-5,"2026-07-11","Pediatrics","quantile","0.8",183
"Regular Baseline","2026-08-15",-5,"2026-07-11","Pediatrics","quantile","0.85",198
"Regular Baseline","2026-08-15",-5,"2026-07-11","Pediatrics","quantile","0.9",216
"Regular Baseline","2026-08-15",-5,"2026-07-11","Pediatrics","quantile","0.95",247
"Regular Baseline","2026-08-15",-5,"2026-07-11","Pediatrics","quantile","0.975",283
"Regular Baseline","2026-08-15",-5,"2026-07-11","Pediatrics","quantile","0.99",329
"Regular Baseline","2026-08-15",-4,"2026-07-18","Pediatrics","quantile","0.01",14
"Regular Baseline","2026-08-15",-4,"2026-07-18","Pediatrics","quantile","0.025",25
"Regular Baseline","2026-08-15",-4,"2026-07-18","Pediatrics","quantile","0.05",37
"Regular Baseline","2026-08-15",-4,"2026-07-18","Pediatrics","quantile","0.1",53
"Regular Baseline","2026-08-15",-4,"2026-07-18","Pediatrics","quantile","0.15",65
"Regular Baseline","2026-08-15",-4,"2026-07-18","Pediatrics","quantile","0.2",74
"Regular Baseline","2026-08-15",-4,"2026-07-18","Pediatrics","quantile","0.25",83
"Regular Baseline","2026-08-15",-4,"2026-07-18","Pediatrics","quantile","0.3",92
"Regular Baseline","2026-08-15",-4,"2026-07-18","Pediatrics","quantile","0.35",101
"Regular Baseline","2026-08-15",-4,"2026-07-18","Pediatrics","quantile","0.4",109
"Regular Baseline","2026-08-15",-4,"2026-07-18","Pediatrics","quantile","0.45",117
"Regular Baseline","2026-08-15",-4,"2026-07-18","Pediatrics","quantile","0.5",126
"Regular Baseline","2026-08-15",-4,"2026-07-18","Pediatrics","quantile","0.55",134
"Regular Baseline","2026-08-15",-4,"2026-07-18","Pediatrics","quantile","0.6",144
"Regular Baseline","2026-08-15",-4,"2026-07-18","Pediatrics","quantile","0.65",154
"Regular Baseline","2026-08-15",-4,"2026-07-18","Pediatrics","quantile","0.7",164
"Regular Baseline","2026-08-15",-4,"2026-07-18","Pediatrics","quantile","0.75",176
"Regular Baseline","2026-08-15",-4,"2026-07-18","Pediatrics","quantile","0.8",190
"Regular Baseline","2026-08-15",-4,"2026-07-18","Pediatrics","quantile","0.85",207
"Regular Baseline","2026-08-15",-4,"2026-07-18","Pediatrics","quantile","0.9",229
"Regular Baseline","2026-08-15",-4,"2026-07-18","Pediatrics","quantile","0.95",265
"Regular Baseline","2026-08-15",-4,"2026-07-18","Pediatrics","quantile","0.975",302
"Regular Baseline","2026-08-15",-4,"2026-07-18","Pediatrics","quantile","0.99",345
"Regular Baseline","2026-08-15",-3,"2026-07-25","Pediatrics","quantile","0.01",8
"Regular Baseline","2026-08-15",-3,"2026-07-25","Pediatrics","quantile","0.025",18
"Regular Baseline","2026-08-15",-3,"2026-07-25","Pediatrics","quantile","0.05",31
"Regular Baseline","2026-08-15",-3,"2026-07-25","Pediatrics","quantile","0.1",47
"Regular Baseline","2026-08-15",-3,"2026-07-25","Pediatrics","quantile","0.15",59
"Regular Baseline","2026-08-15",-3,"2026-07-25","Pediatrics","quantile","0.2",70
"Regular Baseline","2026-08-15",-3,"2026-07-25","Pediatrics","quantile","0.25",79
"Regular Baseline","2026-08-15",-3,"2026-07-25","Pediatrics","quantile","0.3",89
"Regular Baseline","2026-08-15",-3,"2026-07-25","Pediatrics","quantile","0.35",98
"Regular Baseline","2026-08-15",-3,"2026-07-25","Pediatrics","quantile","0.4",107
"Regular Baseline","2026-08-15",-3,"2026-07-25","Pediatrics","quantile","0.45",117
"Regular Baseline","2026-08-15",-3,"2026-07-25","Pediatrics","quantile","0.5",126
"Regular Baseline","2026-08-15",-3,"2026-07-25","Pediatrics","quantile","0.55",135
"Regular Baseline","2026-08-15",-3,"2026-07-25","Pediatrics","quantile","0.6",146
"Regular Baseline","2026-08-15",-3,"2026-07-25","Pediatrics","quantile","0.65",156
"Regular Baseline","2026-08-15",-3,"2026-07-25","Pediatrics","quantile","0.7",168
"Regular Baseline","2026-08-15",-3,"2026-07-25","Pediatrics","quantile","0.75",181
"Regular Baseline","2026-08-15",-3,"2026-07-25","Pediatrics","quantile","0.8",197
"Regular Baseline","2026-08-15",-3,"2026-07-25","Pediatrics","quantile","0.85",214
"Regular Baseline","2026-08-15",-3,"2026-07-25","Pediatrics","quantile","0.9",238
"Regular Baseline","2026-08-15",-3,"2026-07-25","Pediatrics","quantile","0.95",281
"Regular Baseline","2026-08-15",-3,"2026-07-25","Pediatrics","quantile","0.975",324
"Regular Baseline","2026-08-15",-3,"2026-07-25","Pediatrics","quantile","0.99",374
"Regular Baseline","2026-08-15",-2,"2026-08-01","Pediatrics","quantile","0.01",4
"Regular Baseline","2026-08-15",-2,"2026-08-01","Pediatrics","quantile","0.025",14
"Regular Baseline","2026-08-15",-2,"2026-08-01","Pediatrics","quantile","0.05",26
"Regular Baseline","2026-08-15",-2,"2026-08-01","Pediatrics","quantile","0.1",43
"Regular Baseline","2026-08-15",-2,"2026-08-01","Pediatrics","quantile","0.15",55
"Regular Baseline","2026-08-15",-2,"2026-08-01","Pediatrics","quantile","0.2",66
"Regular Baseline","2026-08-15",-2,"2026-08-01","Pediatrics","quantile","0.25",77
"Regular Baseline","2026-08-15",-2,"2026-08-01","Pediatrics","quantile","0.3",86
"Regular Baseline","2026-08-15",-2,"2026-08-01","Pediatrics","quantile","0.35",95
"Regular Baseline","2026-08-15",-2,"2026-08-01","Pediatrics","quantile","0.4",106
"Regular Baseline","2026-08-15",-2,"2026-08-01","Pediatrics","quantile","0.45",116
"Regular Baseline","2026-08-15",-2,"2026-08-01","Pediatrics","quantile","0.5",126
"Regular Baseline","2026-08-15",-2,"2026-08-01","Pediatrics","quantile","0.55",136
"Regular Baseline","2026-08-15",-2,"2026-08-01","Pediatrics","quantile","0.6",147
"Regular Baseline","2026-08-15",-2,"2026-08-01","Pediatrics","quantile","0.65",160
"Regular Baseline","2026-08-15",-2,"2026-08-01","Pediatrics","quantile","0.7",173
"Regular Baseline","2026-08-15",-2,"2026-08-01","Pediatrics","quantile","0.75",186
"Regular Baseline","2026-08-15",-2,"2026-08-01","Pediatrics","quantile","0.8",203
"Regular Baseline","2026-08-15",-2,"2026-08-01","Pediatrics","quantile","0.85",222
"Regular Baseline","2026-08-15",-2,"2026-08-01","Pediatrics","quantile","0.9",251
"Regular Baseline","2026-08-15",-2,"2026-08-01","Pediatrics","quantile","0.95",294
"Regular Baseline","2026-08-15",-2,"2026-08-01","Pediatrics","quantile","0.975",340
"Regular Baseline","2026-08-15",-2,"2026-08-01","Pediatrics","quantile","0.99",406
"Regular Baseline","2026-08-15",-1,"2026-08-08","Pediatrics","quantile","0.01",2
"Regular Baseline","2026-08-15",-1,"2026-08-08","Pediatrics","quantile","0.025",12
"Regular Baseline","2026-08-15",-1,"2026-08-08","Pediatrics","quantile","0.05",22
"Regular Baseline","2026-08-15",-1,"2026-08-08","Pediatrics","quantile","0.1",39
"Regular Baseline","2026-08-15",-1,"2026-08-08","Pediatrics","quantile","0.15",51
"Regular Baseline","2026-08-15",-1,"2026-08-08","Pediatrics","quantile","0.2",63
"Regular Baseline","2026-08-15",-1,"2026-08-08","Pediatrics","quantile","0.25",74
"Regular Baseline","2026-08-15",-1,"2026-08-08","Pediatrics","quantile","0.3",85
"Regular Baseline","2026-08-15",-1,"2026-08-08","Pediatrics","quantile","0.35",94
"Regular Baseline","2026-08-15",-1,"2026-08-08","Pediatrics","quantile","0.4",105
"Regular Baseline","2026-08-15",-1,"2026-08-08","Pediatrics","quantile","0.45",115
"Regular Baseline","2026-08-15",-1,"2026-08-08","Pediatrics","quantile","0.5",126
"Regular Baseline","2026-08-15",-1,"2026-08-08","Pediatrics","quantile","0.55",137
"Regular Baseline","2026-08-15",-1,"2026-08-08","Pediatrics","quantile","0.6",148
"Regular Baseline","2026-08-15",-1,"2026-08-08","Pediatrics","quantile","0.65",161
"Regular Baseline","2026-08-15",-1,"2026-08-08","Pediatrics","quantile","0.7",175
"Regular Baseline","2026-08-15",-1,"2026-08-08","Pediatrics","quantile","0.75",191
"Regular Baseline","2026-08-15",-1,"2026-08-08","Pediatrics","quantile","0.8",210
"Regular Baseline","2026-08-15",-1,"2026-08-08","Pediatrics","quantile","0.85",233
"Regular Baseline","2026-08-15",-1,"2026-08-08","Pediatrics","quantile","0.9",263
"Regular Baseline","2026-08-15",-1,"2026-08-08","Pediatrics","quantile","0.95",310
"Regular Baseline","2026-08-15",-1,"2026-08-08","Pediatrics","quantile","0.975",359
"Regular Baseline","2026-08-15",-1,"2026-08-08","Pediatrics","quantile","0.99",429
"Regular Baseline","2026-08-15",0,"2026-08-15","Pediatrics","quantile","0.01",1
"Regular Baseline","2026-08-15",0,"2026-08-15","Pediatrics","quantile","0.025",9
"Regular Baseline","2026-08-15",0,"2026-08-15","Pediatrics","quantile","0.05",20
"Regular Baseline","2026-08-15",0,"2026-08-15","Pediatrics","quantile","0.1",35
"Regular Baseline","2026-08-15",0,"2026-08-15","Pediatrics","quantile","0.15",48
"Regular Baseline","2026-08-15",0,"2026-08-15","Pediatrics","quantile","0.2",60
"Regular Baseline","2026-08-15",0,"2026-08-15","Pediatrics","quantile","0.25",71
"Regular Baseline","2026-08-15",0,"2026-08-15","Pediatrics","quantile","0.3",83
"Regular Baseline","2026-08-15",0,"2026-08-15","Pediatrics","quantile","0.35",93
"Regular Baseline","2026-08-15",0,"2026-08-15","Pediatrics","quantile","0.4",103
"Regular Baseline","2026-08-15",0,"2026-08-15","Pediatrics","quantile","0.45",114
"Regular Baseline","2026-08-15",0,"2026-08-15","Pediatrics","quantile","0.5",126
"Regular Baseline","2026-08-15",0,"2026-08-15","Pediatrics","quantile","0.55",138
"Regular Baseline","2026-08-15",0,"2026-08-15","Pediatrics","quantile","0.6",150
"Regular Baseline","2026-08-15",0,"2026-08-15","Pediatrics","quantile","0.65",164
"Regular Baseline","2026-08-15",0,"2026-08-15","Pediatrics","quantile","0.7",179
"Regular Baseline","2026-08-15",0,"2026-08-15","Pediatrics","quantile","0.75",196
"Regular Baseline","2026-08-15",0,"2026-08-15","Pediatrics","quantile","0.8",215
"Regular Baseline","2026-08-15",0,"2026-08-15","Pediatrics","quantile","0.85",239
"Regular Baseline","2026-08-15",0,"2026-08-15","Pediatrics","quantile","0.9",272
"Regular Baseline","2026-08-15",0,"2026-08-15","Pediatrics","quantile","0.95",327
"Regular Baseline","2026-08-15",0,"2026-08-15","Pediatrics","quantile","0.975",381
"Regular Baseline","2026-08-15",0,"2026-08-15","Pediatrics","quantile","0.99",443
"Regular Baseline","2026-08-15",1,"2026-08-22","Pediatrics","quantile","0.01",0
"Regular Baseline","2026-08-15",1,"2026-08-22","Pediatrics","quantile","0.025",7
"Regular Baseline","2026-08-15",1,"2026-08-22","Pediatrics","quantile","0.05",17
"Regular Baseline","2026-08-15",1,"2026-08-22","Pediatrics","quantile","0.1",33
"Regular Baseline","2026-08-15",1,"2026-08-22","Pediatrics","quantile","0.15",46
"Regular Baseline","2026-08-15",1,"2026-08-22","Pediatrics","quantile","0.2",59
"Regular Baseline","2026-08-15",1,"2026-08-22","Pediatrics","quantile","0.25",70
"Regular Baseline","2026-08-15",1,"2026-08-22","Pediatrics","quantile","0.3",82
"Regular Baseline","2026-08-15",1,"2026-08-22","Pediatrics","quantile","0.35",93
"Regular Baseline","2026-08-15",1,"2026-08-22","Pediatrics","quantile","0.4",103
"Regular Baseline","2026-08-15",1,"2026-08-22","Pediatrics","quantile","0.45",115
"Regular Baseline","2026-08-15",1,"2026-08-22","Pediatrics","quantile","0.5",126
"Regular Baseline","2026-08-15",1,"2026-08-22","Pediatrics","quantile","0.55",140
"Regular Baseline","2026-08-15",1,"2026-08-22","Pediatrics","quantile","0.6",153
"Regular Baseline","2026-08-15",1,"2026-08-22","Pediatrics","quantile","0.65",167
"Regular Baseline","2026-08-15",1,"2026-08-22","Pediatrics","quantile","0.7",183
"Regular Baseline","2026-08-15",1,"2026-08-22","Pediatrics","quantile","0.75",202
"Regular Baseline","2026-08-15",1,"2026-08-22","Pediatrics","quantile","0.8",223
"Regular Baseline","2026-08-15",1,"2026-08-22","Pediatrics","quantile","0.85",250
"Regular Baseline","2026-08-15",1,"2026-08-22","Pediatrics","quantile","0.9",283
"Regular Baseline","2026-08-15",1,"2026-08-22","Pediatrics","quantile","0.95",339
"Regular Baseline","2026-08-15",1,"2026-08-22","Pediatrics","quantile","0.975",403
"Regular Baseline","2026-08-15",1,"2026-08-22","Pediatrics","quantile","0.99",475
"Regular Baseline","2026-08-15",2,"2026-08-29","Pediatrics","quantile","0.01",0
"Regular Baseline","2026-08-15",2,"2026-08-29","Pediatrics","quantile","0.025",4
"Regular Baseline","2026-08-15",2,"2026-08-29","Pediatrics","quantile","0.05",13
"Regular Baseline","2026-08-15",2,"2026-08-29","Pediatrics","quantile","0.1",29
"Regular Baseline","2026-08-15",2,"2026-08-29","Pediatrics","quantile","0.15",42
"Regular Baseline","2026-08-15",2,"2026-08-29","Pediatrics","quantile","0.2",55
"Regular Baseline","2026-08-15",2,"2026-08-29","Pediatrics","quantile","0.25",67
"Regular Baseline","2026-08-15",2,"2026-08-29","Pediatrics","quantile","0.3",79
"Regular Baseline","2026-08-15",2,"2026-08-29","Pediatrics","quantile","0.35",91
"Regular Baseline","2026-08-15",2,"2026-08-29","Pediatrics","quantile","0.4",103
"Regular Baseline","2026-08-15",2,"2026-08-29","Pediatrics","quantile","0.45",114
"Regular Baseline","2026-08-15",2,"2026-08-29","Pediatrics","quantile","0.5",126
"Regular Baseline","2026-08-15",2,"2026-08-29","Pediatrics","quantile","0.55",139
"Regular Baseline","2026-08-15",2,"2026-08-29","Pediatrics","quantile","0.6",153
"Regular Baseline","2026-08-15",2,"2026-08-29","Pediatrics","quantile","0.65",169
"Regular Baseline","2026-08-15",2,"2026-08-29","Pediatrics","quantile","0.7",185
"Regular Baseline","2026-08-15",2,"2026-08-29","Pediatrics","quantile","0.75",204
"Regular Baseline","2026-08-15",2,"2026-08-29","Pediatrics","quantile","0.8",226
"Regular Baseline","2026-08-15",2,"2026-08-29","Pediatrics","quantile","0.85",255
"Regular Baseline","2026-08-15",2,"2026-08-29","Pediatrics","quantile","0.9",291
"Regular Baseline","2026-08-15",2,"2026-08-29","Pediatrics","quantile","0.95",355
"Regular Baseline","2026-08-15",2,"2026-08-29","Pediatrics","quantile","0.975",416
"Regular Baseline","2026-08-15",2,"2026-08-29","Pediatrics","quantile","0.99",496
"Regular Baseline","2026-08-15",3,"2026-09-05","Pediatrics","quantile","0.01",0
"Regular Baseline","2026-08-15",3,"2026-09-05","Pediatrics","quantile","0.025",3
"Regular Baseline","2026-08-15",3,"2026-09-05","Pediatrics","quantile","0.05",11
"Regular Baseline","2026-08-15",3,"2026-09-05","Pediatrics","quantile","0.1",26
"Regular Baseline","2026-08-15",3,"2026-09-05","Pediatrics","quantile","0.15",39
"Regular Baseline","2026-08-15",3,"2026-09-05","Pediatrics","quantile","0.2",52
"Regular Baseline","2026-08-15",3,"2026-09-05","Pediatrics","quantile","0.25",64
"Regular Baseline","2026-08-15",3,"2026-09-05","Pediatrics","quantile","0.3",76
"Regular Baseline","2026-08-15",3,"2026-09-05","Pediatrics","quantile","0.35",88
"Regular Baseline","2026-08-15",3,"2026-09-05","Pediatrics","quantile","0.4",100
"Regular Baseline","2026-08-15",3,"2026-09-05","Pediatrics","quantile","0.45",113
"Regular Baseline","2026-08-15",3,"2026-09-05","Pediatrics","quantile","0.5",126
"Regular Baseline","2026-08-15",3,"2026-09-05","Pediatrics","quantile","0.55",139
"Regular Baseline","2026-08-15",3,"2026-09-05","Pediatrics","quantile","0.6",154
"Regular Baseline","2026-08-15",3,"2026-09-05","Pediatrics","quantile","0.65",171
"Regular Baseline","2026-08-15",3,"2026-09-05","Pediatrics","quantile","0.7",187
"Regular Baseline","2026-08-15",3,"2026-09-05","Pediatrics","quantile","0.75",208
"Regular Baseline","2026-08-15",3,"2026-09-05","Pediatrics","quantile","0.8",232
"Regular Baseline","2026-08-15",3,"2026-09-05","Pediatrics","quantile","0.85",262
"Regular Baseline","2026-08-15",3,"2026-09-05","Pediatrics","quantile","0.9",298
"Regular Baseline","2026-08-15",3,"2026-09-05","Pediatrics","quantile","0.95",364
"Regular Baseline","2026-08-15",3,"2026-09-05","Pediatrics","quantile","0.975",433
"Regular Baseline","2026-08-15",3,"2026-09-05","Pediatrics","quantile","0.99",516
"Seasonal Baseline","2026-08-15",-8,"2026-06-20","Adults","quantile","0.01",91
"Seasonal Baseline","2026-08-15",-8,"2026-06-20","Adults","quantile","0.025",111
"Seasonal Baseline","2026-08-15",-8,"2026-06-20","Adults","quantile","0.05",132
"Seasonal Baseline","2026-08-15",-8,"2026-06-20","Adults","quantile","0.1",160
"Seasonal Baseline","2026-08-15",-8,"2026-06-20","Adults","quantile","0.15",182
"Seasonal Baseline","2026-08-15",-8,"2026-06-20","Adults","quantile","0.2",202
"Seasonal Baseline","2026-08-15",-8,"2026-06-20","Adults","quantile","0.25",222
"Seasonal Baseline","2026-08-15",-8,"2026-06-20","Adults","quantile","0.3",242
"Seasonal Baseline","2026-08-15",-8,"2026-06-20","Adults","quantile","0.35",260
"Seasonal Baseline","2026-08-15",-8,"2026-06-20","Adults","quantile","0.4",280
"Seasonal Baseline","2026-08-15",-8,"2026-06-20","Adults","quantile","0.45",300
"Seasonal Baseline","2026-08-15",-8,"2026-06-20","Adults","quantile","0.5",322
"Seasonal Baseline","2026-08-15",-8,"2026-06-20","Adults","quantile","0.55",343
"Seasonal Baseline","2026-08-15",-8,"2026-06-20","Adults","quantile","0.6",367
"Seasonal Baseline","2026-08-15",-8,"2026-06-20","Adults","quantile","0.65",393
"Seasonal Baseline","2026-08-15",-8,"2026-06-20","Adults","quantile","0.7",424
"Seasonal Baseline","2026-08-15",-8,"2026-06-20","Adults","quantile","0.75",459
"Seasonal Baseline","2026-08-15",-8,"2026-06-20","Adults","quantile","0.8",506
"Seasonal Baseline","2026-08-15",-8,"2026-06-20","Adults","quantile","0.85",559
"Seasonal Baseline","2026-08-15",-8,"2026-06-20","Adults","quantile","0.9",636
"Seasonal Baseline","2026-08-15",-8,"2026-06-20","Adults","quantile","0.95",768
"Seasonal Baseline","2026-08-15",-8,"2026-06-20","Adults","quantile","0.975",909
"Seasonal Baseline","2026-08-15",-8,"2026-06-20","Adults","quantile","0.99",1118
"Seasonal Baseline","2026-08-15",-7,"2026-06-27","Adults","quantile","0.01",92
"Seasonal Baseline","2026-08-15",-7,"2026-06-27","Adults","quantile","0.025",114
"Seasonal Baseline","2026-08-15",-7,"2026-06-27","Adults","quantile","0.05",135
"Seasonal Baseline","2026-08-15",-7,"2026-06-27","Adults","quantile","0.1",164
"Seasonal Baseline","2026-08-15",-7,"2026-06-27","Adults","quantile","0.15",189
"Seasonal Baseline","2026-08-15",-7,"2026-06-27","Adults","quantile","0.2",208
"Seasonal Baseline","2026-08-15",-7,"2026-06-27","Adults","quantile","0.25",227
"Seasonal Baseline","2026-08-15",-7,"2026-06-27","Adults","quantile","0.3",247
"Seasonal Baseline","2026-08-15",-7,"2026-06-27","Adults","quantile","0.35",267
"Seasonal Baseline","2026-08-15",-7,"2026-06-27","Adults","quantile","0.4",287
"Seasonal Baseline","2026-08-15",-7,"2026-06-27","Adults","quantile","0.45",307
"Seasonal Baseline","2026-08-15",-7,"2026-06-27","Adults","quantile","0.5",329
"Seasonal Baseline","2026-08-15",-7,"2026-06-27","Adults","quantile","0.55",352
"Seasonal Baseline","2026-08-15",-7,"2026-06-27","Adults","quantile","0.6",377
"Seasonal Baseline","2026-08-15",-7,"2026-06-27","Adults","quantile","0.65",407
"Seasonal Baseline","2026-08-15",-7,"2026-06-27","Adults","quantile","0.7",438
"Seasonal Baseline","2026-08-15",-7,"2026-06-27","Adults","quantile","0.75",473
"Seasonal Baseline","2026-08-15",-7,"2026-06-27","Adults","quantile","0.8",516
"Seasonal Baseline","2026-08-15",-7,"2026-06-27","Adults","quantile","0.85",577
"Seasonal Baseline","2026-08-15",-7,"2026-06-27","Adults","quantile","0.9",664
"Seasonal Baseline","2026-08-15",-7,"2026-06-27","Adults","quantile","0.95",808
"Seasonal Baseline","2026-08-15",-7,"2026-06-27","Adults","quantile","0.975",957
"Seasonal Baseline","2026-08-15",-7,"2026-06-27","Adults","quantile","0.99",1143
"Seasonal Baseline","2026-08-15",-6,"2026-07-04","Adults","quantile","0.01",91
"Seasonal Baseline","2026-08-15",-6,"2026-07-04","Adults","quantile","0.025",113
"Seasonal Baseline","2026-08-15",-6,"2026-07-04","Adults","quantile","0.05",135
"Seasonal Baseline","2026-08-15",-6,"2026-07-04","Adults","quantile","0.1",163
"Seasonal Baseline","2026-08-15",-6,"2026-07-04","Adults","quantile","0.15",185
"Seasonal Baseline","2026-08-15",-6,"2026-07-04","Adults","quantile","0.2",206
"Seasonal Baseline","2026-08-15",-6,"2026-07-04","Adults","quantile","0.25",224
"Seasonal Baseline","2026-08-15",-6,"2026-07-04","Adults","quantile","0.3",243
"Seasonal Baseline","2026-08-15",-6,"2026-07-04","Adults","quantile","0.35",260
"Seasonal Baseline","2026-08-15",-6,"2026-07-04","Adults","quantile","0.4",279
"Seasonal Baseline","2026-08-15",-6,"2026-07-04","Adults","quantile","0.45",299
"Seasonal Baseline","2026-08-15",-6,"2026-07-04","Adults","quantile","0.5",320
"Seasonal Baseline","2026-08-15",-6,"2026-07-04","Adults","quantile","0.55",341
"Seasonal Baseline","2026-08-15",-6,"2026-07-04","Adults","quantile","0.6",365
"Seasonal Baseline","2026-08-15",-6,"2026-07-04","Adults","quantile","0.65",391
"Seasonal Baseline","2026-08-15",-6,"2026-07-04","Adults","quantile","0.7",422
"Seasonal Baseline","2026-08-15",-6,"2026-07-04","Adults","quantile","0.75",459
"Seasonal Baseline","2026-08-15",-6,"2026-07-04","Adults","quantile","0.8",500
"Seasonal Baseline","2026-08-15",-6,"2026-07-04","Adults","quantile","0.85",560
"Seasonal Baseline","2026-08-15",-6,"2026-07-04","Adults","quantile","0.9",640
"Seasonal Baseline","2026-08-15",-6,"2026-07-04","Adults","quantile","0.95",778
"Seasonal Baseline","2026-08-15",-6,"2026-07-04","Adults","quantile","0.975",921
"Seasonal Baseline","2026-08-15",-6,"2026-07-04","Adults","quantile","0.99",1142
"Seasonal Baseline","2026-08-15",-5,"2026-07-11","Adults","quantile","0.01",91
"Seasonal Baseline","2026-08-15",-5,"2026-07-11","Adults","quantile","0.025",108
"Seasonal Baseline","2026-08-15",-5,"2026-07-11","Adults","quantile","0.05",128
"Seasonal Baseline","2026-08-15",-5,"2026-07-11","Adults","quantile","0.1",156
"Seasonal Baseline","2026-08-15",-5,"2026-07-11","Adults","quantile","0.15",178
"Seasonal Baseline","2026-08-15",-5,"2026-07-11","Adults","quantile","0.2",199
"Seasonal Baseline","2026-08-15",-5,"2026-07-11","Adults","quantile","0.25",218
"Seasonal Baseline","2026-08-15",-5,"2026-07-11","Adults","quantile","0.3",236
"Seasonal Baseline","2026-08-15",-5,"2026-07-11","Adults","quantile","0.35",254
"Seasonal Baseline","2026-08-15",-5,"2026-07-11","Adults","quantile","0.4",273
"Seasonal Baseline","2026-08-15",-5,"2026-07-11","Adults","quantile","0.45",293
"Seasonal Baseline","2026-08-15",-5,"2026-07-11","Adults","quantile","0.5",314
"Seasonal Baseline","2026-08-15",-5,"2026-07-11","Adults","quantile","0.55",337
"Seasonal Baseline","2026-08-15",-5,"2026-07-11","Adults","quantile","0.6",361
"Seasonal Baseline","2026-08-15",-5,"2026-07-11","Adults","quantile","0.65",387
"Seasonal Baseline","2026-08-15",-5,"2026-07-11","Adults","quantile","0.7",415
"Seasonal Baseline","2026-08-15",-5,"2026-07-11","Adults","quantile","0.75",454
"Seasonal Baseline","2026-08-15",-5,"2026-07-11","Adults","quantile","0.8",493
"Seasonal Baseline","2026-08-15",-5,"2026-07-11","Adults","quantile","0.85",545
"Seasonal Baseline","2026-08-15",-5,"2026-07-11","Adults","quantile","0.9",625
"Seasonal Baseline","2026-08-15",-5,"2026-07-11","Adults","quantile","0.95",758
"Seasonal Baseline","2026-08-15",-5,"2026-07-11","Adults","quantile","0.975",903
"Seasonal Baseline","2026-08-15",-5,"2026-07-11","Adults","quantile","0.99",1112
"Seasonal Baseline","2026-08-15",-4,"2026-07-18","Adults","quantile","0.01",84
"Seasonal Baseline","2026-08-15",-4,"2026-07-18","Adults","quantile","0.025",102
"Seasonal Baseline","2026-08-15",-4,"2026-07-18","Adults","quantile","0.05",122
"Seasonal Baseline","2026-08-15",-4,"2026-07-18","Adults","quantile","0.1",150
"Seasonal Baseline","2026-08-15",-4,"2026-07-18","Adults","quantile","0.15",171
"Seasonal Baseline","2026-08-15",-4,"2026-07-18","Adults","quantile","0.2",190
"Seasonal Baseline","2026-08-15",-4,"2026-07-18","Adults","quantile","0.25",208
"Seasonal Baseline","2026-08-15",-4,"2026-07-18","Adults","quantile","0.3",226
"Seasonal Baseline","2026-08-15",-4,"2026-07-18","Adults","quantile","0.35",243
"Seasonal Baseline","2026-08-15",-4,"2026-07-18","Adults","quantile","0.4",260
"Seasonal Baseline","2026-08-15",-4,"2026-07-18","Adults","quantile","0.45",278
"Seasonal Baseline","2026-08-15",-4,"2026-07-18","Adults","quantile","0.5",297
"Seasonal Baseline","2026-08-15",-4,"2026-07-18","Adults","quantile","0.55",317
"Seasonal Baseline","2026-08-15",-4,"2026-07-18","Adults","quantile","0.6",341
"Seasonal Baseline","2026-08-15",-4,"2026-07-18","Adults","quantile","0.65",365
"Seasonal Baseline","2026-08-15",-4,"2026-07-18","Adults","quantile","0.7",394
"Seasonal Baseline","2026-08-15",-4,"2026-07-18","Adults","quantile","0.75",426
"Seasonal Baseline","2026-08-15",-4,"2026-07-18","Adults","quantile","0.8",469
"Seasonal Baseline","2026-08-15",-4,"2026-07-18","Adults","quantile","0.85",523
"Seasonal Baseline","2026-08-15",-4,"2026-07-18","Adults","quantile","0.9",598
"Seasonal Baseline","2026-08-15",-4,"2026-07-18","Adults","quantile","0.95",721
"Seasonal Baseline","2026-08-15",-4,"2026-07-18","Adults","quantile","0.975",850
"Seasonal Baseline","2026-08-15",-4,"2026-07-18","Adults","quantile","0.99",1021
"Seasonal Baseline","2026-08-15",-3,"2026-07-25","Adults","quantile","0.01",77
"Seasonal Baseline","2026-08-15",-3,"2026-07-25","Adults","quantile","0.025",95
"Seasonal Baseline","2026-08-15",-3,"2026-07-25","Adults","quantile","0.05",113
"Seasonal Baseline","2026-08-15",-3,"2026-07-25","Adults","quantile","0.1",139
"Seasonal Baseline","2026-08-15",-3,"2026-07-25","Adults","quantile","0.15",158
"Seasonal Baseline","2026-08-15",-3,"2026-07-25","Adults","quantile","0.2",177
"Seasonal Baseline","2026-08-15",-3,"2026-07-25","Adults","quantile","0.25",194
"Seasonal Baseline","2026-08-15",-3,"2026-07-25","Adults","quantile","0.3",210
"Seasonal Baseline","2026-08-15",-3,"2026-07-25","Adults","quantile","0.35",227
"Seasonal Baseline","2026-08-15",-3,"2026-07-25","Adults","quantile","0.4",245
"Seasonal Baseline","2026-08-15",-3,"2026-07-25","Adults","quantile","0.45",261
"Seasonal Baseline","2026-08-15",-3,"2026-07-25","Adults","quantile","0.5",279
"Seasonal Baseline","2026-08-15",-3,"2026-07-25","Adults","quantile","0.55",300
"Seasonal Baseline","2026-08-15",-3,"2026-07-25","Adults","quantile","0.6",322
"Seasonal Baseline","2026-08-15",-3,"2026-07-25","Adults","quantile","0.65",346
"Seasonal Baseline","2026-08-15",-3,"2026-07-25","Adults","quantile","0.7",373
"Seasonal Baseline","2026-08-15",-3,"2026-07-25","Adults","quantile","0.75",405
"Seasonal Baseline","2026-08-15",-3,"2026-07-25","Adults","quantile","0.8",444
"Seasonal Baseline","2026-08-15",-3,"2026-07-25","Adults","quantile","0.85",491
"Seasonal Baseline","2026-08-15",-3,"2026-07-25","Adults","quantile","0.9",556
"Seasonal Baseline","2026-08-15",-3,"2026-07-25","Adults","quantile","0.95",675
"Seasonal Baseline","2026-08-15",-3,"2026-07-25","Adults","quantile","0.975",794
"Seasonal Baseline","2026-08-15",-3,"2026-07-25","Adults","quantile","0.99",989
"Seasonal Baseline","2026-08-15",-2,"2026-08-01","Adults","quantile","0.01",74
"Seasonal Baseline","2026-08-15",-2,"2026-08-01","Adults","quantile","0.025",89
"Seasonal Baseline","2026-08-15",-2,"2026-08-01","Adults","quantile","0.05",106
"Seasonal Baseline","2026-08-15",-2,"2026-08-01","Adults","quantile","0.1",130
"Seasonal Baseline","2026-08-15",-2,"2026-08-01","Adults","quantile","0.15",149
"Seasonal Baseline","2026-08-15",-2,"2026-08-01","Adults","quantile","0.2",165
"Seasonal Baseline","2026-08-15",-2,"2026-08-01","Adults","quantile","0.25",181
"Seasonal Baseline","2026-08-15",-2,"2026-08-01","Adults","quantile","0.3",197
"Seasonal Baseline","2026-08-15",-2,"2026-08-01","Adults","quantile","0.35",213
"Seasonal Baseline","2026-08-15",-2,"2026-08-01","Adults","quantile","0.4",229
"Seasonal Baseline","2026-08-15",-2,"2026-08-01","Adults","quantile","0.45",245
"Seasonal Baseline","2026-08-15",-2,"2026-08-01","Adults","quantile","0.5",262
"Seasonal Baseline","2026-08-15",-2,"2026-08-01","Adults","quantile","0.55",280
"Seasonal Baseline","2026-08-15",-2,"2026-08-01","Adults","quantile","0.6",299
"Seasonal Baseline","2026-08-15",-2,"2026-08-01","Adults","quantile","0.65",320
"Seasonal Baseline","2026-08-15",-2,"2026-08-01","Adults","quantile","0.7",344
"Seasonal Baseline","2026-08-15",-2,"2026-08-01","Adults","quantile","0.75",373
"Seasonal Baseline","2026-08-15",-2,"2026-08-01","Adults","quantile","0.8",408
"Seasonal Baseline","2026-08-15",-2,"2026-08-01","Adults","quantile","0.85",454
"Seasonal Baseline","2026-08-15",-2,"2026-08-01","Adults","quantile","0.9",512
"Seasonal Baseline","2026-08-15",-2,"2026-08-01","Adults","quantile","0.95",621
"Seasonal Baseline","2026-08-15",-2,"2026-08-01","Adults","quantile","0.975",731
"Seasonal Baseline","2026-08-15",-2,"2026-08-01","Adults","quantile","0.99",908
"Seasonal Baseline","2026-08-15",-1,"2026-08-08","Adults","quantile","0.01",65
"Seasonal Baseline","2026-08-15",-1,"2026-08-08","Adults","quantile","0.025",83
"Seasonal Baseline","2026-08-15",-1,"2026-08-08","Adults","quantile","0.05",98
"Seasonal Baseline","2026-08-15",-1,"2026-08-08","Adults","quantile","0.1",120
"Seasonal Baseline","2026-08-15",-1,"2026-08-08","Adults","quantile","0.15",139
"Seasonal Baseline","2026-08-15",-1,"2026-08-08","Adults","quantile","0.2",153
"Seasonal Baseline","2026-08-15",-1,"2026-08-08","Adults","quantile","0.25",169
"Seasonal Baseline","2026-08-15",-1,"2026-08-08","Adults","quantile","0.3",183
"Seasonal Baseline","2026-08-15",-1,"2026-08-08","Adults","quantile","0.35",198
"Seasonal Baseline","2026-08-15",-1,"2026-08-08","Adults","quantile","0.4",213
"Seasonal Baseline","2026-08-15",-1,"2026-08-08","Adults","quantile","0.45",228
"Seasonal Baseline","2026-08-15",-1,"2026-08-08","Adults","quantile","0.5",242
"Seasonal Baseline","2026-08-15",-1,"2026-08-08","Adults","quantile","0.55",260
"Seasonal Baseline","2026-08-15",-1,"2026-08-08","Adults","quantile","0.6",278
"Seasonal Baseline","2026-08-15",-1,"2026-08-08","Adults","quantile","0.65",299
"Seasonal Baseline","2026-08-15",-1,"2026-08-08","Adults","quantile","0.7",323
"Seasonal Baseline","2026-08-15",-1,"2026-08-08","Adults","quantile","0.75",349
"Seasonal Baseline","2026-08-15",-1,"2026-08-08","Adults","quantile","0.8",382
"Seasonal Baseline","2026-08-15",-1,"2026-08-08","Adults","quantile","0.85",421
"Seasonal Baseline","2026-08-15",-1,"2026-08-08","Adults","quantile","0.9",480
"Seasonal Baseline","2026-08-15",-1,"2026-08-08","Adults","quantile","0.95",586
"Seasonal Baseline","2026-08-15",-1,"2026-08-08","Adults","quantile","0.975",703
"Seasonal Baseline","2026-08-15",-1,"2026-08-08","Adults","quantile","0.99",852
"Seasonal Baseline","2026-08-15",0,"2026-08-15","Adults","quantile","0.01",65
"Seasonal Baseline","2026-08-15",0,"2026-08-15","Adults","quantile","0.025",79
"Seasonal Baseline","2026-08-15",0,"2026-08-15","Adults","quantile","0.05",96
"Seasonal Baseline","2026-08-15",0,"2026-08-15","Adults","quantile","0.1",116
"Seasonal Baseline","2026-08-15",0,"2026-08-15","Adults","quantile","0.15",131
"Seasonal Baseline","2026-08-15",0,"2026-08-15","Adults","quantile","0.2",144
"Seasonal Baseline","2026-08-15",0,"2026-08-15","Adults","quantile","0.25",159
"Seasonal Baseline","2026-08-15",0,"2026-08-15","Adults","quantile","0.3",172
"Seasonal Baseline","2026-08-15",0,"2026-08-15","Adults","quantile","0.35",186
"Seasonal Baseline","2026-08-15",0,"2026-08-15","Adults","quantile","0.4",200
"Seasonal Baseline","2026-08-15",0,"2026-08-15","Adults","quantile","0.45",214
"Seasonal Baseline","2026-08-15",0,"2026-08-15","Adults","quantile","0.5",229
"Seasonal Baseline","2026-08-15",0,"2026-08-15","Adults","quantile","0.55",244
"Seasonal Baseline","2026-08-15",0,"2026-08-15","Adults","quantile","0.6",262
"Seasonal Baseline","2026-08-15",0,"2026-08-15","Adults","quantile","0.65",281
"Seasonal Baseline","2026-08-15",0,"2026-08-15","Adults","quantile","0.7",304
"Seasonal Baseline","2026-08-15",0,"2026-08-15","Adults","quantile","0.75",331
"Seasonal Baseline","2026-08-15",0,"2026-08-15","Adults","quantile","0.8",358
"Seasonal Baseline","2026-08-15",0,"2026-08-15","Adults","quantile","0.85",398
"Seasonal Baseline","2026-08-15",0,"2026-08-15","Adults","quantile","0.9",456
"Seasonal Baseline","2026-08-15",0,"2026-08-15","Adults","quantile","0.95",553
"Seasonal Baseline","2026-08-15",0,"2026-08-15","Adults","quantile","0.975",654
"Seasonal Baseline","2026-08-15",0,"2026-08-15","Adults","quantile","0.99",812
"Seasonal Baseline","2026-08-15",1,"2026-08-22","Adults","quantile","0.01",59
"Seasonal Baseline","2026-08-15",1,"2026-08-22","Adults","quantile","0.025",73
"Seasonal Baseline","2026-08-15",1,"2026-08-22","Adults","quantile","0.05",87
"Seasonal Baseline","2026-08-15",1,"2026-08-22","Adults","quantile","0.1",107
"Seasonal Baseline","2026-08-15",1,"2026-08-22","Adults","quantile","0.15",122
"Seasonal Baseline","2026-08-15",1,"2026-08-22","Adults","quantile","0.2",137
"Seasonal Baseline","2026-08-15",1,"2026-08-22","Adults","quantile","0.25",149
"Seasonal Baseline","2026-08-15",1,"2026-08-22","Adults","quantile","0.3",161
"Seasonal Baseline","2026-08-15",1,"2026-08-22","Adults","quantile","0.35",173
"Seasonal Baseline","2026-08-15",1,"2026-08-22","Adults","quantile","0.4",186
"Seasonal Baseline","2026-08-15",1,"2026-08-22","Adults","quantile","0.45",200
"Seasonal Baseline","2026-08-15",1,"2026-08-22","Adults","quantile","0.5",214
"Seasonal Baseline","2026-08-15",1,"2026-08-22","Adults","quantile","0.55",230
"Seasonal Baseline","2026-08-15",1,"2026-08-22","Adults","quantile","0.6",247
"Seasonal Baseline","2026-08-15",1,"2026-08-22","Adults","quantile","0.65",265
"Seasonal Baseline","2026-08-15",1,"2026-08-22","Adults","quantile","0.7",287
"Seasonal Baseline","2026-08-15",1,"2026-08-22","Adults","quantile","0.75",311
"Seasonal Baseline","2026-08-15",1,"2026-08-22","Adults","quantile","0.8",342
"Seasonal Baseline","2026-08-15",1,"2026-08-22","Adults","quantile","0.85",380
"Seasonal Baseline","2026-08-15",1,"2026-08-22","Adults","quantile","0.9",432
"Seasonal Baseline","2026-08-15",1,"2026-08-22","Adults","quantile","0.95",525
"Seasonal Baseline","2026-08-15",1,"2026-08-22","Adults","quantile","0.975",627
"Seasonal Baseline","2026-08-15",1,"2026-08-22","Adults","quantile","0.99",760
"Seasonal Baseline","2026-08-15",2,"2026-08-29","Adults","quantile","0.01",59
"Seasonal Baseline","2026-08-15",2,"2026-08-29","Adults","quantile","0.025",73
"Seasonal Baseline","2026-08-15",2,"2026-08-29","Adults","quantile","0.05",86
"Seasonal Baseline","2026-08-15",2,"2026-08-29","Adults","quantile","0.1",104
"Seasonal Baseline","2026-08-15",2,"2026-08-29","Adults","quantile","0.15",118
"Seasonal Baseline","2026-08-15",2,"2026-08-29","Adults","quantile","0.2",130
"Seasonal Baseline","2026-08-15",2,"2026-08-29","Adults","quantile","0.25",144
"Seasonal Baseline","2026-08-15",2,"2026-08-29","Adults","quantile","0.3",157
"Seasonal Baseline","2026-08-15",2,"2026-08-29","Adults","quantile","0.35",168
"Seasonal Baseline","2026-08-15",2,"2026-08-29","Adults","quantile","0.4",181
"Seasonal Baseline","2026-08-15",2,"2026-08-29","Adults","quantile","0.45",193
"Seasonal Baseline","2026-08-15",2,"2026-08-29","Adults","quantile","0.5",207
"Seasonal Baseline","2026-08-15",2,"2026-08-29","Adults","quantile","0.55",221
"Seasonal Baseline","2026-08-15",2,"2026-08-29","Adults","quantile","0.6",238
"Seasonal Baseline","2026-08-15",2,"2026-08-29","Adults","quantile","0.65",257
"Seasonal Baseline","2026-08-15",2,"2026-08-29","Adults","quantile","0.7",276
"Seasonal Baseline","2026-08-15",2,"2026-08-29","Adults","quantile","0.75",300
"Seasonal Baseline","2026-08-15",2,"2026-08-29","Adults","quantile","0.8",331
"Seasonal Baseline","2026-08-15",2,"2026-08-29","Adults","quantile","0.85",367
"Seasonal Baseline","2026-08-15",2,"2026-08-29","Adults","quantile","0.9",418
"Seasonal Baseline","2026-08-15",2,"2026-08-29","Adults","quantile","0.95",509
"Seasonal Baseline","2026-08-15",2,"2026-08-29","Adults","quantile","0.975",597
"Seasonal Baseline","2026-08-15",2,"2026-08-29","Adults","quantile","0.99",730
"Seasonal Baseline","2026-08-15",3,"2026-09-05","Adults","quantile","0.01",54
"Seasonal Baseline","2026-08-15",3,"2026-09-05","Adults","quantile","0.025",67
"Seasonal Baseline","2026-08-15",3,"2026-09-05","Adults","quantile","0.05",80
"Seasonal Baseline","2026-08-15",3,"2026-09-05","Adults","quantile","0.1",96
"Seasonal Baseline","2026-08-15",3,"2026-09-05","Adults","quantile","0.15",110
"Seasonal Baseline","2026-08-15",3,"2026-09-05","Adults","quantile","0.2",123
"Seasonal Baseline","2026-08-15",3,"2026-09-05","Adults","quantile","0.25",134
"Seasonal Baseline","2026-08-15",3,"2026-09-05","Adults","quantile","0.3",146
"Seasonal Baseline","2026-08-15",3,"2026-09-05","Adults","quantile","0.35",157
"Seasonal Baseline","2026-08-15",3,"2026-09-05","Adults","quantile","0.4",169
"Seasonal Baseline","2026-08-15",3,"2026-09-05","Adults","quantile","0.45",182
"Seasonal Baseline","2026-08-15",3,"2026-09-05","Adults","quantile","0.5",194
"Seasonal Baseline","2026-08-15",3,"2026-09-05","Adults","quantile","0.55",207
"Seasonal Baseline","2026-08-15",3,"2026-09-05","Adults","quantile","0.6",223
"Seasonal Baseline","2026-08-15",3,"2026-09-05","Adults","quantile","0.65",240
"Seasonal Baseline","2026-08-15",3,"2026-09-05","Adults","quantile","0.7",258
"Seasonal Baseline","2026-08-15",3,"2026-09-05","Adults","quantile","0.75",280
"Seasonal Baseline","2026-08-15",3,"2026-09-05","Adults","quantile","0.8",305
"Seasonal Baseline","2026-08-15",3,"2026-09-05","Adults","quantile","0.85",341
"Seasonal Baseline","2026-08-15",3,"2026-09-05","Adults","quantile","0.9",390
"Seasonal Baseline","2026-08-15",3,"2026-09-05","Adults","quantile","0.95",480
"Seasonal Baseline","2026-08-15",3,"2026-09-05","Adults","quantile","0.975",560
"Seasonal Baseline","2026-08-15",3,"2026-09-05","Adults","quantile","0.99",666
"Seasonal Baseline","2026-08-15",-8,"2026-06-20","Overall","quantile","0.01",291
"Seasonal Baseline","2026-08-15",-8,"2026-06-20","Overall","quantile","0.025",342
"Seasonal Baseline","2026-08-15",-8,"2026-06-20","Overall","quantile","0.05",392
"Seasonal Baseline","2026-08-15",-8,"2026-06-20","Overall","quantile","0.1",456
"Seasonal Baseline","2026-08-15",-8,"2026-06-20","Overall","quantile","0.15",511
"Seasonal Baseline","2026-08-15",-8,"2026-06-20","Overall","quantile","0.2",555
"Seasonal Baseline","2026-08-15",-8,"2026-06-20","Overall","quantile","0.25",598
"Seasonal Baseline","2026-08-15",-8,"2026-06-20","Overall","quantile","0.3",638
"Seasonal Baseline","2026-08-15",-8,"2026-06-20","Overall","quantile","0.35",675
"Seasonal Baseline","2026-08-15",-8,"2026-06-20","Overall","quantile","0.4",713
"Seasonal Baseline","2026-08-15",-8,"2026-06-20","Overall","quantile","0.45",751
"Seasonal Baseline","2026-08-15",-8,"2026-06-20","Overall","quantile","0.5",791
"Seasonal Baseline","2026-08-15",-8,"2026-06-20","Overall","quantile","0.55",830
"Seasonal Baseline","2026-08-15",-8,"2026-06-20","Overall","quantile","0.6",880
"Seasonal Baseline","2026-08-15",-8,"2026-06-20","Overall","quantile","0.65",927
"Seasonal Baseline","2026-08-15",-8,"2026-06-20","Overall","quantile","0.7",987
"Seasonal Baseline","2026-08-15",-8,"2026-06-20","Overall","quantile","0.75",1049
"Seasonal Baseline","2026-08-15",-8,"2026-06-20","Overall","quantile","0.8",1123
"Seasonal Baseline","2026-08-15",-8,"2026-06-20","Overall","quantile","0.85",1218
"Seasonal Baseline","2026-08-15",-8,"2026-06-20","Overall","quantile","0.9",1336
"Seasonal Baseline","2026-08-15",-8,"2026-06-20","Overall","quantile","0.95",1562
"Seasonal Baseline","2026-08-15",-8,"2026-06-20","Overall","quantile","0.975",1766
"Seasonal Baseline","2026-08-15",-8,"2026-06-20","Overall","quantile","0.99",2045
"Seasonal Baseline","2026-08-15",-7,"2026-06-27","Overall","quantile","0.01",311
"Seasonal Baseline","2026-08-15",-7,"2026-06-27","Overall","quantile","0.025",355
"Seasonal Baseline","2026-08-15",-7,"2026-06-27","Overall","quantile","0.05",404
"Seasonal Baseline","2026-08-15",-7,"2026-06-27","Overall","quantile","0.1",475
"Seasonal Baseline","2026-08-15",-7,"2026-06-27","Overall","quantile","0.15",524
"Seasonal Baseline","2026-08-15",-7,"2026-06-27","Overall","quantile","0.2",569
"Seasonal Baseline","2026-08-15",-7,"2026-06-27","Overall","quantile","0.25",608
"Seasonal Baseline","2026-08-15",-7,"2026-06-27","Overall","quantile","0.3",650
"Seasonal Baseline","2026-08-15",-7,"2026-06-27","Overall","quantile","0.35",687
"Seasonal Baseline","2026-08-15",-7,"2026-06-27","Overall","quantile","0.4",725
"Seasonal Baseline","2026-08-15",-7,"2026-06-27","Overall","quantile","0.45",764
"Seasonal Baseline","2026-08-15",-7,"2026-06-27","Overall","quantile","0.5",805
"Seasonal Baseline","2026-08-15",-7,"2026-06-27","Overall","quantile","0.55",850
"Seasonal Baseline","2026-08-15",-7,"2026-06-27","Overall","quantile","0.6",897
"Seasonal Baseline","2026-08-15",-7,"2026-06-27","Overall","quantile","0.65",946
"Seasonal Baseline","2026-08-15",-7,"2026-06-27","Overall","quantile","0.7",1005
"Seasonal Baseline","2026-08-15",-7,"2026-06-27","Overall","quantile","0.75",1071
"Seasonal Baseline","2026-08-15",-7,"2026-06-27","Overall","quantile","0.8",1148
"Seasonal Baseline","2026-08-15",-7,"2026-06-27","Overall","quantile","0.85",1246
"Seasonal Baseline","2026-08-15",-7,"2026-06-27","Overall","quantile","0.9",1375
"Seasonal Baseline","2026-08-15",-7,"2026-06-27","Overall","quantile","0.95",1598
"Seasonal Baseline","2026-08-15",-7,"2026-06-27","Overall","quantile","0.975",1795
"Seasonal Baseline","2026-08-15",-7,"2026-06-27","Overall","quantile","0.99",2098
"Seasonal Baseline","2026-08-15",-6,"2026-07-04","Overall","quantile","0.01",294
"Seasonal Baseline","2026-08-15",-6,"2026-07-04","Overall","quantile","0.025",340
"Seasonal Baseline","2026-08-15",-6,"2026-07-04","Overall","quantile","0.05",394
"Seasonal Baseline","2026-08-15",-6,"2026-07-04","Overall","quantile","0.1",463
"Seasonal Baseline","2026-08-15",-6,"2026-07-04","Overall","quantile","0.15",515
"Seasonal Baseline","2026-08-15",-6,"2026-07-04","Overall","quantile","0.2",559
"Seasonal Baseline","2026-08-15",-6,"2026-07-04","Overall","quantile","0.25",602
"Seasonal Baseline","2026-08-15",-6,"2026-07-04","Overall","quantile","0.3",639
"Seasonal Baseline","2026-08-15",-6,"2026-07-04","Overall","quantile","0.35",678
"Seasonal Baseline","2026-08-15",-6,"2026-07-04","Overall","quantile","0.4",719
"Seasonal Baseline","2026-08-15",-6,"2026-07-04","Overall","quantile","0.45",759
"Seasonal Baseline","2026-08-15",-6,"2026-07-04","Overall","quantile","0.5",799
"Seasonal Baseline","2026-08-15",-6,"2026-07-04","Overall","quantile","0.55",839
"Seasonal Baseline","2026-08-15",-6,"2026-07-04","Overall","quantile","0.6",883
"Seasonal Baseline","2026-08-15",-6,"2026-07-04","Overall","quantile","0.65",934
"Seasonal Baseline","2026-08-15",-6,"2026-07-04","Overall","quantile","0.7",984
"Seasonal Baseline","2026-08-15",-6,"2026-07-04","Overall","quantile","0.75",1051
"Seasonal Baseline","2026-08-15",-6,"2026-07-04","Overall","quantile","0.8",1128
"Seasonal Baseline","2026-08-15",-6,"2026-07-04","Overall","quantile","0.85",1230
"Seasonal Baseline","2026-08-15",-6,"2026-07-04","Overall","quantile","0.9",1362
"Seasonal Baseline","2026-08-15",-6,"2026-07-04","Overall","quantile","0.95",1572
"Seasonal Baseline","2026-08-15",-6,"2026-07-04","Overall","quantile","0.975",1802
"Seasonal Baseline","2026-08-15",-6,"2026-07-04","Overall","quantile","0.99",2132
"Seasonal Baseline","2026-08-15",-5,"2026-07-11","Overall","quantile","0.01",298
"Seasonal Baseline","2026-08-15",-5,"2026-07-11","Overall","quantile","0.025",346
"Seasonal Baseline","2026-08-15",-5,"2026-07-11","Overall","quantile","0.05",392
"Seasonal Baseline","2026-08-15",-5,"2026-07-11","Overall","quantile","0.1",456
"Seasonal Baseline","2026-08-15",-5,"2026-07-11","Overall","quantile","0.15",508
"Seasonal Baseline","2026-08-15",-5,"2026-07-11","Overall","quantile","0.2",551
"Seasonal Baseline","2026-08-15",-5,"2026-07-11","Overall","quantile","0.25",592
"Seasonal Baseline","2026-08-15",-5,"2026-07-11","Overall","quantile","0.3",630
"Seasonal Baseline","2026-08-15",-5,"2026-07-11","Overall","quantile","0.35",666
"Seasonal Baseline","2026-08-15",-5,"2026-07-11","Overall","quantile","0.4",703
"Seasonal Baseline","2026-08-15",-5,"2026-07-11","Overall","quantile","0.45",742
"Seasonal Baseline","2026-08-15",-5,"2026-07-11","Overall","quantile","0.5",783
"Seasonal Baseline","2026-08-15",-5,"2026-07-11","Overall","quantile","0.55",823
"Seasonal Baseline","2026-08-15",-5,"2026-07-11","Overall","quantile","0.6",869
"Seasonal Baseline","2026-08-15",-5,"2026-07-11","Overall","quantile","0.65",919
"Seasonal Baseline","2026-08-15",-5,"2026-07-11","Overall","quantile","0.7",972
"Seasonal Baseline","2026-08-15",-5,"2026-07-11","Overall","quantile","0.75",1033
"Seasonal Baseline","2026-08-15",-5,"2026-07-11","Overall","quantile","0.8",1108
"Seasonal Baseline","2026-08-15",-5,"2026-07-11","Overall","quantile","0.85",1206
"Seasonal Baseline","2026-08-15",-5,"2026-07-11","Overall","quantile","0.9",1338
"Seasonal Baseline","2026-08-15",-5,"2026-07-11","Overall","quantile","0.95",1558
"Seasonal Baseline","2026-08-15",-5,"2026-07-11","Overall","quantile","0.975",1799
"Seasonal Baseline","2026-08-15",-5,"2026-07-11","Overall","quantile","0.99",2065
"Seasonal Baseline","2026-08-15",-4,"2026-07-18","Overall","quantile","0.01",287
"Seasonal Baseline","2026-08-15",-4,"2026-07-18","Overall","quantile","0.025",332
"Seasonal Baseline","2026-08-15",-4,"2026-07-18","Overall","quantile","0.05",376
"Seasonal Baseline","2026-08-15",-4,"2026-07-18","Overall","quantile","0.1",441
"Seasonal Baseline","2026-08-15",-4,"2026-07-18","Overall","quantile","0.15",489
"Seasonal Baseline","2026-08-15",-4,"2026-07-18","Overall","quantile","0.2",531
"Seasonal Baseline","2026-08-15",-4,"2026-07-18","Overall","quantile","0.25",570
"Seasonal Baseline","2026-08-15",-4,"2026-07-18","Overall","quantile","0.3",608
"Seasonal Baseline","2026-08-15",-4,"2026-07-18","Overall","quantile","0.35",646
"Seasonal Baseline","2026-08-15",-4,"2026-07-18","Overall","quantile","0.4",681
"Seasonal Baseline","2026-08-15",-4,"2026-07-18","Overall","quantile","0.45",718
"Seasonal Baseline","2026-08-15",-4,"2026-07-18","Overall","quantile","0.5",757
"Seasonal Baseline","2026-08-15",-4,"2026-07-18","Overall","quantile","0.55",795
"Seasonal Baseline","2026-08-15",-4,"2026-07-18","Overall","quantile","0.6",837
"Seasonal Baseline","2026-08-15",-4,"2026-07-18","Overall","quantile","0.65",886
"Seasonal Baseline","2026-08-15",-4,"2026-07-18","Overall","quantile","0.7",938
"Seasonal Baseline","2026-08-15",-4,"2026-07-18","Overall","quantile","0.75",994
"Seasonal Baseline","2026-08-15",-4,"2026-07-18","Overall","quantile","0.8",1071
"Seasonal Baseline","2026-08-15",-4,"2026-07-18","Overall","quantile","0.85",1158
"Seasonal Baseline","2026-08-15",-4,"2026-07-18","Overall","quantile","0.9",1285
"Seasonal Baseline","2026-08-15",-4,"2026-07-18","Overall","quantile","0.95",1517
"Seasonal Baseline","2026-08-15",-4,"2026-07-18","Overall","quantile","0.975",1736
"Seasonal Baseline","2026-08-15",-4,"2026-07-18","Overall","quantile","0.99",1985
"Seasonal Baseline","2026-08-15",-3,"2026-07-25","Overall","quantile","0.01",264
"Seasonal Baseline","2026-08-15",-3,"2026-07-25","Overall","quantile","0.025",312
"Seasonal Baseline","2026-08-15",-3,"2026-07-25","Overall","quantile","0.05",358
"Seasonal Baseline","2026-08-15",-3,"2026-07-25","Overall","quantile","0.1",418
"Seasonal Baseline","2026-08-15",-3,"2026-07-25","Overall","quantile","0.15",465
"Seasonal Baseline","2026-08-15",-3,"2026-07-25","Overall","quantile","0.2",506
"Seasonal Baseline","2026-08-15",-3,"2026-07-25","Overall","quantile","0.25",545
"Seasonal Baseline","2026-08-15",-3,"2026-07-25","Overall","quantile","0.3",585
"Seasonal Baseline","2026-08-15",-3,"2026-07-25","Overall","quantile","0.35",620
"Seasonal Baseline","2026-08-15",-3,"2026-07-25","Overall","quantile","0.4",654
"Seasonal Baseline","2026-08-15",-3,"2026-07-25","Overall","quantile","0.45",689
"Seasonal Baseline","2026-08-15",-3,"2026-07-25","Overall","quantile","0.5",724
"Seasonal Baseline","2026-08-15",-3,"2026-07-25","Overall","quantile","0.55",764
"Seasonal Baseline","2026-08-15",-3,"2026-07-25","Overall","quantile","0.6",805
"Seasonal Baseline","2026-08-15",-3,"2026-07-25","Overall","quantile","0.65",848
"Seasonal Baseline","2026-08-15",-3,"2026-07-25","Overall","quantile","0.7",902
"Seasonal Baseline","2026-08-15",-3,"2026-07-25","Overall","quantile","0.75",960
"Seasonal Baseline","2026-08-15",-3,"2026-07-25","Overall","quantile","0.8",1028
"Seasonal Baseline","2026-08-15",-3,"2026-07-25","Overall","quantile","0.85",1114
"Seasonal Baseline","2026-08-15",-3,"2026-07-25","Overall","quantile","0.9",1230
"Seasonal Baseline","2026-08-15",-3,"2026-07-25","Overall","quantile","0.95",1427
"Seasonal Baseline","2026-08-15",-3,"2026-07-25","Overall","quantile","0.975",1610
"Seasonal Baseline","2026-08-15",-3,"2026-07-25","Overall","quantile","0.99",1900
"Seasonal Baseline","2026-08-15",-2,"2026-08-01","Overall","quantile","0.01",258
"Seasonal Baseline","2026-08-15",-2,"2026-08-01","Overall","quantile","0.025",298
"Seasonal Baseline","2026-08-15",-2,"2026-08-01","Overall","quantile","0.05",344
"Seasonal Baseline","2026-08-15",-2,"2026-08-01","Overall","quantile","0.1",402
"Seasonal Baseline","2026-08-15",-2,"2026-08-01","Overall","quantile","0.15",443
"Seasonal Baseline","2026-08-15",-2,"2026-08-01","Overall","quantile","0.2",480
"Seasonal Baseline","2026-08-15",-2,"2026-08-01","Overall","quantile","0.25",513
"Seasonal Baseline","2026-08-15",-2,"2026-08-01","Overall","quantile","0.3",546
"Seasonal Baseline","2026-08-15",-2,"2026-08-01","Overall","quantile","0.35",579
"Seasonal Baseline","2026-08-15",-2,"2026-08-01","Overall","quantile","0.4",612
"Seasonal Baseline","2026-08-15",-2,"2026-08-01","Overall","quantile","0.45",647
"Seasonal Baseline","2026-08-15",-2,"2026-08-01","Overall","quantile","0.5",682
"Seasonal Baseline","2026-08-15",-2,"2026-08-01","Overall","quantile","0.55",716
"Seasonal Baseline","2026-08-15",-2,"2026-08-01","Overall","quantile","0.6",757
"Seasonal Baseline","2026-08-15",-2,"2026-08-01","Overall","quantile","0.65",801
"Seasonal Baseline","2026-08-15",-2,"2026-08-01","Overall","quantile","0.7",849
"Seasonal Baseline","2026-08-15",-2,"2026-08-01","Overall","quantile","0.75",906
"Seasonal Baseline","2026-08-15",-2,"2026-08-01","Overall","quantile","0.8",971
"Seasonal Baseline","2026-08-15",-2,"2026-08-01","Overall","quantile","0.85",1055
"Seasonal Baseline","2026-08-15",-2,"2026-08-01","Overall","quantile","0.9",1172
"Seasonal Baseline","2026-08-15",-2,"2026-08-01","Overall","quantile","0.95",1368
"Seasonal Baseline","2026-08-15",-2,"2026-08-01","Overall","quantile","0.975",1561
"Seasonal Baseline","2026-08-15",-2,"2026-08-01","Overall","quantile","0.99",1847
"Seasonal Baseline","2026-08-15",-1,"2026-08-08","Overall","quantile","0.01",250
"Seasonal Baseline","2026-08-15",-1,"2026-08-08","Overall","quantile","0.025",287
"Seasonal Baseline","2026-08-15",-1,"2026-08-08","Overall","quantile","0.05",329
"Seasonal Baseline","2026-08-15",-1,"2026-08-08","Overall","quantile","0.1",386
"Seasonal Baseline","2026-08-15",-1,"2026-08-08","Overall","quantile","0.15",428
"Seasonal Baseline","2026-08-15",-1,"2026-08-08","Overall","quantile","0.2",461
"Seasonal Baseline","2026-08-15",-1,"2026-08-08","Overall","quantile","0.25",495
"Seasonal Baseline","2026-08-15",-1,"2026-08-08","Overall","quantile","0.3",527
"Seasonal Baseline","2026-08-15",-1,"2026-08-08","Overall","quantile","0.35",559
"Seasonal Baseline","2026-08-15",-1,"2026-08-08","Overall","quantile","0.4",593
"Seasonal Baseline","2026-08-15",-1,"2026-08-08","Overall","quantile","0.45",624
"Seasonal Baseline","2026-08-15",-1,"2026-08-08","Overall","quantile","0.5",657
"Seasonal Baseline","2026-08-15",-1,"2026-08-08","Overall","quantile","0.55",691
"Seasonal Baseline","2026-08-15",-1,"2026-08-08","Overall","quantile","0.6",729
"Seasonal Baseline","2026-08-15",-1,"2026-08-08","Overall","quantile","0.65",770
"Seasonal Baseline","2026-08-15",-1,"2026-08-08","Overall","quantile","0.7",817
"Seasonal Baseline","2026-08-15",-1,"2026-08-08","Overall","quantile","0.75",864
"Seasonal Baseline","2026-08-15",-1,"2026-08-08","Overall","quantile","0.8",926
"Seasonal Baseline","2026-08-15",-1,"2026-08-08","Overall","quantile","0.85",1008
"Seasonal Baseline","2026-08-15",-1,"2026-08-08","Overall","quantile","0.9",1126
"Seasonal Baseline","2026-08-15",-1,"2026-08-08","Overall","quantile","0.95",1290
"Seasonal Baseline","2026-08-15",-1,"2026-08-08","Overall","quantile","0.975",1482
"Seasonal Baseline","2026-08-15",-1,"2026-08-08","Overall","quantile","0.99",1684
"Seasonal Baseline","2026-08-15",0,"2026-08-15","Overall","quantile","0.01",238
"Seasonal Baseline","2026-08-15",0,"2026-08-15","Overall","quantile","0.025",278
"Seasonal Baseline","2026-08-15",0,"2026-08-15","Overall","quantile","0.05",316
"Seasonal Baseline","2026-08-15",0,"2026-08-15","Overall","quantile","0.1",367
"Seasonal Baseline","2026-08-15",0,"2026-08-15","Overall","quantile","0.15",407
"Seasonal Baseline","2026-08-15",0,"2026-08-15","Overall","quantile","0.2",442
"Seasonal Baseline","2026-08-15",0,"2026-08-15","Overall","quantile","0.25",473
"Seasonal Baseline","2026-08-15",0,"2026-08-15","Overall","quantile","0.3",503
"Seasonal Baseline","2026-08-15",0,"2026-08-15","Overall","quantile","0.35",532
"Seasonal Baseline","2026-08-15",0,"2026-08-15","Overall","quantile","0.4",563
"Seasonal Baseline","2026-08-15",0,"2026-08-15","Overall","quantile","0.45",594
"Seasonal Baseline","2026-08-15",0,"2026-08-15","Overall","quantile","0.5",626
"Seasonal Baseline","2026-08-15",0,"2026-08-15","Overall","quantile","0.55",659
"Seasonal Baseline","2026-08-15",0,"2026-08-15","Overall","quantile","0.6",695
"Seasonal Baseline","2026-08-15",0,"2026-08-15","Overall","quantile","0.65",734
"Seasonal Baseline","2026-08-15",0,"2026-08-15","Overall","quantile","0.7",780
"Seasonal Baseline","2026-08-15",0,"2026-08-15","Overall","quantile","0.75",831
"Seasonal Baseline","2026-08-15",0,"2026-08-15","Overall","quantile","0.8",891
"Seasonal Baseline","2026-08-15",0,"2026-08-15","Overall","quantile","0.85",966
"Seasonal Baseline","2026-08-15",0,"2026-08-15","Overall","quantile","0.9",1075
"Seasonal Baseline","2026-08-15",0,"2026-08-15","Overall","quantile","0.95",1266
"Seasonal Baseline","2026-08-15",0,"2026-08-15","Overall","quantile","0.975",1444
"Seasonal Baseline","2026-08-15",0,"2026-08-15","Overall","quantile","0.99",1690
"Seasonal Baseline","2026-08-15",1,"2026-08-22","Overall","quantile","0.01",224
"Seasonal Baseline","2026-08-15",1,"2026-08-22","Overall","quantile","0.025",267
"Seasonal Baseline","2026-08-15",1,"2026-08-22","Overall","quantile","0.05",304
"Seasonal Baseline","2026-08-15",1,"2026-08-22","Overall","quantile","0.1",356
"Seasonal Baseline","2026-08-15",1,"2026-08-22","Overall","quantile","0.15",394
"Seasonal Baseline","2026-08-15",1,"2026-08-22","Overall","quantile","0.2",425
"Seasonal Baseline","2026-08-15",1,"2026-08-22","Overall","quantile","0.25",458
"Seasonal Baseline","2026-08-15",1,"2026-08-22","Overall","quantile","0.3",486
"Seasonal Baseline","2026-08-15",1,"2026-08-22","Overall","quantile","0.35",515
"Seasonal Baseline","2026-08-15",1,"2026-08-22","Overall","quantile","0.4",545
"Seasonal Baseline","2026-08-15",1,"2026-08-22","Overall","quantile","0.45",576
"Seasonal Baseline","2026-08-15",1,"2026-08-22","Overall","quantile","0.5",608
"Seasonal Baseline","2026-08-15",1,"2026-08-22","Overall","quantile","0.55",639
"Seasonal Baseline","2026-08-15",1,"2026-08-22","Overall","quantile","0.6",675
"Seasonal Baseline","2026-08-15",1,"2026-08-22","Overall","quantile","0.65",714
"Seasonal Baseline","2026-08-15",1,"2026-08-22","Overall","quantile","0.7",757
"Seasonal Baseline","2026-08-15",1,"2026-08-22","Overall","quantile","0.75",803
"Seasonal Baseline","2026-08-15",1,"2026-08-22","Overall","quantile","0.8",860
"Seasonal Baseline","2026-08-15",1,"2026-08-22","Overall","quantile","0.85",934
"Seasonal Baseline","2026-08-15",1,"2026-08-22","Overall","quantile","0.9",1047
"Seasonal Baseline","2026-08-15",1,"2026-08-22","Overall","quantile","0.95",1228
"Seasonal Baseline","2026-08-15",1,"2026-08-22","Overall","quantile","0.975",1391
"Seasonal Baseline","2026-08-15",1,"2026-08-22","Overall","quantile","0.99",1636
"Seasonal Baseline","2026-08-15",2,"2026-08-29","Overall","quantile","0.01",222
"Seasonal Baseline","2026-08-15",2,"2026-08-29","Overall","quantile","0.025",259
"Seasonal Baseline","2026-08-15",2,"2026-08-29","Overall","quantile","0.05",297
"Seasonal Baseline","2026-08-15",2,"2026-08-29","Overall","quantile","0.1",346
"Seasonal Baseline","2026-08-15",2,"2026-08-29","Overall","quantile","0.15",379
"Seasonal Baseline","2026-08-15",2,"2026-08-29","Overall","quantile","0.2",410
"Seasonal Baseline","2026-08-15",2,"2026-08-29","Overall","quantile","0.25",438
"Seasonal Baseline","2026-08-15",2,"2026-08-29","Overall","quantile","0.3",467
"Seasonal Baseline","2026-08-15",2,"2026-08-29","Overall","quantile","0.35",497
"Seasonal Baseline","2026-08-15",2,"2026-08-29","Overall","quantile","0.4",524
"Seasonal Baseline","2026-08-15",2,"2026-08-29","Overall","quantile","0.45",552
"Seasonal Baseline","2026-08-15",2,"2026-08-29","Overall","quantile","0.5",581
"Seasonal Baseline","2026-08-15",2,"2026-08-29","Overall","quantile","0.55",612
"Seasonal Baseline","2026-08-15",2,"2026-08-29","Overall","quantile","0.6",644
"Seasonal Baseline","2026-08-15",2,"2026-08-29","Overall","quantile","0.65",683
"Seasonal Baseline","2026-08-15",2,"2026-08-29","Overall","quantile","0.7",726
"Seasonal Baseline","2026-08-15",2,"2026-08-29","Overall","quantile","0.75",776
"Seasonal Baseline","2026-08-15",2,"2026-08-29","Overall","quantile","0.8",835
"Seasonal Baseline","2026-08-15",2,"2026-08-29","Overall","quantile","0.85",905
"Seasonal Baseline","2026-08-15",2,"2026-08-29","Overall","quantile","0.9",1004
"Seasonal Baseline","2026-08-15",2,"2026-08-29","Overall","quantile","0.95",1170
"Seasonal Baseline","2026-08-15",2,"2026-08-29","Overall","quantile","0.975",1334
"Seasonal Baseline","2026-08-15",2,"2026-08-29","Overall","quantile","0.99",1533
"Seasonal Baseline","2026-08-15",3,"2026-09-05","Overall","quantile","0.01",209
"Seasonal Baseline","2026-08-15",3,"2026-09-05","Overall","quantile","0.025",245
"Seasonal Baseline","2026-08-15",3,"2026-09-05","Overall","quantile","0.05",278
"Seasonal Baseline","2026-08-15",3,"2026-09-05","Overall","quantile","0.1",325
"Seasonal Baseline","2026-08-15",3,"2026-09-05","Overall","quantile","0.15",362
"Seasonal Baseline","2026-08-15",3,"2026-09-05","Overall","quantile","0.2",393
"Seasonal Baseline","2026-08-15",3,"2026-09-05","Overall","quantile","0.25",421
"Seasonal Baseline","2026-08-15",3,"2026-09-05","Overall","quantile","0.3",451
"Seasonal Baseline","2026-08-15",3,"2026-09-05","Overall","quantile","0.35",477
"Seasonal Baseline","2026-08-15",3,"2026-09-05","Overall","quantile","0.4",505
"Seasonal Baseline","2026-08-15",3,"2026-09-05","Overall","quantile","0.45",533
"Seasonal Baseline","2026-08-15",3,"2026-09-05","Overall","quantile","0.5",561
"Seasonal Baseline","2026-08-15",3,"2026-09-05","Overall","quantile","0.55",591
"Seasonal Baseline","2026-08-15",3,"2026-09-05","Overall","quantile","0.6",625
"Seasonal Baseline","2026-08-15",3,"2026-09-05","Overall","quantile","0.65",660
"Seasonal Baseline","2026-08-15",3,"2026-09-05","Overall","quantile","0.7",697
"Seasonal Baseline","2026-08-15",3,"2026-09-05","Overall","quantile","0.75",741
"Seasonal Baseline","2026-08-15",3,"2026-09-05","Overall","quantile","0.8",793
"Seasonal Baseline","2026-08-15",3,"2026-09-05","Overall","quantile","0.85",863
"Seasonal Baseline","2026-08-15",3,"2026-09-05","Overall","quantile","0.9",958
"Seasonal Baseline","2026-08-15",3,"2026-09-05","Overall","quantile","0.95",1127
"Seasonal Baseline","2026-08-15",3,"2026-09-05","Overall","quantile","0.975",1268
"Seasonal Baseline","2026-08-15",3,"2026-09-05","Overall","quantile","0.99",1489
"Seasonal Baseline","2026-08-15",-8,"2026-06-20","Pediatrics","quantile","0.01",225
"Seasonal Baseline","2026-08-15",-8,"2026-06-20","Pediatrics","quantile","0.025",249
"Seasonal Baseline","2026-08-15",-8,"2026-06-20","Pediatrics","quantile","0.05",275
"Seasonal Baseline","2026-08-15",-8,"2026-06-20","Pediatrics","quantile","0.1",308
"Seasonal Baseline","2026-08-15",-8,"2026-06-20","Pediatrics","quantile","0.15",334
"Seasonal Baseline","2026-08-15",-8,"2026-06-20","Pediatrics","quantile","0.2",355
"Seasonal Baseline","2026-08-15",-8,"2026-06-20","Pediatrics","quantile","0.25",374
"Seasonal Baseline","2026-08-15",-8,"2026-06-20","Pediatrics","quantile","0.3",392
"Seasonal Baseline","2026-08-15",-8,"2026-06-20","Pediatrics","quantile","0.35",410
"Seasonal Baseline","2026-08-15",-8,"2026-06-20","Pediatrics","quantile","0.4",427
"Seasonal Baseline","2026-08-15",-8,"2026-06-20","Pediatrics","quantile","0.45",444
"Seasonal Baseline","2026-08-15",-8,"2026-06-20","Pediatrics","quantile","0.5",463
"Seasonal Baseline","2026-08-15",-8,"2026-06-20","Pediatrics","quantile","0.55",481
"Seasonal Baseline","2026-08-15",-8,"2026-06-20","Pediatrics","quantile","0.6",501
"Seasonal Baseline","2026-08-15",-8,"2026-06-20","Pediatrics","quantile","0.65",524
"Seasonal Baseline","2026-08-15",-8,"2026-06-20","Pediatrics","quantile","0.7",547
"Seasonal Baseline","2026-08-15",-8,"2026-06-20","Pediatrics","quantile","0.75",573
"Seasonal Baseline","2026-08-15",-8,"2026-06-20","Pediatrics","quantile","0.8",605
"Seasonal Baseline","2026-08-15",-8,"2026-06-20","Pediatrics","quantile","0.85",643
"Seasonal Baseline","2026-08-15",-8,"2026-06-20","Pediatrics","quantile","0.9",692
"Seasonal Baseline","2026-08-15",-8,"2026-06-20","Pediatrics","quantile","0.95",780
"Seasonal Baseline","2026-08-15",-8,"2026-06-20","Pediatrics","quantile","0.975",855
"Seasonal Baseline","2026-08-15",-8,"2026-06-20","Pediatrics","quantile","0.99",976
"Seasonal Baseline","2026-08-15",-7,"2026-06-27","Pediatrics","quantile","0.01",224
"Seasonal Baseline","2026-08-15",-7,"2026-06-27","Pediatrics","quantile","0.025",250
"Seasonal Baseline","2026-08-15",-7,"2026-06-27","Pediatrics","quantile","0.05",276
"Seasonal Baseline","2026-08-15",-7,"2026-06-27","Pediatrics","quantile","0.1",311
"Seasonal Baseline","2026-08-15",-7,"2026-06-27","Pediatrics","quantile","0.15",336
"Seasonal Baseline","2026-08-15",-7,"2026-06-27","Pediatrics","quantile","0.2",357
"Seasonal Baseline","2026-08-15",-7,"2026-06-27","Pediatrics","quantile","0.25",377
"Seasonal Baseline","2026-08-15",-7,"2026-06-27","Pediatrics","quantile","0.3",396
"Seasonal Baseline","2026-08-15",-7,"2026-06-27","Pediatrics","quantile","0.35",413
"Seasonal Baseline","2026-08-15",-7,"2026-06-27","Pediatrics","quantile","0.4",431
"Seasonal Baseline","2026-08-15",-7,"2026-06-27","Pediatrics","quantile","0.45",449
"Seasonal Baseline","2026-08-15",-7,"2026-06-27","Pediatrics","quantile","0.5",467
"Seasonal Baseline","2026-08-15",-7,"2026-06-27","Pediatrics","quantile","0.55",486
"Seasonal Baseline","2026-08-15",-7,"2026-06-27","Pediatrics","quantile","0.6",504
"Seasonal Baseline","2026-08-15",-7,"2026-06-27","Pediatrics","quantile","0.65",527
"Seasonal Baseline","2026-08-15",-7,"2026-06-27","Pediatrics","quantile","0.7",549
"Seasonal Baseline","2026-08-15",-7,"2026-06-27","Pediatrics","quantile","0.75",576
"Seasonal Baseline","2026-08-15",-7,"2026-06-27","Pediatrics","quantile","0.8",605
"Seasonal Baseline","2026-08-15",-7,"2026-06-27","Pediatrics","quantile","0.85",641
"Seasonal Baseline","2026-08-15",-7,"2026-06-27","Pediatrics","quantile","0.9",692
"Seasonal Baseline","2026-08-15",-7,"2026-06-27","Pediatrics","quantile","0.95",780
"Seasonal Baseline","2026-08-15",-7,"2026-06-27","Pediatrics","quantile","0.975",869
"Seasonal Baseline","2026-08-15",-7,"2026-06-27","Pediatrics","quantile","0.99",979
"Seasonal Baseline","2026-08-15",-6,"2026-07-04","Pediatrics","quantile","0.01",216
"Seasonal Baseline","2026-08-15",-6,"2026-07-04","Pediatrics","quantile","0.025",244
"Seasonal Baseline","2026-08-15",-6,"2026-07-04","Pediatrics","quantile","0.05",273
"Seasonal Baseline","2026-08-15",-6,"2026-07-04","Pediatrics","quantile","0.1",308
"Seasonal Baseline","2026-08-15",-6,"2026-07-04","Pediatrics","quantile","0.15",332
"Seasonal Baseline","2026-08-15",-6,"2026-07-04","Pediatrics","quantile","0.2",353
"Seasonal Baseline","2026-08-15",-6,"2026-07-04","Pediatrics","quantile","0.25",373
"Seasonal Baseline","2026-08-15",-6,"2026-07-04","Pediatrics","quantile","0.3",390
"Seasonal Baseline","2026-08-15",-6,"2026-07-04","Pediatrics","quantile","0.35",406
"Seasonal Baseline","2026-08-15",-6,"2026-07-04","Pediatrics","quantile","0.4",424
"Seasonal Baseline","2026-08-15",-6,"2026-07-04","Pediatrics","quantile","0.45",442
"Seasonal Baseline","2026-08-15",-6,"2026-07-04","Pediatrics","quantile","0.5",460
"Seasonal Baseline","2026-08-15",-6,"2026-07-04","Pediatrics","quantile","0.55",477
"Seasonal Baseline","2026-08-15",-6,"2026-07-04","Pediatrics","quantile","0.6",498
"Seasonal Baseline","2026-08-15",-6,"2026-07-04","Pediatrics","quantile","0.65",520
"Seasonal Baseline","2026-08-15",-6,"2026-07-04","Pediatrics","quantile","0.7",544
"Seasonal Baseline","2026-08-15",-6,"2026-07-04","Pediatrics","quantile","0.75",569
"Seasonal Baseline","2026-08-15",-6,"2026-07-04","Pediatrics","quantile","0.8",601
"Seasonal Baseline","2026-08-15",-6,"2026-07-04","Pediatrics","quantile","0.85",640
"Seasonal Baseline","2026-08-15",-6,"2026-07-04","Pediatrics","quantile","0.9",692
"Seasonal Baseline","2026-08-15",-6,"2026-07-04","Pediatrics","quantile","0.95",777
"Seasonal Baseline","2026-08-15",-6,"2026-07-04","Pediatrics","quantile","0.975",860
"Seasonal Baseline","2026-08-15",-6,"2026-07-04","Pediatrics","quantile","0.99",963
"Seasonal Baseline","2026-08-15",-5,"2026-07-11","Pediatrics","quantile","0.01",217
"Seasonal Baseline","2026-08-15",-5,"2026-07-11","Pediatrics","quantile","0.025",242
"Seasonal Baseline","2026-08-15",-5,"2026-07-11","Pediatrics","quantile","0.05",268
"Seasonal Baseline","2026-08-15",-5,"2026-07-11","Pediatrics","quantile","0.1",301
"Seasonal Baseline","2026-08-15",-5,"2026-07-11","Pediatrics","quantile","0.15",324
"Seasonal Baseline","2026-08-15",-5,"2026-07-11","Pediatrics","quantile","0.2",345
"Seasonal Baseline","2026-08-15",-5,"2026-07-11","Pediatrics","quantile","0.25",364
"Seasonal Baseline","2026-08-15",-5,"2026-07-11","Pediatrics","quantile","0.3",382
"Seasonal Baseline","2026-08-15",-5,"2026-07-11","Pediatrics","quantile","0.35",398
"Seasonal Baseline","2026-08-15",-5,"2026-07-11","Pediatrics","quantile","0.4",415
"Seasonal Baseline","2026-08-15",-5,"2026-07-11","Pediatrics","quantile","0.45",431
"Seasonal Baseline","2026-08-15",-5,"2026-07-11","Pediatrics","quantile","0.5",449
"Seasonal Baseline","2026-08-15",-5,"2026-07-11","Pediatrics","quantile","0.55",466
"Seasonal Baseline","2026-08-15",-5,"2026-07-11","Pediatrics","quantile","0.6",485
"Seasonal Baseline","2026-08-15",-5,"2026-07-11","Pediatrics","quantile","0.65",506
"Seasonal Baseline","2026-08-15",-5,"2026-07-11","Pediatrics","quantile","0.7",529
"Seasonal Baseline","2026-08-15",-5,"2026-07-11","Pediatrics","quantile","0.75",555
"Seasonal Baseline","2026-08-15",-5,"2026-07-11","Pediatrics","quantile","0.8",583
"Seasonal Baseline","2026-08-15",-5,"2026-07-11","Pediatrics","quantile","0.85",620
"Seasonal Baseline","2026-08-15",-5,"2026-07-11","Pediatrics","quantile","0.9",669
"Seasonal Baseline","2026-08-15",-5,"2026-07-11","Pediatrics","quantile","0.95",751
"Seasonal Baseline","2026-08-15",-5,"2026-07-11","Pediatrics","quantile","0.975",834
"Seasonal Baseline","2026-08-15",-5,"2026-07-11","Pediatrics","quantile","0.99",929
"Seasonal Baseline","2026-08-15",-4,"2026-07-18","Pediatrics","quantile","0.01",206
"Seasonal Baseline","2026-08-15",-4,"2026-07-18","Pediatrics","quantile","0.025",231
"Seasonal Baseline","2026-08-15",-4,"2026-07-18","Pediatrics","quantile","0.05",256
"Seasonal Baseline","2026-08-15",-4,"2026-07-18","Pediatrics","quantile","0.1",288
"Seasonal Baseline","2026-08-15",-4,"2026-07-18","Pediatrics","quantile","0.15",312
"Seasonal Baseline","2026-08-15",-4,"2026-07-18","Pediatrics","quantile","0.2",332
"Seasonal Baseline","2026-08-15",-4,"2026-07-18","Pediatrics","quantile","0.25",350
"Seasonal Baseline","2026-08-15",-4,"2026-07-18","Pediatrics","quantile","0.3",366
"Seasonal Baseline","2026-08-15",-4,"2026-07-18","Pediatrics","quantile","0.35",381
"Seasonal Baseline","2026-08-15",-4,"2026-07-18","Pediatrics","quantile","0.4",398
"Seasonal Baseline","2026-08-15",-4,"2026-07-18","Pediatrics","quantile","0.45",414
"Seasonal Baseline","2026-08-15",-4,"2026-07-18","Pediatrics","quantile","0.5",431
"Seasonal Baseline","2026-08-15",-4,"2026-07-18","Pediatrics","quantile","0.55",449
"Seasonal Baseline","2026-08-15",-4,"2026-07-18","Pediatrics","quantile","0.6",467
"Seasonal Baseline","2026-08-15",-4,"2026-07-18","Pediatrics","quantile","0.65",485
"Seasonal Baseline","2026-08-15",-4,"2026-07-18","Pediatrics","quantile","0.7",506
"Seasonal Baseline","2026-08-15",-4,"2026-07-18","Pediatrics","quantile","0.75",530
"Seasonal Baseline","2026-08-15",-4,"2026-07-18","Pediatrics","quantile","0.8",559
"Seasonal Baseline","2026-08-15",-4,"2026-07-18","Pediatrics","quantile","0.85",595
"Seasonal Baseline","2026-08-15",-4,"2026-07-18","Pediatrics","quantile","0.9",641
"Seasonal Baseline","2026-08-15",-4,"2026-07-18","Pediatrics","quantile","0.95",725
"Seasonal Baseline","2026-08-15",-4,"2026-07-18","Pediatrics","quantile","0.975",806
"Seasonal Baseline","2026-08-15",-4,"2026-07-18","Pediatrics","quantile","0.99",890
"Seasonal Baseline","2026-08-15",-3,"2026-07-25","Pediatrics","quantile","0.01",198
"Seasonal Baseline","2026-08-15",-3,"2026-07-25","Pediatrics","quantile","0.025",225
"Seasonal Baseline","2026-08-15",-3,"2026-07-25","Pediatrics","quantile","0.05",247
"Seasonal Baseline","2026-08-15",-3,"2026-07-25","Pediatrics","quantile","0.1",277
"Seasonal Baseline","2026-08-15",-3,"2026-07-25","Pediatrics","quantile","0.15",299
"Seasonal Baseline","2026-08-15",-3,"2026-07-25","Pediatrics","quantile","0.2",317
"Seasonal Baseline","2026-08-15",-3,"2026-07-25","Pediatrics","quantile","0.25",334
"Seasonal Baseline","2026-08-15",-3,"2026-07-25","Pediatrics","quantile","0.3",351
"Seasonal Baseline","2026-08-15",-3,"2026-07-25","Pediatrics","quantile","0.35",367
"Seasonal Baseline","2026-08-15",-3,"2026-07-25","Pediatrics","quantile","0.4",383
"Seasonal Baseline","2026-08-15",-3,"2026-07-25","Pediatrics","quantile","0.45",398
"Seasonal Baseline","2026-08-15",-3,"2026-07-25","Pediatrics","quantile","0.5",415
"Seasonal Baseline","2026-08-15",-3,"2026-07-25","Pediatrics","quantile","0.55",432
"Seasonal Baseline","2026-08-15",-3,"2026-07-25","Pediatrics","quantile","0.6",448
"Seasonal Baseline","2026-08-15",-3,"2026-07-25","Pediatrics","quantile","0.65",465
"Seasonal Baseline","2026-08-15",-3,"2026-07-25","Pediatrics","quantile","0.7",488
"Seasonal Baseline","2026-08-15",-3,"2026-07-25","Pediatrics","quantile","0.75",511
"Seasonal Baseline","2026-08-15",-3,"2026-07-25","Pediatrics","quantile","0.8",539
"Seasonal Baseline","2026-08-15",-3,"2026-07-25","Pediatrics","quantile","0.85",573
"Seasonal Baseline","2026-08-15",-3,"2026-07-25","Pediatrics","quantile","0.9",618
"Seasonal Baseline","2026-08-15",-3,"2026-07-25","Pediatrics","quantile","0.95",694
"Seasonal Baseline","2026-08-15",-3,"2026-07-25","Pediatrics","quantile","0.975",763
"Seasonal Baseline","2026-08-15",-3,"2026-07-25","Pediatrics","quantile","0.99",844
"Seasonal Baseline","2026-08-15",-2,"2026-08-01","Pediatrics","quantile","0.01",187
"Seasonal Baseline","2026-08-15",-2,"2026-08-01","Pediatrics","quantile","0.025",213
"Seasonal Baseline","2026-08-15",-2,"2026-08-01","Pediatrics","quantile","0.05",235
"Seasonal Baseline","2026-08-15",-2,"2026-08-01","Pediatrics","quantile","0.1",266
"Seasonal Baseline","2026-08-15",-2,"2026-08-01","Pediatrics","quantile","0.15",287
"Seasonal Baseline","2026-08-15",-2,"2026-08-01","Pediatrics","quantile","0.2",306
"Seasonal Baseline","2026-08-15",-2,"2026-08-01","Pediatrics","quantile","0.25",322
"Seasonal Baseline","2026-08-15",-2,"2026-08-01","Pediatrics","quantile","0.3",338
"Seasonal Baseline","2026-08-15",-2,"2026-08-01","Pediatrics","quantile","0.35",353
"Seasonal Baseline","2026-08-15",-2,"2026-08-01","Pediatrics","quantile","0.4",367
"Seasonal Baseline","2026-08-15",-2,"2026-08-01","Pediatrics","quantile","0.45",383
"Seasonal Baseline","2026-08-15",-2,"2026-08-01","Pediatrics","quantile","0.5",399
"Seasonal Baseline","2026-08-15",-2,"2026-08-01","Pediatrics","quantile","0.55",416
"Seasonal Baseline","2026-08-15",-2,"2026-08-01","Pediatrics","quantile","0.6",432
"Seasonal Baseline","2026-08-15",-2,"2026-08-01","Pediatrics","quantile","0.65",450
"Seasonal Baseline","2026-08-15",-2,"2026-08-01","Pediatrics","quantile","0.7",470
"Seasonal Baseline","2026-08-15",-2,"2026-08-01","Pediatrics","quantile","0.75",494
"Seasonal Baseline","2026-08-15",-2,"2026-08-01","Pediatrics","quantile","0.8",521
"Seasonal Baseline","2026-08-15",-2,"2026-08-01","Pediatrics","quantile","0.85",552
"Seasonal Baseline","2026-08-15",-2,"2026-08-01","Pediatrics","quantile","0.9",598
"Seasonal Baseline","2026-08-15",-2,"2026-08-01","Pediatrics","quantile","0.95",667
"Seasonal Baseline","2026-08-15",-2,"2026-08-01","Pediatrics","quantile","0.975",741
"Seasonal Baseline","2026-08-15",-2,"2026-08-01","Pediatrics","quantile","0.99",844
"Seasonal Baseline","2026-08-15",-1,"2026-08-08","Pediatrics","quantile","0.01",186
"Seasonal Baseline","2026-08-15",-1,"2026-08-08","Pediatrics","quantile","0.025",209
"Seasonal Baseline","2026-08-15",-1,"2026-08-08","Pediatrics","quantile","0.05",231
"Seasonal Baseline","2026-08-15",-1,"2026-08-08","Pediatrics","quantile","0.1",257
"Seasonal Baseline","2026-08-15",-1,"2026-08-08","Pediatrics","quantile","0.15",277
"Seasonal Baseline","2026-08-15",-1,"2026-08-08","Pediatrics","quantile","0.2",295
"Seasonal Baseline","2026-08-15",-1,"2026-08-08","Pediatrics","quantile","0.25",311
"Seasonal Baseline","2026-08-15",-1,"2026-08-08","Pediatrics","quantile","0.3",326
"Seasonal Baseline","2026-08-15",-1,"2026-08-08","Pediatrics","quantile","0.35",341
"Seasonal Baseline","2026-08-15",-1,"2026-08-08","Pediatrics","quantile","0.4",356
"Seasonal Baseline","2026-08-15",-1,"2026-08-08","Pediatrics","quantile","0.45",371
"Seasonal Baseline","2026-08-15",-1,"2026-08-08","Pediatrics","quantile","0.5",386
"Seasonal Baseline","2026-08-15",-1,"2026-08-08","Pediatrics","quantile","0.55",401
"Seasonal Baseline","2026-08-15",-1,"2026-08-08","Pediatrics","quantile","0.6",419
"Seasonal Baseline","2026-08-15",-1,"2026-08-08","Pediatrics","quantile","0.65",437
"Seasonal Baseline","2026-08-15",-1,"2026-08-08","Pediatrics","quantile","0.7",456
"Seasonal Baseline","2026-08-15",-1,"2026-08-08","Pediatrics","quantile","0.75",477
"Seasonal Baseline","2026-08-15",-1,"2026-08-08","Pediatrics","quantile","0.8",502
"Seasonal Baseline","2026-08-15",-1,"2026-08-08","Pediatrics","quantile","0.85",536
"Seasonal Baseline","2026-08-15",-1,"2026-08-08","Pediatrics","quantile","0.9",577
"Seasonal Baseline","2026-08-15",-1,"2026-08-08","Pediatrics","quantile","0.95",644
"Seasonal Baseline","2026-08-15",-1,"2026-08-08","Pediatrics","quantile","0.975",711
"Seasonal Baseline","2026-08-15",-1,"2026-08-08","Pediatrics","quantile","0.99",801
"Seasonal Baseline","2026-08-15",0,"2026-08-15","Pediatrics","quantile","0.01",183
"Seasonal Baseline","2026-08-15",0,"2026-08-15","Pediatrics","quantile","0.025",206
"Seasonal Baseline","2026-08-15",0,"2026-08-15","Pediatrics","quantile","0.05",224
"Seasonal Baseline","2026-08-15",0,"2026-08-15","Pediatrics","quantile","0.1",251
"Seasonal Baseline","2026-08-15",0,"2026-08-15","Pediatrics","quantile","0.15",272
"Seasonal Baseline","2026-08-15",0,"2026-08-15","Pediatrics","quantile","0.2",288
"Seasonal Baseline","2026-08-15",0,"2026-08-15","Pediatrics","quantile","0.25",303
"Seasonal Baseline","2026-08-15",0,"2026-08-15","Pediatrics","quantile","0.3",317
"Seasonal Baseline","2026-08-15",0,"2026-08-15","Pediatrics","quantile","0.35",331
"Seasonal Baseline","2026-08-15",0,"2026-08-15","Pediatrics","quantile","0.4",345
"Seasonal Baseline","2026-08-15",0,"2026-08-15","Pediatrics","quantile","0.45",359
"Seasonal Baseline","2026-08-15",0,"2026-08-15","Pediatrics","quantile","0.5",374
"Seasonal Baseline","2026-08-15",0,"2026-08-15","Pediatrics","quantile","0.55",389
"Seasonal Baseline","2026-08-15",0,"2026-08-15","Pediatrics","quantile","0.6",406
"Seasonal Baseline","2026-08-15",0,"2026-08-15","Pediatrics","quantile","0.65",423
"Seasonal Baseline","2026-08-15",0,"2026-08-15","Pediatrics","quantile","0.7",441
"Seasonal Baseline","2026-08-15",0,"2026-08-15","Pediatrics","quantile","0.75",463
"Seasonal Baseline","2026-08-15",0,"2026-08-15","Pediatrics","quantile","0.8",489
"Seasonal Baseline","2026-08-15",0,"2026-08-15","Pediatrics","quantile","0.85",519
"Seasonal Baseline","2026-08-15",0,"2026-08-15","Pediatrics","quantile","0.9",560
"Seasonal Baseline","2026-08-15",0,"2026-08-15","Pediatrics","quantile","0.95",627
"Seasonal Baseline","2026-08-15",0,"2026-08-15","Pediatrics","quantile","0.975",690
"Seasonal Baseline","2026-08-15",0,"2026-08-15","Pediatrics","quantile","0.99",773
"Seasonal Baseline","2026-08-15",1,"2026-08-22","Pediatrics","quantile","0.01",176
"Seasonal Baseline","2026-08-15",1,"2026-08-22","Pediatrics","quantile","0.025",197
"Seasonal Baseline","2026-08-15",1,"2026-08-22","Pediatrics","quantile","0.05",219
"Seasonal Baseline","2026-08-15",1,"2026-08-22","Pediatrics","quantile","0.1",245
"Seasonal Baseline","2026-08-15",1,"2026-08-22","Pediatrics","quantile","0.15",266
"Seasonal Baseline","2026-08-15",1,"2026-08-22","Pediatrics","quantile","0.2",283
"Seasonal Baseline","2026-08-15",1,"2026-08-22","Pediatrics","quantile","0.25",296
"Seasonal Baseline","2026-08-15",1,"2026-08-22","Pediatrics","quantile","0.3",310
"Seasonal Baseline","2026-08-15",1,"2026-08-22","Pediatrics","quantile","0.35",324
"Seasonal Baseline","2026-08-15",1,"2026-08-22","Pediatrics","quantile","0.4",339
"Seasonal Baseline","2026-08-15",1,"2026-08-22","Pediatrics","quantile","0.45",353
"Seasonal Baseline","2026-08-15",1,"2026-08-22","Pediatrics","quantile","0.5",366
"Seasonal Baseline","2026-08-15",1,"2026-08-22","Pediatrics","quantile","0.55",381
"Seasonal Baseline","2026-08-15",1,"2026-08-22","Pediatrics","quantile","0.6",397
"Seasonal Baseline","2026-08-15",1,"2026-08-22","Pediatrics","quantile","0.65",413
"Seasonal Baseline","2026-08-15",1,"2026-08-22","Pediatrics","quantile","0.7",431
"Seasonal Baseline","2026-08-15",1,"2026-08-22","Pediatrics","quantile","0.75",453
"Seasonal Baseline","2026-08-15",1,"2026-08-22","Pediatrics","quantile","0.8",476
"Seasonal Baseline","2026-08-15",1,"2026-08-22","Pediatrics","quantile","0.85",507
"Seasonal Baseline","2026-08-15",1,"2026-08-22","Pediatrics","quantile","0.9",548
"Seasonal Baseline","2026-08-15",1,"2026-08-22","Pediatrics","quantile","0.95",608
"Seasonal Baseline","2026-08-15",1,"2026-08-22","Pediatrics","quantile","0.975",665
"Seasonal Baseline","2026-08-15",1,"2026-08-22","Pediatrics","quantile","0.99",734
"Seasonal Baseline","2026-08-15",2,"2026-08-29","Pediatrics","quantile","0.01",173
"Seasonal Baseline","2026-08-15",2,"2026-08-29","Pediatrics","quantile","0.025",198
"Seasonal Baseline","2026-08-15",2,"2026-08-29","Pediatrics","quantile","0.05",216
"Seasonal Baseline","2026-08-15",2,"2026-08-29","Pediatrics","quantile","0.1",242
"Seasonal Baseline","2026-08-15",2,"2026-08-29","Pediatrics","quantile","0.15",261
"Seasonal Baseline","2026-08-15",2,"2026-08-29","Pediatrics","quantile","0.2",278
"Seasonal Baseline","2026-08-15",2,"2026-08-29","Pediatrics","quantile","0.25",293
"Seasonal Baseline","2026-08-15",2,"2026-08-29","Pediatrics","quantile","0.3",307
"Seasonal Baseline","2026-08-15",2,"2026-08-29","Pediatrics","quantile","0.35",320
"Seasonal Baseline","2026-08-15",2,"2026-08-29","Pediatrics","quantile","0.4",333
"Seasonal Baseline","2026-08-15",2,"2026-08-29","Pediatrics","quantile","0.45",347
"Seasonal Baseline","2026-08-15",2,"2026-08-29","Pediatrics","quantile","0.5",360
"Seasonal Baseline","2026-08-15",2,"2026-08-29","Pediatrics","quantile","0.55",374
"Seasonal Baseline","2026-08-15",2,"2026-08-29","Pediatrics","quantile","0.6",389
"Seasonal Baseline","2026-08-15",2,"2026-08-29","Pediatrics","quantile","0.65",406
"Seasonal Baseline","2026-08-15",2,"2026-08-29","Pediatrics","quantile","0.7",424
"Seasonal Baseline","2026-08-15",2,"2026-08-29","Pediatrics","quantile","0.75",445
"Seasonal Baseline","2026-08-15",2,"2026-08-29","Pediatrics","quantile","0.8",470
"Seasonal Baseline","2026-08-15",2,"2026-08-29","Pediatrics","quantile","0.85",498
"Seasonal Baseline","2026-08-15",2,"2026-08-29","Pediatrics","quantile","0.9",535
"Seasonal Baseline","2026-08-15",2,"2026-08-29","Pediatrics","quantile","0.95",601
"Seasonal Baseline","2026-08-15",2,"2026-08-29","Pediatrics","quantile","0.975",661
"Seasonal Baseline","2026-08-15",2,"2026-08-29","Pediatrics","quantile","0.99",735
"Seasonal Baseline","2026-08-15",3,"2026-09-05","Pediatrics","quantile","0.01",170
"Seasonal Baseline","2026-08-15",3,"2026-09-05","Pediatrics","quantile","0.025",190
"Seasonal Baseline","2026-08-15",3,"2026-09-05","Pediatrics","quantile","0.05",209
"Seasonal Baseline","2026-08-15",3,"2026-09-05","Pediatrics","quantile","0.1",234
"Seasonal Baseline","2026-08-15",3,"2026-09-05","Pediatrics","quantile","0.15",253
"Seasonal Baseline","2026-08-15",3,"2026-09-05","Pediatrics","quantile","0.2",269
"Seasonal Baseline","2026-08-15",3,"2026-09-05","Pediatrics","quantile","0.25",284
"Seasonal Baseline","2026-08-15",3,"2026-09-05","Pediatrics","quantile","0.3",298
"Seasonal Baseline","2026-08-15",3,"2026-09-05","Pediatrics","quantile","0.35",312
"Seasonal Baseline","2026-08-15",3,"2026-09-05","Pediatrics","quantile","0.4",325
"Seasonal Baseline","2026-08-15",3,"2026-09-05","Pediatrics","quantile","0.45",338
"Seasonal Baseline","2026-08-15",3,"2026-09-05","Pediatrics","quantile","0.5",351
"Seasonal Baseline","2026-08-15",3,"2026-09-05","Pediatrics","quantile","0.55",364
"Seasonal Baseline","2026-08-15",3,"2026-09-05","Pediatrics","quantile","0.6",380
"Seasonal Baseline","2026-08-15",3,"2026-09-05","Pediatrics","quantile","0.65",396
"Seasonal Baseline","2026-08-15",3,"2026-09-05","Pediatrics","quantile","0.7",413
"Seasonal Baseline","2026-08-15",3,"2026-09-05","Pediatrics","quantile","0.75",433
"Seasonal Baseline","2026-08-15",3,"2026-09-05","Pediatrics","quantile","0.8",456
"Seasonal Baseline","2026-08-15",3,"2026-09-05","Pediatrics","quantile","0.85",485
"Seasonal Baseline","2026-08-15",3,"2026-09-05","Pediatrics","quantile","0.9",525
"Seasonal Baseline","2026-08-15",3,"2026-09-05","Pediatrics","quantile","0.95",590
"Seasonal Baseline","2026-08-15",3,"2026-09-05","Pediatrics","quantile","0.975",655
"Seasonal Baseline","2026-08-15",3,"2026-09-05","Pediatrics","quantile","0.99",744
"Opt Baseline","2026-08-15",-8,"2026-06-20","Adults","quantile","0.01",12
"Opt Baseline","2026-08-15",-8,"2026-06-20","Adults","quantile","0.025",23
"Opt Baseline","2026-08-15",-8,"2026-06-20","Adults","quantile","0.05",47
"Opt Baseline","2026-08-15",-8,"2026-06-20","Adults","quantile","0.1",70
"Opt Baseline","2026-08-15",-8,"2026-06-20","Adults","quantile","0.15",72
"Opt Baseline","2026-08-15",-8,"2026-06-20","Adults","quantile","0.2",75
"Opt Baseline","2026-08-15",-8,"2026-06-20","Adults","quantile","0.25",77
"Opt Baseline","2026-08-15",-8,"2026-06-20","Adults","quantile","0.3",82
"Opt Baseline","2026-08-15",-8,"2026-06-20","Adults","quantile","0.35",89
"Opt Baseline","2026-08-15",-8,"2026-06-20","Adults","quantile","0.4",94
"Opt Baseline","2026-08-15",-8,"2026-06-20","Adults","quantile","0.45",94
"Opt Baseline","2026-08-15",-8,"2026-06-20","Adults","quantile","0.5",102
"Opt Baseline","2026-08-15",-8,"2026-06-20","Adults","quantile","0.55",110
"Opt Baseline","2026-08-15",-8,"2026-06-20","Adults","quantile","0.6",110
"Opt Baseline","2026-08-15",-8,"2026-06-20","Adults","quantile","0.65",116
"Opt Baseline","2026-08-15",-8,"2026-06-20","Adults","quantile","0.7",124
"Opt Baseline","2026-08-15",-8,"2026-06-20","Adults","quantile","0.75",130
"Opt Baseline","2026-08-15",-8,"2026-06-20","Adults","quantile","0.8",133
"Opt Baseline","2026-08-15",-8,"2026-06-20","Adults","quantile","0.85",137
"Opt Baseline","2026-08-15",-8,"2026-06-20","Adults","quantile","0.9",140
"Opt Baseline","2026-08-15",-8,"2026-06-20","Adults","quantile","0.95",178
"Opt Baseline","2026-08-15",-8,"2026-06-20","Adults","quantile","0.975",238
"Opt Baseline","2026-08-15",-8,"2026-06-20","Adults","quantile","0.99",278
"Opt Baseline","2026-08-15",-7,"2026-06-27","Adults","quantile","0.01",5
"Opt Baseline","2026-08-15",-7,"2026-06-27","Adults","quantile","0.025",12
"Opt Baseline","2026-08-15",-7,"2026-06-27","Adults","quantile","0.05",23
"Opt Baseline","2026-08-15",-7,"2026-06-27","Adults","quantile","0.1",46
"Opt Baseline","2026-08-15",-7,"2026-06-27","Adults","quantile","0.15",56
"Opt Baseline","2026-08-15",-7,"2026-06-27","Adults","quantile","0.2",64
"Opt Baseline","2026-08-15",-7,"2026-06-27","Adults","quantile","0.25",71
"Opt Baseline","2026-08-15",-7,"2026-06-27","Adults","quantile","0.3",79
"Opt Baseline","2026-08-15",-7,"2026-06-27","Adults","quantile","0.35",85
"Opt Baseline","2026-08-15",-7,"2026-06-27","Adults","quantile","0.4",92
"Opt Baseline","2026-08-15",-7,"2026-06-27","Adults","quantile","0.45",98
"Opt Baseline","2026-08-15",-7,"2026-06-27","Adults","quantile","0.5",102
"Opt Baseline","2026-08-15",-7,"2026-06-27","Adults","quantile","0.55",106
"Opt Baseline","2026-08-15",-7,"2026-06-27","Adults","quantile","0.6",113
"Opt Baseline","2026-08-15",-7,"2026-06-27","Adults","quantile","0.65",121
"Opt Baseline","2026-08-15",-7,"2026-06-27","Adults","quantile","0.7",128
"Opt Baseline","2026-08-15",-7,"2026-06-27","Adults","quantile","0.75",138
"Opt Baseline","2026-08-15",-7,"2026-06-27","Adults","quantile","0.8",148
"Opt Baseline","2026-08-15",-7,"2026-06-27","Adults","quantile","0.85",163
"Opt Baseline","2026-08-15",-7,"2026-06-27","Adults","quantile","0.9",179
"Opt Baseline","2026-08-15",-7,"2026-06-27","Adults","quantile","0.95",231
"Opt Baseline","2026-08-15",-7,"2026-06-27","Adults","quantile","0.975",272
"Opt Baseline","2026-08-15",-7,"2026-06-27","Adults","quantile","0.99",322
"Opt Baseline","2026-08-15",-6,"2026-07-04","Adults","quantile","0.01",1
"Opt Baseline","2026-08-15",-6,"2026-07-04","Adults","quantile","0.025",6
"Opt Baseline","2026-08-15",-6,"2026-07-04","Adults","quantile","0.05",15
"Opt Baseline","2026-08-15",-6,"2026-07-04","Adults","quantile","0.1",30
"Opt Baseline","2026-08-15",-6,"2026-07-04","Adults","quantile","0.15",44
"Opt Baseline","2026-08-15",-6,"2026-07-04","Adults","quantile","0.2",54
"Opt Baseline","2026-08-15",-6,"2026-07-04","Adults","quantile","0.25",64
"Opt Baseline","2026-08-15",-6,"2026-07-04","Adults","quantile","0.3",72
"Opt Baseline","2026-08-15",-6,"2026-07-04","Adults","quantile","0.35",79
"Opt Baseline","2026-08-15",-6,"2026-07-04","Adults","quantile","0.4",86
"Opt Baseline","2026-08-15",-6,"2026-07-04","Adults","quantile","0.45",94
"Opt Baseline","2026-08-15",-6,"2026-07-04","Adults","quantile","0.5",102
"Opt Baseline","2026-08-15",-6,"2026-07-04","Adults","quantile","0.55",110
"Opt Baseline","2026-08-15",-6,"2026-07-04","Adults","quantile","0.6",118
"Opt Baseline","2026-08-15",-6,"2026-07-04","Adults","quantile","0.65",127
"Opt Baseline","2026-08-15",-6,"2026-07-04","Adults","quantile","0.7",136
"Opt Baseline","2026-08-15",-6,"2026-07-04","Adults","quantile","0.75",148
"Opt Baseline","2026-08-15",-6,"2026-07-04","Adults","quantile","0.8",162
"Opt Baseline","2026-08-15",-6,"2026-07-04","Adults","quantile","0.85",183
"Opt Baseline","2026-08-15",-6,"2026-07-04","Adults","quantile","0.9",211
"Opt Baseline","2026-08-15",-6,"2026-07-04","Adults","quantile","0.95",264
"Opt Baseline","2026-08-15",-6,"2026-07-04","Adults","quantile","0.975",311
"Opt Baseline","2026-08-15",-6,"2026-07-04","Adults","quantile","0.99",366
"Opt Baseline","2026-08-15",-5,"2026-07-11","Adults","quantile","0.01",0
"Opt Baseline","2026-08-15",-5,"2026-07-11","Adults","quantile","0.025",2
"Opt Baseline","2026-08-15",-5,"2026-07-11","Adults","quantile","0.05",8
"Opt Baseline","2026-08-15",-5,"2026-07-11","Adults","quantile","0.1",23
"Opt Baseline","2026-08-15",-5,"2026-07-11","Adults","quantile","0.15",35
"Opt Baseline","2026-08-15",-5,"2026-07-11","Adults","quantile","0.2",46
"Opt Baseline","2026-08-15",-5,"2026-07-11","Adults","quantile","0.25",57
"Opt Baseline","2026-08-15",-5,"2026-07-11","Adults","quantile","0.3",66
"Opt Baseline","2026-08-15",-5,"2026-07-11","Adults","quantile","0.35",75
"Opt Baseline","2026-08-15",-5,"2026-07-11","Adults","quantile","0.4",84
"Opt Baseline","2026-08-15",-5,"2026-07-11","Adults","quantile","0.45",93
"Opt Baseline","2026-08-15",-5,"2026-07-11","Adults","quantile","0.5",102
"Opt Baseline","2026-08-15",-5,"2026-07-11","Adults","quantile","0.55",112
"Opt Baseline","2026-08-15",-5,"2026-07-11","Adults","quantile","0.6",123
"Opt Baseline","2026-08-15",-5,"2026-07-11","Adults","quantile","0.65",134
"Opt Baseline","2026-08-15",-5,"2026-07-11","Adults","quantile","0.7",147
"Opt Baseline","2026-08-15",-5,"2026-07-11","Adults","quantile","0.75",161
"Opt Baseline","2026-08-15",-5,"2026-07-11","Adults","quantile","0.8",177
"Opt Baseline","2026-08-15",-5,"2026-07-11","Adults","quantile","0.85",199
"Opt Baseline","2026-08-15",-5,"2026-07-11","Adults","quantile","0.9",237
"Opt Baseline","2026-08-15",-5,"2026-07-11","Adults","quantile","0.95",289
"Opt Baseline","2026-08-15",-5,"2026-07-11","Adults","quantile","0.975",343
"Opt Baseline","2026-08-15",-5,"2026-07-11","Adults","quantile","0.99",413
"Opt Baseline","2026-08-15",-4,"2026-07-18","Adults","quantile","0.01",0
"Opt Baseline","2026-08-15",-4,"2026-07-18","Adults","quantile","0.025",0
"Opt Baseline","2026-08-15",-4,"2026-07-18","Adults","quantile","0.05",4
"Opt Baseline","2026-08-15",-4,"2026-07-18","Adults","quantile","0.1",17
"Opt Baseline","2026-08-15",-4,"2026-07-18","Adults","quantile","0.15",29
"Opt Baseline","2026-08-15",-4,"2026-07-18","Adults","quantile","0.2",40
"Opt Baseline","2026-08-15",-4,"2026-07-18","Adults","quantile","0.25",50
"Opt Baseline","2026-08-15",-4,"2026-07-18","Adults","quantile","0.3",61
"Opt Baseline","2026-08-15",-4,"2026-07-18","Adults","quantile","0.35",71
"Opt Baseline","2026-08-15",-4,"2026-07-18","Adults","quantile","0.4",81
"Opt Baseline","2026-08-15",-4,"2026-07-18","Adults","quantile","0.45",92
"Opt Baseline","2026-08-15",-4,"2026-07-18","Adults","quantile","0.5",102
"Opt Baseline","2026-08-15",-4,"2026-07-18","Adults","quantile","0.55",113
"Opt Baseline","2026-08-15",-4,"2026-07-18","Adults","quantile","0.6",126
"Opt Baseline","2026-08-15",-4,"2026-07-18","Adults","quantile","0.65",139
"Opt Baseline","2026-08-15",-4,"2026-07-18","Adults","quantile","0.7",153
"Opt Baseline","2026-08-15",-4,"2026-07-18","Adults","quantile","0.75",170
"Opt Baseline","2026-08-15",-4,"2026-07-18","Adults","quantile","0.8",190
"Opt Baseline","2026-08-15",-4,"2026-07-18","Adults","quantile","0.85",217
"Opt Baseline","2026-08-15",-4,"2026-07-18","Adults","quantile","0.9",255
"Opt Baseline","2026-08-15",-4,"2026-07-18","Adults","quantile","0.95",320
"Opt Baseline","2026-08-15",-4,"2026-07-18","Adults","quantile","0.975",380
"Opt Baseline","2026-08-15",-4,"2026-07-18","Adults","quantile","0.99",466
"Opt Baseline","2026-08-15",-3,"2026-07-25","Adults","quantile","0.01",0
"Opt Baseline","2026-08-15",-3,"2026-07-25","Adults","quantile","0.025",0
"Opt Baseline","2026-08-15",-3,"2026-07-25","Adults","quantile","0.05",2
"Opt Baseline","2026-08-15",-3,"2026-07-25","Adults","quantile","0.1",13
"Opt Baseline","2026-08-15",-3,"2026-07-25","Adults","quantile","0.15",24
"Opt Baseline","2026-08-15",-3,"2026-07-25","Adults","quantile","0.2",35
"Opt Baseline","2026-08-15",-3,"2026-07-25","Adults","quantile","0.25",45
"Opt Baseline","2026-08-15",-3,"2026-07-25","Adults","quantile","0.3",57
"Opt Baseline","2026-08-15",-3,"2026-07-25","Adults","quantile","0.35",67
"Opt Baseline","2026-08-15",-3,"2026-07-25","Adults","quantile","0.4",79
"Opt Baseline","2026-08-15",-3,"2026-07-25","Adults","quantile","0.45",90
"Opt Baseline","2026-08-15",-3,"2026-07-25","Adults","quantile","0.5",102
"Opt Baseline","2026-08-15",-3,"2026-07-25","Adults","quantile","0.55",114
"Opt Baseline","2026-08-15",-3,"2026-07-25","Adults","quantile","0.6",127
"Opt Baseline","2026-08-15",-3,"2026-07-25","Adults","quantile","0.65",142
"Opt Baseline","2026-08-15",-3,"2026-07-25","Adults","quantile","0.7",159
"Opt Baseline","2026-08-15",-3,"2026-07-25","Adults","quantile","0.75",177
"Opt Baseline","2026-08-15",-3,"2026-07-25","Adults","quantile","0.8",203
"Opt Baseline","2026-08-15",-3,"2026-07-25","Adults","quantile","0.85",233
"Opt Baseline","2026-08-15",-3,"2026-07-25","Adults","quantile","0.9",276
"Opt Baseline","2026-08-15",-3,"2026-07-25","Adults","quantile","0.95",346
"Opt Baseline","2026-08-15",-3,"2026-07-25","Adults","quantile","0.975",422
"Opt Baseline","2026-08-15",-3,"2026-07-25","Adults","quantile","0.99",525
"Opt Baseline","2026-08-15",-2,"2026-08-01","Adults","quantile","0.01",0
"Opt Baseline","2026-08-15",-2,"2026-08-01","Adults","quantile","0.025",0
"Opt Baseline","2026-08-15",-2,"2026-08-01","Adults","quantile","0.05",0
"Opt Baseline","2026-08-15",-2,"2026-08-01","Adults","quantile","0.1",9
"Opt Baseline","2026-08-15",-2,"2026-08-01","Adults","quantile","0.15",20
"Opt Baseline","2026-08-15",-2,"2026-08-01","Adults","quantile","0.2",30
"Opt Baseline","2026-08-15",-2,"2026-08-01","Adults","quantile","0.25",41
"Opt Baseline","2026-08-15",-2,"2026-08-01","Adults","quantile","0.3",52
"Opt Baseline","2026-08-15",-2,"2026-08-01","Adults","quantile","0.35",64
"Opt Baseline","2026-08-15",-2,"2026-08-01","Adults","quantile","0.4",75
"Opt Baseline","2026-08-15",-2,"2026-08-01","Adults","quantile","0.45",88
"Opt Baseline","2026-08-15",-2,"2026-08-01","Adults","quantile","0.5",102
"Opt Baseline","2026-08-15",-2,"2026-08-01","Adults","quantile","0.55",115
"Opt Baseline","2026-08-15",-2,"2026-08-01","Adults","quantile","0.6",130
"Opt Baseline","2026-08-15",-2,"2026-08-01","Adults","quantile","0.65",145
"Opt Baseline","2026-08-15",-2,"2026-08-01","Adults","quantile","0.7",164
"Opt Baseline","2026-08-15",-2,"2026-08-01","Adults","quantile","0.75",186
"Opt Baseline","2026-08-15",-2,"2026-08-01","Adults","quantile","0.8",212
"Opt Baseline","2026-08-15",-2,"2026-08-01","Adults","quantile","0.85",246
"Opt Baseline","2026-08-15",-2,"2026-08-01","Adults","quantile","0.9",292
"Opt Baseline","2026-08-15",-2,"2026-08-01","Adults","quantile","0.95",372
"Opt Baseline","2026-08-15",-2,"2026-08-01","Adults","quantile","0.975",453
"Opt Baseline","2026-08-15",-2,"2026-08-01","Adults","quantile","0.99",554
"Opt Baseline","2026-08-15",-1,"2026-08-08","Adults","quantile","0.01",0
"Opt Baseline","2026-08-15",-1,"2026-08-08","Adults","quantile","0.025",0
"Opt Baseline","2026-08-15",-1,"2026-08-08","Adults","quantile","0.05",0
"Opt Baseline","2026-08-15",-1,"2026-08-08","Adults","quantile","0.1",7
"Opt Baseline","2026-08-15",-1,"2026-08-08","Adults","quantile","0.15",17
"Opt Baseline","2026-08-15",-1,"2026-08-08","Adults","quantile","0.2",27
"Opt Baseline","2026-08-15",-1,"2026-08-08","Adults","quantile","0.25",38
"Opt Baseline","2026-08-15",-1,"2026-08-08","Adults","quantile","0.3",49
"Opt Baseline","2026-08-15",-1,"2026-08-08","Adults","quantile","0.35",61
"Opt Baseline","2026-08-15",-1,"2026-08-08","Adults","quantile","0.4",74
"Opt Baseline","2026-08-15",-1,"2026-08-08","Adults","quantile","0.45",88
"Opt Baseline","2026-08-15",-1,"2026-08-08","Adults","quantile","0.5",102
"Opt Baseline","2026-08-15",-1,"2026-08-08","Adults","quantile","0.55",117
"Opt Baseline","2026-08-15",-1,"2026-08-08","Adults","quantile","0.6",134
"Opt Baseline","2026-08-15",-1,"2026-08-08","Adults","quantile","0.65",150
"Opt Baseline","2026-08-15",-1,"2026-08-08","Adults","quantile","0.7",171
"Opt Baseline","2026-08-15",-1,"2026-08-08","Adults","quantile","0.75",194
"Opt Baseline","2026-08-15",-1,"2026-08-08","Adults","quantile","0.8",223
"Opt Baseline","2026-08-15",-1,"2026-08-08","Adults","quantile","0.85",258
"Opt Baseline","2026-08-15",-1,"2026-08-08","Adults","quantile","0.9",311
"Opt Baseline","2026-08-15",-1,"2026-08-08","Adults","quantile","0.95",397
"Opt Baseline","2026-08-15",-1,"2026-08-08","Adults","quantile","0.975",486
"Opt Baseline","2026-08-15",-1,"2026-08-08","Adults","quantile","0.99",583
"Opt Baseline","2026-08-15",0,"2026-08-15","Adults","quantile","0.01",0
"Opt Baseline","2026-08-15",0,"2026-08-15","Adults","quantile","0.025",0
"Opt Baseline","2026-08-15",0,"2026-08-15","Adults","quantile","0.05",0
"Opt Baseline","2026-08-15",0,"2026-08-15","Adults","quantile","0.1",4
"Opt Baseline","2026-08-15",0,"2026-08-15","Adults","quantile","0.15",13
"Opt Baseline","2026-08-15",0,"2026-08-15","Adults","quantile","0.2",24
"Opt Baseline","2026-08-15",0,"2026-08-15","Adults","quantile","0.25",35
"Opt Baseline","2026-08-15",0,"2026-08-15","Adults","quantile","0.3",47
"Opt Baseline","2026-08-15",0,"2026-08-15","Adults","quantile","0.35",59
"Opt Baseline","2026-08-15",0,"2026-08-15","Adults","quantile","0.4",73
"Opt Baseline","2026-08-15",0,"2026-08-15","Adults","quantile","0.45",87
"Opt Baseline","2026-08-15",0,"2026-08-15","Adults","quantile","0.5",102
"Opt Baseline","2026-08-15",0,"2026-08-15","Adults","quantile","0.55",118
"Opt Baseline","2026-08-15",0,"2026-08-15","Adults","quantile","0.6",136
"Opt Baseline","2026-08-15",0,"2026-08-15","Adults","quantile","0.65",155
"Opt Baseline","2026-08-15",0,"2026-08-15","Adults","quantile","0.7",177
"Opt Baseline","2026-08-15",0,"2026-08-15","Adults","quantile","0.75",203
"Opt Baseline","2026-08-15",0,"2026-08-15","Adults","quantile","0.8",235
"Opt Baseline","2026-08-15",0,"2026-08-15","Adults","quantile","0.85",274
"Opt Baseline","2026-08-15",0,"2026-08-15","Adults","quantile","0.9",330
"Opt Baseline","2026-08-15",0,"2026-08-15","Adults","quantile","0.95",428
"Opt Baseline","2026-08-15",0,"2026-08-15","Adults","quantile","0.975",516
"Opt Baseline","2026-08-15",0,"2026-08-15","Adults","quantile","0.99",648
"Opt Baseline","2026-08-15",1,"2026-08-22","Adults","quantile","0.01",0
"Opt Baseline","2026-08-15",1,"2026-08-22","Adults","quantile","0.025",0
"Opt Baseline","2026-08-15",1,"2026-08-22","Adults","quantile","0.05",0
"Opt Baseline","2026-08-15",1,"2026-08-22","Adults","quantile","0.1",2
"Opt Baseline","2026-08-15",1,"2026-08-22","Adults","quantile","0.15",10
"Opt Baseline","2026-08-15",1,"2026-08-22","Adults","quantile","0.2",21
"Opt Baseline","2026-08-15",1,"2026-08-22","Adults","quantile","0.25",33
"Opt Baseline","2026-08-15",1,"2026-08-22","Adults","quantile","0.3",44
"Opt Baseline","2026-08-15",1,"2026-08-22","Adults","quantile","0.35",58
"Opt Baseline","2026-08-15",1,"2026-08-22","Adults","quantile","0.4",71
"Opt Baseline","2026-08-15",1,"2026-08-22","Adults","quantile","0.45",86
"Opt Baseline","2026-08-15",1,"2026-08-22","Adults","quantile","0.5",102
"Opt Baseline","2026-08-15",1,"2026-08-22","Adults","quantile","0.55",118
"Opt Baseline","2026-08-15",1,"2026-08-22","Adults","quantile","0.6",136
"Opt Baseline","2026-08-15",1,"2026-08-22","Adults","quantile","0.65",157
"Opt Baseline","2026-08-15",1,"2026-08-22","Adults","quantile","0.7",182
"Opt Baseline","2026-08-15",1,"2026-08-22","Adults","quantile","0.75",208
"Opt Baseline","2026-08-15",1,"2026-08-22","Adults","quantile","0.8",245
"Opt Baseline","2026-08-15",1,"2026-08-22","Adults","quantile","0.85",289
"Opt Baseline","2026-08-15",1,"2026-08-22","Adults","quantile","0.9",349
"Opt Baseline","2026-08-15",1,"2026-08-22","Adults","quantile","0.95",452
"Opt Baseline","2026-08-15",1,"2026-08-22","Adults","quantile","0.975",544
"Opt Baseline","2026-08-15",1,"2026-08-22","Adults","quantile","0.99",674
"Opt Baseline","2026-08-15",2,"2026-08-29","Adults","quantile","0.01",0
"Opt Baseline","2026-08-15",2,"2026-08-29","Adults","quantile","0.025",0
"Opt Baseline","2026-08-15",2,"2026-08-29","Adults","quantile","0.05",0
"Opt Baseline","2026-08-15",2,"2026-08-29","Adults","quantile","0.1",1
"Opt Baseline","2026-08-15",2,"2026-08-29","Adults","quantile","0.15",8
"Opt Baseline","2026-08-15",2,"2026-08-29","Adults","quantile","0.2",18
"Opt Baseline","2026-08-15",2,"2026-08-29","Adults","quantile","0.25",30
"Opt Baseline","2026-08-15",2,"2026-08-29","Adults","quantile","0.3",42
"Opt Baseline","2026-08-15",2,"2026-08-29","Adults","quantile","0.35",55
"Opt Baseline","2026-08-15",2,"2026-08-29","Adults","quantile","0.4",70
"Opt Baseline","2026-08-15",2,"2026-08-29","Adults","quantile","0.45",86
"Opt Baseline","2026-08-15",2,"2026-08-29","Adults","quantile","0.5",102
"Opt Baseline","2026-08-15",2,"2026-08-29","Adults","quantile","0.55",121
"Opt Baseline","2026-08-15",2,"2026-08-29","Adults","quantile","0.6",139
"Opt Baseline","2026-08-15",2,"2026-08-29","Adults","quantile","0.65",160
"Opt Baseline","2026-08-15",2,"2026-08-29","Adults","quantile","0.7",185
"Opt Baseline","2026-08-15",2,"2026-08-29","Adults","quantile","0.75",215
"Opt Baseline","2026-08-15",2,"2026-08-29","Adults","quantile","0.8",252
"Opt Baseline","2026-08-15",2,"2026-08-29","Adults","quantile","0.85",300
"Opt Baseline","2026-08-15",2,"2026-08-29","Adults","quantile","0.9",365
"Opt Baseline","2026-08-15",2,"2026-08-29","Adults","quantile","0.95",473
"Opt Baseline","2026-08-15",2,"2026-08-29","Adults","quantile","0.975",575
"Opt Baseline","2026-08-15",2,"2026-08-29","Adults","quantile","0.99",704
"Opt Baseline","2026-08-15",3,"2026-09-05","Adults","quantile","0.01",0
"Opt Baseline","2026-08-15",3,"2026-09-05","Adults","quantile","0.025",0
"Opt Baseline","2026-08-15",3,"2026-09-05","Adults","quantile","0.05",0
"Opt Baseline","2026-08-15",3,"2026-09-05","Adults","quantile","0.1",0
"Opt Baseline","2026-08-15",3,"2026-09-05","Adults","quantile","0.15",6
"Opt Baseline","2026-08-15",3,"2026-09-05","Adults","quantile","0.2",16
"Opt Baseline","2026-08-15",3,"2026-09-05","Adults","quantile","0.25",27
"Opt Baseline","2026-08-15",3,"2026-09-05","Adults","quantile","0.3",41
"Opt Baseline","2026-08-15",3,"2026-09-05","Adults","quantile","0.35",54
"Opt Baseline","2026-08-15",3,"2026-09-05","Adults","quantile","0.4",70
"Opt Baseline","2026-08-15",3,"2026-09-05","Adults","quantile","0.45",84
"Opt Baseline","2026-08-15",3,"2026-09-05","Adults","quantile","0.5",102
"Opt Baseline","2026-08-15",3,"2026-09-05","Adults","quantile","0.55",120
"Opt Baseline","2026-08-15",3,"2026-09-05","Adults","quantile","0.6",141
"Opt Baseline","2026-08-15",3,"2026-09-05","Adults","quantile","0.65",164
"Opt Baseline","2026-08-15",3,"2026-09-05","Adults","quantile","0.7",190
"Opt Baseline","2026-08-15",3,"2026-09-05","Adults","quantile","0.75",219
"Opt Baseline","2026-08-15",3,"2026-09-05","Adults","quantile","0.8",260
"Opt Baseline","2026-08-15",3,"2026-09-05","Adults","quantile","0.85",312
"Opt Baseline","2026-08-15",3,"2026-09-05","Adults","quantile","0.9",379
"Opt Baseline","2026-08-15",3,"2026-09-05","Adults","quantile","0.95",490
"Opt Baseline","2026-08-15",3,"2026-09-05","Adults","quantile","0.975",594
"Opt Baseline","2026-08-15",3,"2026-09-05","Adults","quantile","0.99",760
"Opt Baseline","2026-08-15",-8,"2026-06-20","Overall","quantile","0.01",29
"Opt Baseline","2026-08-15",-8,"2026-06-20","Overall","quantile","0.025",54
"Opt Baseline","2026-08-15",-8,"2026-06-20","Overall","quantile","0.05",114
"Opt Baseline","2026-08-15",-8,"2026-06-20","Overall","quantile","0.1",171
"Opt Baseline","2026-08-15",-8,"2026-06-20","Overall","quantile","0.15",177
"Opt Baseline","2026-08-15",-8,"2026-06-20","Overall","quantile","0.2",179
"Opt Baseline","2026-08-15",-8,"2026-06-20","Overall","quantile","0.25",185
"Opt Baseline","2026-08-15",-8,"2026-06-20","Overall","quantile","0.3",189
"Opt Baseline","2026-08-15",-8,"2026-06-20","Overall","quantile","0.35",194
"Opt Baseline","2026-08-15",-8,"2026-06-20","Overall","quantile","0.4",202
"Opt Baseline","2026-08-15",-8,"2026-06-20","Overall","quantile","0.45",202
"Opt Baseline","2026-08-15",-8,"2026-06-20","Overall","quantile","0.5",228
"Opt Baseline","2026-08-15",-8,"2026-06-20","Overall","quantile","0.55",255
"Opt Baseline","2026-08-15",-8,"2026-06-20","Overall","quantile","0.6",255
"Opt Baseline","2026-08-15",-8,"2026-06-20","Overall","quantile","0.65",265
"Opt Baseline","2026-08-15",-8,"2026-06-20","Overall","quantile","0.7",270
"Opt Baseline","2026-08-15",-8,"2026-06-20","Overall","quantile","0.75",275
"Opt Baseline","2026-08-15",-8,"2026-06-20","Overall","quantile","0.8",283
"Opt Baseline","2026-08-15",-8,"2026-06-20","Overall","quantile","0.85",285
"Opt Baseline","2026-08-15",-8,"2026-06-20","Overall","quantile","0.9",293
"Opt Baseline","2026-08-15",-8,"2026-06-20","Overall","quantile","0.95",381
"Opt Baseline","2026-08-15",-8,"2026-06-20","Overall","quantile","0.975",520
"Opt Baseline","2026-08-15",-8,"2026-06-20","Overall","quantile","0.99",613
"Opt Baseline","2026-08-15",-7,"2026-06-27","Overall","quantile","0.01",15
"Opt Baseline","2026-08-15",-7,"2026-06-27","Overall","quantile","0.025",32
"Opt Baseline","2026-08-15",-7,"2026-06-27","Overall","quantile","0.05",56
"Opt Baseline","2026-08-15",-7,"2026-06-27","Overall","quantile","0.1",124
"Opt Baseline","2026-08-15",-7,"2026-06-27","Overall","quantile","0.15",140
"Opt Baseline","2026-08-15",-7,"2026-06-27","Overall","quantile","0.2",152
"Opt Baseline","2026-08-15",-7,"2026-06-27","Overall","quantile","0.25",163
"Opt Baseline","2026-08-15",-7,"2026-06-27","Overall","quantile","0.3",182
"Opt Baseline","2026-08-15",-7,"2026-06-27","Overall","quantile","0.35",203
"Opt Baseline","2026-08-15",-7,"2026-06-27","Overall","quantile","0.4",214
"Opt Baseline","2026-08-15",-7,"2026-06-27","Overall","quantile","0.45",222
"Opt Baseline","2026-08-15",-7,"2026-06-27","Overall","quantile","0.5",228
"Opt Baseline","2026-08-15",-7,"2026-06-27","Overall","quantile","0.55",235
"Opt Baseline","2026-08-15",-7,"2026-06-27","Overall","quantile","0.6",243
"Opt Baseline","2026-08-15",-7,"2026-06-27","Overall","quantile","0.65",255
"Opt Baseline","2026-08-15",-7,"2026-06-27","Overall","quantile","0.7",277
"Opt Baseline","2026-08-15",-7,"2026-06-27","Overall","quantile","0.75",303
"Opt Baseline","2026-08-15",-7,"2026-06-27","Overall","quantile","0.8",319
"Opt Baseline","2026-08-15",-7,"2026-06-27","Overall","quantile","0.85",337
"Opt Baseline","2026-08-15",-7,"2026-06-27","Overall","quantile","0.9",367
"Opt Baseline","2026-08-15",-7,"2026-06-27","Overall","quantile","0.95",511
"Opt Baseline","2026-08-15",-7,"2026-06-27","Overall","quantile","0.975",597
"Opt Baseline","2026-08-15",-7,"2026-06-27","Overall","quantile","0.99",689
"Opt Baseline","2026-08-15",-6,"2026-07-04","Overall","quantile","0.01",3
"Opt Baseline","2026-08-15",-6,"2026-07-04","Overall","quantile","0.025",17
"Opt Baseline","2026-08-15",-6,"2026-07-04","Overall","quantile","0.05",38
"Opt Baseline","2026-08-15",-6,"2026-07-04","Overall","quantile","0.1",81
"Opt Baseline","2026-08-15",-6,"2026-07-04","Overall","quantile","0.15",111
"Opt Baseline","2026-08-15",-6,"2026-07-04","Overall","quantile","0.2",133
"Opt Baseline","2026-08-15",-6,"2026-07-04","Overall","quantile","0.25",158
"Opt Baseline","2026-08-15",-6,"2026-07-04","Overall","quantile","0.3",172
"Opt Baseline","2026-08-15",-6,"2026-07-04","Overall","quantile","0.35",185
"Opt Baseline","2026-08-15",-6,"2026-07-04","Overall","quantile","0.4",195
"Opt Baseline","2026-08-15",-6,"2026-07-04","Overall","quantile","0.45",208
"Opt Baseline","2026-08-15",-6,"2026-07-04","Overall","quantile","0.5",228
"Opt Baseline","2026-08-15",-6,"2026-07-04","Overall","quantile","0.55",248
"Opt Baseline","2026-08-15",-6,"2026-07-04","Overall","quantile","0.6",263
"Opt Baseline","2026-08-15",-6,"2026-07-04","Overall","quantile","0.65",277
"Opt Baseline","2026-08-15",-6,"2026-07-04","Overall","quantile","0.7",291
"Opt Baseline","2026-08-15",-6,"2026-07-04","Overall","quantile","0.75",311
"Opt Baseline","2026-08-15",-6,"2026-07-04","Overall","quantile","0.8",348
"Opt Baseline","2026-08-15",-6,"2026-07-04","Overall","quantile","0.85",386
"Opt Baseline","2026-08-15",-6,"2026-07-04","Overall","quantile","0.9",442
"Opt Baseline","2026-08-15",-6,"2026-07-04","Overall","quantile","0.95",570
"Opt Baseline","2026-08-15",-6,"2026-07-04","Overall","quantile","0.975",665
"Opt Baseline","2026-08-15",-6,"2026-07-04","Overall","quantile","0.99",777
"Opt Baseline","2026-08-15",-5,"2026-07-11","Overall","quantile","0.01",0
"Opt Baseline","2026-08-15",-5,"2026-07-11","Overall","quantile","0.025",8
"Opt Baseline","2026-08-15",-5,"2026-07-11","Overall","quantile","0.05",26
"Opt Baseline","2026-08-15",-5,"2026-07-11","Overall","quantile","0.1",61
"Opt Baseline","2026-08-15",-5,"2026-07-11","Overall","quantile","0.15",92
"Opt Baseline","2026-08-15",-5,"2026-07-11","Overall","quantile","0.2",119
"Opt Baseline","2026-08-15",-5,"2026-07-11","Overall","quantile","0.25",138
"Opt Baseline","2026-08-15",-5,"2026-07-11","Overall","quantile","0.3",156
"Opt Baseline","2026-08-15",-5,"2026-07-11","Overall","quantile","0.35",174
"Opt Baseline","2026-08-15",-5,"2026-07-11","Overall","quantile","0.4",194
"Opt Baseline","2026-08-15",-5,"2026-07-11","Overall","quantile","0.45",212
"Opt Baseline","2026-08-15",-5,"2026-07-11","Overall","quantile","0.5",228
"Opt Baseline","2026-08-15",-5,"2026-07-11","Overall","quantile","0.55",244
"Opt Baseline","2026-08-15",-5,"2026-07-11","Overall","quantile","0.6",263
"Opt Baseline","2026-08-15",-5,"2026-07-11","Overall","quantile","0.65",288
"Opt Baseline","2026-08-15",-5,"2026-07-11","Overall","quantile","0.7",313
"Opt Baseline","2026-08-15",-5,"2026-07-11","Overall","quantile","0.75",337
"Opt Baseline","2026-08-15",-5,"2026-07-11","Overall","quantile","0.8",368
"Opt Baseline","2026-08-15",-5,"2026-07-11","Overall","quantile","0.85",421
"Opt Baseline","2026-08-15",-5,"2026-07-11","Overall","quantile","0.9",500
"Opt Baseline","2026-08-15",-5,"2026-07-11","Overall","quantile","0.95",629
"Opt Baseline","2026-08-15",-5,"2026-07-11","Overall","quantile","0.975",728
"Opt Baseline","2026-08-15",-5,"2026-07-11","Overall","quantile","0.99",873
"Opt Baseline","2026-08-15",-4,"2026-07-18","Overall","quantile","0.01",0
"Opt Baseline","2026-08-15",-4,"2026-07-18","Overall","quantile","0.025",2
"Opt Baseline","2026-08-15",-4,"2026-07-18","Overall","quantile","0.05",18
"Opt Baseline","2026-08-15",-4,"2026-07-18","Overall","quantile","0.1",49
"Opt Baseline","2026-08-15",-4,"2026-07-18","Overall","quantile","0.15",78
"Opt Baseline","2026-08-15",-4,"2026-07-18","Overall","quantile","0.2",104
"Opt Baseline","2026-08-15",-4,"2026-07-18","Overall","quantile","0.25",127
"Opt Baseline","2026-08-15",-4,"2026-07-18","Overall","quantile","0.3",149
"Opt Baseline","2026-08-15",-4,"2026-07-18","Overall","quantile","0.35",170
"Opt Baseline","2026-08-15",-4,"2026-07-18","Overall","quantile","0.4",188
"Opt Baseline","2026-08-15",-4,"2026-07-18","Overall","quantile","0.45",206
"Opt Baseline","2026-08-15",-4,"2026-07-18","Overall","quantile","0.5",228
"Opt Baseline","2026-08-15",-4,"2026-07-18","Overall","quantile","0.55",253
"Opt Baseline","2026-08-15",-4,"2026-07-18","Overall","quantile","0.6",275
"Opt Baseline","2026-08-15",-4,"2026-07-18","Overall","quantile","0.65",298
"Opt Baseline","2026-08-15",-4,"2026-07-18","Overall","quantile","0.7",328
"Opt Baseline","2026-08-15",-4,"2026-07-18","Overall","quantile","0.75",360
"Opt Baseline","2026-08-15",-4,"2026-07-18","Overall","quantile","0.8",402
"Opt Baseline","2026-08-15",-4,"2026-07-18","Overall","quantile","0.85",457
"Opt Baseline","2026-08-15",-4,"2026-07-18","Overall","quantile","0.9",544
"Opt Baseline","2026-08-15",-4,"2026-07-18","Overall","quantile","0.95",681
"Opt Baseline","2026-08-15",-4,"2026-07-18","Overall","quantile","0.975",796
"Opt Baseline","2026-08-15",-4,"2026-07-18","Overall","quantile","0.99",970
"Opt Baseline","2026-08-15",-3,"2026-07-25","Overall","quantile","0.01",0
"Opt Baseline","2026-08-15",-3,"2026-07-25","Overall","quantile","0.025",0
"Opt Baseline","2026-08-15",-3,"2026-07-25","Overall","quantile","0.05",11
"Opt Baseline","2026-08-15",-3,"2026-07-25","Overall","quantile","0.1",39
"Opt Baseline","2026-08-15",-3,"2026-07-25","Overall","quantile","0.15",66
"Opt Baseline","2026-08-15",-3,"2026-07-25","Overall","quantile","0.2",93
"Opt Baseline","2026-08-15",-3,"2026-07-25","Overall","quantile","0.25",117
"Opt Baseline","2026-08-15",-3,"2026-07-25","Overall","quantile","0.3",139
"Opt Baseline","2026-08-15",-3,"2026-07-25","Overall","quantile","0.35",159
"Opt Baseline","2026-08-15",-3,"2026-07-25","Overall","quantile","0.4",179
"Opt Baseline","2026-08-15",-3,"2026-07-25","Overall","quantile","0.45",203
"Opt Baseline","2026-08-15",-3,"2026-07-25","Overall","quantile","0.5",228
"Opt Baseline","2026-08-15",-3,"2026-07-25","Overall","quantile","0.55",252
"Opt Baseline","2026-08-15",-3,"2026-07-25","Overall","quantile","0.6",279
"Opt Baseline","2026-08-15",-3,"2026-07-25","Overall","quantile","0.65",311
"Opt Baseline","2026-08-15",-3,"2026-07-25","Overall","quantile","0.7",342
"Opt Baseline","2026-08-15",-3,"2026-07-25","Overall","quantile","0.75",378
"Opt Baseline","2026-08-15",-3,"2026-07-25","Overall","quantile","0.8",422
"Opt Baseline","2026-08-15",-3,"2026-07-25","Overall","quantile","0.85",487
"Opt Baseline","2026-08-15",-3,"2026-07-25","Overall","quantile","0.9",580
"Opt Baseline","2026-08-15",-3,"2026-07-25","Overall","quantile","0.95",726
"Opt Baseline","2026-08-15",-3,"2026-07-25","Overall","quantile","0.975",871
"Opt Baseline","2026-08-15",-3,"2026-07-25","Overall","quantile","0.99",1080
"Opt Baseline","2026-08-15",-2,"2026-08-01","Overall","quantile","0.01",0
"Opt Baseline","2026-08-15",-2,"2026-08-01","Overall","quantile","0.025",0
"Opt Baseline","2026-08-15",-2,"2026-08-01","Overall","quantile","0.05",6
"Opt Baseline","2026-08-15",-2,"2026-08-01","Overall","quantile","0.1",31
"Opt Baseline","2026-08-15",-2,"2026-08-01","Overall","quantile","0.15",57
"Opt Baseline","2026-08-15",-2,"2026-08-01","Overall","quantile","0.2",84
"Opt Baseline","2026-08-15",-2,"2026-08-01","Overall","quantile","0.25",109
"Opt Baseline","2026-08-15",-2,"2026-08-01","Overall","quantile","0.3",133
"Opt Baseline","2026-08-15",-2,"2026-08-01","Overall","quantile","0.35",157
"Opt Baseline","2026-08-15",-2,"2026-08-01","Overall","quantile","0.4",180
"Opt Baseline","2026-08-15",-2,"2026-08-01","Overall","quantile","0.45",205
"Opt Baseline","2026-08-15",-2,"2026-08-01","Overall","quantile","0.5",228
"Opt Baseline","2026-08-15",-2,"2026-08-01","Overall","quantile","0.55",258
"Opt Baseline","2026-08-15",-2,"2026-08-01","Overall","quantile","0.6",286
"Opt Baseline","2026-08-15",-2,"2026-08-01","Overall","quantile","0.65",318
"Opt Baseline","2026-08-15",-2,"2026-08-01","Overall","quantile","0.7",354
"Opt Baseline","2026-08-15",-2,"2026-08-01","Overall","quantile","0.75",397
"Opt Baseline","2026-08-15",-2,"2026-08-01","Overall","quantile","0.8",449
"Opt Baseline","2026-08-15",-2,"2026-08-01","Overall","quantile","0.85",521
"Opt Baseline","2026-08-15",-2,"2026-08-01","Overall","quantile","0.9",621
"Opt Baseline","2026-08-15",-2,"2026-08-01","Overall","quantile","0.95",780
"Opt Baseline","2026-08-15",-2,"2026-08-01","Overall","quantile","0.975",954
"Opt Baseline","2026-08-15",-2,"2026-08-01","Overall","quantile","0.99",1171
"Opt Baseline","2026-08-15",-1,"2026-08-08","Overall","quantile","0.01",0
"Opt Baseline","2026-08-15",-1,"2026-08-08","Overall","quantile","0.025",0
"Opt Baseline","2026-08-15",-1,"2026-08-08","Overall","quantile","0.05",2
"Opt Baseline","2026-08-15",-1,"2026-08-08","Overall","quantile","0.1",25
"Opt Baseline","2026-08-15",-1,"2026-08-08","Overall","quantile","0.15",50
"Opt Baseline","2026-08-15",-1,"2026-08-08","Overall","quantile","0.2",75
"Opt Baseline","2026-08-15",-1,"2026-08-08","Overall","quantile","0.25",100
"Opt Baseline","2026-08-15",-1,"2026-08-08","Overall","quantile","0.3",124
"Opt Baseline","2026-08-15",-1,"2026-08-08","Overall","quantile","0.35",148
"Opt Baseline","2026-08-15",-1,"2026-08-08","Overall","quantile","0.4",175
"Opt Baseline","2026-08-15",-1,"2026-08-08","Overall","quantile","0.45",201
"Opt Baseline","2026-08-15",-1,"2026-08-08","Overall","quantile","0.5",228
"Opt Baseline","2026-08-15",-1,"2026-08-08","Overall","quantile","0.55",256
"Opt Baseline","2026-08-15",-1,"2026-08-08","Overall","quantile","0.6",288
"Opt Baseline","2026-08-15",-1,"2026-08-08","Overall","quantile","0.65",324
"Opt Baseline","2026-08-15",-1,"2026-08-08","Overall","quantile","0.7",363
"Opt Baseline","2026-08-15",-1,"2026-08-08","Overall","quantile","0.75",412
"Opt Baseline","2026-08-15",-1,"2026-08-08","Overall","quantile","0.8",467
"Opt Baseline","2026-08-15",-1,"2026-08-08","Overall","quantile","0.85",540
"Opt Baseline","2026-08-15",-1,"2026-08-08","Overall","quantile","0.9",648
"Opt Baseline","2026-08-15",-1,"2026-08-08","Overall","quantile","0.95",820
"Opt Baseline","2026-08-15",-1,"2026-08-08","Overall","quantile","0.975",989
"Opt Baseline","2026-08-15",-1,"2026-08-08","Overall","quantile","0.99",1225
"Opt Baseline","2026-08-15",0,"2026-08-15","Overall","quantile","0.01",0
"Opt Baseline","2026-08-15",0,"2026-08-15","Overall","quantile","0.025",0
"Opt Baseline","2026-08-15",0,"2026-08-15","Overall","quantile","0.05",0
"Opt Baseline","2026-08-15",0,"2026-08-15","Overall","quantile","0.1",18
"Opt Baseline","2026-08-15",0,"2026-08-15","Overall","quantile","0.15",41
"Opt Baseline","2026-08-15",0,"2026-08-15","Overall","quantile","0.2",66
"Opt Baseline","2026-08-15",0,"2026-08-15","Overall","quantile","0.25",91
"Opt Baseline","2026-08-15",0,"2026-08-15","Overall","quantile","0.3",116
"Opt Baseline","2026-08-15",0,"2026-08-15","Overall","quantile","0.35",143
"Opt Baseline","2026-08-15",0,"2026-08-15","Overall","quantile","0.4",170
"Opt Baseline","2026-08-15",0,"2026-08-15","Overall","quantile","0.45",198
"Opt Baseline","2026-08-15",0,"2026-08-15","Overall","quantile","0.5",228
"Opt Baseline","2026-08-15",0,"2026-08-15","Overall","quantile","0.55",258
"Opt Baseline","2026-08-15",0,"2026-08-15","Overall","quantile","0.6",292
"Opt Baseline","2026-08-15",0,"2026-08-15","Overall","quantile","0.65",329
"Opt Baseline","2026-08-15",0,"2026-08-15","Overall","quantile","0.7",375
"Opt Baseline","2026-08-15",0,"2026-08-15","Overall","quantile","0.75",425
"Opt Baseline","2026-08-15",0,"2026-08-15","Overall","quantile","0.8",489
"Opt Baseline","2026-08-15",0,"2026-08-15","Overall","quantile","0.85",562
"Opt Baseline","2026-08-15",0,"2026-08-15","Overall","quantile","0.9",671
"Opt Baseline","2026-08-15",0,"2026-08-15","Overall","quantile","0.95",865
"Opt Baseline","2026-08-15",0,"2026-08-15","Overall","quantile","0.975",1060
"Opt Baseline","2026-08-15",0,"2026-08-15","Overall","quantile","0.99",1336
"Opt Baseline","2026-08-15",1,"2026-08-22","Overall","quantile","0.01",0
"Opt Baseline","2026-08-15",1,"2026-08-22","Overall","quantile","0.025",0
"Opt Baseline","2026-08-15",1,"2026-08-22","Overall","quantile","0.05",0
"Opt Baseline","2026-08-15",1,"2026-08-22","Overall","quantile","0.1",11
"Opt Baseline","2026-08-15",1,"2026-08-22","Overall","quantile","0.15",34
"Opt Baseline","2026-08-15",1,"2026-08-22","Overall","quantile","0.2",58
"Opt Baseline","2026-08-15",1,"2026-08-22","Overall","quantile","0.25",82
"Opt Baseline","2026-08-15",1,"2026-08-22","Overall","quantile","0.3",109
"Opt Baseline","2026-08-15",1,"2026-08-22","Overall","quantile","0.35",136
"Opt Baseline","2026-08-15",1,"2026-08-22","Overall","quantile","0.4",163
"Opt Baseline","2026-08-15",1,"2026-08-22","Overall","quantile","0.45",194
"Opt Baseline","2026-08-15",1,"2026-08-22","Overall","quantile","0.5",228
"Opt Baseline","2026-08-15",1,"2026-08-22","Overall","quantile","0.55",261
"Opt Baseline","2026-08-15",1,"2026-08-22","Overall","quantile","0.6",298
"Opt Baseline","2026-08-15",1,"2026-08-22","Overall","quantile","0.65",337
"Opt Baseline","2026-08-15",1,"2026-08-22","Overall","quantile","0.7",381
"Opt Baseline","2026-08-15",1,"2026-08-22","Overall","quantile","0.75",437
"Opt Baseline","2026-08-15",1,"2026-08-22","Overall","quantile","0.8",502
"Opt Baseline","2026-08-15",1,"2026-08-22","Overall","quantile","0.85",583
"Opt Baseline","2026-08-15",1,"2026-08-22","Overall","quantile","0.9",702
"Opt Baseline","2026-08-15",1,"2026-08-22","Overall","quantile","0.95",912
"Opt Baseline","2026-08-15",1,"2026-08-22","Overall","quantile","0.975",1122
"Opt Baseline","2026-08-15",1,"2026-08-22","Overall","quantile","0.99",1402
"Opt Baseline","2026-08-15",2,"2026-08-29","Overall","quantile","0.01",0
"Opt Baseline","2026-08-15",2,"2026-08-29","Overall","quantile","0.025",0
"Opt Baseline","2026-08-15",2,"2026-08-29","Overall","quantile","0.05",0
"Opt Baseline","2026-08-15",2,"2026-08-29","Overall","quantile","0.1",8
"Opt Baseline","2026-08-15",2,"2026-08-29","Overall","quantile","0.15",29
"Opt Baseline","2026-08-15",2,"2026-08-29","Overall","quantile","0.2",54
"Opt Baseline","2026-08-15",2,"2026-08-29","Overall","quantile","0.25",79
"Opt Baseline","2026-08-15",2,"2026-08-29","Overall","quantile","0.3",106
"Opt Baseline","2026-08-15",2,"2026-08-29","Overall","quantile","0.35",134
"Opt Baseline","2026-08-15",2,"2026-08-29","Overall","quantile","0.4",164
"Opt Baseline","2026-08-15",2,"2026-08-29","Overall","quantile","0.45",193
"Opt Baseline","2026-08-15",2,"2026-08-29","Overall","quantile","0.5",228
"Opt Baseline","2026-08-15",2,"2026-08-29","Overall","quantile","0.55",266
"Opt Baseline","2026-08-15",2,"2026-08-29","Overall","quantile","0.6",305
"Opt Baseline","2026-08-15",2,"2026-08-29","Overall","quantile","0.65",344
"Opt Baseline","2026-08-15",2,"2026-08-29","Overall","quantile","0.7",397
"Opt Baseline","2026-08-15",2,"2026-08-29","Overall","quantile","0.75",454
"Opt Baseline","2026-08-15",2,"2026-08-29","Overall","quantile","0.8",527
"Opt Baseline","2026-08-15",2,"2026-08-29","Overall","quantile","0.85",608
"Opt Baseline","2026-08-15",2,"2026-08-29","Overall","quantile","0.9",742
"Opt Baseline","2026-08-15",2,"2026-08-29","Overall","quantile","0.95",962
"Opt Baseline","2026-08-15",2,"2026-08-29","Overall","quantile","0.975",1190
"Opt Baseline","2026-08-15",2,"2026-08-29","Overall","quantile","0.99",1502
"Opt Baseline","2026-08-15",3,"2026-09-05","Overall","quantile","0.01",0
"Opt Baseline","2026-08-15",3,"2026-09-05","Overall","quantile","0.025",0
"Opt Baseline","2026-08-15",3,"2026-09-05","Overall","quantile","0.05",0
"Opt Baseline","2026-08-15",3,"2026-09-05","Overall","quantile","0.1",5
"Opt Baseline","2026-08-15",3,"2026-09-05","Overall","quantile","0.15",24
"Opt Baseline","2026-08-15",3,"2026-09-05","Overall","quantile","0.2",49
"Opt Baseline","2026-08-15",3,"2026-09-05","Overall","quantile","0.25",75
"Opt Baseline","2026-08-15",3,"2026-09-05","Overall","quantile","0.3",101
"Opt Baseline","2026-08-15",3,"2026-09-05","Overall","quantile","0.35",130
"Opt Baseline","2026-08-15",3,"2026-09-05","Overall","quantile","0.4",161
"Opt Baseline","2026-08-15",3,"2026-09-05","Overall","quantile","0.45",195
"Opt Baseline","2026-08-15",3,"2026-09-05","Overall","quantile","0.5",228
"Opt Baseline","2026-08-15",3,"2026-09-05","Overall","quantile","0.55",265
"Opt Baseline","2026-08-15",3,"2026-09-05","Overall","quantile","0.6",308
"Opt Baseline","2026-08-15",3,"2026-09-05","Overall","quantile","0.65",359
"Opt Baseline","2026-08-15",3,"2026-09-05","Overall","quantile","0.7",410
"Opt Baseline","2026-08-15",3,"2026-09-05","Overall","quantile","0.75",471
"Opt Baseline","2026-08-15",3,"2026-09-05","Overall","quantile","0.8",544
"Opt Baseline","2026-08-15",3,"2026-09-05","Overall","quantile","0.85",641
"Opt Baseline","2026-08-15",3,"2026-09-05","Overall","quantile","0.9",772
"Opt Baseline","2026-08-15",3,"2026-09-05","Overall","quantile","0.95",1006
"Opt Baseline","2026-08-15",3,"2026-09-05","Overall","quantile","0.975",1238
"Opt Baseline","2026-08-15",3,"2026-09-05","Overall","quantile","0.99",1549
"Opt Baseline","2026-08-15",-8,"2026-06-20","Pediatrics","quantile","0.01",16
"Opt Baseline","2026-08-15",-8,"2026-06-20","Pediatrics","quantile","0.025",30
"Opt Baseline","2026-08-15",-8,"2026-06-20","Pediatrics","quantile","0.05",61
"Opt Baseline","2026-08-15",-8,"2026-06-20","Pediatrics","quantile","0.1",90
"Opt Baseline","2026-08-15",-8,"2026-06-20","Pediatrics","quantile","0.15",96
"Opt Baseline","2026-08-15",-8,"2026-06-20","Pediatrics","quantile","0.2",106
"Opt Baseline","2026-08-15",-8,"2026-06-20","Pediatrics","quantile","0.25",108
"Opt Baseline","2026-08-15",-8,"2026-06-20","Pediatrics","quantile","0.3",110
"Opt Baseline","2026-08-15",-8,"2026-06-20","Pediatrics","quantile","0.35",112
"Opt Baseline","2026-08-15",-8,"2026-06-20","Pediatrics","quantile","0.4",115
"Opt Baseline","2026-08-15",-8,"2026-06-20","Pediatrics","quantile","0.45",115
"Opt Baseline","2026-08-15",-8,"2026-06-20","Pediatrics","quantile","0.5",126
"Opt Baseline","2026-08-15",-8,"2026-06-20","Pediatrics","quantile","0.55",137
"Opt Baseline","2026-08-15",-8,"2026-06-20","Pediatrics","quantile","0.6",138
"Opt Baseline","2026-08-15",-8,"2026-06-20","Pediatrics","quantile","0.65",140
"Opt Baseline","2026-08-15",-8,"2026-06-20","Pediatrics","quantile","0.7",143
"Opt Baseline","2026-08-15",-8,"2026-06-20","Pediatrics","quantile","0.75",146
"Opt Baseline","2026-08-15",-8,"2026-06-20","Pediatrics","quantile","0.8",148
"Opt Baseline","2026-08-15",-8,"2026-06-20","Pediatrics","quantile","0.85",159
"Opt Baseline","2026-08-15",-8,"2026-06-20","Pediatrics","quantile","0.9",167
"Opt Baseline","2026-08-15",-8,"2026-06-20","Pediatrics","quantile","0.95",215
"Opt Baseline","2026-08-15",-8,"2026-06-20","Pediatrics","quantile","0.975",288
"Opt Baseline","2026-08-15",-8,"2026-06-20","Pediatrics","quantile","0.99",338
"Opt Baseline","2026-08-15",-7,"2026-06-27","Pediatrics","quantile","0.01",9
"Opt Baseline","2026-08-15",-7,"2026-06-27","Pediatrics","quantile","0.025",18
"Opt Baseline","2026-08-15",-7,"2026-06-27","Pediatrics","quantile","0.05",31
"Opt Baseline","2026-08-15",-7,"2026-06-27","Pediatrics","quantile","0.1",65
"Opt Baseline","2026-08-15",-7,"2026-06-27","Pediatrics","quantile","0.15",80
"Opt Baseline","2026-08-15",-7,"2026-06-27","Pediatrics","quantile","0.2",89
"Opt Baseline","2026-08-15",-7,"2026-06-27","Pediatrics","quantile","0.25",97
"Opt Baseline","2026-08-15",-7,"2026-06-27","Pediatrics","quantile","0.3",102
"Opt Baseline","2026-08-15",-7,"2026-06-27","Pediatrics","quantile","0.35",109
"Opt Baseline","2026-08-15",-7,"2026-06-27","Pediatrics","quantile","0.4",118
"Opt Baseline","2026-08-15",-7,"2026-06-27","Pediatrics","quantile","0.45",122
"Opt Baseline","2026-08-15",-7,"2026-06-27","Pediatrics","quantile","0.5",126
"Opt Baseline","2026-08-15",-7,"2026-06-27","Pediatrics","quantile","0.55",130
"Opt Baseline","2026-08-15",-7,"2026-06-27","Pediatrics","quantile","0.6",136
"Opt Baseline","2026-08-15",-7,"2026-06-27","Pediatrics","quantile","0.65",145
"Opt Baseline","2026-08-15",-7,"2026-06-27","Pediatrics","quantile","0.7",152
"Opt Baseline","2026-08-15",-7,"2026-06-27","Pediatrics","quantile","0.75",158
"Opt Baseline","2026-08-15",-7,"2026-06-27","Pediatrics","quantile","0.8",168
"Opt Baseline","2026-08-15",-7,"2026-06-27","Pediatrics","quantile","0.85",183
"Opt Baseline","2026-08-15",-7,"2026-06-27","Pediatrics","quantile","0.9",208
"Opt Baseline","2026-08-15",-7,"2026-06-27","Pediatrics","quantile","0.95",281
"Opt Baseline","2026-08-15",-7,"2026-06-27","Pediatrics","quantile","0.975",329
"Opt Baseline","2026-08-15",-7,"2026-06-27","Pediatrics","quantile","0.99",377
"Opt Baseline","2026-08-15",-6,"2026-07-04","Pediatrics","quantile","0.01",1
"Opt Baseline","2026-08-15",-6,"2026-07-04","Pediatrics","quantile","0.025",10
"Opt Baseline","2026-08-15",-6,"2026-07-04","Pediatrics","quantile","0.05",21
"Opt Baseline","2026-08-15",-6,"2026-07-04","Pediatrics","quantile","0.1",45
"Opt Baseline","2026-08-15",-6,"2026-07-04","Pediatrics","quantile","0.15",64
"Opt Baseline","2026-08-15",-6,"2026-07-04","Pediatrics","quantile","0.2",77
"Opt Baseline","2026-08-15",-6,"2026-07-04","Pediatrics","quantile","0.25",87
"Opt Baseline","2026-08-15",-6,"2026-07-04","Pediatrics","quantile","0.3",95
"Opt Baseline","2026-08-15",-6,"2026-07-04","Pediatrics","quantile","0.35",104
"Opt Baseline","2026-08-15",-6,"2026-07-04","Pediatrics","quantile","0.4",111
"Opt Baseline","2026-08-15",-6,"2026-07-04","Pediatrics","quantile","0.45",118
"Opt Baseline","2026-08-15",-6,"2026-07-04","Pediatrics","quantile","0.5",126
"Opt Baseline","2026-08-15",-6,"2026-07-04","Pediatrics","quantile","0.55",135
"Opt Baseline","2026-08-15",-6,"2026-07-04","Pediatrics","quantile","0.6",142
"Opt Baseline","2026-08-15",-6,"2026-07-04","Pediatrics","quantile","0.65",150
"Opt Baseline","2026-08-15",-6,"2026-07-04","Pediatrics","quantile","0.7",160
"Opt Baseline","2026-08-15",-6,"2026-07-04","Pediatrics","quantile","0.75",172
"Opt Baseline","2026-08-15",-6,"2026-07-04","Pediatrics","quantile","0.8",186
"Opt Baseline","2026-08-15",-6,"2026-07-04","Pediatrics","quantile","0.85",209
"Opt Baseline","2026-08-15",-6,"2026-07-04","Pediatrics","quantile","0.9",249
"Opt Baseline","2026-08-15",-6,"2026-07-04","Pediatrics","quantile","0.95",319
"Opt Baseline","2026-08-15",-6,"2026-07-04","Pediatrics","quantile","0.975",369
"Opt Baseline","2026-08-15",-6,"2026-07-04","Pediatrics","quantile","0.99",435
"Opt Baseline","2026-08-15",-5,"2026-07-11","Pediatrics","quantile","0.01",0
"Opt Baseline","2026-08-15",-5,"2026-07-11","Pediatrics","quantile","0.025",5
"Opt Baseline","2026-08-15",-5,"2026-07-11","Pediatrics","quantile","0.05",15
"Opt Baseline","2026-08-15",-5,"2026-07-11","Pediatrics","quantile","0.1",35
"Opt Baseline","2026-08-15",-5,"2026-07-11","Pediatrics","quantile","0.15",53
"Opt Baseline","2026-08-15",-5,"2026-07-11","Pediatrics","quantile","0.2",66
"Opt Baseline","2026-08-15",-5,"2026-07-11","Pediatrics","quantile","0.25",78
"Opt Baseline","2026-08-15",-5,"2026-07-11","Pediatrics","quantile","0.3",89
"Opt Baseline","2026-08-15",-5,"2026-07-11","Pediatrics","quantile","0.35",99
"Opt Baseline","2026-08-15",-5,"2026-07-11","Pediatrics","quantile","0.4",108
"Opt Baseline","2026-08-15",-5,"2026-07-11","Pediatrics","quantile","0.45",117
"Opt Baseline","2026-08-15",-5,"2026-07-11","Pediatrics","quantile","0.5",126
"Opt Baseline","2026-08-15",-5,"2026-07-11","Pediatrics","quantile","0.55",135
"Opt Baseline","2026-08-15",-5,"2026-07-11","Pediatrics","quantile","0.6",146
"Opt Baseline","2026-08-15",-5,"2026-07-11","Pediatrics","quantile","0.65",158
"Opt Baseline","2026-08-15",-5,"2026-07-11","Pediatrics","quantile","0.7",171
"Opt Baseline","2026-08-15",-5,"2026-07-11","Pediatrics","quantile","0.75",186
"Opt Baseline","2026-08-15",-5,"2026-07-11","Pediatrics","quantile","0.8",206
"Opt Baseline","2026-08-15",-5,"2026-07-11","Pediatrics","quantile","0.85",234
"Opt Baseline","2026-08-15",-5,"2026-07-11","Pediatrics","quantile","0.9",276
"Opt Baseline","2026-08-15",-5,"2026-07-11","Pediatrics","quantile","0.95",348
"Opt Baseline","2026-08-15",-5,"2026-07-11","Pediatrics","quantile","0.975",408
"Opt Baseline","2026-08-15",-5,"2026-07-11","Pediatrics","quantile","0.99",504
"Opt Baseline","2026-08-15",-4,"2026-07-18","Pediatrics","quantile","0.01",0
"Opt Baseline","2026-08-15",-4,"2026-07-18","Pediatrics","quantile","0.025",2
"Opt Baseline","2026-08-15",-4,"2026-07-18","Pediatrics","quantile","0.05",10
"Opt Baseline","2026-08-15",-4,"2026-07-18","Pediatrics","quantile","0.1",27
"Opt Baseline","2026-08-15",-4,"2026-07-18","Pediatrics","quantile","0.15",43
"Opt Baseline","2026-08-15",-4,"2026-07-18","Pediatrics","quantile","0.2",58
"Opt Baseline","2026-08-15",-4,"2026-07-18","Pediatrics","quantile","0.25",71
"Opt Baseline","2026-08-15",-4,"2026-07-18","Pediatrics","quantile","0.3",83
"Opt Baseline","2026-08-15",-4,"2026-07-18","Pediatrics","quantile","0.35",93
"Opt Baseline","2026-08-15",-4,"2026-07-18","Pediatrics","quantile","0.4",104
"Opt Baseline","2026-08-15",-4,"2026-07-18","Pediatrics","quantile","0.45",115
"Opt Baseline","2026-08-15",-4,"2026-07-18","Pediatrics","quantile","0.5",126
"Opt Baseline","2026-08-15",-4,"2026-07-18","Pediatrics","quantile","0.55",138
"Opt Baseline","2026-08-15",-4,"2026-07-18","Pediatrics","quantile","0.6",151
"Opt Baseline","2026-08-15",-4,"2026-07-18","Pediatrics","quantile","0.65",164
"Opt Baseline","2026-08-15",-4,"2026-07-18","Pediatrics","quantile","0.7",180
"Opt Baseline","2026-08-15",-4,"2026-07-18","Pediatrics","quantile","0.75",197
"Opt Baseline","2026-08-15",-4,"2026-07-18","Pediatrics","quantile","0.8",220
"Opt Baseline","2026-08-15",-4,"2026-07-18","Pediatrics","quantile","0.85",253
"Opt Baseline","2026-08-15",-4,"2026-07-18","Pediatrics","quantile","0.9",302
"Opt Baseline","2026-08-15",-4,"2026-07-18","Pediatrics","quantile","0.95",380
"Opt Baseline","2026-08-15",-4,"2026-07-18","Pediatrics","quantile","0.975",449
"Opt Baseline","2026-08-15",-4,"2026-07-18","Pediatrics","quantile","0.99",542
"Opt Baseline","2026-08-15",-3,"2026-07-25","Pediatrics","quantile","0.01",0
"Opt Baseline","2026-08-15",-3,"2026-07-25","Pediatrics","quantile","0.025",0
"Opt Baseline","2026-08-15",-3,"2026-07-25","Pediatrics","quantile","0.05",6
"Opt Baseline","2026-08-15",-3,"2026-07-25","Pediatrics","quantile","0.1",22
"Opt Baseline","2026-08-15",-3,"2026-07-25","Pediatrics","quantile","0.15",37
"Opt Baseline","2026-08-15",-3,"2026-07-25","Pediatrics","quantile","0.2",51
"Opt Baseline","2026-08-15",-3,"2026-07-25","Pediatrics","quantile","0.25",64
"Opt Baseline","2026-08-15",-3,"2026-07-25","Pediatrics","quantile","0.3",76
"Opt Baseline","2026-08-15",-3,"2026-07-25","Pediatrics","quantile","0.35",89
"Opt Baseline","2026-08-15",-3,"2026-07-25","Pediatrics","quantile","0.4",100
"Opt Baseline","2026-08-15",-3,"2026-07-25","Pediatrics","quantile","0.45",112
"Opt Baseline","2026-08-15",-3,"2026-07-25","Pediatrics","quantile","0.5",126
"Opt Baseline","2026-08-15",-3,"2026-07-25","Pediatrics","quantile","0.55",139
"Opt Baseline","2026-08-15",-3,"2026-07-25","Pediatrics","quantile","0.6",152
"Opt Baseline","2026-08-15",-3,"2026-07-25","Pediatrics","quantile","0.65",167
"Opt Baseline","2026-08-15",-3,"2026-07-25","Pediatrics","quantile","0.7",186
"Opt Baseline","2026-08-15",-3,"2026-07-25","Pediatrics","quantile","0.75",206
"Opt Baseline","2026-08-15",-3,"2026-07-25","Pediatrics","quantile","0.8",232
"Opt Baseline","2026-08-15",-3,"2026-07-25","Pediatrics","quantile","0.85",267
"Opt Baseline","2026-08-15",-3,"2026-07-25","Pediatrics","quantile","0.9",317
"Opt Baseline","2026-08-15",-3,"2026-07-25","Pediatrics","quantile","0.95",400
"Opt Baseline","2026-08-15",-3,"2026-07-25","Pediatrics","quantile","0.975",487
"Opt Baseline","2026-08-15",-3,"2026-07-25","Pediatrics","quantile","0.99",598
"Opt Baseline","2026-08-15",-2,"2026-08-01","Pediatrics","quantile","0.01",0
"Opt Baseline","2026-08-15",-2,"2026-08-01","Pediatrics","quantile","0.025",0
"Opt Baseline","2026-08-15",-2,"2026-08-01","Pediatrics","quantile","0.05",3
"Opt Baseline","2026-08-15",-2,"2026-08-01","Pediatrics","quantile","0.1",15
"Opt Baseline","2026-08-15",-2,"2026-08-01","Pediatrics","quantile","0.15",30
"Opt Baseline","2026-08-15",-2,"2026-08-01","Pediatrics","quantile","0.2",44
"Opt Baseline","2026-08-15",-2,"2026-08-01","Pediatrics","quantile","0.25",59
"Opt Baseline","2026-08-15",-2,"2026-08-01","Pediatrics","quantile","0.3",72
"Opt Baseline","2026-08-15",-2,"2026-08-01","Pediatrics","quantile","0.35",85
"Opt Baseline","2026-08-15",-2,"2026-08-01","Pediatrics","quantile","0.4",98
"Opt Baseline","2026-08-15",-2,"2026-08-01","Pediatrics","quantile","0.45",112
"Opt Baseline","2026-08-15",-2,"2026-08-01","Pediatrics","quantile","0.5",126
"Opt Baseline","2026-08-15",-2,"2026-08-01","Pediatrics","quantile","0.55",139
"Opt Baseline","2026-08-15",-2,"2026-08-01","Pediatrics","quantile","0.6",155
"Opt Baseline","2026-08-15",-2,"2026-08-01","Pediatrics","quantile","0.65",170
"Opt Baseline","2026-08-15",-2,"2026-08-01","Pediatrics","quantile","0.7",189
"Opt Baseline","2026-08-15",-2,"2026-08-01","Pediatrics","quantile","0.75",214
"Opt Baseline","2026-08-15",-2,"2026-08-01","Pediatrics","quantile","0.8",242
"Opt Baseline","2026-08-15",-2,"2026-08-01","Pediatrics","quantile","0.85",281
"Opt Baseline","2026-08-15",-2,"2026-08-01","Pediatrics","quantile","0.9",336
"Opt Baseline","2026-08-15",-2,"2026-08-01","Pediatrics","quantile","0.95",423
"Opt Baseline","2026-08-15",-2,"2026-08-01","Pediatrics","quantile","0.975",518
"Opt Baseline","2026-08-15",-2,"2026-08-01","Pediatrics","quantile","0.99",654
"Opt Baseline","2026-08-15",-1,"2026-08-08","Pediatrics","quantile","0.01",0
"Opt Baseline","2026-08-15",-1,"2026-08-08","Pediatrics","quantile","0.025",0
"Opt Baseline","2026-08-15",-1,"2026-08-08","Pediatrics","quantile","0.05",1
"Opt Baseline","2026-08-15",-1,"2026-08-08","Pediatrics","quantile","0.1",13
"Opt Baseline","2026-08-15",-1,"2026-08-08","Pediatrics","quantile","0.15",26
"Opt Baseline","2026-08-15",-1,"2026-08-08","Pediatrics","quantile","0.2",41
"Opt Baseline","2026-08-15",-1,"2026-08-08","Pediatrics","quantile","0.25",55
"Opt Baseline","2026-08-15",-1,"2026-08-08","Pediatrics","quantile","0.3",68
"Opt Baseline","2026-08-15",-1,"2026-08-08","Pediatrics","quantile","0.35",83
"Opt Baseline","2026-08-15",-1,"2026-08-08","Pediatrics","quantile","0.4",97
"Opt Baseline","2026-08-15",-1,"2026-08-08","Pediatrics","quantile","0.45",112
"Opt Baseline","2026-08-15",-1,"2026-08-08","Pediatrics","quantile","0.5",126
"Opt Baseline","2026-08-15",-1,"2026-08-08","Pediatrics","quantile","0.55",141
"Opt Baseline","2026-08-15",-1,"2026-08-08","Pediatrics","quantile","0.6",157
"Opt Baseline","2026-08-15",-1,"2026-08-08","Pediatrics","quantile","0.65",177
"Opt Baseline","2026-08-15",-1,"2026-08-08","Pediatrics","quantile","0.7",198
"Opt Baseline","2026-08-15",-1,"2026-08-08","Pediatrics","quantile","0.75",224
"Opt Baseline","2026-08-15",-1,"2026-08-08","Pediatrics","quantile","0.8",253
"Opt Baseline","2026-08-15",-1,"2026-08-08","Pediatrics","quantile","0.85",295
"Opt Baseline","2026-08-15",-1,"2026-08-08","Pediatrics","quantile","0.9",350
"Opt Baseline","2026-08-15",-1,"2026-08-08","Pediatrics","quantile","0.95",458
"Opt Baseline","2026-08-15",-1,"2026-08-08","Pediatrics","quantile","0.975",552
"Opt Baseline","2026-08-15",-1,"2026-08-08","Pediatrics","quantile","0.99",698
"Opt Baseline","2026-08-15",0,"2026-08-15","Pediatrics","quantile","0.01",0
"Opt Baseline","2026-08-15",0,"2026-08-15","Pediatrics","quantile","0.025",0
"Opt Baseline","2026-08-15",0,"2026-08-15","Pediatrics","quantile","0.05",0
"Opt Baseline","2026-08-15",0,"2026-08-15","Pediatrics","quantile","0.1",10
"Opt Baseline","2026-08-15",0,"2026-08-15","Pediatrics","quantile","0.15",23
"Opt Baseline","2026-08-15",0,"2026-08-15","Pediatrics","quantile","0.2",38
"Opt Baseline","2026-08-15",0,"2026-08-15","Pediatrics","quantile","0.25",52
"Opt Baseline","2026-08-15",0,"2026-08-15","Pediatrics","quantile","0.3",66
"Opt Baseline","2026-08-15",0,"2026-08-15","Pediatrics","quantile","0.35",81
"Opt Baseline","2026-08-15",0,"2026-08-15","Pediatrics","quantile","0.4",95
"Opt Baseline","2026-08-15",0,"2026-08-15","Pediatrics","quantile","0.45",110
"Opt Baseline","2026-08-15",0,"2026-08-15","Pediatrics","quantile","0.5",126
"Opt Baseline","2026-08-15",0,"2026-08-15","Pediatrics","quantile","0.55",143
"Opt Baseline","2026-08-15",0,"2026-08-15","Pediatrics","quantile","0.6",161
"Opt Baseline","2026-08-15",0,"2026-08-15","Pediatrics","quantile","0.65",180
"Opt Baseline","2026-08-15",0,"2026-08-15","Pediatrics","quantile","0.7",204
"Opt Baseline","2026-08-15",0,"2026-08-15","Pediatrics","quantile","0.75",231
"Opt Baseline","2026-08-15",0,"2026-08-15","Pediatrics","quantile","0.8",263
"Opt Baseline","2026-08-15",0,"2026-08-15","Pediatrics","quantile","0.85",306
"Opt Baseline","2026-08-15",0,"2026-08-15","Pediatrics","quantile","0.9",370
"Opt Baseline","2026-08-15",0,"2026-08-15","Pediatrics","quantile","0.95",482
"Opt Baseline","2026-08-15",0,"2026-08-15","Pediatrics","quantile","0.975",590
"Opt Baseline","2026-08-15",0,"2026-08-15","Pediatrics","quantile","0.99",742
"Opt Baseline","2026-08-15",1,"2026-08-22","Pediatrics","quantile","0.01",0
"Opt Baseline","2026-08-15",1,"2026-08-22","Pediatrics","quantile","0.025",0
"Opt Baseline","2026-08-15",1,"2026-08-22","Pediatrics","quantile","0.05",0
"Opt Baseline","2026-08-15",1,"2026-08-22","Pediatrics","quantile","0.1",7
"Opt Baseline","2026-08-15",1,"2026-08-22","Pediatrics","quantile","0.15",19
"Opt Baseline","2026-08-15",1,"2026-08-22","Pediatrics","quantile","0.2",34
"Opt Baseline","2026-08-15",1,"2026-08-22","Pediatrics","quantile","0.25",47
"Opt Baseline","2026-08-15",1,"2026-08-22","Pediatrics","quantile","0.3",62
"Opt Baseline","2026-08-15",1,"2026-08-22","Pediatrics","quantile","0.35",77
"Opt Baseline","2026-08-15",1,"2026-08-22","Pediatrics","quantile","0.4",93
"Opt Baseline","2026-08-15",1,"2026-08-22","Pediatrics","quantile","0.45",108
"Opt Baseline","2026-08-15",1,"2026-08-22","Pediatrics","quantile","0.5",126
"Opt Baseline","2026-08-15",1,"2026-08-22","Pediatrics","quantile","0.55",143
"Opt Baseline","2026-08-15",1,"2026-08-22","Pediatrics","quantile","0.6",163
"Opt Baseline","2026-08-15",1,"2026-08-22","Pediatrics","quantile","0.65",183
"Opt Baseline","2026-08-15",1,"2026-08-22","Pediatrics","quantile","0.7",208
"Opt Baseline","2026-08-15",1,"2026-08-22","Pediatrics","quantile","0.75",235
"Opt Baseline","2026-08-15",1,"2026-08-22","Pediatrics","quantile","0.8",270
"Opt Baseline","2026-08-15",1,"2026-08-22","Pediatrics","quantile","0.85",319
"Opt Baseline","2026-08-15",1,"2026-08-22","Pediatrics","quantile","0.9",387
"Opt Baseline","2026-08-15",1,"2026-08-22","Pediatrics","quantile","0.95",505
"Opt Baseline","2026-08-15",1,"2026-08-22","Pediatrics","quantile","0.975",617
"Opt Baseline","2026-08-15",1,"2026-08-22","Pediatrics","quantile","0.99",773
"Opt Baseline","2026-08-15",2,"2026-08-29","Pediatrics","quantile","0.01",0
"Opt Baseline","2026-08-15",2,"2026-08-29","Pediatrics","quantile","0.025",0
"Opt Baseline","2026-08-15",2,"2026-08-29","Pediatrics","quantile","0.05",0
"Opt Baseline","2026-08-15",2,"2026-08-29","Pediatrics","quantile","0.1",5
"Opt Baseline","2026-08-15",2,"2026-08-29","Pediatrics","quantile","0.15",17
"Opt Baseline","2026-08-15",2,"2026-08-29","Pediatrics","quantile","0.2",30
"Opt Baseline","2026-08-15",2,"2026-08-29","Pediatrics","quantile","0.25",45
"Opt Baseline","2026-08-15",2,"2026-08-29","Pediatrics","quantile","0.3",60
"Opt Baseline","2026-08-15",2,"2026-08-29","Pediatrics","quantile","0.35",77
"Opt Baseline","2026-08-15",2,"2026-08-29","Pediatrics","quantile","0.4",93
"Opt Baseline","2026-08-15",2,"2026-08-29","Pediatrics","quantile","0.45",110
"Opt Baseline","2026-08-15",2,"2026-08-29","Pediatrics","quantile","0.5",126
"Opt Baseline","2026-08-15",2,"2026-08-29","Pediatrics","quantile","0.55",146
"Opt Baseline","2026-08-15",2,"2026-08-29","Pediatrics","quantile","0.6",166
"Opt Baseline","2026-08-15",2,"2026-08-29","Pediatrics","quantile","0.65",188
"Opt Baseline","2026-08-15",2,"2026-08-29","Pediatrics","quantile","0.7",214
"Opt Baseline","2026-08-15",2,"2026-08-29","Pediatrics","quantile","0.75",244
"Opt Baseline","2026-08-15",2,"2026-08-29","Pediatrics","quantile","0.8",282
"Opt Baseline","2026-08-15",2,"2026-08-29","Pediatrics","quantile","0.85",334
"Opt Baseline","2026-08-15",2,"2026-08-29","Pediatrics","quantile","0.9",404
"Opt Baseline","2026-08-15",2,"2026-08-29","Pediatrics","quantile","0.95",525
"Opt Baseline","2026-08-15",2,"2026-08-29","Pediatrics","quantile","0.975",638
"Opt Baseline","2026-08-15",2,"2026-08-29","Pediatrics","quantile","0.99",805
"Opt Baseline","2026-08-15",3,"2026-09-05","Pediatrics","quantile","0.01",0
"Opt Baseline","2026-08-15",3,"2026-09-05","Pediatrics","quantile","0.025",0
"Opt Baseline","2026-08-15",3,"2026-09-05","Pediatrics","quantile","0.05",0
"Opt Baseline","2026-08-15",3,"2026-09-05","Pediatrics","quantile","0.1",3
"Opt Baseline","2026-08-15",3,"2026-09-05","Pediatrics","quantile","0.15",14
"Opt Baseline","2026-08-15",3,"2026-09-05","Pediatrics","quantile","0.2",27
"Opt Baseline","2026-08-15",3,"2026-09-05","Pediatrics","quantile","0.25",42
"Opt Baseline","2026-08-15",3,"2026-09-05","Pediatrics","quantile","0.3",57
"Opt Baseline","2026-08-15",3,"2026-09-05","Pediatrics","quantile","0.35",73
"Opt Baseline","2026-08-15",3,"2026-09-05","Pediatrics","quantile","0.4",89
"Opt Baseline","2026-08-15",3,"2026-09-05","Pediatrics","quantile","0.45",106
"Opt Baseline","2026-08-15",3,"2026-09-05","Pediatrics","quantile","0.5",126
"Opt Baseline","2026-08-15",3,"2026-09-05","Pediatrics","quantile","0.55",145
"Opt Baseline","2026-08-15",3,"2026-09-05","Pediatrics","quantile","0.6",167
"Opt Baseline","2026-08-15",3,"2026-09-05","Pediatrics","quantile","0.65",189
"Opt Baseline","2026-08-15",3,"2026-09-05","Pediatrics","quantile","0.7",217
"Opt Baseline","2026-08-15",3,"2026-09-05","Pediatrics","quantile","0.75",247
"Opt Baseline","2026-08-15",3,"2026-09-05","Pediatrics","quantile","0.8",288
"Opt Baseline","2026-08-15",3,"2026-09-05","Pediatrics","quantile","0.85",344
"Opt Baseline","2026-08-15",3,"2026-09-05","Pediatrics","quantile","0.9",417
"Opt Baseline","2026-08-15",3,"2026-09-05","Pediatrics","quantile","0.95",539
"Opt Baseline","2026-08-15",3,"2026-09-05","Pediatrics","quantile","0.975",670
"Opt Baseline","2026-08-15",3,"2026-09-05","Pediatrics","quantile","0.99",830
"INFLAenza","2026-08-15",-8,"2026-06-20","Adults","quantile","0.01",76
"INFLAenza","2026-08-15",-8,"2026-06-20","Adults","quantile","0.025",83
"INFLAenza","2026-08-15",-8,"2026-06-20","Adults","quantile","0.05",89
"INFLAenza","2026-08-15",-8,"2026-06-20","Adults","quantile","0.1",97
"INFLAenza","2026-08-15",-8,"2026-06-20","Adults","quantile","0.15",102
"INFLAenza","2026-08-15",-8,"2026-06-20","Adults","quantile","0.2",106
"INFLAenza","2026-08-15",-8,"2026-06-20","Adults","quantile","0.25",110
"INFLAenza","2026-08-15",-8,"2026-06-20","Adults","quantile","0.3",114
"INFLAenza","2026-08-15",-8,"2026-06-20","Adults","quantile","0.35",117
"INFLAenza","2026-08-15",-8,"2026-06-20","Adults","quantile","0.4",121
"INFLAenza","2026-08-15",-8,"2026-06-20","Adults","quantile","0.45",124
"INFLAenza","2026-08-15",-8,"2026-06-20","Adults","quantile","0.5",127
"INFLAenza","2026-08-15",-8,"2026-06-20","Adults","quantile","0.55",130
"INFLAenza","2026-08-15",-8,"2026-06-20","Adults","quantile","0.6",133
"INFLAenza","2026-08-15",-8,"2026-06-20","Adults","quantile","0.65",137
"INFLAenza","2026-08-15",-8,"2026-06-20","Adults","quantile","0.7",141
"INFLAenza","2026-08-15",-8,"2026-06-20","Adults","quantile","0.75",145
"INFLAenza","2026-08-15",-8,"2026-06-20","Adults","quantile","0.8",150
"INFLAenza","2026-08-15",-8,"2026-06-20","Adults","quantile","0.85",156
"INFLAenza","2026-08-15",-8,"2026-06-20","Adults","quantile","0.9",164
"INFLAenza","2026-08-15",-8,"2026-06-20","Adults","quantile","0.95",176
"INFLAenza","2026-08-15",-8,"2026-06-20","Adults","quantile","0.975",186
"INFLAenza","2026-08-15",-8,"2026-06-20","Adults","quantile","0.99",200
"INFLAenza","2026-08-15",-8,"2026-06-20","Overall","quantile","0.01",189
"INFLAenza","2026-08-15",-8,"2026-06-20","Overall","quantile","0.025",201
"INFLAenza","2026-08-15",-8,"2026-06-20","Overall","quantile","0.05",212
"INFLAenza","2026-08-15",-8,"2026-06-20","Overall","quantile","0.1",226
"INFLAenza","2026-08-15",-8,"2026-06-20","Overall","quantile","0.15",236
"INFLAenza","2026-08-15",-8,"2026-06-20","Overall","quantile","0.2",243
"INFLAenza","2026-08-15",-8,"2026-06-20","Overall","quantile","0.25",251
"INFLAenza","2026-08-15",-8,"2026-06-20","Overall","quantile","0.3",257
"INFLAenza","2026-08-15",-8,"2026-06-20","Overall","quantile","0.35",263
"INFLAenza","2026-08-15",-8,"2026-06-20","Overall","quantile","0.4",269
"INFLAenza","2026-08-15",-8,"2026-06-20","Overall","quantile","0.45",274
"INFLAenza","2026-08-15",-8,"2026-06-20","Overall","quantile","0.5",280
"INFLAenza","2026-08-15",-8,"2026-06-20","Overall","quantile","0.55",286
"INFLAenza","2026-08-15",-8,"2026-06-20","Overall","quantile","0.6",293
"INFLAenza","2026-08-15",-8,"2026-06-20","Overall","quantile","0.65",299
"INFLAenza","2026-08-15",-8,"2026-06-20","Overall","quantile","0.7",305
"INFLAenza","2026-08-15",-8,"2026-06-20","Overall","quantile","0.75",313
"INFLAenza","2026-08-15",-8,"2026-06-20","Overall","quantile","0.8",321
"INFLAenza","2026-08-15",-8,"2026-06-20","Overall","quantile","0.85",331
"INFLAenza","2026-08-15",-8,"2026-06-20","Overall","quantile","0.9",344
"INFLAenza","2026-08-15",-8,"2026-06-20","Overall","quantile","0.95",363
"INFLAenza","2026-08-15",-8,"2026-06-20","Overall","quantile","0.975",382
"INFLAenza","2026-08-15",-8,"2026-06-20","Overall","quantile","0.99",404
"INFLAenza","2026-08-15",-8,"2026-06-20","Pediatrics","quantile","0.01",94
"INFLAenza","2026-08-15",-8,"2026-06-20","Pediatrics","quantile","0.025",101
"INFLAenza","2026-08-15",-8,"2026-06-20","Pediatrics","quantile","0.05",108
"INFLAenza","2026-08-15",-8,"2026-06-20","Pediatrics","quantile","0.1",118
"INFLAenza","2026-08-15",-8,"2026-06-20","Pediatrics","quantile","0.15",124
"INFLAenza","2026-08-15",-8,"2026-06-20","Pediatrics","quantile","0.2",128
"INFLAenza","2026-08-15",-8,"2026-06-20","Pediatrics","quantile","0.25",132
"INFLAenza","2026-08-15",-8,"2026-06-20","Pediatrics","quantile","0.3",137
"INFLAenza","2026-08-15",-8,"2026-06-20","Pediatrics","quantile","0.35",141
"INFLAenza","2026-08-15",-8,"2026-06-20","Pediatrics","quantile","0.4",145
"INFLAenza","2026-08-15",-8,"2026-06-20","Pediatrics","quantile","0.45",148
"INFLAenza","2026-08-15",-8,"2026-06-20","Pediatrics","quantile","0.5",152
"INFLAenza","2026-08-15",-8,"2026-06-20","Pediatrics","quantile","0.55",156
"INFLAenza","2026-08-15",-8,"2026-06-20","Pediatrics","quantile","0.6",160
"INFLAenza","2026-08-15",-8,"2026-06-20","Pediatrics","quantile","0.65",164
"INFLAenza","2026-08-15",-8,"2026-06-20","Pediatrics","quantile","0.7",169
"INFLAenza","2026-08-15",-8,"2026-06-20","Pediatrics","quantile","0.75",174
"INFLAenza","2026-08-15",-8,"2026-06-20","Pediatrics","quantile","0.8",179
"INFLAenza","2026-08-15",-8,"2026-06-20","Pediatrics","quantile","0.85",186
"INFLAenza","2026-08-15",-8,"2026-06-20","Pediatrics","quantile","0.9",195
"INFLAenza","2026-08-15",-8,"2026-06-20","Pediatrics","quantile","0.95",210
"INFLAenza","2026-08-15",-8,"2026-06-20","Pediatrics","quantile","0.975",220
"INFLAenza","2026-08-15",-8,"2026-06-20","Pediatrics","quantile","0.99",232
"INFLAenza","2026-08-15",-7,"2026-06-27","Adults","quantile","0.01",67
"INFLAenza","2026-08-15",-7,"2026-06-27","Adults","quantile","0.025",75
"INFLAenza","2026-08-15",-7,"2026-06-27","Adults","quantile","0.05",82
"INFLAenza","2026-08-15",-7,"2026-06-27","Adults","quantile","0.1",91
"INFLAenza","2026-08-15",-7,"2026-06-27","Adults","quantile","0.15",97
"INFLAenza","2026-08-15",-7,"2026-06-27","Adults","quantile","0.2",102
"INFLAenza","2026-08-15",-7,"2026-06-27","Adults","quantile","0.25",108
"INFLAenza","2026-08-15",-7,"2026-06-27","Adults","quantile","0.3",113
"INFLAenza","2026-08-15",-7,"2026-06-27","Adults","quantile","0.35",117
"INFLAenza","2026-08-15",-7,"2026-06-27","Adults","quantile","0.4",121
"INFLAenza","2026-08-15",-7,"2026-06-27","Adults","quantile","0.45",125
"INFLAenza","2026-08-15",-7,"2026-06-27","Adults","quantile","0.5",128
"INFLAenza","2026-08-15",-7,"2026-06-27","Adults","quantile","0.55",133
"INFLAenza","2026-08-15",-7,"2026-06-27","Adults","quantile","0.6",137
"INFLAenza","2026-08-15",-7,"2026-06-27","Adults","quantile","0.65",142
"INFLAenza","2026-08-15",-7,"2026-06-27","Adults","quantile","0.7",146
"INFLAenza","2026-08-15",-7,"2026-06-27","Adults","quantile","0.75",152
"INFLAenza","2026-08-15",-7,"2026-06-27","Adults","quantile","0.8",159
"INFLAenza","2026-08-15",-7,"2026-06-27","Adults","quantile","0.85",166
"INFLAenza","2026-08-15",-7,"2026-06-27","Adults","quantile","0.9",178
"INFLAenza","2026-08-15",-7,"2026-06-27","Adults","quantile","0.95",195
"INFLAenza","2026-08-15",-7,"2026-06-27","Adults","quantile","0.975",209
"INFLAenza","2026-08-15",-7,"2026-06-27","Adults","quantile","0.99",232
"INFLAenza","2026-08-15",-7,"2026-06-27","Overall","quantile","0.01",166
"INFLAenza","2026-08-15",-7,"2026-06-27","Overall","quantile","0.025",180
"INFLAenza","2026-08-15",-7,"2026-06-27","Overall","quantile","0.05",196
"INFLAenza","2026-08-15",-7,"2026-06-27","Overall","quantile","0.1",214
"INFLAenza","2026-08-15",-7,"2026-06-27","Overall","quantile","0.15",226
"INFLAenza","2026-08-15",-7,"2026-06-27","Overall","quantile","0.2",236
"INFLAenza","2026-08-15",-7,"2026-06-27","Overall","quantile","0.25",245
"INFLAenza","2026-08-15",-7,"2026-06-27","Overall","quantile","0.3",254
"INFLAenza","2026-08-15",-7,"2026-06-27","Overall","quantile","0.35",262
"INFLAenza","2026-08-15",-7,"2026-06-27","Overall","quantile","0.4",269
"INFLAenza","2026-08-15",-7,"2026-06-27","Overall","quantile","0.45",276
"INFLAenza","2026-08-15",-7,"2026-06-27","Overall","quantile","0.5",284
"INFLAenza","2026-08-15",-7,"2026-06-27","Overall","quantile","0.55",292
"INFLAenza","2026-08-15",-7,"2026-06-27","Overall","quantile","0.6",300
"INFLAenza","2026-08-15",-7,"2026-06-27","Overall","quantile","0.65",309
"INFLAenza","2026-08-15",-7,"2026-06-27","Overall","quantile","0.7",318
"INFLAenza","2026-08-15",-7,"2026-06-27","Overall","quantile","0.75",328
"INFLAenza","2026-08-15",-7,"2026-06-27","Overall","quantile","0.8",339
"INFLAenza","2026-08-15",-7,"2026-06-27","Overall","quantile","0.85",352
"INFLAenza","2026-08-15",-7,"2026-06-27","Overall","quantile","0.9",373
"INFLAenza","2026-08-15",-7,"2026-06-27","Overall","quantile","0.95",405
"INFLAenza","2026-08-15",-7,"2026-06-27","Overall","quantile","0.975",435
"INFLAenza","2026-08-15",-7,"2026-06-27","Overall","quantile","0.99",470
"INFLAenza","2026-08-15",-7,"2026-06-27","Pediatrics","quantile","0.01",81
"INFLAenza","2026-08-15",-7,"2026-06-27","Pediatrics","quantile","0.025",90
"INFLAenza","2026-08-15",-7,"2026-06-27","Pediatrics","quantile","0.05",98
"INFLAenza","2026-08-15",-7,"2026-06-27","Pediatrics","quantile","0.1",110
"INFLAenza","2026-08-15",-7,"2026-06-27","Pediatrics","quantile","0.15",118
"INFLAenza","2026-08-15",-7,"2026-06-27","Pediatrics","quantile","0.2",124
"INFLAenza","2026-08-15",-7,"2026-06-27","Pediatrics","quantile","0.25",129
"INFLAenza","2026-08-15",-7,"2026-06-27","Pediatrics","quantile","0.3",134
"INFLAenza","2026-08-15",-7,"2026-06-27","Pediatrics","quantile","0.35",139
"INFLAenza","2026-08-15",-7,"2026-06-27","Pediatrics","quantile","0.4",143
"INFLAenza","2026-08-15",-7,"2026-06-27","Pediatrics","quantile","0.45",148
"INFLAenza","2026-08-15",-7,"2026-06-27","Pediatrics","quantile","0.5",153
"INFLAenza","2026-08-15",-7,"2026-06-27","Pediatrics","quantile","0.55",158
"INFLAenza","2026-08-15",-7,"2026-06-27","Pediatrics","quantile","0.6",163
"INFLAenza","2026-08-15",-7,"2026-06-27","Pediatrics","quantile","0.65",169
"INFLAenza","2026-08-15",-7,"2026-06-27","Pediatrics","quantile","0.7",175
"INFLAenza","2026-08-15",-7,"2026-06-27","Pediatrics","quantile","0.75",182
"INFLAenza","2026-08-15",-7,"2026-06-27","Pediatrics","quantile","0.8",190
"INFLAenza","2026-08-15",-7,"2026-06-27","Pediatrics","quantile","0.85",200
"INFLAenza","2026-08-15",-7,"2026-06-27","Pediatrics","quantile","0.9",211
"INFLAenza","2026-08-15",-7,"2026-06-27","Pediatrics","quantile","0.95",231
"INFLAenza","2026-08-15",-7,"2026-06-27","Pediatrics","quantile","0.975",250
"INFLAenza","2026-08-15",-7,"2026-06-27","Pediatrics","quantile","0.99",275
"INFLAenza","2026-08-15",-6,"2026-07-04","Adults","quantile","0.01",60
"INFLAenza","2026-08-15",-6,"2026-07-04","Adults","quantile","0.025",69
"INFLAenza","2026-08-15",-6,"2026-07-04","Adults","quantile","0.05",76
"INFLAenza","2026-08-15",-6,"2026-07-04","Adults","quantile","0.1",85
"INFLAenza","2026-08-15",-6,"2026-07-04","Adults","quantile","0.15",92
"INFLAenza","2026-08-15",-6,"2026-07-04","Adults","quantile","0.2",99
"INFLAenza","2026-08-15",-6,"2026-07-04","Adults","quantile","0.25",104
"INFLAenza","2026-08-15",-6,"2026-07-04","Adults","quantile","0.3",110
"INFLAenza","2026-08-15",-6,"2026-07-04","Adults","quantile","0.35",114
"INFLAenza","2026-08-15",-6,"2026-07-04","Adults","quantile","0.4",119
"INFLAenza","2026-08-15",-6,"2026-07-04","Adults","quantile","0.45",124
"INFLAenza","2026-08-15",-6,"2026-07-04","Adults","quantile","0.5",129
"INFLAenza","2026-08-15",-6,"2026-07-04","Adults","quantile","0.55",135
"INFLAenza","2026-08-15",-6,"2026-07-04","Adults","quantile","0.6",140
"INFLAenza","2026-08-15",-6,"2026-07-04","Adults","quantile","0.65",145
"INFLAenza","2026-08-15",-6,"2026-07-04","Adults","quantile","0.7",152
"INFLAenza","2026-08-15",-6,"2026-07-04","Adults","quantile","0.75",158
"INFLAenza","2026-08-15",-6,"2026-07-04","Adults","quantile","0.8",166
"INFLAenza","2026-08-15",-6,"2026-07-04","Adults","quantile","0.85",176
"INFLAenza","2026-08-15",-6,"2026-07-04","Adults","quantile","0.9",191
"INFLAenza","2026-08-15",-6,"2026-07-04","Adults","quantile","0.95",211
"INFLAenza","2026-08-15",-6,"2026-07-04","Adults","quantile","0.975",233
"INFLAenza","2026-08-15",-6,"2026-07-04","Adults","quantile","0.99",257
"INFLAenza","2026-08-15",-6,"2026-07-04","Overall","quantile","0.01",152
"INFLAenza","2026-08-15",-6,"2026-07-04","Overall","quantile","0.025",169
"INFLAenza","2026-08-15",-6,"2026-07-04","Overall","quantile","0.05",183
"INFLAenza","2026-08-15",-6,"2026-07-04","Overall","quantile","0.1",203
"INFLAenza","2026-08-15",-6,"2026-07-04","Overall","quantile","0.15",217
"INFLAenza","2026-08-15",-6,"2026-07-04","Overall","quantile","0.2",228
"INFLAenza","2026-08-15",-6,"2026-07-04","Overall","quantile","0.25",238
"INFLAenza","2026-08-15",-6,"2026-07-04","Overall","quantile","0.3",248
"INFLAenza","2026-08-15",-6,"2026-07-04","Overall","quantile","0.35",257
"INFLAenza","2026-08-15",-6,"2026-07-04","Overall","quantile","0.4",266
"INFLAenza","2026-08-15",-6,"2026-07-04","Overall","quantile","0.45",274
"INFLAenza","2026-08-15",-6,"2026-07-04","Overall","quantile","0.5",285
"INFLAenza","2026-08-15",-6,"2026-07-04","Overall","quantile","0.55",295
"INFLAenza","2026-08-15",-6,"2026-07-04","Overall","quantile","0.6",306
"INFLAenza","2026-08-15",-6,"2026-07-04","Overall","quantile","0.65",317
"INFLAenza","2026-08-15",-6,"2026-07-04","Overall","quantile","0.7",327
"INFLAenza","2026-08-15",-6,"2026-07-04","Overall","quantile","0.75",339
"INFLAenza","2026-08-15",-6,"2026-07-04","Overall","quantile","0.8",355
"INFLAenza","2026-08-15",-6,"2026-07-04","Overall","quantile","0.85",375
"INFLAenza","2026-08-15",-6,"2026-07-04","Overall","quantile","0.9",400
"INFLAenza","2026-08-15",-6,"2026-07-04","Overall","quantile","0.95",441
"INFLAenza","2026-08-15",-6,"2026-07-04","Overall","quantile","0.975",479
"INFLAenza","2026-08-15",-6,"2026-07-04","Overall","quantile","0.99",518
"INFLAenza","2026-08-15",-6,"2026-07-04","Pediatrics","quantile","0.01",74
"INFLAenza","2026-08-15",-6,"2026-07-04","Pediatrics","quantile","0.025",83
"INFLAenza","2026-08-15",-6,"2026-07-04","Pediatrics","quantile","0.05",92
"INFLAenza","2026-08-15",-6,"2026-07-04","Pediatrics","quantile","0.1",103
"INFLAenza","2026-08-15",-6,"2026-07-04","Pediatrics","quantile","0.15",111
"INFLAenza","2026-08-15",-6,"2026-07-04","Pediatrics","quantile","0.2",118
"INFLAenza","2026-08-15",-6,"2026-07-04","Pediatrics","quantile","0.25",125
"INFLAenza","2026-08-15",-6,"2026-07-04","Pediatrics","quantile","0.3",131
"INFLAenza","2026-08-15",-6,"2026-07-04","Pediatrics","quantile","0.35",136
"INFLAenza","2026-08-15",-6,"2026-07-04","Pediatrics","quantile","0.4",142
"INFLAenza","2026-08-15",-6,"2026-07-04","Pediatrics","quantile","0.45",148
"INFLAenza","2026-08-15",-6,"2026-07-04","Pediatrics","quantile","0.5",154
"INFLAenza","2026-08-15",-6,"2026-07-04","Pediatrics","quantile","0.55",159
"INFLAenza","2026-08-15",-6,"2026-07-04","Pediatrics","quantile","0.6",165
"INFLAenza","2026-08-15",-6,"2026-07-04","Pediatrics","quantile","0.65",172
"INFLAenza","2026-08-15",-6,"2026-07-04","Pediatrics","quantile","0.7",180
"INFLAenza","2026-08-15",-6,"2026-07-04","Pediatrics","quantile","0.75",189
"INFLAenza","2026-08-15",-6,"2026-07-04","Pediatrics","quantile","0.8",198
"INFLAenza","2026-08-15",-6,"2026-07-04","Pediatrics","quantile","0.85",209
"INFLAenza","2026-08-15",-6,"2026-07-04","Pediatrics","quantile","0.9",225
"INFLAenza","2026-08-15",-6,"2026-07-04","Pediatrics","quantile","0.95",251
"INFLAenza","2026-08-15",-6,"2026-07-04","Pediatrics","quantile","0.975",279
"INFLAenza","2026-08-15",-6,"2026-07-04","Pediatrics","quantile","0.99",311
"INFLAenza","2026-08-15",-5,"2026-07-11","Adults","quantile","0.01",55
"INFLAenza","2026-08-15",-5,"2026-07-11","Adults","quantile","0.025",64
"INFLAenza","2026-08-15",-5,"2026-07-11","Adults","quantile","0.05",72
"INFLAenza","2026-08-15",-5,"2026-07-11","Adults","quantile","0.1",81
"INFLAenza","2026-08-15",-5,"2026-07-11","Adults","quantile","0.15",89
"INFLAenza","2026-08-15",-5,"2026-07-11","Adults","quantile","0.2",96
"INFLAenza","2026-08-15",-5,"2026-07-11","Adults","quantile","0.25",102
"INFLAenza","2026-08-15",-5,"2026-07-11","Adults","quantile","0.3",107
"INFLAenza","2026-08-15",-5,"2026-07-11","Adults","quantile","0.35",113
"INFLAenza","2026-08-15",-5,"2026-07-11","Adults","quantile","0.4",118
"INFLAenza","2026-08-15",-5,"2026-07-11","Adults","quantile","0.45",123
"INFLAenza","2026-08-15",-5,"2026-07-11","Adults","quantile","0.5",129
"INFLAenza","2026-08-15",-5,"2026-07-11","Adults","quantile","0.55",134
"INFLAenza","2026-08-15",-5,"2026-07-11","Adults","quantile","0.6",141
"INFLAenza","2026-08-15",-5,"2026-07-11","Adults","quantile","0.65",147
"INFLAenza","2026-08-15",-5,"2026-07-11","Adults","quantile","0.7",155
"INFLAenza","2026-08-15",-5,"2026-07-11","Adults","quantile","0.75",162
"INFLAenza","2026-08-15",-5,"2026-07-11","Adults","quantile","0.8",172
"INFLAenza","2026-08-15",-5,"2026-07-11","Adults","quantile","0.85",185
"INFLAenza","2026-08-15",-5,"2026-07-11","Adults","quantile","0.9",201
"INFLAenza","2026-08-15",-5,"2026-07-11","Adults","quantile","0.95",229
"INFLAenza","2026-08-15",-5,"2026-07-11","Adults","quantile","0.975",249
"INFLAenza","2026-08-15",-5,"2026-07-11","Adults","quantile","0.99",290
"INFLAenza","2026-08-15",-5,"2026-07-11","Overall","quantile","0.01",141
"INFLAenza","2026-08-15",-5,"2026-07-11","Overall","quantile","0.025",158
"INFLAenza","2026-08-15",-5,"2026-07-11","Overall","quantile","0.05",175
"INFLAenza","2026-08-15",-5,"2026-07-11","Overall","quantile","0.1",193
"INFLAenza","2026-08-15",-5,"2026-07-11","Overall","quantile","0.15",209
"INFLAenza","2026-08-15",-5,"2026-07-11","Overall","quantile","0.2",223
"INFLAenza","2026-08-15",-5,"2026-07-11","Overall","quantile","0.25",233
"INFLAenza","2026-08-15",-5,"2026-07-11","Overall","quantile","0.3",243
"INFLAenza","2026-08-15",-5,"2026-07-11","Overall","quantile","0.35",253
"INFLAenza","2026-08-15",-5,"2026-07-11","Overall","quantile","0.4",263
"INFLAenza","2026-08-15",-5,"2026-07-11","Overall","quantile","0.45",274
"INFLAenza","2026-08-15",-5,"2026-07-11","Overall","quantile","0.5",284
"INFLAenza","2026-08-15",-5,"2026-07-11","Overall","quantile","0.55",295
"INFLAenza","2026-08-15",-5,"2026-07-11","Overall","quantile","0.6",307
"INFLAenza","2026-08-15",-5,"2026-07-11","Overall","quantile","0.65",319
"INFLAenza","2026-08-15",-5,"2026-07-11","Overall","quantile","0.7",333
"INFLAenza","2026-08-15",-5,"2026-07-11","Overall","quantile","0.75",348
"INFLAenza","2026-08-15",-5,"2026-07-11","Overall","quantile","0.8",365
"INFLAenza","2026-08-15",-5,"2026-07-11","Overall","quantile","0.85",386
"INFLAenza","2026-08-15",-5,"2026-07-11","Overall","quantile","0.9",420
"INFLAenza","2026-08-15",-5,"2026-07-11","Overall","quantile","0.95",468
"INFLAenza","2026-08-15",-5,"2026-07-11","Overall","quantile","0.975",513
"INFLAenza","2026-08-15",-5,"2026-07-11","Overall","quantile","0.99",582
"INFLAenza","2026-08-15",-5,"2026-07-11","Pediatrics","quantile","0.01",67
"INFLAenza","2026-08-15",-5,"2026-07-11","Pediatrics","quantile","0.025",76
"INFLAenza","2026-08-15",-5,"2026-07-11","Pediatrics","quantile","0.05",87
"INFLAenza","2026-08-15",-5,"2026-07-11","Pediatrics","quantile","0.1",98
"INFLAenza","2026-08-15",-5,"2026-07-11","Pediatrics","quantile","0.15",107
"INFLAenza","2026-08-15",-5,"2026-07-11","Pediatrics","quantile","0.2",113
"INFLAenza","2026-08-15",-5,"2026-07-11","Pediatrics","quantile","0.25",121
"INFLAenza","2026-08-15",-5,"2026-07-11","Pediatrics","quantile","0.3",127
"INFLAenza","2026-08-15",-5,"2026-07-11","Pediatrics","quantile","0.35",133
"INFLAenza","2026-08-15",-5,"2026-07-11","Pediatrics","quantile","0.4",139
"INFLAenza","2026-08-15",-5,"2026-07-11","Pediatrics","quantile","0.45",145
"INFLAenza","2026-08-15",-5,"2026-07-11","Pediatrics","quantile","0.5",151
"INFLAenza","2026-08-15",-5,"2026-07-11","Pediatrics","quantile","0.55",158
"INFLAenza","2026-08-15",-5,"2026-07-11","Pediatrics","quantile","0.6",166
"INFLAenza","2026-08-15",-5,"2026-07-11","Pediatrics","quantile","0.65",174
"INFLAenza","2026-08-15",-5,"2026-07-11","Pediatrics","quantile","0.7",182
"INFLAenza","2026-08-15",-5,"2026-07-11","Pediatrics","quantile","0.75",192
"INFLAenza","2026-08-15",-5,"2026-07-11","Pediatrics","quantile","0.8",203
"INFLAenza","2026-08-15",-5,"2026-07-11","Pediatrics","quantile","0.85",218
"INFLAenza","2026-08-15",-5,"2026-07-11","Pediatrics","quantile","0.9",235
"INFLAenza","2026-08-15",-5,"2026-07-11","Pediatrics","quantile","0.95",269
"INFLAenza","2026-08-15",-5,"2026-07-11","Pediatrics","quantile","0.975",302
"INFLAenza","2026-08-15",-5,"2026-07-11","Pediatrics","quantile","0.99",336
"INFLAenza","2026-08-15",-4,"2026-07-18","Adults","quantile","0.01",49
"INFLAenza","2026-08-15",-4,"2026-07-18","Adults","quantile","0.025",57
"INFLAenza","2026-08-15",-4,"2026-07-18","Adults","quantile","0.05",66
"INFLAenza","2026-08-15",-4,"2026-07-18","Adults","quantile","0.1",77
"INFLAenza","2026-08-15",-4,"2026-07-18","Adults","quantile","0.15",85
"INFLAenza","2026-08-15",-4,"2026-07-18","Adults","quantile","0.2",92
"INFLAenza","2026-08-15",-4,"2026-07-18","Adults","quantile","0.25",98
"INFLAenza","2026-08-15",-4,"2026-07-18","Adults","quantile","0.3",104
"INFLAenza","2026-08-15",-4,"2026-07-18","Adults","quantile","0.35",109
"INFLAenza","2026-08-15",-4,"2026-07-18","Adults","quantile","0.4",115
"INFLAenza","2026-08-15",-4,"2026-07-18","Adults","quantile","0.45",121
"INFLAenza","2026-08-15",-4,"2026-07-18","Adults","quantile","0.5",126
"INFLAenza","2026-08-15",-4,"2026-07-18","Adults","quantile","0.55",133
"INFLAenza","2026-08-15",-4,"2026-07-18","Adults","quantile","0.6",139
"INFLAenza","2026-08-15",-4,"2026-07-18","Adults","quantile","0.65",145
"INFLAenza","2026-08-15",-4,"2026-07-18","Adults","quantile","0.7",152
"INFLAenza","2026-08-15",-4,"2026-07-18","Adults","quantile","0.75",161
"INFLAenza","2026-08-15",-4,"2026-07-18","Adults","quantile","0.8",173
"INFLAenza","2026-08-15",-4,"2026-07-18","Adults","quantile","0.85",188
"INFLAenza","2026-08-15",-4,"2026-07-18","Adults","quantile","0.9",205
"INFLAenza","2026-08-15",-4,"2026-07-18","Adults","quantile","0.95",238
"INFLAenza","2026-08-15",-4,"2026-07-18","Adults","quantile","0.975",265
"INFLAenza","2026-08-15",-4,"2026-07-18","Adults","quantile","0.99",302
"INFLAenza","2026-08-15",-4,"2026-07-18","Overall","quantile","0.01",130
"INFLAenza","2026-08-15",-4,"2026-07-18","Overall","quantile","0.025",147
"INFLAenza","2026-08-15",-4,"2026-07-18","Overall","quantile","0.05",164
"INFLAenza","2026-08-15",-4,"2026-07-18","Overall","quantile","0.1",184
"INFLAenza","2026-08-15",-4,"2026-07-18","Overall","quantile","0.15",199
"INFLAenza","2026-08-15",-4,"2026-07-18","Overall","quantile","0.2",212
"INFLAenza","2026-08-15",-4,"2026-07-18","Overall","quantile","0.25",224
"INFLAenza","2026-08-15",-4,"2026-07-18","Overall","quantile","0.3",235
"INFLAenza","2026-08-15",-4,"2026-07-18","Overall","quantile","0.35",247
"INFLAenza","2026-08-15",-4,"2026-07-18","Overall","quantile","0.4",257
"INFLAenza","2026-08-15",-4,"2026-07-18","Overall","quantile","0.45",267
"INFLAenza","2026-08-15",-4,"2026-07-18","Overall","quantile","0.5",278
"INFLAenza","2026-08-15",-4,"2026-07-18","Overall","quantile","0.55",290
"INFLAenza","2026-08-15",-4,"2026-07-18","Overall","quantile","0.6",303
"INFLAenza","2026-08-15",-4,"2026-07-18","Overall","quantile","0.65",316
"INFLAenza","2026-08-15",-4,"2026-07-18","Overall","quantile","0.7",332
"INFLAenza","2026-08-15",-4,"2026-07-18","Overall","quantile","0.75",349
"INFLAenza","2026-08-15",-4,"2026-07-18","Overall","quantile","0.8",369
"INFLAenza","2026-08-15",-4,"2026-07-18","Overall","quantile","0.85",392
"INFLAenza","2026-08-15",-4,"2026-07-18","Overall","quantile","0.9",426
"INFLAenza","2026-08-15",-4,"2026-07-18","Overall","quantile","0.95",484
"INFLAenza","2026-08-15",-4,"2026-07-18","Overall","quantile","0.975",536
"INFLAenza","2026-08-15",-4,"2026-07-18","Overall","quantile","0.99",608
"INFLAenza","2026-08-15",-4,"2026-07-18","Pediatrics","quantile","0.01",60
"INFLAenza","2026-08-15",-4,"2026-07-18","Pediatrics","quantile","0.025",70
"INFLAenza","2026-08-15",-4,"2026-07-18","Pediatrics","quantile","0.05",80
"INFLAenza","2026-08-15",-4,"2026-07-18","Pediatrics","quantile","0.1",91
"INFLAenza","2026-08-15",-4,"2026-07-18","Pediatrics","quantile","0.15",100
"INFLAenza","2026-08-15",-4,"2026-07-18","Pediatrics","quantile","0.2",108
"INFLAenza","2026-08-15",-4,"2026-07-18","Pediatrics","quantile","0.25",116
"INFLAenza","2026-08-15",-4,"2026-07-18","Pediatrics","quantile","0.3",123
"INFLAenza","2026-08-15",-4,"2026-07-18","Pediatrics","quantile","0.35",129
"INFLAenza","2026-08-15",-4,"2026-07-18","Pediatrics","quantile","0.4",135
"INFLAenza","2026-08-15",-4,"2026-07-18","Pediatrics","quantile","0.45",142
"INFLAenza","2026-08-15",-4,"2026-07-18","Pediatrics","quantile","0.5",149
"INFLAenza","2026-08-15",-4,"2026-07-18","Pediatrics","quantile","0.55",156
"INFLAenza","2026-08-15",-4,"2026-07-18","Pediatrics","quantile","0.6",164
"INFLAenza","2026-08-15",-4,"2026-07-18","Pediatrics","quantile","0.65",172
"INFLAenza","2026-08-15",-4,"2026-07-18","Pediatrics","quantile","0.7",181
"INFLAenza","2026-08-15",-4,"2026-07-18","Pediatrics","quantile","0.75",191
"INFLAenza","2026-08-15",-4,"2026-07-18","Pediatrics","quantile","0.8",205
"INFLAenza","2026-08-15",-4,"2026-07-18","Pediatrics","quantile","0.85",220
"INFLAenza","2026-08-15",-4,"2026-07-18","Pediatrics","quantile","0.9",241
"INFLAenza","2026-08-15",-4,"2026-07-18","Pediatrics","quantile","0.95",280
"INFLAenza","2026-08-15",-4,"2026-07-18","Pediatrics","quantile","0.975",313
"INFLAenza","2026-08-15",-4,"2026-07-18","Pediatrics","quantile","0.99",357
"INFLAenza","2026-08-15",-3,"2026-07-25","Adults","quantile","0.01",45
"INFLAenza","2026-08-15",-3,"2026-07-25","Adults","quantile","0.025",53
"INFLAenza","2026-08-15",-3,"2026-07-25","Adults","quantile","0.05",61
"INFLAenza","2026-08-15",-3,"2026-07-25","Adults","quantile","0.1",73
"INFLAenza","2026-08-15",-3,"2026-07-25","Adults","quantile","0.15",81
"INFLAenza","2026-08-15",-3,"2026-07-25","Adults","quantile","0.2",88
"INFLAenza","2026-08-15",-3,"2026-07-25","Adults","quantile","0.25",94
"INFLAenza","2026-08-15",-3,"2026-07-25","Adults","quantile","0.3",100
"INFLAenza","2026-08-15",-3,"2026-07-25","Adults","quantile","0.35",105
"INFLAenza","2026-08-15",-3,"2026-07-25","Adults","quantile","0.4",111
"INFLAenza","2026-08-15",-3,"2026-07-25","Adults","quantile","0.45",117
"INFLAenza","2026-08-15",-3,"2026-07-25","Adults","quantile","0.5",124
"INFLAenza","2026-08-15",-3,"2026-07-25","Adults","quantile","0.55",130
"INFLAenza","2026-08-15",-3,"2026-07-25","Adults","quantile","0.6",137
"INFLAenza","2026-08-15",-3,"2026-07-25","Adults","quantile","0.65",144
"INFLAenza","2026-08-15",-3,"2026-07-25","Adults","quantile","0.7",152
"INFLAenza","2026-08-15",-3,"2026-07-25","Adults","quantile","0.75",161
"INFLAenza","2026-08-15",-3,"2026-07-25","Adults","quantile","0.8",174
"INFLAenza","2026-08-15",-3,"2026-07-25","Adults","quantile","0.85",189
"INFLAenza","2026-08-15",-3,"2026-07-25","Adults","quantile","0.9",209
"INFLAenza","2026-08-15",-3,"2026-07-25","Adults","quantile","0.95",243
"INFLAenza","2026-08-15",-3,"2026-07-25","Adults","quantile","0.975",277
"INFLAenza","2026-08-15",-3,"2026-07-25","Adults","quantile","0.99",318
"INFLAenza","2026-08-15",-3,"2026-07-25","Overall","quantile","0.01",117
"INFLAenza","2026-08-15",-3,"2026-07-25","Overall","quantile","0.025",136
"INFLAenza","2026-08-15",-3,"2026-07-25","Overall","quantile","0.05",152
"INFLAenza","2026-08-15",-3,"2026-07-25","Overall","quantile","0.1",175
"INFLAenza","2026-08-15",-3,"2026-07-25","Overall","quantile","0.15",188
"INFLAenza","2026-08-15",-3,"2026-07-25","Overall","quantile","0.2",202
"INFLAenza","2026-08-15",-3,"2026-07-25","Overall","quantile","0.25",215
"INFLAenza","2026-08-15",-3,"2026-07-25","Overall","quantile","0.3",227
"INFLAenza","2026-08-15",-3,"2026-07-25","Overall","quantile","0.35",237
"INFLAenza","2026-08-15",-3,"2026-07-25","Overall","quantile","0.4",249
"INFLAenza","2026-08-15",-3,"2026-07-25","Overall","quantile","0.45",259
"INFLAenza","2026-08-15",-3,"2026-07-25","Overall","quantile","0.5",271
"INFLAenza","2026-08-15",-3,"2026-07-25","Overall","quantile","0.55",285
"INFLAenza","2026-08-15",-3,"2026-07-25","Overall","quantile","0.6",299
"INFLAenza","2026-08-15",-3,"2026-07-25","Overall","quantile","0.65",312
"INFLAenza","2026-08-15",-3,"2026-07-25","Overall","quantile","0.7",328
"INFLAenza","2026-08-15",-3,"2026-07-25","Overall","quantile","0.75",348
"INFLAenza","2026-08-15",-3,"2026-07-25","Overall","quantile","0.8",370
"INFLAenza","2026-08-15",-3,"2026-07-25","Overall","quantile","0.85",396
"INFLAenza","2026-08-15",-3,"2026-07-25","Overall","quantile","0.9",436
"INFLAenza","2026-08-15",-3,"2026-07-25","Overall","quantile","0.95",491
"INFLAenza","2026-08-15",-3,"2026-07-25","Overall","quantile","0.975",557
"INFLAenza","2026-08-15",-3,"2026-07-25","Overall","quantile","0.99",634
"INFLAenza","2026-08-15",-3,"2026-07-25","Pediatrics","quantile","0.01",53
"INFLAenza","2026-08-15",-3,"2026-07-25","Pediatrics","quantile","0.025",63
"INFLAenza","2026-08-15",-3,"2026-07-25","Pediatrics","quantile","0.05",73
"INFLAenza","2026-08-15",-3,"2026-07-25","Pediatrics","quantile","0.1",85
"INFLAenza","2026-08-15",-3,"2026-07-25","Pediatrics","quantile","0.15",95
"INFLAenza","2026-08-15",-3,"2026-07-25","Pediatrics","quantile","0.2",102
"INFLAenza","2026-08-15",-3,"2026-07-25","Pediatrics","quantile","0.25",110
"INFLAenza","2026-08-15",-3,"2026-07-25","Pediatrics","quantile","0.3",116
"INFLAenza","2026-08-15",-3,"2026-07-25","Pediatrics","quantile","0.35",123
"INFLAenza","2026-08-15",-3,"2026-07-25","Pediatrics","quantile","0.4",130
"INFLAenza","2026-08-15",-3,"2026-07-25","Pediatrics","quantile","0.45",137
"INFLAenza","2026-08-15",-3,"2026-07-25","Pediatrics","quantile","0.5",144
"INFLAenza","2026-08-15",-3,"2026-07-25","Pediatrics","quantile","0.55",151
"INFLAenza","2026-08-15",-3,"2026-07-25","Pediatrics","quantile","0.6",160
"INFLAenza","2026-08-15",-3,"2026-07-25","Pediatrics","quantile","0.65",169
"INFLAenza","2026-08-15",-3,"2026-07-25","Pediatrics","quantile","0.7",179
"INFLAenza","2026-08-15",-3,"2026-07-25","Pediatrics","quantile","0.75",190
"INFLAenza","2026-08-15",-3,"2026-07-25","Pediatrics","quantile","0.8",205
"INFLAenza","2026-08-15",-3,"2026-07-25","Pediatrics","quantile","0.85",222
"INFLAenza","2026-08-15",-3,"2026-07-25","Pediatrics","quantile","0.9",248
"INFLAenza","2026-08-15",-3,"2026-07-25","Pediatrics","quantile","0.95",285
"INFLAenza","2026-08-15",-3,"2026-07-25","Pediatrics","quantile","0.975",323
"INFLAenza","2026-08-15",-3,"2026-07-25","Pediatrics","quantile","0.99",372
"INFLAenza","2026-08-15",-2,"2026-08-01","Adults","quantile","0.01",42
"INFLAenza","2026-08-15",-2,"2026-08-01","Adults","quantile","0.025",49
"INFLAenza","2026-08-15",-2,"2026-08-01","Adults","quantile","0.05",57
"INFLAenza","2026-08-15",-2,"2026-08-01","Adults","quantile","0.1",67
"INFLAenza","2026-08-15",-2,"2026-08-01","Adults","quantile","0.15",75
"INFLAenza","2026-08-15",-2,"2026-08-01","Adults","quantile","0.2",81
"INFLAenza","2026-08-15",-2,"2026-08-01","Adults","quantile","0.25",88
"INFLAenza","2026-08-15",-2,"2026-08-01","Adults","quantile","0.3",95
"INFLAenza","2026-08-15",-2,"2026-08-01","Adults","quantile","0.35",101
"INFLAenza","2026-08-15",-2,"2026-08-01","Adults","quantile","0.4",107
"INFLAenza","2026-08-15",-2,"2026-08-01","Adults","quantile","0.45",113
"INFLAenza","2026-08-15",-2,"2026-08-01","Adults","quantile","0.5",119
"INFLAenza","2026-08-15",-2,"2026-08-01","Adults","quantile","0.55",126
"INFLAenza","2026-08-15",-2,"2026-08-01","Adults","quantile","0.6",133
"INFLAenza","2026-08-15",-2,"2026-08-01","Adults","quantile","0.65",141
"INFLAenza","2026-08-15",-2,"2026-08-01","Adults","quantile","0.7",150
"INFLAenza","2026-08-15",-2,"2026-08-01","Adults","quantile","0.75",161
"INFLAenza","2026-08-15",-2,"2026-08-01","Adults","quantile","0.8",173
"INFLAenza","2026-08-15",-2,"2026-08-01","Adults","quantile","0.85",188
"INFLAenza","2026-08-15",-2,"2026-08-01","Adults","quantile","0.9",207
"INFLAenza","2026-08-15",-2,"2026-08-01","Adults","quantile","0.95",244
"INFLAenza","2026-08-15",-2,"2026-08-01","Adults","quantile","0.975",276
"INFLAenza","2026-08-15",-2,"2026-08-01","Adults","quantile","0.99",319
"INFLAenza","2026-08-15",-2,"2026-08-01","Overall","quantile","0.01",105
"INFLAenza","2026-08-15",-2,"2026-08-01","Overall","quantile","0.025",124
"INFLAenza","2026-08-15",-2,"2026-08-01","Overall","quantile","0.05",141
"INFLAenza","2026-08-15",-2,"2026-08-01","Overall","quantile","0.1",162
"INFLAenza","2026-08-15",-2,"2026-08-01","Overall","quantile","0.15",178
"INFLAenza","2026-08-15",-2,"2026-08-01","Overall","quantile","0.2",192
"INFLAenza","2026-08-15",-2,"2026-08-01","Overall","quantile","0.25",204
"INFLAenza","2026-08-15",-2,"2026-08-01","Overall","quantile","0.3",216
"INFLAenza","2026-08-15",-2,"2026-08-01","Overall","quantile","0.35",227
"INFLAenza","2026-08-15",-2,"2026-08-01","Overall","quantile","0.4",240
"INFLAenza","2026-08-15",-2,"2026-08-01","Overall","quantile","0.45",251
"INFLAenza","2026-08-15",-2,"2026-08-01","Overall","quantile","0.5",262
"INFLAenza","2026-08-15",-2,"2026-08-01","Overall","quantile","0.55",273
"INFLAenza","2026-08-15",-2,"2026-08-01","Overall","quantile","0.6",287
"INFLAenza","2026-08-15",-2,"2026-08-01","Overall","quantile","0.65",302
"INFLAenza","2026-08-15",-2,"2026-08-01","Overall","quantile","0.7",319
"INFLAenza","2026-08-15",-2,"2026-08-01","Overall","quantile","0.75",339
"INFLAenza","2026-08-15",-2,"2026-08-01","Overall","quantile","0.8",363
"INFLAenza","2026-08-15",-2,"2026-08-01","Overall","quantile","0.85",394
"INFLAenza","2026-08-15",-2,"2026-08-01","Overall","quantile","0.9",431
"INFLAenza","2026-08-15",-2,"2026-08-01","Overall","quantile","0.95",496
"INFLAenza","2026-08-15",-2,"2026-08-01","Overall","quantile","0.975",552
"INFLAenza","2026-08-15",-2,"2026-08-01","Overall","quantile","0.99",621
"INFLAenza","2026-08-15",-2,"2026-08-01","Pediatrics","quantile","0.01",48
"INFLAenza","2026-08-15",-2,"2026-08-01","Pediatrics","quantile","0.025",58
"INFLAenza","2026-08-15",-2,"2026-08-01","Pediatrics","quantile","0.05",67
"INFLAenza","2026-08-15",-2,"2026-08-01","Pediatrics","quantile","0.1",79
"INFLAenza","2026-08-15",-2,"2026-08-01","Pediatrics","quantile","0.15",88
"INFLAenza","2026-08-15",-2,"2026-08-01","Pediatrics","quantile","0.2",96
"INFLAenza","2026-08-15",-2,"2026-08-01","Pediatrics","quantile","0.25",103
"INFLAenza","2026-08-15",-2,"2026-08-01","Pediatrics","quantile","0.3",110
"INFLAenza","2026-08-15",-2,"2026-08-01","Pediatrics","quantile","0.35",117
"INFLAenza","2026-08-15",-2,"2026-08-01","Pediatrics","quantile","0.4",124
"INFLAenza","2026-08-15",-2,"2026-08-01","Pediatrics","quantile","0.45",132
"INFLAenza","2026-08-15",-2,"2026-08-01","Pediatrics","quantile","0.5",138
"INFLAenza","2026-08-15",-2,"2026-08-01","Pediatrics","quantile","0.55",146
"INFLAenza","2026-08-15",-2,"2026-08-01","Pediatrics","quantile","0.6",154
"INFLAenza","2026-08-15",-2,"2026-08-01","Pediatrics","quantile","0.65",162
"INFLAenza","2026-08-15",-2,"2026-08-01","Pediatrics","quantile","0.7",173
"INFLAenza","2026-08-15",-2,"2026-08-01","Pediatrics","quantile","0.75",186
"INFLAenza","2026-08-15",-2,"2026-08-01","Pediatrics","quantile","0.8",198
"INFLAenza","2026-08-15",-2,"2026-08-01","Pediatrics","quantile","0.85",216
"INFLAenza","2026-08-15",-2,"2026-08-01","Pediatrics","quantile","0.9",243
"INFLAenza","2026-08-15",-2,"2026-08-01","Pediatrics","quantile","0.95",286
"INFLAenza","2026-08-15",-2,"2026-08-01","Pediatrics","quantile","0.975",325
"INFLAenza","2026-08-15",-2,"2026-08-01","Pediatrics","quantile","0.99",376
"INFLAenza","2026-08-15",-1,"2026-08-08","Adults","quantile","0.01",38
"INFLAenza","2026-08-15",-1,"2026-08-08","Adults","quantile","0.025",46
"INFLAenza","2026-08-15",-1,"2026-08-08","Adults","quantile","0.05",55
"INFLAenza","2026-08-15",-1,"2026-08-08","Adults","quantile","0.1",65
"INFLAenza","2026-08-15",-1,"2026-08-08","Adults","quantile","0.15",73
"INFLAenza","2026-08-15",-1,"2026-08-08","Adults","quantile","0.2",80
"INFLAenza","2026-08-15",-1,"2026-08-08","Adults","quantile","0.25",87
"INFLAenza","2026-08-15",-1,"2026-08-08","Adults","quantile","0.3",94
"INFLAenza","2026-08-15",-1,"2026-08-08","Adults","quantile","0.35",100
"INFLAenza","2026-08-15",-1,"2026-08-08","Adults","quantile","0.4",105
"INFLAenza","2026-08-15",-1,"2026-08-08","Adults","quantile","0.45",111
"INFLAenza","2026-08-15",-1,"2026-08-08","Adults","quantile","0.5",117
"INFLAenza","2026-08-15",-1,"2026-08-08","Adults","quantile","0.55",125
"INFLAenza","2026-08-15",-1,"2026-08-08","Adults","quantile","0.6",133
"INFLAenza","2026-08-15",-1,"2026-08-08","Adults","quantile","0.65",141
"INFLAenza","2026-08-15",-1,"2026-08-08","Adults","quantile","0.7",150
"INFLAenza","2026-08-15",-1,"2026-08-08","Adults","quantile","0.75",160
"INFLAenza","2026-08-15",-1,"2026-08-08","Adults","quantile","0.8",172
"INFLAenza","2026-08-15",-1,"2026-08-08","Adults","quantile","0.85",189
"INFLAenza","2026-08-15",-1,"2026-08-08","Adults","quantile","0.9",210
"INFLAenza","2026-08-15",-1,"2026-08-08","Adults","quantile","0.95",246
"INFLAenza","2026-08-15",-1,"2026-08-08","Adults","quantile","0.975",287
"INFLAenza","2026-08-15",-1,"2026-08-08","Adults","quantile","0.99",337
"INFLAenza","2026-08-15",-1,"2026-08-08","Overall","quantile","0.01",100
"INFLAenza","2026-08-15",-1,"2026-08-08","Overall","quantile","0.025",117
"INFLAenza","2026-08-15",-1,"2026-08-08","Overall","quantile","0.05",135
"INFLAenza","2026-08-15",-1,"2026-08-08","Overall","quantile","0.1",157
"INFLAenza","2026-08-15",-1,"2026-08-08","Overall","quantile","0.15",173
"INFLAenza","2026-08-15",-1,"2026-08-08","Overall","quantile","0.2",187
"INFLAenza","2026-08-15",-1,"2026-08-08","Overall","quantile","0.25",199
"INFLAenza","2026-08-15",-1,"2026-08-08","Overall","quantile","0.3",213
"INFLAenza","2026-08-15",-1,"2026-08-08","Overall","quantile","0.35",224
"INFLAenza","2026-08-15",-1,"2026-08-08","Overall","quantile","0.4",235
"INFLAenza","2026-08-15",-1,"2026-08-08","Overall","quantile","0.45",248
"INFLAenza","2026-08-15",-1,"2026-08-08","Overall","quantile","0.5",262
"INFLAenza","2026-08-15",-1,"2026-08-08","Overall","quantile","0.55",275
"INFLAenza","2026-08-15",-1,"2026-08-08","Overall","quantile","0.6",288
"INFLAenza","2026-08-15",-1,"2026-08-08","Overall","quantile","0.65",302
"INFLAenza","2026-08-15",-1,"2026-08-08","Overall","quantile","0.7",319
"INFLAenza","2026-08-15",-1,"2026-08-08","Overall","quantile","0.75",338
"INFLAenza","2026-08-15",-1,"2026-08-08","Overall","quantile","0.8",364
"INFLAenza","2026-08-15",-1,"2026-08-08","Overall","quantile","0.85",398
"INFLAenza","2026-08-15",-1,"2026-08-08","Overall","quantile","0.9",436
"INFLAenza","2026-08-15",-1,"2026-08-08","Overall","quantile","0.95",505
"INFLAenza","2026-08-15",-1,"2026-08-08","Overall","quantile","0.975",560
"INFLAenza","2026-08-15",-1,"2026-08-08","Overall","quantile","0.99",648
"INFLAenza","2026-08-15",-1,"2026-08-08","Pediatrics","quantile","0.01",45
"INFLAenza","2026-08-15",-1,"2026-08-08","Pediatrics","quantile","0.025",55
"INFLAenza","2026-08-15",-1,"2026-08-08","Pediatrics","quantile","0.05",64
"INFLAenza","2026-08-15",-1,"2026-08-08","Pediatrics","quantile","0.1",76
"INFLAenza","2026-08-15",-1,"2026-08-08","Pediatrics","quantile","0.15",85
"INFLAenza","2026-08-15",-1,"2026-08-08","Pediatrics","quantile","0.2",93
"INFLAenza","2026-08-15",-1,"2026-08-08","Pediatrics","quantile","0.25",100
"INFLAenza","2026-08-15",-1,"2026-08-08","Pediatrics","quantile","0.3",107
"INFLAenza","2026-08-15",-1,"2026-08-08","Pediatrics","quantile","0.35",115
"INFLAenza","2026-08-15",-1,"2026-08-08","Pediatrics","quantile","0.4",122
"INFLAenza","2026-08-15",-1,"2026-08-08","Pediatrics","quantile","0.45",129
"INFLAenza","2026-08-15",-1,"2026-08-08","Pediatrics","quantile","0.5",137
"INFLAenza","2026-08-15",-1,"2026-08-08","Pediatrics","quantile","0.55",144
"INFLAenza","2026-08-15",-1,"2026-08-08","Pediatrics","quantile","0.6",153
"INFLAenza","2026-08-15",-1,"2026-08-08","Pediatrics","quantile","0.65",162
"INFLAenza","2026-08-15",-1,"2026-08-08","Pediatrics","quantile","0.7",173
"INFLAenza","2026-08-15",-1,"2026-08-08","Pediatrics","quantile","0.75",186
"INFLAenza","2026-08-15",-1,"2026-08-08","Pediatrics","quantile","0.8",201
"INFLAenza","2026-08-15",-1,"2026-08-08","Pediatrics","quantile","0.85",220
"INFLAenza","2026-08-15",-1,"2026-08-08","Pediatrics","quantile","0.9",246
"INFLAenza","2026-08-15",-1,"2026-08-08","Pediatrics","quantile","0.95",293
"INFLAenza","2026-08-15",-1,"2026-08-08","Pediatrics","quantile","0.975",332
"INFLAenza","2026-08-15",-1,"2026-08-08","Pediatrics","quantile","0.99",379
"INFLAenza","2026-08-15",0,"2026-08-15","Adults","quantile","0.01",37
"INFLAenza","2026-08-15",0,"2026-08-15","Adults","quantile","0.025",45
"INFLAenza","2026-08-15",0,"2026-08-15","Adults","quantile","0.05",53
"INFLAenza","2026-08-15",0,"2026-08-15","Adults","quantile","0.1",63
"INFLAenza","2026-08-15",0,"2026-08-15","Adults","quantile","0.15",72
"INFLAenza","2026-08-15",0,"2026-08-15","Adults","quantile","0.2",79
"INFLAenza","2026-08-15",0,"2026-08-15","Adults","quantile","0.25",86
"INFLAenza","2026-08-15",0,"2026-08-15","Adults","quantile","0.3",92
"INFLAenza","2026-08-15",0,"2026-08-15","Adults","quantile","0.35",99
"INFLAenza","2026-08-15",0,"2026-08-15","Adults","quantile","0.4",106
"INFLAenza","2026-08-15",0,"2026-08-15","Adults","quantile","0.45",112
"INFLAenza","2026-08-15",0,"2026-08-15","Adults","quantile","0.5",118
"INFLAenza","2026-08-15",0,"2026-08-15","Adults","quantile","0.55",126
"INFLAenza","2026-08-15",0,"2026-08-15","Adults","quantile","0.6",133
"INFLAenza","2026-08-15",0,"2026-08-15","Adults","quantile","0.65",141
"INFLAenza","2026-08-15",0,"2026-08-15","Adults","quantile","0.7",151
"INFLAenza","2026-08-15",0,"2026-08-15","Adults","quantile","0.75",162
"INFLAenza","2026-08-15",0,"2026-08-15","Adults","quantile","0.8",176
"INFLAenza","2026-08-15",0,"2026-08-15","Adults","quantile","0.85",193
"INFLAenza","2026-08-15",0,"2026-08-15","Adults","quantile","0.9",219
"INFLAenza","2026-08-15",0,"2026-08-15","Adults","quantile","0.95",260
"INFLAenza","2026-08-15",0,"2026-08-15","Adults","quantile","0.975",305
"INFLAenza","2026-08-15",0,"2026-08-15","Adults","quantile","0.99",355
"INFLAenza","2026-08-15",0,"2026-08-15","Overall","quantile","0.01",98
"INFLAenza","2026-08-15",0,"2026-08-15","Overall","quantile","0.025",114
"INFLAenza","2026-08-15",0,"2026-08-15","Overall","quantile","0.05",130
"INFLAenza","2026-08-15",0,"2026-08-15","Overall","quantile","0.1",153
"INFLAenza","2026-08-15",0,"2026-08-15","Overall","quantile","0.15",172
"INFLAenza","2026-08-15",0,"2026-08-15","Overall","quantile","0.2",186
"INFLAenza","2026-08-15",0,"2026-08-15","Overall","quantile","0.25",199
"INFLAenza","2026-08-15",0,"2026-08-15","Overall","quantile","0.3",212
"INFLAenza","2026-08-15",0,"2026-08-15","Overall","quantile","0.35",224
"INFLAenza","2026-08-15",0,"2026-08-15","Overall","quantile","0.4",237
"INFLAenza","2026-08-15",0,"2026-08-15","Overall","quantile","0.45",248
"INFLAenza","2026-08-15",0,"2026-08-15","Overall","quantile","0.5",261
"INFLAenza","2026-08-15",0,"2026-08-15","Overall","quantile","0.55",274
"INFLAenza","2026-08-15",0,"2026-08-15","Overall","quantile","0.6",289
"INFLAenza","2026-08-15",0,"2026-08-15","Overall","quantile","0.65",304
"INFLAenza","2026-08-15",0,"2026-08-15","Overall","quantile","0.7",322
"INFLAenza","2026-08-15",0,"2026-08-15","Overall","quantile","0.75",346
"INFLAenza","2026-08-15",0,"2026-08-15","Overall","quantile","0.8",371
"INFLAenza","2026-08-15",0,"2026-08-15","Overall","quantile","0.85",404
"INFLAenza","2026-08-15",0,"2026-08-15","Overall","quantile","0.9",445
"INFLAenza","2026-08-15",0,"2026-08-15","Overall","quantile","0.95",524
"INFLAenza","2026-08-15",0,"2026-08-15","Overall","quantile","0.975",592
"INFLAenza","2026-08-15",0,"2026-08-15","Overall","quantile","0.99",684
"INFLAenza","2026-08-15",0,"2026-08-15","Pediatrics","quantile","0.01",45
"INFLAenza","2026-08-15",0,"2026-08-15","Pediatrics","quantile","0.025",53
"INFLAenza","2026-08-15",0,"2026-08-15","Pediatrics","quantile","0.05",62
"INFLAenza","2026-08-15",0,"2026-08-15","Pediatrics","quantile","0.1",73
"INFLAenza","2026-08-15",0,"2026-08-15","Pediatrics","quantile","0.15",82
"INFLAenza","2026-08-15",0,"2026-08-15","Pediatrics","quantile","0.2",91
"INFLAenza","2026-08-15",0,"2026-08-15","Pediatrics","quantile","0.25",99
"INFLAenza","2026-08-15",0,"2026-08-15","Pediatrics","quantile","0.3",107
"INFLAenza","2026-08-15",0,"2026-08-15","Pediatrics","quantile","0.35",114
"INFLAenza","2026-08-15",0,"2026-08-15","Pediatrics","quantile","0.4",122
"INFLAenza","2026-08-15",0,"2026-08-15","Pediatrics","quantile","0.45",129
"INFLAenza","2026-08-15",0,"2026-08-15","Pediatrics","quantile","0.5",137
"INFLAenza","2026-08-15",0,"2026-08-15","Pediatrics","quantile","0.55",145
"INFLAenza","2026-08-15",0,"2026-08-15","Pediatrics","quantile","0.6",154
"INFLAenza","2026-08-15",0,"2026-08-15","Pediatrics","quantile","0.65",164
"INFLAenza","2026-08-15",0,"2026-08-15","Pediatrics","quantile","0.7",175
"INFLAenza","2026-08-15",0,"2026-08-15","Pediatrics","quantile","0.75",187
"INFLAenza","2026-08-15",0,"2026-08-15","Pediatrics","quantile","0.8",203
"INFLAenza","2026-08-15",0,"2026-08-15","Pediatrics","quantile","0.85",223
"INFLAenza","2026-08-15",0,"2026-08-15","Pediatrics","quantile","0.9",251
"INFLAenza","2026-08-15",0,"2026-08-15","Pediatrics","quantile","0.95",298
"INFLAenza","2026-08-15",0,"2026-08-15","Pediatrics","quantile","0.975",345
"INFLAenza","2026-08-15",0,"2026-08-15","Pediatrics","quantile","0.99",412
"INFLAenza","2026-08-15",1,"2026-08-22","Adults","quantile","0.01",34
"INFLAenza","2026-08-15",1,"2026-08-22","Adults","quantile","0.025",43
"INFLAenza","2026-08-15",1,"2026-08-22","Adults","quantile","0.05",52
"INFLAenza","2026-08-15",1,"2026-08-22","Adults","quantile","0.1",63
"INFLAenza","2026-08-15",1,"2026-08-22","Adults","quantile","0.15",70
"INFLAenza","2026-08-15",1,"2026-08-22","Adults","quantile","0.2",78
"INFLAenza","2026-08-15",1,"2026-08-22","Adults","quantile","0.25",85
"INFLAenza","2026-08-15",1,"2026-08-22","Adults","quantile","0.3",92
"INFLAenza","2026-08-15",1,"2026-08-22","Adults","quantile","0.35",98
"INFLAenza","2026-08-15",1,"2026-08-22","Adults","quantile","0.4",105
"INFLAenza","2026-08-15",1,"2026-08-22","Adults","quantile","0.45",112
"INFLAenza","2026-08-15",1,"2026-08-22","Adults","quantile","0.5",120
"INFLAenza","2026-08-15",1,"2026-08-22","Adults","quantile","0.55",127
"INFLAenza","2026-08-15",1,"2026-08-22","Adults","quantile","0.6",136
"INFLAenza","2026-08-15",1,"2026-08-22","Adults","quantile","0.65",144
"INFLAenza","2026-08-15",1,"2026-08-22","Adults","quantile","0.7",154
"INFLAenza","2026-08-15",1,"2026-08-22","Adults","quantile","0.75",166
"INFLAenza","2026-08-15",1,"2026-08-22","Adults","quantile","0.8",180
"INFLAenza","2026-08-15",1,"2026-08-22","Adults","quantile","0.85",198
"INFLAenza","2026-08-15",1,"2026-08-22","Adults","quantile","0.9",221
"INFLAenza","2026-08-15",1,"2026-08-22","Adults","quantile","0.95",264
"INFLAenza","2026-08-15",1,"2026-08-22","Adults","quantile","0.975",309
"INFLAenza","2026-08-15",1,"2026-08-22","Adults","quantile","0.99",375
"INFLAenza","2026-08-15",1,"2026-08-22","Overall","quantile","0.01",97
"INFLAenza","2026-08-15",1,"2026-08-22","Overall","quantile","0.025",109
"INFLAenza","2026-08-15",1,"2026-08-22","Overall","quantile","0.05",127
"INFLAenza","2026-08-15",1,"2026-08-22","Overall","quantile","0.1",151
"INFLAenza","2026-08-15",1,"2026-08-22","Overall","quantile","0.15",169
"INFLAenza","2026-08-15",1,"2026-08-22","Overall","quantile","0.2",184
"INFLAenza","2026-08-15",1,"2026-08-22","Overall","quantile","0.25",199
"INFLAenza","2026-08-15",1,"2026-08-22","Overall","quantile","0.3",214
"INFLAenza","2026-08-15",1,"2026-08-22","Overall","quantile","0.35",226
"INFLAenza","2026-08-15",1,"2026-08-22","Overall","quantile","0.4",239
"INFLAenza","2026-08-15",1,"2026-08-22","Overall","quantile","0.45",252
"INFLAenza","2026-08-15",1,"2026-08-22","Overall","quantile","0.5",265
"INFLAenza","2026-08-15",1,"2026-08-22","Overall","quantile","0.55",278
"INFLAenza","2026-08-15",1,"2026-08-22","Overall","quantile","0.6",293
"INFLAenza","2026-08-15",1,"2026-08-22","Overall","quantile","0.65",309
"INFLAenza","2026-08-15",1,"2026-08-22","Overall","quantile","0.7",328
"INFLAenza","2026-08-15",1,"2026-08-22","Overall","quantile","0.75",352
"INFLAenza","2026-08-15",1,"2026-08-22","Overall","quantile","0.8",381
"INFLAenza","2026-08-15",1,"2026-08-22","Overall","quantile","0.85",411
"INFLAenza","2026-08-15",1,"2026-08-22","Overall","quantile","0.9",461
"INFLAenza","2026-08-15",1,"2026-08-22","Overall","quantile","0.95",539
"INFLAenza","2026-08-15",1,"2026-08-22","Overall","quantile","0.975",609
"INFLAenza","2026-08-15",1,"2026-08-22","Overall","quantile","0.99",719
"INFLAenza","2026-08-15",1,"2026-08-22","Pediatrics","quantile","0.01",41
"INFLAenza","2026-08-15",1,"2026-08-22","Pediatrics","quantile","0.025",51
"INFLAenza","2026-08-15",1,"2026-08-22","Pediatrics","quantile","0.05",60
"INFLAenza","2026-08-15",1,"2026-08-22","Pediatrics","quantile","0.1",74
"INFLAenza","2026-08-15",1,"2026-08-22","Pediatrics","quantile","0.15",83
"INFLAenza","2026-08-15",1,"2026-08-22","Pediatrics","quantile","0.2",91
"INFLAenza","2026-08-15",1,"2026-08-22","Pediatrics","quantile","0.25",99
"INFLAenza","2026-08-15",1,"2026-08-22","Pediatrics","quantile","0.3",107
"INFLAenza","2026-08-15",1,"2026-08-22","Pediatrics","quantile","0.35",114
"INFLAenza","2026-08-15",1,"2026-08-22","Pediatrics","quantile","0.4",122
"INFLAenza","2026-08-15",1,"2026-08-22","Pediatrics","quantile","0.45",130
"INFLAenza","2026-08-15",1,"2026-08-22","Pediatrics","quantile","0.5",139
"INFLAenza","2026-08-15",1,"2026-08-22","Pediatrics","quantile","0.55",148
"INFLAenza","2026-08-15",1,"2026-08-22","Pediatrics","quantile","0.6",157
"INFLAenza","2026-08-15",1,"2026-08-22","Pediatrics","quantile","0.65",168
"INFLAenza","2026-08-15",1,"2026-08-22","Pediatrics","quantile","0.7",180
"INFLAenza","2026-08-15",1,"2026-08-22","Pediatrics","quantile","0.75",192
"INFLAenza","2026-08-15",1,"2026-08-22","Pediatrics","quantile","0.8",208
"INFLAenza","2026-08-15",1,"2026-08-22","Pediatrics","quantile","0.85",230
"INFLAenza","2026-08-15",1,"2026-08-22","Pediatrics","quantile","0.9",260
"INFLAenza","2026-08-15",1,"2026-08-22","Pediatrics","quantile","0.95",311
"INFLAenza","2026-08-15",1,"2026-08-22","Pediatrics","quantile","0.975",363
"INFLAenza","2026-08-15",1,"2026-08-22","Pediatrics","quantile","0.99",435
"INFLAenza","2026-08-15",2,"2026-08-29","Adults","quantile","0.01",34
"INFLAenza","2026-08-15",2,"2026-08-29","Adults","quantile","0.025",42
"INFLAenza","2026-08-15",2,"2026-08-29","Adults","quantile","0.05",50
"INFLAenza","2026-08-15",2,"2026-08-29","Adults","quantile","0.1",62
"INFLAenza","2026-08-15",2,"2026-08-29","Adults","quantile","0.15",71
"INFLAenza","2026-08-15",2,"2026-08-29","Adults","quantile","0.2",78
"INFLAenza","2026-08-15",2,"2026-08-29","Adults","quantile","0.25",85
"INFLAenza","2026-08-15",2,"2026-08-29","Adults","quantile","0.3",92
"INFLAenza","2026-08-15",2,"2026-08-29","Adults","quantile","0.35",99
"INFLAenza","2026-08-15",2,"2026-08-29","Adults","quantile","0.4",106
"INFLAenza","2026-08-15",2,"2026-08-29","Adults","quantile","0.45",113
"INFLAenza","2026-08-15",2,"2026-08-29","Adults","quantile","0.5",121
"INFLAenza","2026-08-15",2,"2026-08-29","Adults","quantile","0.55",129
"INFLAenza","2026-08-15",2,"2026-08-29","Adults","quantile","0.6",138
"INFLAenza","2026-08-15",2,"2026-08-29","Adults","quantile","0.65",147
"INFLAenza","2026-08-15",2,"2026-08-29","Adults","quantile","0.7",157
"INFLAenza","2026-08-15",2,"2026-08-29","Adults","quantile","0.75",169
"INFLAenza","2026-08-15",2,"2026-08-29","Adults","quantile","0.8",184
"INFLAenza","2026-08-15",2,"2026-08-29","Adults","quantile","0.85",202
"INFLAenza","2026-08-15",2,"2026-08-29","Adults","quantile","0.9",227
"INFLAenza","2026-08-15",2,"2026-08-29","Adults","quantile","0.95",272
"INFLAenza","2026-08-15",2,"2026-08-29","Adults","quantile","0.975",321
"INFLAenza","2026-08-15",2,"2026-08-29","Adults","quantile","0.99",394
"INFLAenza","2026-08-15",2,"2026-08-29","Overall","quantile","0.01",93
"INFLAenza","2026-08-15",2,"2026-08-29","Overall","quantile","0.025",111
"INFLAenza","2026-08-15",2,"2026-08-29","Overall","quantile","0.05",127
"INFLAenza","2026-08-15",2,"2026-08-29","Overall","quantile","0.1",150
"INFLAenza","2026-08-15",2,"2026-08-29","Overall","quantile","0.15",168
"INFLAenza","2026-08-15",2,"2026-08-29","Overall","quantile","0.2",184
"INFLAenza","2026-08-15",2,"2026-08-29","Overall","quantile","0.25",198
"INFLAenza","2026-08-15",2,"2026-08-29","Overall","quantile","0.3",213
"INFLAenza","2026-08-15",2,"2026-08-29","Overall","quantile","0.35",227
"INFLAenza","2026-08-15",2,"2026-08-29","Overall","quantile","0.4",240
"INFLAenza","2026-08-15",2,"2026-08-29","Overall","quantile","0.45",254
"INFLAenza","2026-08-15",2,"2026-08-29","Overall","quantile","0.5",267
"INFLAenza","2026-08-15",2,"2026-08-29","Overall","quantile","0.55",280
"INFLAenza","2026-08-15",2,"2026-08-29","Overall","quantile","0.6",297
"INFLAenza","2026-08-15",2,"2026-08-29","Overall","quantile","0.65",315
"INFLAenza","2026-08-15",2,"2026-08-29","Overall","quantile","0.7",333
"INFLAenza","2026-08-15",2,"2026-08-29","Overall","quantile","0.75",357
"INFLAenza","2026-08-15",2,"2026-08-29","Overall","quantile","0.8",389
"INFLAenza","2026-08-15",2,"2026-08-29","Overall","quantile","0.85",425
"INFLAenza","2026-08-15",2,"2026-08-29","Overall","quantile","0.9",478
"INFLAenza","2026-08-15",2,"2026-08-29","Overall","quantile","0.95",559
"INFLAenza","2026-08-15",2,"2026-08-29","Overall","quantile","0.975",638
"INFLAenza","2026-08-15",2,"2026-08-29","Overall","quantile","0.99",768
"INFLAenza","2026-08-15",2,"2026-08-29","Pediatrics","quantile","0.01",41
"INFLAenza","2026-08-15",2,"2026-08-29","Pediatrics","quantile","0.025",50
"INFLAenza","2026-08-15",2,"2026-08-29","Pediatrics","quantile","0.05",59
"INFLAenza","2026-08-15",2,"2026-08-29","Pediatrics","quantile","0.1",71
"INFLAenza","2026-08-15",2,"2026-08-29","Pediatrics","quantile","0.15",81
"INFLAenza","2026-08-15",2,"2026-08-29","Pediatrics","quantile","0.2",90
"INFLAenza","2026-08-15",2,"2026-08-29","Pediatrics","quantile","0.25",98
"INFLAenza","2026-08-15",2,"2026-08-29","Pediatrics","quantile","0.3",106
"INFLAenza","2026-08-15",2,"2026-08-29","Pediatrics","quantile","0.35",114
"INFLAenza","2026-08-15",2,"2026-08-29","Pediatrics","quantile","0.4",122
"INFLAenza","2026-08-15",2,"2026-08-29","Pediatrics","quantile","0.45",131
"INFLAenza","2026-08-15",2,"2026-08-29","Pediatrics","quantile","0.5",140
"INFLAenza","2026-08-15",2,"2026-08-29","Pediatrics","quantile","0.55",150
"INFLAenza","2026-08-15",2,"2026-08-29","Pediatrics","quantile","0.6",160
"INFLAenza","2026-08-15",2,"2026-08-29","Pediatrics","quantile","0.65",171
"INFLAenza","2026-08-15",2,"2026-08-29","Pediatrics","quantile","0.7",183
"INFLAenza","2026-08-15",2,"2026-08-29","Pediatrics","quantile","0.75",197
"INFLAenza","2026-08-15",2,"2026-08-29","Pediatrics","quantile","0.8",214
"INFLAenza","2026-08-15",2,"2026-08-29","Pediatrics","quantile","0.85",236
"INFLAenza","2026-08-15",2,"2026-08-29","Pediatrics","quantile","0.9",268
"INFLAenza","2026-08-15",2,"2026-08-29","Pediatrics","quantile","0.95",324
"INFLAenza","2026-08-15",2,"2026-08-29","Pediatrics","quantile","0.975",379
"INFLAenza","2026-08-15",2,"2026-08-29","Pediatrics","quantile","0.99",459
"INFLAenza","2026-08-15",3,"2026-09-05","Adults","quantile","0.01",33
"INFLAenza","2026-08-15",3,"2026-09-05","Adults","quantile","0.025",40
"INFLAenza","2026-08-15",3,"2026-09-05","Adults","quantile","0.05",48
"INFLAenza","2026-08-15",3,"2026-09-05","Adults","quantile","0.1",60
"INFLAenza","2026-08-15",3,"2026-09-05","Adults","quantile","0.15",69
"INFLAenza","2026-08-15",3,"2026-09-05","Adults","quantile","0.2",78
"INFLAenza","2026-08-15",3,"2026-09-05","Adults","quantile","0.25",85
"INFLAenza","2026-08-15",3,"2026-09-05","Adults","quantile","0.3",93
"INFLAenza","2026-08-15",3,"2026-09-05","Adults","quantile","0.35",99
"INFLAenza","2026-08-15",3,"2026-09-05","Adults","quantile","0.4",107
"INFLAenza","2026-08-15",3,"2026-09-05","Adults","quantile","0.45",114
"INFLAenza","2026-08-15",3,"2026-09-05","Adults","quantile","0.5",122
"INFLAenza","2026-08-15",3,"2026-09-05","Adults","quantile","0.55",131
"INFLAenza","2026-08-15",3,"2026-09-05","Adults","quantile","0.6",139
"INFLAenza","2026-08-15",3,"2026-09-05","Adults","quantile","0.65",149
"INFLAenza","2026-08-15",3,"2026-09-05","Adults","quantile","0.7",159
"INFLAenza","2026-08-15",3,"2026-09-05","Adults","quantile","0.75",173
"INFLAenza","2026-08-15",3,"2026-09-05","Adults","quantile","0.8",187
"INFLAenza","2026-08-15",3,"2026-09-05","Adults","quantile","0.85",208
"INFLAenza","2026-08-15",3,"2026-09-05","Adults","quantile","0.9",235
"INFLAenza","2026-08-15",3,"2026-09-05","Adults","quantile","0.95",276
"INFLAenza","2026-08-15",3,"2026-09-05","Adults","quantile","0.975",326
"INFLAenza","2026-08-15",3,"2026-09-05","Adults","quantile","0.99",416
"INFLAenza","2026-08-15",3,"2026-09-05","Overall","quantile","0.01",91
"INFLAenza","2026-08-15",3,"2026-09-05","Overall","quantile","0.025",107
"INFLAenza","2026-08-15",3,"2026-09-05","Overall","quantile","0.05",123
"INFLAenza","2026-08-15",3,"2026-09-05","Overall","quantile","0.1",149
"INFLAenza","2026-08-15",3,"2026-09-05","Overall","quantile","0.15",168
"INFLAenza","2026-08-15",3,"2026-09-05","Overall","quantile","0.2",184
"INFLAenza","2026-08-15",3,"2026-09-05","Overall","quantile","0.25",198
"INFLAenza","2026-08-15",3,"2026-09-05","Overall","quantile","0.3",213
"INFLAenza","2026-08-15",3,"2026-09-05","Overall","quantile","0.35",226
"INFLAenza","2026-08-15",3,"2026-09-05","Overall","quantile","0.4",240
"INFLAenza","2026-08-15",3,"2026-09-05","Overall","quantile","0.45",256
"INFLAenza","2026-08-15",3,"2026-09-05","Overall","quantile","0.5",270
"INFLAenza","2026-08-15",3,"2026-09-05","Overall","quantile","0.55",286
"INFLAenza","2026-08-15",3,"2026-09-05","Overall","quantile","0.6",302
"INFLAenza","2026-08-15",3,"2026-09-05","Overall","quantile","0.65",320
"INFLAenza","2026-08-15",3,"2026-09-05","Overall","quantile","0.7",342
"INFLAenza","2026-08-15",3,"2026-09-05","Overall","quantile","0.75",365
"INFLAenza","2026-08-15",3,"2026-09-05","Overall","quantile","0.8",394
"INFLAenza","2026-08-15",3,"2026-09-05","Overall","quantile","0.85",432
"INFLAenza","2026-08-15",3,"2026-09-05","Overall","quantile","0.9",491
"INFLAenza","2026-08-15",3,"2026-09-05","Overall","quantile","0.95",575
"INFLAenza","2026-08-15",3,"2026-09-05","Overall","quantile","0.975",657
"INFLAenza","2026-08-15",3,"2026-09-05","Overall","quantile","0.99",777
"INFLAenza","2026-08-15",3,"2026-09-05","Pediatrics","quantile","0.01",41
"INFLAenza","2026-08-15",3,"2026-09-05","Pediatrics","quantile","0.025",49
"INFLAenza","2026-08-15",3,"2026-09-05","Pediatrics","quantile","0.05",59
"INFLAenza","2026-08-15",3,"2026-09-05","Pediatrics","quantile","0.1",70
"INFLAenza","2026-08-15",3,"2026-09-05","Pediatrics","quantile","0.15",80
"INFLAenza","2026-08-15",3,"2026-09-05","Pediatrics","quantile","0.2",90
"INFLAenza","2026-08-15",3,"2026-09-05","Pediatrics","quantile","0.25",98
"INFLAenza","2026-08-15",3,"2026-09-05","Pediatrics","quantile","0.3",107
"INFLAenza","2026-08-15",3,"2026-09-05","Pediatrics","quantile","0.35",115
"INFLAenza","2026-08-15",3,"2026-09-05","Pediatrics","quantile","0.4",123
"INFLAenza","2026-08-15",3,"2026-09-05","Pediatrics","quantile","0.45",131
"INFLAenza","2026-08-15",3,"2026-09-05","Pediatrics","quantile","0.5",141
"INFLAenza","2026-08-15",3,"2026-09-05","Pediatrics","quantile","0.55",151
"INFLAenza","2026-08-15",3,"2026-09-05","Pediatrics","quantile","0.6",161
"INFLAenza","2026-08-15",3,"2026-09-05","Pediatrics","quantile","0.65",172
"INFLAenza","2026-08-15",3,"2026-09-05","Pediatrics","quantile","0.7",186
"INFLAenza","2026-08-15",3,"2026-09-05","Pediatrics","quantile","0.75",201
"INFLAenza","2026-08-15",3,"2026-09-05","Pediatrics","quantile","0.8",218
"INFLAenza","2026-08-15",3,"2026-09-05","Pediatrics","quantile","0.85",242
"INFLAenza","2026-08-15",3,"2026-09-05","Pediatrics","quantile","0.9",279
"INFLAenza","2026-08-15",3,"2026-09-05","Pediatrics","quantile","0.95",332
"INFLAenza","2026-08-15",3,"2026-09-05","Pediatrics","quantile","0.975",387
"INFLAenza","2026-08-15",3,"2026-09-05","Pediatrics","quantile","0.99",466
"Copycat","2026-08-15",-8,"2026-06-20","Adults","quantile","0.01",78
"Copycat","2026-08-15",-8,"2026-06-20","Adults","quantile","0.025",83
"Copycat","2026-08-15",-8,"2026-06-20","Adults","quantile","0.05",86
"Copycat","2026-08-15",-8,"2026-06-20","Adults","quantile","0.1",90
"Copycat","2026-08-15",-8,"2026-06-20","Adults","quantile","0.15",92
"Copycat","2026-08-15",-8,"2026-06-20","Adults","quantile","0.2",94
"Copycat","2026-08-15",-8,"2026-06-20","Adults","quantile","0.25",96
"Copycat","2026-08-15",-8,"2026-06-20","Adults","quantile","0.3",98
"Copycat","2026-08-15",-8,"2026-06-20","Adults","quantile","0.35",100
"Copycat","2026-08-15",-8,"2026-06-20","Adults","quantile","0.4",101
"Copycat","2026-08-15",-8,"2026-06-20","Adults","quantile","0.45",102
"Copycat","2026-08-15",-8,"2026-06-20","Adults","quantile","0.5",104
"Copycat","2026-08-15",-8,"2026-06-20","Adults","quantile","0.55",105
"Copycat","2026-08-15",-8,"2026-06-20","Adults","quantile","0.6",106
"Copycat","2026-08-15",-8,"2026-06-20","Adults","quantile","0.65",107
"Copycat","2026-08-15",-8,"2026-06-20","Adults","quantile","0.7",109
"Copycat","2026-08-15",-8,"2026-06-20","Adults","quantile","0.75",110
"Copycat","2026-08-15",-8,"2026-06-20","Adults","quantile","0.8",112
"Copycat","2026-08-15",-8,"2026-06-20","Adults","quantile","0.85",114
"Copycat","2026-08-15",-8,"2026-06-20","Adults","quantile","0.9",118
"Copycat","2026-08-15",-8,"2026-06-20","Adults","quantile","0.95",122
"Copycat","2026-08-15",-8,"2026-06-20","Adults","quantile","0.975",125
"Copycat","2026-08-15",-8,"2026-06-20","Adults","quantile","0.99",130
"Copycat","2026-08-15",-7,"2026-06-27","Adults","quantile","0.01",77
"Copycat","2026-08-15",-7,"2026-06-27","Adults","quantile","0.025",82
"Copycat","2026-08-15",-7,"2026-06-27","Adults","quantile","0.05",85
"Copycat","2026-08-15",-7,"2026-06-27","Adults","quantile","0.1",89
"Copycat","2026-08-15",-7,"2026-06-27","Adults","quantile","0.15",91
"Copycat","2026-08-15",-7,"2026-06-27","Adults","quantile","0.2",94
"Copycat","2026-08-15",-7,"2026-06-27","Adults","quantile","0.25",96
"Copycat","2026-08-15",-7,"2026-06-27","Adults","quantile","0.3",97
"Copycat","2026-08-15",-7,"2026-06-27","Adults","quantile","0.35",99
"Copycat","2026-08-15",-7,"2026-06-27","Adults","quantile","0.4",100
"Copycat","2026-08-15",-7,"2026-06-27","Adults","quantile","0.45",102
"Copycat","2026-08-15",-7,"2026-06-27","Adults","quantile","0.5",103
"Copycat","2026-08-15",-7,"2026-06-27","Adults","quantile","0.55",105
"Copycat","2026-08-15",-7,"2026-06-27","Adults","quantile","0.6",106
"Copycat","2026-08-15",-7,"2026-06-27","Adults","quantile","0.65",108
"Copycat","2026-08-15",-7,"2026-06-27","Adults","quantile","0.7",111
"Copycat","2026-08-15",-7,"2026-06-27","Adults","quantile","0.75",113
"Copycat","2026-08-15",-7,"2026-06-27","Adults","quantile","0.8",115
"Copycat","2026-08-15",-7,"2026-06-27","Adults","quantile","0.85",118
"Copycat","2026-08-15",-7,"2026-06-27","Adults","quantile","0.9",121
"Copycat","2026-08-15",-7,"2026-06-27","Adults","quantile","0.95",126
"Copycat","2026-08-15",-7,"2026-06-27","Adults","quantile","0.975",131
"Copycat","2026-08-15",-7,"2026-06-27","Adults","quantile","0.99",136
"Copycat","2026-08-15",-6,"2026-07-04","Adults","quantile","0.01",78
"Copycat","2026-08-15",-6,"2026-07-04","Adults","quantile","0.025",81
"Copycat","2026-08-15",-6,"2026-07-04","Adults","quantile","0.05",84
"Copycat","2026-08-15",-6,"2026-07-04","Adults","quantile","0.1",88
"Copycat","2026-08-15",-6,"2026-07-04","Adults","quantile","0.15",91
"Copycat","2026-08-15",-6,"2026-07-04","Adults","quantile","0.2",93
"Copycat","2026-08-15",-6,"2026-07-04","Adults","quantile","0.25",95
"Copycat","2026-08-15",-6,"2026-07-04","Adults","quantile","0.3",96
"Copycat","2026-08-15",-6,"2026-07-04","Adults","quantile","0.35",98
"Copycat","2026-08-15",-6,"2026-07-04","Adults","quantile","0.4",100
"Copycat","2026-08-15",-6,"2026-07-04","Adults","quantile","0.45",102
"Copycat","2026-08-15",-6,"2026-07-04","Adults","quantile","0.5",103
"Copycat","2026-08-15",-6,"2026-07-04","Adults","quantile","0.55",105
"Copycat","2026-08-15",-6,"2026-07-04","Adults","quantile","0.6",108
"Copycat","2026-08-15",-6,"2026-07-04","Adults","quantile","0.65",110
"Copycat","2026-08-15",-6,"2026-07-04","Adults","quantile","0.7",112
"Copycat","2026-08-15",-6,"2026-07-04","Adults","quantile","0.75",115
"Copycat","2026-08-15",-6,"2026-07-04","Adults","quantile","0.8",119
"Copycat","2026-08-15",-6,"2026-07-04","Adults","quantile","0.85",122
"Copycat","2026-08-15",-6,"2026-07-04","Adults","quantile","0.9",126
"Copycat","2026-08-15",-6,"2026-07-04","Adults","quantile","0.95",132
"Copycat","2026-08-15",-6,"2026-07-04","Adults","quantile","0.975",138
"Copycat","2026-08-15",-6,"2026-07-04","Adults","quantile","0.99",146
"Copycat","2026-08-15",-5,"2026-07-11","Adults","quantile","0.01",74
"Copycat","2026-08-15",-5,"2026-07-11","Adults","quantile","0.025",76
"Copycat","2026-08-15",-5,"2026-07-11","Adults","quantile","0.05",81
"Copycat","2026-08-15",-5,"2026-07-11","Adults","quantile","0.1",85
"Copycat","2026-08-15",-5,"2026-07-11","Adults","quantile","0.15",89
"Copycat","2026-08-15",-5,"2026-07-11","Adults","quantile","0.2",91
"Copycat","2026-08-15",-5,"2026-07-11","Adults","quantile","0.25",94
"Copycat","2026-08-15",-5,"2026-07-11","Adults","quantile","0.3",96
"Copycat","2026-08-15",-5,"2026-07-11","Adults","quantile","0.35",98
"Copycat","2026-08-15",-5,"2026-07-11","Adults","quantile","0.4",100
"Copycat","2026-08-15",-5,"2026-07-11","Adults","quantile","0.45",102
"Copycat","2026-08-15",-5,"2026-07-11","Adults","quantile","0.5",105
"Copycat","2026-08-15",-5,"2026-07-11","Adults","quantile","0.55",107
"Copycat","2026-08-15",-5,"2026-07-11","Adults","quantile","0.6",110
"Copycat","2026-08-15",-5,"2026-07-11","Adults","quantile","0.65",112
"Copycat","2026-08-15",-5,"2026-07-11","Adults","quantile","0.7",114
"Copycat","2026-08-15",-5,"2026-07-11","Adults","quantile","0.75",117
"Copycat","2026-08-15",-5,"2026-07-11","Adults","quantile","0.8",121
"Copycat","2026-08-15",-5,"2026-07-11","Adults","quantile","0.85",125
"Copycat","2026-08-15",-5,"2026-07-11","Adults","quantile","0.9",130
"Copycat","2026-08-15",-5,"2026-07-11","Adults","quantile","0.95",137
"Copycat","2026-08-15",-5,"2026-07-11","Adults","quantile","0.975",145
"Copycat","2026-08-15",-5,"2026-07-11","Adults","quantile","0.99",155
"Copycat","2026-08-15",-4,"2026-07-18","Adults","quantile","0.01",69
"Copycat","2026-08-15",-4,"2026-07-18","Adults","quantile","0.025",73
"Copycat","2026-08-15",-4,"2026-07-18","Adults","quantile","0.05",77
"Copycat","2026-08-15",-4,"2026-07-18","Adults","quantile","0.1",83
"Copycat","2026-08-15",-4,"2026-07-18","Adults","quantile","0.15",86
"Copycat","2026-08-15",-4,"2026-07-18","Adults","quantile","0.2",90
"Copycat","2026-08-15",-4,"2026-07-18","Adults","quantile","0.25",92
"Copycat","2026-08-15",-4,"2026-07-18","Adults","quantile","0.3",94
"Copycat","2026-08-15",-4,"2026-07-18","Adults","quantile","0.35",96
"Copycat","2026-08-15",-4,"2026-07-18","Adults","quantile","0.4",99
"Copycat","2026-08-15",-4,"2026-07-18","Adults","quantile","0.45",101
"Copycat","2026-08-15",-4,"2026-07-18","Adults","quantile","0.5",103
"Copycat","2026-08-15",-4,"2026-07-18","Adults","quantile","0.55",105
"Copycat","2026-08-15",-4,"2026-07-18","Adults","quantile","0.6",108
"Copycat","2026-08-15",-4,"2026-07-18","Adults","quantile","0.65",110
"Copycat","2026-08-15",-4,"2026-07-18","Adults","quantile","0.7",113
"Copycat","2026-08-15",-4,"2026-07-18","Adults","quantile","0.75",117
"Copycat","2026-08-15",-4,"2026-07-18","Adults","quantile","0.8",121
"Copycat","2026-08-15",-4,"2026-07-18","Adults","quantile","0.85",126
"Copycat","2026-08-15",-4,"2026-07-18","Adults","quantile","0.9",132
"Copycat","2026-08-15",-4,"2026-07-18","Adults","quantile","0.95",142
"Copycat","2026-08-15",-4,"2026-07-18","Adults","quantile","0.975",152
"Copycat","2026-08-15",-4,"2026-07-18","Adults","quantile","0.99",158
"Copycat","2026-08-15",-3,"2026-07-25","Adults","quantile","0.01",68
"Copycat","2026-08-15",-3,"2026-07-25","Adults","quantile","0.025",71
"Copycat","2026-08-15",-3,"2026-07-25","Adults","quantile","0.05",76
"Copycat","2026-08-15",-3,"2026-07-25","Adults","quantile","0.1",82
"Copycat","2026-08-15",-3,"2026-07-25","Adults","quantile","0.15",86
"Copycat","2026-08-15",-3,"2026-07-25","Adults","quantile","0.2",89
"Copycat","2026-08-15",-3,"2026-07-25","Adults","quantile","0.25",91
"Copycat","2026-08-15",-3,"2026-07-25","Adults","quantile","0.3",94
"Copycat","2026-08-15",-3,"2026-07-25","Adults","quantile","0.35",95
"Copycat","2026-08-15",-3,"2026-07-25","Adults","quantile","0.4",98
"Copycat","2026-08-15",-3,"2026-07-25","Adults","quantile","0.45",99
"Copycat","2026-08-15",-3,"2026-07-25","Adults","quantile","0.5",102
"Copycat","2026-08-15",-3,"2026-07-25","Adults","quantile","0.55",104
"Copycat","2026-08-15",-3,"2026-07-25","Adults","quantile","0.6",107
"Copycat","2026-08-15",-3,"2026-07-25","Adults","quantile","0.65",110
"Copycat","2026-08-15",-3,"2026-07-25","Adults","quantile","0.7",113
"Copycat","2026-08-15",-3,"2026-07-25","Adults","quantile","0.75",116
"Copycat","2026-08-15",-3,"2026-07-25","Adults","quantile","0.8",120
"Copycat","2026-08-15",-3,"2026-07-25","Adults","quantile","0.85",127
"Copycat","2026-08-15",-3,"2026-07-25","Adults","quantile","0.9",134
"Copycat","2026-08-15",-3,"2026-07-25","Adults","quantile","0.95",145
"Copycat","2026-08-15",-3,"2026-07-25","Adults","quantile","0.975",152
"Copycat","2026-08-15",-3,"2026-07-25","Adults","quantile","0.99",165
"Copycat","2026-08-15",-2,"2026-08-01","Adults","quantile","0.01",67
"Copycat","2026-08-15",-2,"2026-08-01","Adults","quantile","0.025",71
"Copycat","2026-08-15",-2,"2026-08-01","Adults","quantile","0.05",75
"Copycat","2026-08-15",-2,"2026-08-01","Adults","quantile","0.1",81
"Copycat","2026-08-15",-2,"2026-08-01","Adults","quantile","0.15",84
"Copycat","2026-08-15",-2,"2026-08-01","Adults","quantile","0.2",87
"Copycat","2026-08-15",-2,"2026-08-01","Adults","quantile","0.25",90
"Copycat","2026-08-15",-2,"2026-08-01","Adults","quantile","0.3",92
"Copycat","2026-08-15",-2,"2026-08-01","Adults","quantile","0.35",94
"Copycat","2026-08-15",-2,"2026-08-01","Adults","quantile","0.4",96
"Copycat","2026-08-15",-2,"2026-08-01","Adults","quantile","0.45",98
"Copycat","2026-08-15",-2,"2026-08-01","Adults","quantile","0.5",101
"Copycat","2026-08-15",-2,"2026-08-01","Adults","quantile","0.55",103
"Copycat","2026-08-15",-2,"2026-08-01","Adults","quantile","0.6",106
"Copycat","2026-08-15",-2,"2026-08-01","Adults","quantile","0.65",109
"Copycat","2026-08-15",-2,"2026-08-01","Adults","quantile","0.7",112
"Copycat","2026-08-15",-2,"2026-08-01","Adults","quantile","0.75",116
"Copycat","2026-08-15",-2,"2026-08-01","Adults","quantile","0.8",121
"Copycat","2026-08-15",-2,"2026-08-01","Adults","quantile","0.85",128
"Copycat","2026-08-15",-2,"2026-08-01","Adults","quantile","0.9",135
"Copycat","2026-08-15",-2,"2026-08-01","Adults","quantile","0.95",148
"Copycat","2026-08-15",-2,"2026-08-01","Adults","quantile","0.975",156
"Copycat","2026-08-15",-2,"2026-08-01","Adults","quantile","0.99",170
"Copycat","2026-08-15",-1,"2026-08-08","Adults","quantile","0.01",66
"Copycat","2026-08-15",-1,"2026-08-08","Adults","quantile","0.025",68
"Copycat","2026-08-15",-1,"2026-08-08","Adults","quantile","0.05",72
"Copycat","2026-08-15",-1,"2026-08-08","Adults","quantile","0.1",77
"Copycat","2026-08-15",-1,"2026-08-08","Adults","quantile","0.15",81
"Copycat","2026-08-15",-1,"2026-08-08","Adults","quantile","0.2",85
"Copycat","2026-08-15",-1,"2026-08-08","Adults","quantile","0.25",88
"Copycat","2026-08-15",-1,"2026-08-08","Adults","quantile","0.3",90
"Copycat","2026-08-15",-1,"2026-08-08","Adults","quantile","0.35",92
"Copycat","2026-08-15",-1,"2026-08-08","Adults","quantile","0.4",95
"Copycat","2026-08-15",-1,"2026-08-08","Adults","quantile","0.45",97
"Copycat","2026-08-15",-1,"2026-08-08","Adults","quantile","0.5",99
"Copycat","2026-08-15",-1,"2026-08-08","Adults","quantile","0.55",102
"Copycat","2026-08-15",-1,"2026-08-08","Adults","quantile","0.6",105
"Copycat","2026-08-15",-1,"2026-08-08","Adults","quantile","0.65",107
"Copycat","2026-08-15",-1,"2026-08-08","Adults","quantile","0.7",112
"Copycat","2026-08-15",-1,"2026-08-08","Adults","quantile","0.75",116
"Copycat","2026-08-15",-1,"2026-08-08","Adults","quantile","0.8",121
"Copycat","2026-08-15",-1,"2026-08-08","Adults","quantile","0.85",127
"Copycat","2026-08-15",-1,"2026-08-08","Adults","quantile","0.9",135
"Copycat","2026-08-15",-1,"2026-08-08","Adults","quantile","0.95",148
"Copycat","2026-08-15",-1,"2026-08-08","Adults","quantile","0.975",159
"Copycat","2026-08-15",-1,"2026-08-08","Adults","quantile","0.99",173
"Copycat","2026-08-15",0,"2026-08-15","Adults","quantile","0.01",63
"Copycat","2026-08-15",0,"2026-08-15","Adults","quantile","0.025",69
"Copycat","2026-08-15",0,"2026-08-15","Adults","quantile","0.05",72
"Copycat","2026-08-15",0,"2026-08-15","Adults","quantile","0.1",76
"Copycat","2026-08-15",0,"2026-08-15","Adults","quantile","0.15",80
"Copycat","2026-08-15",0,"2026-08-15","Adults","quantile","0.2",84
"Copycat","2026-08-15",0,"2026-08-15","Adults","quantile","0.25",86
"Copycat","2026-08-15",0,"2026-08-15","Adults","quantile","0.3",88
"Copycat","2026-08-15",0,"2026-08-15","Adults","quantile","0.35",92
"Copycat","2026-08-15",0,"2026-08-15","Adults","quantile","0.4",93
"Copycat","2026-08-15",0,"2026-08-15","Adults","quantile","0.45",96
"Copycat","2026-08-15",0,"2026-08-15","Adults","quantile","0.5",98
"Copycat","2026-08-15",0,"2026-08-15","Adults","quantile","0.55",102
"Copycat","2026-08-15",0,"2026-08-15","Adults","quantile","0.6",103
"Copycat","2026-08-15",0,"2026-08-15","Adults","quantile","0.65",107
"Copycat","2026-08-15",0,"2026-08-15","Adults","quantile","0.7",110
"Copycat","2026-08-15",0,"2026-08-15","Adults","quantile","0.75",115
"Copycat","2026-08-15",0,"2026-08-15","Adults","quantile","0.8",119
"Copycat","2026-08-15",0,"2026-08-15","Adults","quantile","0.85",125
"Copycat","2026-08-15",0,"2026-08-15","Adults","quantile","0.9",136
"Copycat","2026-08-15",0,"2026-08-15","Adults","quantile","0.95",150
"Copycat","2026-08-15",0,"2026-08-15","Adults","quantile","0.975",163
"Copycat","2026-08-15",0,"2026-08-15","Adults","quantile","0.99",169
"Copycat","2026-08-15",1,"2026-08-22","Adults","quantile","0.01",59
"Copycat","2026-08-15",1,"2026-08-22","Adults","quantile","0.025",64
"Copycat","2026-08-15",1,"2026-08-22","Adults","quantile","0.05",68
"Copycat","2026-08-15",1,"2026-08-22","Adults","quantile","0.1",73
"Copycat","2026-08-15",1,"2026-08-22","Adults","quantile","0.15",77
"Copycat","2026-08-15",1,"2026-08-22","Adults","quantile","0.2",80
"Copycat","2026-08-15",1,"2026-08-22","Adults","quantile","0.25",83
"Copycat","2026-08-15",1,"2026-08-22","Adults","quantile","0.3",85
"Copycat","2026-08-15",1,"2026-08-22","Adults","quantile","0.35",87
"Copycat","2026-08-15",1,"2026-08-22","Adults","quantile","0.4",90
"Copycat","2026-08-15",1,"2026-08-22","Adults","quantile","0.45",93
"Copycat","2026-08-15",1,"2026-08-22","Adults","quantile","0.5",96
"Copycat","2026-08-15",1,"2026-08-22","Adults","quantile","0.55",99
"Copycat","2026-08-15",1,"2026-08-22","Adults","quantile","0.6",101
"Copycat","2026-08-15",1,"2026-08-22","Adults","quantile","0.65",105
"Copycat","2026-08-15",1,"2026-08-22","Adults","quantile","0.7",109
"Copycat","2026-08-15",1,"2026-08-22","Adults","quantile","0.75",113
"Copycat","2026-08-15",1,"2026-08-22","Adults","quantile","0.8",117
"Copycat","2026-08-15",1,"2026-08-22","Adults","quantile","0.85",124
"Copycat","2026-08-15",1,"2026-08-22","Adults","quantile","0.9",131
"Copycat","2026-08-15",1,"2026-08-22","Adults","quantile","0.95",149
"Copycat","2026-08-15",1,"2026-08-22","Adults","quantile","0.975",160
"Copycat","2026-08-15",1,"2026-08-22","Adults","quantile","0.99",174
"Copycat","2026-08-15",2,"2026-08-29","Adults","quantile","0.01",55
"Copycat","2026-08-15",2,"2026-08-29","Adults","quantile","0.025",63
"Copycat","2026-08-15",2,"2026-08-29","Adults","quantile","0.05",66
"Copycat","2026-08-15",2,"2026-08-29","Adults","quantile","0.1",72
"Copycat","2026-08-15",2,"2026-08-29","Adults","quantile","0.15",76
"Copycat","2026-08-15",2,"2026-08-29","Adults","quantile","0.2",79
"Copycat","2026-08-15",2,"2026-08-29","Adults","quantile","0.25",82
"Copycat","2026-08-15",2,"2026-08-29","Adults","quantile","0.3",84
"Copycat","2026-08-15",2,"2026-08-29","Adults","quantile","0.35",87
"Copycat","2026-08-15",2,"2026-08-29","Adults","quantile","0.4",90
"Copycat","2026-08-15",2,"2026-08-29","Adults","quantile","0.45",92
"Copycat","2026-08-15",2,"2026-08-29","Adults","quantile","0.5",95
"Copycat","2026-08-15",2,"2026-08-29","Adults","quantile","0.55",97
"Copycat","2026-08-15",2,"2026-08-29","Adults","quantile","0.6",100
"Copycat","2026-08-15",2,"2026-08-29","Adults","quantile","0.65",102
"Copycat","2026-08-15",2,"2026-08-29","Adults","quantile","0.7",106
"Copycat","2026-08-15",2,"2026-08-29","Adults","quantile","0.75",110
"Copycat","2026-08-15",2,"2026-08-29","Adults","quantile","0.8",116
"Copycat","2026-08-15",2,"2026-08-29","Adults","quantile","0.85",124
"Copycat","2026-08-15",2,"2026-08-29","Adults","quantile","0.9",131
"Copycat","2026-08-15",2,"2026-08-29","Adults","quantile","0.95",146
"Copycat","2026-08-15",2,"2026-08-29","Adults","quantile","0.975",159
"Copycat","2026-08-15",2,"2026-08-29","Adults","quantile","0.99",172
"Copycat","2026-08-15",3,"2026-09-05","Adults","quantile","0.01",54
"Copycat","2026-08-15",3,"2026-09-05","Adults","quantile","0.025",58
"Copycat","2026-08-15",3,"2026-09-05","Adults","quantile","0.05",63
"Copycat","2026-08-15",3,"2026-09-05","Adults","quantile","0.1",69
"Copycat","2026-08-15",3,"2026-09-05","Adults","quantile","0.15",73
"Copycat","2026-08-15",3,"2026-09-05","Adults","quantile","0.2",77
"Copycat","2026-08-15",3,"2026-09-05","Adults","quantile","0.25",79
"Copycat","2026-08-15",3,"2026-09-05","Adults","quantile","0.3",82
"Copycat","2026-08-15",3,"2026-09-05","Adults","quantile","0.35",85
"Copycat","2026-08-15",3,"2026-09-05","Adults","quantile","0.4",87
"Copycat","2026-08-15",3,"2026-09-05","Adults","quantile","0.45",90
"Copycat","2026-08-15",3,"2026-09-05","Adults","quantile","0.5",92
"Copycat","2026-08-15",3,"2026-09-05","Adults","quantile","0.55",95
"Copycat","2026-08-15",3,"2026-09-05","Adults","quantile","0.6",98
"Copycat","2026-08-15",3,"2026-09-05","Adults","quantile","0.65",101
"Copycat","2026-08-15",3,"2026-09-05","Adults","quantile","0.7",104
"Copycat","2026-08-15",3,"2026-09-05","Adults","quantile","0.75",108
"Copycat","2026-08-15",3,"2026-09-05","Adults","quantile","0.8",113
"Copycat","2026-08-15",3,"2026-09-05","Adults","quantile","0.85",120
"Copycat","2026-08-15",3,"2026-09-05","Adults","quantile","0.9",128
"Copycat","2026-08-15",3,"2026-09-05","Adults","quantile","0.95",141
"Copycat","2026-08-15",3,"2026-09-05","Adults","quantile","0.975",152
"Copycat","2026-08-15",3,"2026-09-05","Adults","quantile","0.99",168
"Copycat","2026-08-15",-8,"2026-06-20","Overall","quantile","0.01",190
"Copycat","2026-08-15",-8,"2026-06-20","Overall","quantile","0.025",196
"Copycat","2026-08-15",-8,"2026-06-20","Overall","quantile","0.05",201
"Copycat","2026-08-15",-8,"2026-06-20","Overall","quantile","0.1",207
"Copycat","2026-08-15",-8,"2026-06-20","Overall","quantile","0.15",212
"Copycat","2026-08-15",-8,"2026-06-20","Overall","quantile","0.2",216
"Copycat","2026-08-15",-8,"2026-06-20","Overall","quantile","0.25",218
"Copycat","2026-08-15",-8,"2026-06-20","Overall","quantile","0.3",222
"Copycat","2026-08-15",-8,"2026-06-20","Overall","quantile","0.35",223
"Copycat","2026-08-15",-8,"2026-06-20","Overall","quantile","0.4",226
"Copycat","2026-08-15",-8,"2026-06-20","Overall","quantile","0.45",228
"Copycat","2026-08-15",-8,"2026-06-20","Overall","quantile","0.5",230
"Copycat","2026-08-15",-8,"2026-06-20","Overall","quantile","0.55",233
"Copycat","2026-08-15",-8,"2026-06-20","Overall","quantile","0.6",236
"Copycat","2026-08-15",-8,"2026-06-20","Overall","quantile","0.65",238
"Copycat","2026-08-15",-8,"2026-06-20","Overall","quantile","0.7",241
"Copycat","2026-08-15",-8,"2026-06-20","Overall","quantile","0.75",244
"Copycat","2026-08-15",-8,"2026-06-20","Overall","quantile","0.8",247
"Copycat","2026-08-15",-8,"2026-06-20","Overall","quantile","0.85",251
"Copycat","2026-08-15",-8,"2026-06-20","Overall","quantile","0.9",256
"Copycat","2026-08-15",-8,"2026-06-20","Overall","quantile","0.95",263
"Copycat","2026-08-15",-8,"2026-06-20","Overall","quantile","0.975",270
"Copycat","2026-08-15",-8,"2026-06-20","Overall","quantile","0.99",274
"Copycat","2026-08-15",-7,"2026-06-27","Overall","quantile","0.01",188
"Copycat","2026-08-15",-7,"2026-06-27","Overall","quantile","0.025",193
"Copycat","2026-08-15",-7,"2026-06-27","Overall","quantile","0.05",199
"Copycat","2026-08-15",-7,"2026-06-27","Overall","quantile","0.1",205
"Copycat","2026-08-15",-7,"2026-06-27","Overall","quantile","0.15",210
"Copycat","2026-08-15",-7,"2026-06-27","Overall","quantile","0.2",214
"Copycat","2026-08-15",-7,"2026-06-27","Overall","quantile","0.25",217
"Copycat","2026-08-15",-7,"2026-06-27","Overall","quantile","0.3",220
"Copycat","2026-08-15",-7,"2026-06-27","Overall","quantile","0.35",222
"Copycat","2026-08-15",-7,"2026-06-27","Overall","quantile","0.4",225
"Copycat","2026-08-15",-7,"2026-06-27","Overall","quantile","0.45",228
"Copycat","2026-08-15",-7,"2026-06-27","Overall","quantile","0.5",230
"Copycat","2026-08-15",-7,"2026-06-27","Overall","quantile","0.55",233
"Copycat","2026-08-15",-7,"2026-06-27","Overall","quantile","0.6",236
"Copycat","2026-08-15",-7,"2026-06-27","Overall","quantile","0.65",239
"Copycat","2026-08-15",-7,"2026-06-27","Overall","quantile","0.7",242
"Copycat","2026-08-15",-7,"2026-06-27","Overall","quantile","0.75",247
"Copycat","2026-08-15",-7,"2026-06-27","Overall","quantile","0.8",251
"Copycat","2026-08-15",-7,"2026-06-27","Overall","quantile","0.85",256
"Copycat","2026-08-15",-7,"2026-06-27","Overall","quantile","0.9",262
"Copycat","2026-08-15",-7,"2026-06-27","Overall","quantile","0.95",271
"Copycat","2026-08-15",-7,"2026-06-27","Overall","quantile","0.975",282
"Copycat","2026-08-15",-7,"2026-06-27","Overall","quantile","0.99",291
"Copycat","2026-08-15",-6,"2026-07-04","Overall","quantile","0.01",185
"Copycat","2026-08-15",-6,"2026-07-04","Overall","quantile","0.025",190
"Copycat","2026-08-15",-6,"2026-07-04","Overall","quantile","0.05",195
"Copycat","2026-08-15",-6,"2026-07-04","Overall","quantile","0.1",201
"Copycat","2026-08-15",-6,"2026-07-04","Overall","quantile","0.15",206
"Copycat","2026-08-15",-6,"2026-07-04","Overall","quantile","0.2",211
"Copycat","2026-08-15",-6,"2026-07-04","Overall","quantile","0.25",214
"Copycat","2026-08-15",-6,"2026-07-04","Overall","quantile","0.3",218
"Copycat","2026-08-15",-6,"2026-07-04","Overall","quantile","0.35",220
"Copycat","2026-08-15",-6,"2026-07-04","Overall","quantile","0.4",224
"Copycat","2026-08-15",-6,"2026-07-04","Overall","quantile","0.45",227
"Copycat","2026-08-15",-6,"2026-07-04","Overall","quantile","0.5",230
"Copycat","2026-08-15",-6,"2026-07-04","Overall","quantile","0.55",235
"Copycat","2026-08-15",-6,"2026-07-04","Overall","quantile","0.6",238
"Copycat","2026-08-15",-6,"2026-07-04","Overall","quantile","0.65",242
"Copycat","2026-08-15",-6,"2026-07-04","Overall","quantile","0.7",246
"Copycat","2026-08-15",-6,"2026-07-04","Overall","quantile","0.75",251
"Copycat","2026-08-15",-6,"2026-07-04","Overall","quantile","0.8",257
"Copycat","2026-08-15",-6,"2026-07-04","Overall","quantile","0.85",263
"Copycat","2026-08-15",-6,"2026-07-04","Overall","quantile","0.9",272
"Copycat","2026-08-15",-6,"2026-07-04","Overall","quantile","0.95",289
"Copycat","2026-08-15",-6,"2026-07-04","Overall","quantile","0.975",298
"Copycat","2026-08-15",-6,"2026-07-04","Overall","quantile","0.99",314
"Copycat","2026-08-15",-5,"2026-07-11","Overall","quantile","0.01",178
"Copycat","2026-08-15",-5,"2026-07-11","Overall","quantile","0.025",182
"Copycat","2026-08-15",-5,"2026-07-11","Overall","quantile","0.05",191
"Copycat","2026-08-15",-5,"2026-07-11","Overall","quantile","0.1",199
"Copycat","2026-08-15",-5,"2026-07-11","Overall","quantile","0.15",205
"Copycat","2026-08-15",-5,"2026-07-11","Overall","quantile","0.2",208
"Copycat","2026-08-15",-5,"2026-07-11","Overall","quantile","0.25",212
"Copycat","2026-08-15",-5,"2026-07-11","Overall","quantile","0.3",216
"Copycat","2026-08-15",-5,"2026-07-11","Overall","quantile","0.35",221
"Copycat","2026-08-15",-5,"2026-07-11","Overall","quantile","0.4",223
"Copycat","2026-08-15",-5,"2026-07-11","Overall","quantile","0.45",226
"Copycat","2026-08-15",-5,"2026-07-11","Overall","quantile","0.5",230
"Copycat","2026-08-15",-5,"2026-07-11","Overall","quantile","0.55",235
"Copycat","2026-08-15",-5,"2026-07-11","Overall","quantile","0.6",239
"Copycat","2026-08-15",-5,"2026-07-11","Overall","quantile","0.65",244
"Copycat","2026-08-15",-5,"2026-07-11","Overall","quantile","0.7",248
"Copycat","2026-08-15",-5,"2026-07-11","Overall","quantile","0.75",254
"Copycat","2026-08-15",-5,"2026-07-11","Overall","quantile","0.8",260
"Copycat","2026-08-15",-5,"2026-07-11","Overall","quantile","0.85",269
"Copycat","2026-08-15",-5,"2026-07-11","Overall","quantile","0.9",280
"Copycat","2026-08-15",-5,"2026-07-11","Overall","quantile","0.95",294
"Copycat","2026-08-15",-5,"2026-07-11","Overall","quantile","0.975",312
"Copycat","2026-08-15",-5,"2026-07-11","Overall","quantile","0.99",331
"Copycat","2026-08-15",-4,"2026-07-18","Overall","quantile","0.01",173
"Copycat","2026-08-15",-4,"2026-07-18","Overall","quantile","0.025",180
"Copycat","2026-08-15",-4,"2026-07-18","Overall","quantile","0.05",186
"Copycat","2026-08-15",-4,"2026-07-18","Overall","quantile","0.1",194
"Copycat","2026-08-15",-4,"2026-07-18","Overall","quantile","0.15",200
"Copycat","2026-08-15",-4,"2026-07-18","Overall","quantile","0.2",204
"Copycat","2026-08-15",-4,"2026-07-18","Overall","quantile","0.25",209
"Copycat","2026-08-15",-4,"2026-07-18","Overall","quantile","0.3",213
"Copycat","2026-08-15",-4,"2026-07-18","Overall","quantile","0.35",217
"Copycat","2026-08-15",-4,"2026-07-18","Overall","quantile","0.4",221
"Copycat","2026-08-15",-4,"2026-07-18","Overall","quantile","0.45",226
"Copycat","2026-08-15",-4,"2026-07-18","Overall","quantile","0.5",230
"Copycat","2026-08-15",-4,"2026-07-18","Overall","quantile","0.55",234
"Copycat","2026-08-15",-4,"2026-07-18","Overall","quantile","0.6",237
"Copycat","2026-08-15",-4,"2026-07-18","Overall","quantile","0.65",243
"Copycat","2026-08-15",-4,"2026-07-18","Overall","quantile","0.7",248
"Copycat","2026-08-15",-4,"2026-07-18","Overall","quantile","0.75",254
"Copycat","2026-08-15",-4,"2026-07-18","Overall","quantile","0.8",260
"Copycat","2026-08-15",-4,"2026-07-18","Overall","quantile","0.85",271
"Copycat","2026-08-15",-4,"2026-07-18","Overall","quantile","0.9",290
"Copycat","2026-08-15",-4,"2026-07-18","Overall","quantile","0.95",309
"Copycat","2026-08-15",-4,"2026-07-18","Overall","quantile","0.975",330
"Copycat","2026-08-15",-4,"2026-07-18","Overall","quantile","0.99",349
"Copycat","2026-08-15",-3,"2026-07-25","Overall","quantile","0.01",165
"Copycat","2026-08-15",-3,"2026-07-25","Overall","quantile","0.025",175
"Copycat","2026-08-15",-3,"2026-07-25","Overall","quantile","0.05",182
"Copycat","2026-08-15",-3,"2026-07-25","Overall","quantile","0.1",191
"Copycat","2026-08-15",-3,"2026-07-25","Overall","quantile","0.15",197
"Copycat","2026-08-15",-3,"2026-07-25","Overall","quantile","0.2",202
"Copycat","2026-08-15",-3,"2026-07-25","Overall","quantile","0.25",205
"Copycat","2026-08-15",-3,"2026-07-25","Overall","quantile","0.3",209
"Copycat","2026-08-15",-3,"2026-07-25","Overall","quantile","0.35",214
"Copycat","2026-08-15",-3,"2026-07-25","Overall","quantile","0.4",218
"Copycat","2026-08-15",-3,"2026-07-25","Overall","quantile","0.45",223
"Copycat","2026-08-15",-3,"2026-07-25","Overall","quantile","0.5",227
"Copycat","2026-08-15",-3,"2026-07-25","Overall","quantile","0.55",231
"Copycat","2026-08-15",-3,"2026-07-25","Overall","quantile","0.6",236
"Copycat","2026-08-15",-3,"2026-07-25","Overall","quantile","0.65",242
"Copycat","2026-08-15",-3,"2026-07-25","Overall","quantile","0.7",248
"Copycat","2026-08-15",-3,"2026-07-25","Overall","quantile","0.75",255
"Copycat","2026-08-15",-3,"2026-07-25","Overall","quantile","0.8",265
"Copycat","2026-08-15",-3,"2026-07-25","Overall","quantile","0.85",274
"Copycat","2026-08-15",-3,"2026-07-25","Overall","quantile","0.9",290
"Copycat","2026-08-15",-3,"2026-07-25","Overall","quantile","0.95",316
"Copycat","2026-08-15",-3,"2026-07-25","Overall","quantile","0.975",339
"Copycat","2026-08-15",-3,"2026-07-25","Overall","quantile","0.99",361
"Copycat","2026-08-15",-2,"2026-08-01","Overall","quantile","0.01",161
"Copycat","2026-08-15",-2,"2026-08-01","Overall","quantile","0.025",169
"Copycat","2026-08-15",-2,"2026-08-01","Overall","quantile","0.05",176
"Copycat","2026-08-15",-2,"2026-08-01","Overall","quantile","0.1",185
"Copycat","2026-08-15",-2,"2026-08-01","Overall","quantile","0.15",190
"Copycat","2026-08-15",-2,"2026-08-01","Overall","quantile","0.2",197
"Copycat","2026-08-15",-2,"2026-08-01","Overall","quantile","0.25",202
"Copycat","2026-08-15",-2,"2026-08-01","Overall","quantile","0.3",207
"Copycat","2026-08-15",-2,"2026-08-01","Overall","quantile","0.35",210
"Copycat","2026-08-15",-2,"2026-08-01","Overall","quantile","0.4",214
"Copycat","2026-08-15",-2,"2026-08-01","Overall","quantile","0.45",220
"Copycat","2026-08-15",-2,"2026-08-01","Overall","quantile","0.5",224
"Copycat","2026-08-15",-2,"2026-08-01","Overall","quantile","0.55",229
"Copycat","2026-08-15",-2,"2026-08-01","Overall","quantile","0.6",236
"Copycat","2026-08-15",-2,"2026-08-01","Overall","quantile","0.65",241
"Copycat","2026-08-15",-2,"2026-08-01","Overall","quantile","0.7",247
"Copycat","2026-08-15",-2,"2026-08-01","Overall","quantile","0.75",255
"Copycat","2026-08-15",-2,"2026-08-01","Overall","quantile","0.8",265
"Copycat","2026-08-15",-2,"2026-08-01","Overall","quantile","0.85",277
"Copycat","2026-08-15",-2,"2026-08-01","Overall","quantile","0.9",295
"Copycat","2026-08-15",-2,"2026-08-01","Overall","quantile","0.95",324
"Copycat","2026-08-15",-2,"2026-08-01","Overall","quantile","0.975",347
"Copycat","2026-08-15",-2,"2026-08-01","Overall","quantile","0.99",383
"Copycat","2026-08-15",-1,"2026-08-08","Overall","quantile","0.01",154
"Copycat","2026-08-15",-1,"2026-08-08","Overall","quantile","0.025",162
"Copycat","2026-08-15",-1,"2026-08-08","Overall","quantile","0.05",171
"Copycat","2026-08-15",-1,"2026-08-08","Overall","quantile","0.1",182
"Copycat","2026-08-15",-1,"2026-08-08","Overall","quantile","0.15",187
"Copycat","2026-08-15",-1,"2026-08-08","Overall","quantile","0.2",193
"Copycat","2026-08-15",-1,"2026-08-08","Overall","quantile","0.25",197
"Copycat","2026-08-15",-1,"2026-08-08","Overall","quantile","0.3",202
"Copycat","2026-08-15",-1,"2026-08-08","Overall","quantile","0.35",206
"Copycat","2026-08-15",-1,"2026-08-08","Overall","quantile","0.4",211
"Copycat","2026-08-15",-1,"2026-08-08","Overall","quantile","0.45",216
"Copycat","2026-08-15",-1,"2026-08-08","Overall","quantile","0.5",221
"Copycat","2026-08-15",-1,"2026-08-08","Overall","quantile","0.55",226
"Copycat","2026-08-15",-1,"2026-08-08","Overall","quantile","0.6",232
"Copycat","2026-08-15",-1,"2026-08-08","Overall","quantile","0.65",239
"Copycat","2026-08-15",-1,"2026-08-08","Overall","quantile","0.7",246
"Copycat","2026-08-15",-1,"2026-08-08","Overall","quantile","0.75",254
"Copycat","2026-08-15",-1,"2026-08-08","Overall","quantile","0.8",266
"Copycat","2026-08-15",-1,"2026-08-08","Overall","quantile","0.85",280
"Copycat","2026-08-15",-1,"2026-08-08","Overall","quantile","0.9",293
"Copycat","2026-08-15",-1,"2026-08-08","Overall","quantile","0.95",322
"Copycat","2026-08-15",-1,"2026-08-08","Overall","quantile","0.975",358
"Copycat","2026-08-15",-1,"2026-08-08","Overall","quantile","0.99",394
"Copycat","2026-08-15",0,"2026-08-15","Overall","quantile","0.01",145
"Copycat","2026-08-15",0,"2026-08-15","Overall","quantile","0.025",156
"Copycat","2026-08-15",0,"2026-08-15","Overall","quantile","0.05",168
"Copycat","2026-08-15",0,"2026-08-15","Overall","quantile","0.1",175
"Copycat","2026-08-15",0,"2026-08-15","Overall","quantile","0.15",184
"Copycat","2026-08-15",0,"2026-08-15","Overall","quantile","0.2",190
"Copycat","2026-08-15",0,"2026-08-15","Overall","quantile","0.25",195
"Copycat","2026-08-15",0,"2026-08-15","Overall","quantile","0.3",199
"Copycat","2026-08-15",0,"2026-08-15","Overall","quantile","0.35",203
"Copycat","2026-08-15",0,"2026-08-15","Overall","quantile","0.4",207
"Copycat","2026-08-15",0,"2026-08-15","Overall","quantile","0.45",213
"Copycat","2026-08-15",0,"2026-08-15","Overall","quantile","0.5",218
"Copycat","2026-08-15",0,"2026-08-15","Overall","quantile","0.55",223
"Copycat","2026-08-15",0,"2026-08-15","Overall","quantile","0.6",228
"Copycat","2026-08-15",0,"2026-08-15","Overall","quantile","0.65",233
"Copycat","2026-08-15",0,"2026-08-15","Overall","quantile","0.7",237
"Copycat","2026-08-15",0,"2026-08-15","Overall","quantile","0.75",248
"Copycat","2026-08-15",0,"2026-08-15","Overall","quantile","0.8",260
"Copycat","2026-08-15",0,"2026-08-15","Overall","quantile","0.85",273
"Copycat","2026-08-15",0,"2026-08-15","Overall","quantile","0.9",293
"Copycat","2026-08-15",0,"2026-08-15","Overall","quantile","0.95",328
"Copycat","2026-08-15",0,"2026-08-15","Overall","quantile","0.975",359
"Copycat","2026-08-15",0,"2026-08-15","Overall","quantile","0.99",387
"Copycat","2026-08-15",1,"2026-08-22","Overall","quantile","0.01",142
"Copycat","2026-08-15",1,"2026-08-22","Overall","quantile","0.025",154
"Copycat","2026-08-15",1,"2026-08-22","Overall","quantile","0.05",160
"Copycat","2026-08-15",1,"2026-08-22","Overall","quantile","0.1",168
"Copycat","2026-08-15",1,"2026-08-22","Overall","quantile","0.15",179
"Copycat","2026-08-15",1,"2026-08-22","Overall","quantile","0.2",185
"Copycat","2026-08-15",1,"2026-08-22","Overall","quantile","0.25",191
"Copycat","2026-08-15",1,"2026-08-22","Overall","quantile","0.3",196
"Copycat","2026-08-15",1,"2026-08-22","Overall","quantile","0.35",201
"Copycat","2026-08-15",1,"2026-08-22","Overall","quantile","0.4",205
"Copycat","2026-08-15",1,"2026-08-22","Overall","quantile","0.45",209
"Copycat","2026-08-15",1,"2026-08-22","Overall","quantile","0.5",214
"Copycat","2026-08-15",1,"2026-08-22","Overall","quantile","0.55",219
"Copycat","2026-08-15",1,"2026-08-22","Overall","quantile","0.6",222
"Copycat","2026-08-15",1,"2026-08-22","Overall","quantile","0.65",227
"Copycat","2026-08-15",1,"2026-08-22","Overall","quantile","0.7",235
"Copycat","2026-08-15",1,"2026-08-22","Overall","quantile","0.75",241
"Copycat","2026-08-15",1,"2026-08-22","Overall","quantile","0.8",253
"Copycat","2026-08-15",1,"2026-08-22","Overall","quantile","0.85",269
"Copycat","2026-08-15",1,"2026-08-22","Overall","quantile","0.9",288
"Copycat","2026-08-15",1,"2026-08-22","Overall","quantile","0.95",321
"Copycat","2026-08-15",1,"2026-08-22","Overall","quantile","0.975",351
"Copycat","2026-08-15",1,"2026-08-22","Overall","quantile","0.99",394
"Copycat","2026-08-15",2,"2026-08-29","Overall","quantile","0.01",138
"Copycat","2026-08-15",2,"2026-08-29","Overall","quantile","0.025",146
"Copycat","2026-08-15",2,"2026-08-29","Overall","quantile","0.05",155
"Copycat","2026-08-15",2,"2026-08-29","Overall","quantile","0.1",165
"Copycat","2026-08-15",2,"2026-08-29","Overall","quantile","0.15",172
"Copycat","2026-08-15",2,"2026-08-29","Overall","quantile","0.2",179
"Copycat","2026-08-15",2,"2026-08-29","Overall","quantile","0.25",184
"Copycat","2026-08-15",2,"2026-08-29","Overall","quantile","0.3",188
"Copycat","2026-08-15",2,"2026-08-29","Overall","quantile","0.35",194
"Copycat","2026-08-15",2,"2026-08-29","Overall","quantile","0.4",199
"Copycat","2026-08-15",2,"2026-08-29","Overall","quantile","0.45",203
"Copycat","2026-08-15",2,"2026-08-29","Overall","quantile","0.5",207
"Copycat","2026-08-15",2,"2026-08-29","Overall","quantile","0.55",212
"Copycat","2026-08-15",2,"2026-08-29","Overall","quantile","0.6",218
"Copycat","2026-08-15",2,"2026-08-29","Overall","quantile","0.65",226
"Copycat","2026-08-15",2,"2026-08-29","Overall","quantile","0.7",232
"Copycat","2026-08-15",2,"2026-08-29","Overall","quantile","0.75",240
"Copycat","2026-08-15",2,"2026-08-29","Overall","quantile","0.8",250
"Copycat","2026-08-15",2,"2026-08-29","Overall","quantile","0.85",263
"Copycat","2026-08-15",2,"2026-08-29","Overall","quantile","0.9",281
"Copycat","2026-08-15",2,"2026-08-29","Overall","quantile","0.95",315
"Copycat","2026-08-15",2,"2026-08-29","Overall","quantile","0.975",348
"Copycat","2026-08-15",2,"2026-08-29","Overall","quantile","0.99",401
"Copycat","2026-08-15",3,"2026-09-05","Overall","quantile","0.01",136
"Copycat","2026-08-15",3,"2026-09-05","Overall","quantile","0.025",141
"Copycat","2026-08-15",3,"2026-09-05","Overall","quantile","0.05",150
"Copycat","2026-08-15",3,"2026-09-05","Overall","quantile","0.1",160
"Copycat","2026-08-15",3,"2026-09-05","Overall","quantile","0.15",169
"Copycat","2026-08-15",3,"2026-09-05","Overall","quantile","0.2",175
"Copycat","2026-08-15",3,"2026-09-05","Overall","quantile","0.25",180
"Copycat","2026-08-15",3,"2026-09-05","Overall","quantile","0.3",186
"Copycat","2026-08-15",3,"2026-09-05","Overall","quantile","0.35",190
"Copycat","2026-08-15",3,"2026-09-05","Overall","quantile","0.4",194
"Copycat","2026-08-15",3,"2026-09-05","Overall","quantile","0.45",200
"Copycat","2026-08-15",3,"2026-09-05","Overall","quantile","0.5",205
"Copycat","2026-08-15",3,"2026-09-05","Overall","quantile","0.55",209
"Copycat","2026-08-15",3,"2026-09-05","Overall","quantile","0.6",214
"Copycat","2026-08-15",3,"2026-09-05","Overall","quantile","0.65",223
"Copycat","2026-08-15",3,"2026-09-05","Overall","quantile","0.7",231
"Copycat","2026-08-15",3,"2026-09-05","Overall","quantile","0.75",239
"Copycat","2026-08-15",3,"2026-09-05","Overall","quantile","0.8",248
"Copycat","2026-08-15",3,"2026-09-05","Overall","quantile","0.85",259
"Copycat","2026-08-15",3,"2026-09-05","Overall","quantile","0.9",274
"Copycat","2026-08-15",3,"2026-09-05","Overall","quantile","0.95",306
"Copycat","2026-08-15",3,"2026-09-05","Overall","quantile","0.975",341
"Copycat","2026-08-15",3,"2026-09-05","Overall","quantile","0.99",395
"Copycat","2026-08-15",-8,"2026-06-20","Pediatrics","quantile","0.01",101
"Copycat","2026-08-15",-8,"2026-06-20","Pediatrics","quantile","0.025",105
"Copycat","2026-08-15",-8,"2026-06-20","Pediatrics","quantile","0.05",108
"Copycat","2026-08-15",-8,"2026-06-20","Pediatrics","quantile","0.1",112
"Copycat","2026-08-15",-8,"2026-06-20","Pediatrics","quantile","0.15",115
"Copycat","2026-08-15",-8,"2026-06-20","Pediatrics","quantile","0.2",117
"Copycat","2026-08-15",-8,"2026-06-20","Pediatrics","quantile","0.25",119
"Copycat","2026-08-15",-8,"2026-06-20","Pediatrics","quantile","0.3",121
"Copycat","2026-08-15",-8,"2026-06-20","Pediatrics","quantile","0.35",123
"Copycat","2026-08-15",-8,"2026-06-20","Pediatrics","quantile","0.4",125
"Copycat","2026-08-15",-8,"2026-06-20","Pediatrics","quantile","0.45",126
"Copycat","2026-08-15",-8,"2026-06-20","Pediatrics","quantile","0.5",127
"Copycat","2026-08-15",-8,"2026-06-20","Pediatrics","quantile","0.55",129
"Copycat","2026-08-15",-8,"2026-06-20","Pediatrics","quantile","0.6",130
"Copycat","2026-08-15",-8,"2026-06-20","Pediatrics","quantile","0.65",132
"Copycat","2026-08-15",-8,"2026-06-20","Pediatrics","quantile","0.7",133
"Copycat","2026-08-15",-8,"2026-06-20","Pediatrics","quantile","0.75",135
"Copycat","2026-08-15",-8,"2026-06-20","Pediatrics","quantile","0.8",137
"Copycat","2026-08-15",-8,"2026-06-20","Pediatrics","quantile","0.85",140
"Copycat","2026-08-15",-8,"2026-06-20","Pediatrics","quantile","0.9",143
"Copycat","2026-08-15",-8,"2026-06-20","Pediatrics","quantile","0.95",149
"Copycat","2026-08-15",-8,"2026-06-20","Pediatrics","quantile","0.975",154
"Copycat","2026-08-15",-8,"2026-06-20","Pediatrics","quantile","0.99",161
"Copycat","2026-08-15",-7,"2026-06-27","Pediatrics","quantile","0.01",97
"Copycat","2026-08-15",-7,"2026-06-27","Pediatrics","quantile","0.025",102
"Copycat","2026-08-15",-7,"2026-06-27","Pediatrics","quantile","0.05",106
"Copycat","2026-08-15",-7,"2026-06-27","Pediatrics","quantile","0.1",110
"Copycat","2026-08-15",-7,"2026-06-27","Pediatrics","quantile","0.15",114
"Copycat","2026-08-15",-7,"2026-06-27","Pediatrics","quantile","0.2",117
"Copycat","2026-08-15",-7,"2026-06-27","Pediatrics","quantile","0.25",119
"Copycat","2026-08-15",-7,"2026-06-27","Pediatrics","quantile","0.3",121
"Copycat","2026-08-15",-7,"2026-06-27","Pediatrics","quantile","0.35",123
"Copycat","2026-08-15",-7,"2026-06-27","Pediatrics","quantile","0.4",125
"Copycat","2026-08-15",-7,"2026-06-27","Pediatrics","quantile","0.45",127
"Copycat","2026-08-15",-7,"2026-06-27","Pediatrics","quantile","0.5",128
"Copycat","2026-08-15",-7,"2026-06-27","Pediatrics","quantile","0.55",130
"Copycat","2026-08-15",-7,"2026-06-27","Pediatrics","quantile","0.6",132
"Copycat","2026-08-15",-7,"2026-06-27","Pediatrics","quantile","0.65",134
"Copycat","2026-08-15",-7,"2026-06-27","Pediatrics","quantile","0.7",136
"Copycat","2026-08-15",-7,"2026-06-27","Pediatrics","quantile","0.75",138
"Copycat","2026-08-15",-7,"2026-06-27","Pediatrics","quantile","0.8",141
"Copycat","2026-08-15",-7,"2026-06-27","Pediatrics","quantile","0.85",143
"Copycat","2026-08-15",-7,"2026-06-27","Pediatrics","quantile","0.9",147
"Copycat","2026-08-15",-7,"2026-06-27","Pediatrics","quantile","0.95",154
"Copycat","2026-08-15",-7,"2026-06-27","Pediatrics","quantile","0.975",159
"Copycat","2026-08-15",-7,"2026-06-27","Pediatrics","quantile","0.99",165
"Copycat","2026-08-15",-6,"2026-07-04","Pediatrics","quantile","0.01",98
"Copycat","2026-08-15",-6,"2026-07-04","Pediatrics","quantile","0.025",100
"Copycat","2026-08-15",-6,"2026-07-04","Pediatrics","quantile","0.05",104
"Copycat","2026-08-15",-6,"2026-07-04","Pediatrics","quantile","0.1",109
"Copycat","2026-08-15",-6,"2026-07-04","Pediatrics","quantile","0.15",112
"Copycat","2026-08-15",-6,"2026-07-04","Pediatrics","quantile","0.2",115
"Copycat","2026-08-15",-6,"2026-07-04","Pediatrics","quantile","0.25",117
"Copycat","2026-08-15",-6,"2026-07-04","Pediatrics","quantile","0.3",119
"Copycat","2026-08-15",-6,"2026-07-04","Pediatrics","quantile","0.35",121
"Copycat","2026-08-15",-6,"2026-07-04","Pediatrics","quantile","0.4",123
"Copycat","2026-08-15",-6,"2026-07-04","Pediatrics","quantile","0.45",125
"Copycat","2026-08-15",-6,"2026-07-04","Pediatrics","quantile","0.5",127
"Copycat","2026-08-15",-6,"2026-07-04","Pediatrics","quantile","0.55",130
"Copycat","2026-08-15",-6,"2026-07-04","Pediatrics","quantile","0.6",132
"Copycat","2026-08-15",-6,"2026-07-04","Pediatrics","quantile","0.65",135
"Copycat","2026-08-15",-6,"2026-07-04","Pediatrics","quantile","0.7",138
"Copycat","2026-08-15",-6,"2026-07-04","Pediatrics","quantile","0.75",140
"Copycat","2026-08-15",-6,"2026-07-04","Pediatrics","quantile","0.8",143
"Copycat","2026-08-15",-6,"2026-07-04","Pediatrics","quantile","0.85",149
"Copycat","2026-08-15",-6,"2026-07-04","Pediatrics","quantile","0.9",154
"Copycat","2026-08-15",-6,"2026-07-04","Pediatrics","quantile","0.95",162
"Copycat","2026-08-15",-6,"2026-07-04","Pediatrics","quantile","0.975",169
"Copycat","2026-08-15",-6,"2026-07-04","Pediatrics","quantile","0.99",176
"Copycat","2026-08-15",-5,"2026-07-11","Pediatrics","quantile","0.01",93
"Copycat","2026-08-15",-5,"2026-07-11","Pediatrics","quantile","0.025",99
"Copycat","2026-08-15",-5,"2026-07-11","Pediatrics","quantile","0.05",102
"Copycat","2026-08-15",-5,"2026-07-11","Pediatrics","quantile","0.1",108
"Copycat","2026-08-15",-5,"2026-07-11","Pediatrics","quantile","0.15",111
"Copycat","2026-08-15",-5,"2026-07-11","Pediatrics","quantile","0.2",114
"Copycat","2026-08-15",-5,"2026-07-11","Pediatrics","quantile","0.25",116
"Copycat","2026-08-15",-5,"2026-07-11","Pediatrics","quantile","0.3",119
"Copycat","2026-08-15",-5,"2026-07-11","Pediatrics","quantile","0.35",121
"Copycat","2026-08-15",-5,"2026-07-11","Pediatrics","quantile","0.4",124
"Copycat","2026-08-15",-5,"2026-07-11","Pediatrics","quantile","0.45",127
"Copycat","2026-08-15",-5,"2026-07-11","Pediatrics","quantile","0.5",128
"Copycat","2026-08-15",-5,"2026-07-11","Pediatrics","quantile","0.55",131
"Copycat","2026-08-15",-5,"2026-07-11","Pediatrics","quantile","0.6",133
"Copycat","2026-08-15",-5,"2026-07-11","Pediatrics","quantile","0.65",136
"Copycat","2026-08-15",-5,"2026-07-11","Pediatrics","quantile","0.7",139
"Copycat","2026-08-15",-5,"2026-07-11","Pediatrics","quantile","0.75",142
"Copycat","2026-08-15",-5,"2026-07-11","Pediatrics","quantile","0.8",146
"Copycat","2026-08-15",-5,"2026-07-11","Pediatrics","quantile","0.85",151
"Copycat","2026-08-15",-5,"2026-07-11","Pediatrics","quantile","0.9",156
"Copycat","2026-08-15",-5,"2026-07-11","Pediatrics","quantile","0.95",167
"Copycat","2026-08-15",-5,"2026-07-11","Pediatrics","quantile","0.975",176
"Copycat","2026-08-15",-5,"2026-07-11","Pediatrics","quantile","0.99",182
"Copycat","2026-08-15",-4,"2026-07-18","Pediatrics","quantile","0.01",93
"Copycat","2026-08-15",-4,"2026-07-18","Pediatrics","quantile","0.025",96
"Copycat","2026-08-15",-4,"2026-07-18","Pediatrics","quantile","0.05",100
"Copycat","2026-08-15",-4,"2026-07-18","Pediatrics","quantile","0.1",106
"Copycat","2026-08-15",-4,"2026-07-18","Pediatrics","quantile","0.15",109
"Copycat","2026-08-15",-4,"2026-07-18","Pediatrics","quantile","0.2",112
"Copycat","2026-08-15",-4,"2026-07-18","Pediatrics","quantile","0.25",115
"Copycat","2026-08-15",-4,"2026-07-18","Pediatrics","quantile","0.3",117
"Copycat","2026-08-15",-4,"2026-07-18","Pediatrics","quantile","0.35",119
"Copycat","2026-08-15",-4,"2026-07-18","Pediatrics","quantile","0.4",121
"Copycat","2026-08-15",-4,"2026-07-18","Pediatrics","quantile","0.45",124
"Copycat","2026-08-15",-4,"2026-07-18","Pediatrics","quantile","0.5",126
"Copycat","2026-08-15",-4,"2026-07-18","Pediatrics","quantile","0.55",129
"Copycat","2026-08-15",-4,"2026-07-18","Pediatrics","quantile","0.6",132
"Copycat","2026-08-15",-4,"2026-07-18","Pediatrics","quantile","0.65",135
"Copycat","2026-08-15",-4,"2026-07-18","Pediatrics","quantile","0.7",138
"Copycat","2026-08-15",-4,"2026-07-18","Pediatrics","quantile","0.75",143
"Copycat","2026-08-15",-4,"2026-07-18","Pediatrics","quantile","0.8",147
"Copycat","2026-08-15",-4,"2026-07-18","Pediatrics","quantile","0.85",153
"Copycat","2026-08-15",-4,"2026-07-18","Pediatrics","quantile","0.9",161
"Copycat","2026-08-15",-4,"2026-07-18","Pediatrics","quantile","0.95",173
"Copycat","2026-08-15",-4,"2026-07-18","Pediatrics","quantile","0.975",181
"Copycat","2026-08-15",-4,"2026-07-18","Pediatrics","quantile","0.99",192
"Copycat","2026-08-15",-3,"2026-07-25","Pediatrics","quantile","0.01",86
"Copycat","2026-08-15",-3,"2026-07-25","Pediatrics","quantile","0.025",92
"Copycat","2026-08-15",-3,"2026-07-25","Pediatrics","quantile","0.05",98
"Copycat","2026-08-15",-3,"2026-07-25","Pediatrics","quantile","0.1",103
"Copycat","2026-08-15",-3,"2026-07-25","Pediatrics","quantile","0.15",107
"Copycat","2026-08-15",-3,"2026-07-25","Pediatrics","quantile","0.2",110
"Copycat","2026-08-15",-3,"2026-07-25","Pediatrics","quantile","0.25",113
"Copycat","2026-08-15",-3,"2026-07-25","Pediatrics","quantile","0.3",116
"Copycat","2026-08-15",-3,"2026-07-25","Pediatrics","quantile","0.35",119
"Copycat","2026-08-15",-3,"2026-07-25","Pediatrics","quantile","0.4",121
"Copycat","2026-08-15",-3,"2026-07-25","Pediatrics","quantile","0.45",124
"Copycat","2026-08-15",-3,"2026-07-25","Pediatrics","quantile","0.5",127
"Copycat","2026-08-15",-3,"2026-07-25","Pediatrics","quantile","0.55",130
"Copycat","2026-08-15",-3,"2026-07-25","Pediatrics","quantile","0.6",132
"Copycat","2026-08-15",-3,"2026-07-25","Pediatrics","quantile","0.65",135
"Copycat","2026-08-15",-3,"2026-07-25","Pediatrics","quantile","0.7",139
"Copycat","2026-08-15",-3,"2026-07-25","Pediatrics","quantile","0.75",143
"Copycat","2026-08-15",-3,"2026-07-25","Pediatrics","quantile","0.8",148
"Copycat","2026-08-15",-3,"2026-07-25","Pediatrics","quantile","0.85",155
"Copycat","2026-08-15",-3,"2026-07-25","Pediatrics","quantile","0.9",162
"Copycat","2026-08-15",-3,"2026-07-25","Pediatrics","quantile","0.95",175
"Copycat","2026-08-15",-3,"2026-07-25","Pediatrics","quantile","0.975",188
"Copycat","2026-08-15",-3,"2026-07-25","Pediatrics","quantile","0.99",197
"Copycat","2026-08-15",-2,"2026-08-01","Pediatrics","quantile","0.01",86
"Copycat","2026-08-15",-2,"2026-08-01","Pediatrics","quantile","0.025",92
"Copycat","2026-08-15",-2,"2026-08-01","Pediatrics","quantile","0.05",96
"Copycat","2026-08-15",-2,"2026-08-01","Pediatrics","quantile","0.1",101
"Copycat","2026-08-15",-2,"2026-08-01","Pediatrics","quantile","0.15",106
"Copycat","2026-08-15",-2,"2026-08-01","Pediatrics","quantile","0.2",108
"Copycat","2026-08-15",-2,"2026-08-01","Pediatrics","quantile","0.25",111
"Copycat","2026-08-15",-2,"2026-08-01","Pediatrics","quantile","0.3",114
"Copycat","2026-08-15",-2,"2026-08-01","Pediatrics","quantile","0.35",117
"Copycat","2026-08-15",-2,"2026-08-01","Pediatrics","quantile","0.4",120
"Copycat","2026-08-15",-2,"2026-08-01","Pediatrics","quantile","0.45",123
"Copycat","2026-08-15",-2,"2026-08-01","Pediatrics","quantile","0.5",125
"Copycat","2026-08-15",-2,"2026-08-01","Pediatrics","quantile","0.55",128
"Copycat","2026-08-15",-2,"2026-08-01","Pediatrics","quantile","0.6",131
"Copycat","2026-08-15",-2,"2026-08-01","Pediatrics","quantile","0.65",135
"Copycat","2026-08-15",-2,"2026-08-01","Pediatrics","quantile","0.7",140
"Copycat","2026-08-15",-2,"2026-08-01","Pediatrics","quantile","0.75",143
"Copycat","2026-08-15",-2,"2026-08-01","Pediatrics","quantile","0.8",149
"Copycat","2026-08-15",-2,"2026-08-01","Pediatrics","quantile","0.85",156
"Copycat","2026-08-15",-2,"2026-08-01","Pediatrics","quantile","0.9",164
"Copycat","2026-08-15",-2,"2026-08-01","Pediatrics","quantile","0.95",176
"Copycat","2026-08-15",-2,"2026-08-01","Pediatrics","quantile","0.975",189
"Copycat","2026-08-15",-2,"2026-08-01","Pediatrics","quantile","0.99",203
"Copycat","2026-08-15",-1,"2026-08-08","Pediatrics","quantile","0.01",82
"Copycat","2026-08-15",-1,"2026-08-08","Pediatrics","quantile","0.025",88
"Copycat","2026-08-15",-1,"2026-08-08","Pediatrics","quantile","0.05",93
"Copycat","2026-08-15",-1,"2026-08-08","Pediatrics","quantile","0.1",98
"Copycat","2026-08-15",-1,"2026-08-08","Pediatrics","quantile","0.15",103
"Copycat","2026-08-15",-1,"2026-08-08","Pediatrics","quantile","0.2",107
"Copycat","2026-08-15",-1,"2026-08-08","Pediatrics","quantile","0.25",110
"Copycat","2026-08-15",-1,"2026-08-08","Pediatrics","quantile","0.3",113
"Copycat","2026-08-15",-1,"2026-08-08","Pediatrics","quantile","0.35",116
"Copycat","2026-08-15",-1,"2026-08-08","Pediatrics","quantile","0.4",119
"Copycat","2026-08-15",-1,"2026-08-08","Pediatrics","quantile","0.45",121
"Copycat","2026-08-15",-1,"2026-08-08","Pediatrics","quantile","0.5",124
"Copycat","2026-08-15",-1,"2026-08-08","Pediatrics","quantile","0.55",127
"Copycat","2026-08-15",-1,"2026-08-08","Pediatrics","quantile","0.6",130
"Copycat","2026-08-15",-1,"2026-08-08","Pediatrics","quantile","0.65",133
"Copycat","2026-08-15",-1,"2026-08-08","Pediatrics","quantile","0.7",138
"Copycat","2026-08-15",-1,"2026-08-08","Pediatrics","quantile","0.75",143
"Copycat","2026-08-15",-1,"2026-08-08","Pediatrics","quantile","0.8",148
"Copycat","2026-08-15",-1,"2026-08-08","Pediatrics","quantile","0.85",155
"Copycat","2026-08-15",-1,"2026-08-08","Pediatrics","quantile","0.9",167
"Copycat","2026-08-15",-1,"2026-08-08","Pediatrics","quantile","0.95",183
"Copycat","2026-08-15",-1,"2026-08-08","Pediatrics","quantile","0.975",193
"Copycat","2026-08-15",-1,"2026-08-08","Pediatrics","quantile","0.99",202
"Copycat","2026-08-15",0,"2026-08-15","Pediatrics","quantile","0.01",81
"Copycat","2026-08-15",0,"2026-08-15","Pediatrics","quantile","0.025",84
"Copycat","2026-08-15",0,"2026-08-15","Pediatrics","quantile","0.05",88
"Copycat","2026-08-15",0,"2026-08-15","Pediatrics","quantile","0.1",94
"Copycat","2026-08-15",0,"2026-08-15","Pediatrics","quantile","0.15",99
"Copycat","2026-08-15",0,"2026-08-15","Pediatrics","quantile","0.2",102
"Copycat","2026-08-15",0,"2026-08-15","Pediatrics","quantile","0.25",106
"Copycat","2026-08-15",0,"2026-08-15","Pediatrics","quantile","0.3",109
"Copycat","2026-08-15",0,"2026-08-15","Pediatrics","quantile","0.35",112
"Copycat","2026-08-15",0,"2026-08-15","Pediatrics","quantile","0.4",116
"Copycat","2026-08-15",0,"2026-08-15","Pediatrics","quantile","0.45",118
"Copycat","2026-08-15",0,"2026-08-15","Pediatrics","quantile","0.5",122
"Copycat","2026-08-15",0,"2026-08-15","Pediatrics","quantile","0.55",124
"Copycat","2026-08-15",0,"2026-08-15","Pediatrics","quantile","0.6",127
"Copycat","2026-08-15",0,"2026-08-15","Pediatrics","quantile","0.65",131
"Copycat","2026-08-15",0,"2026-08-15","Pediatrics","quantile","0.7",135
"Copycat","2026-08-15",0,"2026-08-15","Pediatrics","quantile","0.75",141
"Copycat","2026-08-15",0,"2026-08-15","Pediatrics","quantile","0.8",148
"Copycat","2026-08-15",0,"2026-08-15","Pediatrics","quantile","0.85",154
"Copycat","2026-08-15",0,"2026-08-15","Pediatrics","quantile","0.9",164
"Copycat","2026-08-15",0,"2026-08-15","Pediatrics","quantile","0.95",181
"Copycat","2026-08-15",0,"2026-08-15","Pediatrics","quantile","0.975",192
"Copycat","2026-08-15",0,"2026-08-15","Pediatrics","quantile","0.99",202
"Copycat","2026-08-15",1,"2026-08-22","Pediatrics","quantile","0.01",74
"Copycat","2026-08-15",1,"2026-08-22","Pediatrics","quantile","0.025",83
"Copycat","2026-08-15",1,"2026-08-22","Pediatrics","quantile","0.05",87
"Copycat","2026-08-15",1,"2026-08-22","Pediatrics","quantile","0.1",93
"Copycat","2026-08-15",1,"2026-08-22","Pediatrics","quantile","0.15",98
"Copycat","2026-08-15",1,"2026-08-22","Pediatrics","quantile","0.2",101
"Copycat","2026-08-15",1,"2026-08-22","Pediatrics","quantile","0.25",105
"Copycat","2026-08-15",1,"2026-08-22","Pediatrics","quantile","0.3",107
"Copycat","2026-08-15",1,"2026-08-22","Pediatrics","quantile","0.35",111
"Copycat","2026-08-15",1,"2026-08-22","Pediatrics","quantile","0.4",114
"Copycat","2026-08-15",1,"2026-08-22","Pediatrics","quantile","0.45",116
"Copycat","2026-08-15",1,"2026-08-22","Pediatrics","quantile","0.5",119
"Copycat","2026-08-15",1,"2026-08-22","Pediatrics","quantile","0.55",123
"Copycat","2026-08-15",1,"2026-08-22","Pediatrics","quantile","0.6",126
"Copycat","2026-08-15",1,"2026-08-22","Pediatrics","quantile","0.65",130
"Copycat","2026-08-15",1,"2026-08-22","Pediatrics","quantile","0.7",134
"Copycat","2026-08-15",1,"2026-08-22","Pediatrics","quantile","0.75",140
"Copycat","2026-08-15",1,"2026-08-22","Pediatrics","quantile","0.8",144
"Copycat","2026-08-15",1,"2026-08-22","Pediatrics","quantile","0.85",152
"Copycat","2026-08-15",1,"2026-08-22","Pediatrics","quantile","0.9",161
"Copycat","2026-08-15",1,"2026-08-22","Pediatrics","quantile","0.95",174
"Copycat","2026-08-15",1,"2026-08-22","Pediatrics","quantile","0.975",190
"Copycat","2026-08-15",1,"2026-08-22","Pediatrics","quantile","0.99",208
"Copycat","2026-08-15",2,"2026-08-29","Pediatrics","quantile","0.01",69
"Copycat","2026-08-15",2,"2026-08-29","Pediatrics","quantile","0.025",78
"Copycat","2026-08-15",2,"2026-08-29","Pediatrics","quantile","0.05",83
"Copycat","2026-08-15",2,"2026-08-29","Pediatrics","quantile","0.1",89
"Copycat","2026-08-15",2,"2026-08-29","Pediatrics","quantile","0.15",94
"Copycat","2026-08-15",2,"2026-08-29","Pediatrics","quantile","0.2",98
"Copycat","2026-08-15",2,"2026-08-29","Pediatrics","quantile","0.25",101
"Copycat","2026-08-15",2,"2026-08-29","Pediatrics","quantile","0.3",105
"Copycat","2026-08-15",2,"2026-08-29","Pediatrics","quantile","0.35",109
"Copycat","2026-08-15",2,"2026-08-29","Pediatrics","quantile","0.4",111
"Copycat","2026-08-15",2,"2026-08-29","Pediatrics","quantile","0.45",114
"Copycat","2026-08-15",2,"2026-08-29","Pediatrics","quantile","0.5",117
"Copycat","2026-08-15",2,"2026-08-29","Pediatrics","quantile","0.55",121
"Copycat","2026-08-15",2,"2026-08-29","Pediatrics","quantile","0.6",125
"Copycat","2026-08-15",2,"2026-08-29","Pediatrics","quantile","0.65",127
"Copycat","2026-08-15",2,"2026-08-29","Pediatrics","quantile","0.7",132
"Copycat","2026-08-15",2,"2026-08-29","Pediatrics","quantile","0.75",137
"Copycat","2026-08-15",2,"2026-08-29","Pediatrics","quantile","0.8",141
"Copycat","2026-08-15",2,"2026-08-29","Pediatrics","quantile","0.85",150
"Copycat","2026-08-15",2,"2026-08-29","Pediatrics","quantile","0.9",162
"Copycat","2026-08-15",2,"2026-08-29","Pediatrics","quantile","0.95",175
"Copycat","2026-08-15",2,"2026-08-29","Pediatrics","quantile","0.975",196
"Copycat","2026-08-15",2,"2026-08-29","Pediatrics","quantile","0.99",204
"Copycat","2026-08-15",3,"2026-09-05","Pediatrics","quantile","0.01",69
"Copycat","2026-08-15",3,"2026-09-05","Pediatrics","quantile","0.025",72
"Copycat","2026-08-15",3,"2026-09-05","Pediatrics","quantile","0.05",79
"Copycat","2026-08-15",3,"2026-09-05","Pediatrics","quantile","0.1",86
"Copycat","2026-08-15",3,"2026-09-05","Pediatrics","quantile","0.15",91
"Copycat","2026-08-15",3,"2026-09-05","Pediatrics","quantile","0.2",95
"Copycat","2026-08-15",3,"2026-09-05","Pediatrics","quantile","0.25",99
"Copycat","2026-08-15",3,"2026-09-05","Pediatrics","quantile","0.3",102
"Copycat","2026-08-15",3,"2026-09-05","Pediatrics","quantile","0.35",105
"Copycat","2026-08-15",3,"2026-09-05","Pediatrics","quantile","0.4",109
"Copycat","2026-08-15",3,"2026-09-05","Pediatrics","quantile","0.45",112
"Copycat","2026-08-15",3,"2026-09-05","Pediatrics","quantile","0.5",115
"Copycat","2026-08-15",3,"2026-09-05","Pediatrics","quantile","0.55",118
"Copycat","2026-08-15",3,"2026-09-05","Pediatrics","quantile","0.6",120
"Copycat","2026-08-15",3,"2026-09-05","Pediatrics","quantile","0.65",124
"Copycat","2026-08-15",3,"2026-09-05","Pediatrics","quantile","0.7",129
"Copycat","2026-08-15",3,"2026-09-05","Pediatrics","quantile","0.75",135
"Copycat","2026-08-15",3,"2026-09-05","Pediatrics","quantile","0.8",140
"Copycat","2026-08-15",3,"2026-09-05","Pediatrics","quantile","0.85",146
"Copycat","2026-08-15",3,"2026-09-05","Pediatrics","quantile","0.9",155
"Copycat","2026-08-15",3,"2026-09-05","Pediatrics","quantile","0.95",170
"Copycat","2026-08-15",3,"2026-09-05","Pediatrics","quantile","0.975",185
"Copycat","2026-08-15",3,"2026-09-05","Pediatrics","quantile","0.99",203
"newGBQR","2026-08-15",-8,"2026-06-20","Adults","quantile","0.01",0
"newGBQR","2026-08-15",-8,"2026-06-20","Adults","quantile","0.025",11
"newGBQR","2026-08-15",-8,"2026-06-20","Adults","quantile","0.05",31
"newGBQR","2026-08-15",-8,"2026-06-20","Adults","quantile","0.1",55
"newGBQR","2026-08-15",-8,"2026-06-20","Adults","quantile","0.15",64
"newGBQR","2026-08-15",-8,"2026-06-20","Adults","quantile","0.2",69
"newGBQR","2026-08-15",-8,"2026-06-20","Adults","quantile","0.25",74
"newGBQR","2026-08-15",-8,"2026-06-20","Adults","quantile","0.3",76
"newGBQR","2026-08-15",-8,"2026-06-20","Adults","quantile","0.35",78
"newGBQR","2026-08-15",-8,"2026-06-20","Adults","quantile","0.4",79
"newGBQR","2026-08-15",-8,"2026-06-20","Adults","quantile","0.45",83
"newGBQR","2026-08-15",-8,"2026-06-20","Adults","quantile","0.5",87
"newGBQR","2026-08-15",-8,"2026-06-20","Adults","quantile","0.55",89
"newGBQR","2026-08-15",-8,"2026-06-20","Adults","quantile","0.6",98
"newGBQR","2026-08-15",-8,"2026-06-20","Adults","quantile","0.65",99
"newGBQR","2026-08-15",-8,"2026-06-20","Adults","quantile","0.7",102
"newGBQR","2026-08-15",-8,"2026-06-20","Adults","quantile","0.75",105
"newGBQR","2026-08-15",-8,"2026-06-20","Adults","quantile","0.8",113
"newGBQR","2026-08-15",-8,"2026-06-20","Adults","quantile","0.85",118
"newGBQR","2026-08-15",-8,"2026-06-20","Adults","quantile","0.9",124
"newGBQR","2026-08-15",-8,"2026-06-20","Adults","quantile","0.95",132
"newGBQR","2026-08-15",-8,"2026-06-20","Adults","quantile","0.975",143
"newGBQR","2026-08-15",-8,"2026-06-20","Adults","quantile","0.99",168
"newGBQR","2026-08-15",-7,"2026-06-27","Adults","quantile","0.01",0
"newGBQR","2026-08-15",-7,"2026-06-27","Adults","quantile","0.025",10
"newGBQR","2026-08-15",-7,"2026-06-27","Adults","quantile","0.05",30
"newGBQR","2026-08-15",-7,"2026-06-27","Adults","quantile","0.1",53
"newGBQR","2026-08-15",-7,"2026-06-27","Adults","quantile","0.15",62
"newGBQR","2026-08-15",-7,"2026-06-27","Adults","quantile","0.2",67
"newGBQR","2026-08-15",-7,"2026-06-27","Adults","quantile","0.25",71
"newGBQR","2026-08-15",-7,"2026-06-27","Adults","quantile","0.3",75
"newGBQR","2026-08-15",-7,"2026-06-27","Adults","quantile","0.35",77
"newGBQR","2026-08-15",-7,"2026-06-27","Adults","quantile","0.4",80
"newGBQR","2026-08-15",-7,"2026-06-27","Adults","quantile","0.45",83
"newGBQR","2026-08-15",-7,"2026-06-27","Adults","quantile","0.5",87
"newGBQR","2026-08-15",-7,"2026-06-27","Adults","quantile","0.55",90
"newGBQR","2026-08-15",-7,"2026-06-27","Adults","quantile","0.6",97
"newGBQR","2026-08-15",-7,"2026-06-27","Adults","quantile","0.65",99
"newGBQR","2026-08-15",-7,"2026-06-27","Adults","quantile","0.7",103
"newGBQR","2026-08-15",-7,"2026-06-27","Adults","quantile","0.75",105
"newGBQR","2026-08-15",-7,"2026-06-27","Adults","quantile","0.8",113
"newGBQR","2026-08-15",-7,"2026-06-27","Adults","quantile","0.85",120
"newGBQR","2026-08-15",-7,"2026-06-27","Adults","quantile","0.9",124
"newGBQR","2026-08-15",-7,"2026-06-27","Adults","quantile","0.95",131
"newGBQR","2026-08-15",-7,"2026-06-27","Adults","quantile","0.975",144
"newGBQR","2026-08-15",-7,"2026-06-27","Adults","quantile","0.99",169
"newGBQR","2026-08-15",-6,"2026-07-04","Adults","quantile","0.01",0
"newGBQR","2026-08-15",-6,"2026-07-04","Adults","quantile","0.025",10
"newGBQR","2026-08-15",-6,"2026-07-04","Adults","quantile","0.05",29
"newGBQR","2026-08-15",-6,"2026-07-04","Adults","quantile","0.1",50
"newGBQR","2026-08-15",-6,"2026-07-04","Adults","quantile","0.15",59
"newGBQR","2026-08-15",-6,"2026-07-04","Adults","quantile","0.2",64
"newGBQR","2026-08-15",-6,"2026-07-04","Adults","quantile","0.25",68
"newGBQR","2026-08-15",-6,"2026-07-04","Adults","quantile","0.3",70
"newGBQR","2026-08-15",-6,"2026-07-04","Adults","quantile","0.35",71
"newGBQR","2026-08-15",-6,"2026-07-04","Adults","quantile","0.4",76
"newGBQR","2026-08-15",-6,"2026-07-04","Adults","quantile","0.45",79
"newGBQR","2026-08-15",-6,"2026-07-04","Adults","quantile","0.5",83
"newGBQR","2026-08-15",-6,"2026-07-04","Adults","quantile","0.55",89
"newGBQR","2026-08-15",-6,"2026-07-04","Adults","quantile","0.6",95
"newGBQR","2026-08-15",-6,"2026-07-04","Adults","quantile","0.65",98
"newGBQR","2026-08-15",-6,"2026-07-04","Adults","quantile","0.7",102
"newGBQR","2026-08-15",-6,"2026-07-04","Adults","quantile","0.75",104
"newGBQR","2026-08-15",-6,"2026-07-04","Adults","quantile","0.8",111
"newGBQR","2026-08-15",-6,"2026-07-04","Adults","quantile","0.85",118
"newGBQR","2026-08-15",-6,"2026-07-04","Adults","quantile","0.9",122
"newGBQR","2026-08-15",-6,"2026-07-04","Adults","quantile","0.95",132
"newGBQR","2026-08-15",-6,"2026-07-04","Adults","quantile","0.975",146
"newGBQR","2026-08-15",-6,"2026-07-04","Adults","quantile","0.99",168
"newGBQR","2026-08-15",-5,"2026-07-11","Adults","quantile","0.01",0
"newGBQR","2026-08-15",-5,"2026-07-11","Adults","quantile","0.025",8
"newGBQR","2026-08-15",-5,"2026-07-11","Adults","quantile","0.05",26
"newGBQR","2026-08-15",-5,"2026-07-11","Adults","quantile","0.1",48
"newGBQR","2026-08-15",-5,"2026-07-11","Adults","quantile","0.15",57
"newGBQR","2026-08-15",-5,"2026-07-11","Adults","quantile","0.2",61
"newGBQR","2026-08-15",-5,"2026-07-11","Adults","quantile","0.25",61
"newGBQR","2026-08-15",-5,"2026-07-11","Adults","quantile","0.3",65
"newGBQR","2026-08-15",-5,"2026-07-11","Adults","quantile","0.35",67
"newGBQR","2026-08-15",-5,"2026-07-11","Adults","quantile","0.4",71
"newGBQR","2026-08-15",-5,"2026-07-11","Adults","quantile","0.45",72
"newGBQR","2026-08-15",-5,"2026-07-11","Adults","quantile","0.5",77
"newGBQR","2026-08-15",-5,"2026-07-11","Adults","quantile","0.55",82
"newGBQR","2026-08-15",-5,"2026-07-11","Adults","quantile","0.6",88
"newGBQR","2026-08-15",-5,"2026-07-11","Adults","quantile","0.65",92
"newGBQR","2026-08-15",-5,"2026-07-11","Adults","quantile","0.7",97
"newGBQR","2026-08-15",-5,"2026-07-11","Adults","quantile","0.75",100
"newGBQR","2026-08-15",-5,"2026-07-11","Adults","quantile","0.8",109
"newGBQR","2026-08-15",-5,"2026-07-11","Adults","quantile","0.85",115
"newGBQR","2026-08-15",-5,"2026-07-11","Adults","quantile","0.9",121
"newGBQR","2026-08-15",-5,"2026-07-11","Adults","quantile","0.95",134
"newGBQR","2026-08-15",-5,"2026-07-11","Adults","quantile","0.975",147
"newGBQR","2026-08-15",-5,"2026-07-11","Adults","quantile","0.99",169
"newGBQR","2026-08-15",-4,"2026-07-18","Adults","quantile","0.01",0
"newGBQR","2026-08-15",-4,"2026-07-18","Adults","quantile","0.025",6
"newGBQR","2026-08-15",-4,"2026-07-18","Adults","quantile","0.05",24
"newGBQR","2026-08-15",-4,"2026-07-18","Adults","quantile","0.1",46
"newGBQR","2026-08-15",-4,"2026-07-18","Adults","quantile","0.15",54
"newGBQR","2026-08-15",-4,"2026-07-18","Adults","quantile","0.2",57
"newGBQR","2026-08-15",-4,"2026-07-18","Adults","quantile","0.25",59
"newGBQR","2026-08-15",-4,"2026-07-18","Adults","quantile","0.3",61
"newGBQR","2026-08-15",-4,"2026-07-18","Adults","quantile","0.35",64
"newGBQR","2026-08-15",-4,"2026-07-18","Adults","quantile","0.4",69
"newGBQR","2026-08-15",-4,"2026-07-18","Adults","quantile","0.45",70
"newGBQR","2026-08-15",-4,"2026-07-18","Adults","quantile","0.5",75
"newGBQR","2026-08-15",-4,"2026-07-18","Adults","quantile","0.55",80
"newGBQR","2026-08-15",-4,"2026-07-18","Adults","quantile","0.6",84
"newGBQR","2026-08-15",-4,"2026-07-18","Adults","quantile","0.65",90
"newGBQR","2026-08-15",-4,"2026-07-18","Adults","quantile","0.7",91
"newGBQR","2026-08-15",-4,"2026-07-18","Adults","quantile","0.75",97
"newGBQR","2026-08-15",-4,"2026-07-18","Adults","quantile","0.8",106
"newGBQR","2026-08-15",-4,"2026-07-18","Adults","quantile","0.85",113
"newGBQR","2026-08-15",-4,"2026-07-18","Adults","quantile","0.9",121
"newGBQR","2026-08-15",-4,"2026-07-18","Adults","quantile","0.95",134
"newGBQR","2026-08-15",-4,"2026-07-18","Adults","quantile","0.975",147
"newGBQR","2026-08-15",-4,"2026-07-18","Adults","quantile","0.99",166
"newGBQR","2026-08-15",-3,"2026-07-25","Adults","quantile","0.01",0
"newGBQR","2026-08-15",-3,"2026-07-25","Adults","quantile","0.025",6
"newGBQR","2026-08-15",-3,"2026-07-25","Adults","quantile","0.05",20
"newGBQR","2026-08-15",-3,"2026-07-25","Adults","quantile","0.1",43
"newGBQR","2026-08-15",-3,"2026-07-25","Adults","quantile","0.15",52
"newGBQR","2026-08-15",-3,"2026-07-25","Adults","quantile","0.2",54
"newGBQR","2026-08-15",-3,"2026-07-25","Adults","quantile","0.25",57
"newGBQR","2026-08-15",-3,"2026-07-25","Adults","quantile","0.3",58
"newGBQR","2026-08-15",-3,"2026-07-25","Adults","quantile","0.35",62
"newGBQR","2026-08-15",-3,"2026-07-25","Adults","quantile","0.4",67
"newGBQR","2026-08-15",-3,"2026-07-25","Adults","quantile","0.45",67
"newGBQR","2026-08-15",-3,"2026-07-25","Adults","quantile","0.5",70
"newGBQR","2026-08-15",-3,"2026-07-25","Adults","quantile","0.55",76
"newGBQR","2026-08-15",-3,"2026-07-25","Adults","quantile","0.6",80
"newGBQR","2026-08-15",-3,"2026-07-25","Adults","quantile","0.65",85
"newGBQR","2026-08-15",-3,"2026-07-25","Adults","quantile","0.7",89
"newGBQR","2026-08-15",-3,"2026-07-25","Adults","quantile","0.75",94
"newGBQR","2026-08-15",-3,"2026-07-25","Adults","quantile","0.8",101
"newGBQR","2026-08-15",-3,"2026-07-25","Adults","quantile","0.85",110
"newGBQR","2026-08-15",-3,"2026-07-25","Adults","quantile","0.9",120
"newGBQR","2026-08-15",-3,"2026-07-25","Adults","quantile","0.95",135
"newGBQR","2026-08-15",-3,"2026-07-25","Adults","quantile","0.975",146
"newGBQR","2026-08-15",-3,"2026-07-25","Adults","quantile","0.99",166
"newGBQR","2026-08-15",-2,"2026-08-01","Adults","quantile","0.01",0
"newGBQR","2026-08-15",-2,"2026-08-01","Adults","quantile","0.025",5
"newGBQR","2026-08-15",-2,"2026-08-01","Adults","quantile","0.05",20
"newGBQR","2026-08-15",-2,"2026-08-01","Adults","quantile","0.1",41
"newGBQR","2026-08-15",-2,"2026-08-01","Adults","quantile","0.15",51
"newGBQR","2026-08-15",-2,"2026-08-01","Adults","quantile","0.2",51
"newGBQR","2026-08-15",-2,"2026-08-01","Adults","quantile","0.25",54
"newGBQR","2026-08-15",-2,"2026-08-01","Adults","quantile","0.3",57
"newGBQR","2026-08-15",-2,"2026-08-01","Adults","quantile","0.35",61
"newGBQR","2026-08-15",-2,"2026-08-01","Adults","quantile","0.4",65
"newGBQR","2026-08-15",-2,"2026-08-01","Adults","quantile","0.45",66
"newGBQR","2026-08-15",-2,"2026-08-01","Adults","quantile","0.5",68
"newGBQR","2026-08-15",-2,"2026-08-01","Adults","quantile","0.55",73
"newGBQR","2026-08-15",-2,"2026-08-01","Adults","quantile","0.6",76
"newGBQR","2026-08-15",-2,"2026-08-01","Adults","quantile","0.65",80
"newGBQR","2026-08-15",-2,"2026-08-01","Adults","quantile","0.7",87
"newGBQR","2026-08-15",-2,"2026-08-01","Adults","quantile","0.75",91
"newGBQR","2026-08-15",-2,"2026-08-01","Adults","quantile","0.8",99
"newGBQR","2026-08-15",-2,"2026-08-01","Adults","quantile","0.85",107
"newGBQR","2026-08-15",-2,"2026-08-01","Adults","quantile","0.9",117
"newGBQR","2026-08-15",-2,"2026-08-01","Adults","quantile","0.95",134
"newGBQR","2026-08-15",-2,"2026-08-01","Adults","quantile","0.975",145
"newGBQR","2026-08-15",-2,"2026-08-01","Adults","quantile","0.99",166
"newGBQR","2026-08-15",-1,"2026-08-08","Adults","quantile","0.01",0
"newGBQR","2026-08-15",-1,"2026-08-08","Adults","quantile","0.025",5
"newGBQR","2026-08-15",-1,"2026-08-08","Adults","quantile","0.05",20
"newGBQR","2026-08-15",-1,"2026-08-08","Adults","quantile","0.1",40
"newGBQR","2026-08-15",-1,"2026-08-08","Adults","quantile","0.15",48
"newGBQR","2026-08-15",-1,"2026-08-08","Adults","quantile","0.2",51
"newGBQR","2026-08-15",-1,"2026-08-08","Adults","quantile","0.25",53
"newGBQR","2026-08-15",-1,"2026-08-08","Adults","quantile","0.3",56
"newGBQR","2026-08-15",-1,"2026-08-08","Adults","quantile","0.35",60
"newGBQR","2026-08-15",-1,"2026-08-08","Adults","quantile","0.4",62
"newGBQR","2026-08-15",-1,"2026-08-08","Adults","quantile","0.45",64
"newGBQR","2026-08-15",-1,"2026-08-08","Adults","quantile","0.5",65
"newGBQR","2026-08-15",-1,"2026-08-08","Adults","quantile","0.55",68
"newGBQR","2026-08-15",-1,"2026-08-08","Adults","quantile","0.6",72
"newGBQR","2026-08-15",-1,"2026-08-08","Adults","quantile","0.65",76
"newGBQR","2026-08-15",-1,"2026-08-08","Adults","quantile","0.7",80
"newGBQR","2026-08-15",-1,"2026-08-08","Adults","quantile","0.75",87
"newGBQR","2026-08-15",-1,"2026-08-08","Adults","quantile","0.8",97
"newGBQR","2026-08-15",-1,"2026-08-08","Adults","quantile","0.85",105
"newGBQR","2026-08-15",-1,"2026-08-08","Adults","quantile","0.9",116
"newGBQR","2026-08-15",-1,"2026-08-08","Adults","quantile","0.95",135
"newGBQR","2026-08-15",-1,"2026-08-08","Adults","quantile","0.975",145
"newGBQR","2026-08-15",-1,"2026-08-08","Adults","quantile","0.99",167
"newGBQR","2026-08-15",0,"2026-08-15","Adults","quantile","0.01",0
"newGBQR","2026-08-15",0,"2026-08-15","Adults","quantile","0.025",5
"newGBQR","2026-08-15",0,"2026-08-15","Adults","quantile","0.05",20
"newGBQR","2026-08-15",0,"2026-08-15","Adults","quantile","0.1",38
"newGBQR","2026-08-15",0,"2026-08-15","Adults","quantile","0.15",47
"newGBQR","2026-08-15",0,"2026-08-15","Adults","quantile","0.2",50
"newGBQR","2026-08-15",0,"2026-08-15","Adults","quantile","0.25",55
"newGBQR","2026-08-15",0,"2026-08-15","Adults","quantile","0.3",55
"newGBQR","2026-08-15",0,"2026-08-15","Adults","quantile","0.35",58
"newGBQR","2026-08-15",0,"2026-08-15","Adults","quantile","0.4",61
"newGBQR","2026-08-15",0,"2026-08-15","Adults","quantile","0.45",63
"newGBQR","2026-08-15",0,"2026-08-15","Adults","quantile","0.5",64
"newGBQR","2026-08-15",0,"2026-08-15","Adults","quantile","0.55",66
"newGBQR","2026-08-15",0,"2026-08-15","Adults","quantile","0.6",72
"newGBQR","2026-08-15",0,"2026-08-15","Adults","quantile","0.65",72
"newGBQR","2026-08-15",0,"2026-08-15","Adults","quantile","0.7",78
"newGBQR","2026-08-15",0,"2026-08-15","Adults","quantile","0.75",85
"newGBQR","2026-08-15",0,"2026-08-15","Adults","quantile","0.8",93
"newGBQR","2026-08-15",0,"2026-08-15","Adults","quantile","0.85",105
"newGBQR","2026-08-15",0,"2026-08-15","Adults","quantile","0.9",116
"newGBQR","2026-08-15",0,"2026-08-15","Adults","quantile","0.95",135
"newGBQR","2026-08-15",0,"2026-08-15","Adults","quantile","0.975",146
"newGBQR","2026-08-15",0,"2026-08-15","Adults","quantile","0.99",167
"newGBQR","2026-08-15",1,"2026-08-22","Adults","quantile","0.01",0
"newGBQR","2026-08-15",1,"2026-08-22","Adults","quantile","0.025",6
"newGBQR","2026-08-15",1,"2026-08-22","Adults","quantile","0.05",21
"newGBQR","2026-08-15",1,"2026-08-22","Adults","quantile","0.1",39
"newGBQR","2026-08-15",1,"2026-08-22","Adults","quantile","0.15",49
"newGBQR","2026-08-15",1,"2026-08-22","Adults","quantile","0.2",52
"newGBQR","2026-08-15",1,"2026-08-22","Adults","quantile","0.25",55
"newGBQR","2026-08-15",1,"2026-08-22","Adults","quantile","0.3",56
"newGBQR","2026-08-15",1,"2026-08-22","Adults","quantile","0.35",59
"newGBQR","2026-08-15",1,"2026-08-22","Adults","quantile","0.4",59
"newGBQR","2026-08-15",1,"2026-08-22","Adults","quantile","0.45",61
"newGBQR","2026-08-15",1,"2026-08-22","Adults","quantile","0.5",62
"newGBQR","2026-08-15",1,"2026-08-22","Adults","quantile","0.55",66
"newGBQR","2026-08-15",1,"2026-08-22","Adults","quantile","0.6",70
"newGBQR","2026-08-15",1,"2026-08-22","Adults","quantile","0.65",72
"newGBQR","2026-08-15",1,"2026-08-22","Adults","quantile","0.7",78
"newGBQR","2026-08-15",1,"2026-08-22","Adults","quantile","0.75",87
"newGBQR","2026-08-15",1,"2026-08-22","Adults","quantile","0.8",98
"newGBQR","2026-08-15",1,"2026-08-22","Adults","quantile","0.85",111
"newGBQR","2026-08-15",1,"2026-08-22","Adults","quantile","0.9",122
"newGBQR","2026-08-15",1,"2026-08-22","Adults","quantile","0.95",135
"newGBQR","2026-08-15",1,"2026-08-22","Adults","quantile","0.975",146
"newGBQR","2026-08-15",1,"2026-08-22","Adults","quantile","0.99",169
"newGBQR","2026-08-15",2,"2026-08-29","Adults","quantile","0.01",0
"newGBQR","2026-08-15",2,"2026-08-29","Adults","quantile","0.025",4
"newGBQR","2026-08-15",2,"2026-08-29","Adults","quantile","0.05",23
"newGBQR","2026-08-15",2,"2026-08-29","Adults","quantile","0.1",41
"newGBQR","2026-08-15",2,"2026-08-29","Adults","quantile","0.15",53
"newGBQR","2026-08-15",2,"2026-08-29","Adults","quantile","0.2",57
"newGBQR","2026-08-15",2,"2026-08-29","Adults","quantile","0.25",59
"newGBQR","2026-08-15",2,"2026-08-29","Adults","quantile","0.3",59
"newGBQR","2026-08-15",2,"2026-08-29","Adults","quantile","0.35",61
"newGBQR","2026-08-15",2,"2026-08-29","Adults","quantile","0.4",62
"newGBQR","2026-08-15",2,"2026-08-29","Adults","quantile","0.45",63
"newGBQR","2026-08-15",2,"2026-08-29","Adults","quantile","0.5",64
"newGBQR","2026-08-15",2,"2026-08-29","Adults","quantile","0.55",66
"newGBQR","2026-08-15",2,"2026-08-29","Adults","quantile","0.6",71
"newGBQR","2026-08-15",2,"2026-08-29","Adults","quantile","0.65",72
"newGBQR","2026-08-15",2,"2026-08-29","Adults","quantile","0.7",78
"newGBQR","2026-08-15",2,"2026-08-29","Adults","quantile","0.75",88
"newGBQR","2026-08-15",2,"2026-08-29","Adults","quantile","0.8",98
"newGBQR","2026-08-15",2,"2026-08-29","Adults","quantile","0.85",111
"newGBQR","2026-08-15",2,"2026-08-29","Adults","quantile","0.9",122
"newGBQR","2026-08-15",2,"2026-08-29","Adults","quantile","0.95",137
"newGBQR","2026-08-15",2,"2026-08-29","Adults","quantile","0.975",146
"newGBQR","2026-08-15",2,"2026-08-29","Adults","quantile","0.99",169
"newGBQR","2026-08-15",3,"2026-09-05","Adults","quantile","0.01",0
"newGBQR","2026-08-15",3,"2026-09-05","Adults","quantile","0.025",3
"newGBQR","2026-08-15",3,"2026-09-05","Adults","quantile","0.05",26
"newGBQR","2026-08-15",3,"2026-09-05","Adults","quantile","0.1",45
"newGBQR","2026-08-15",3,"2026-09-05","Adults","quantile","0.15",56
"newGBQR","2026-08-15",3,"2026-09-05","Adults","quantile","0.2",61
"newGBQR","2026-08-15",3,"2026-09-05","Adults","quantile","0.25",64
"newGBQR","2026-08-15",3,"2026-09-05","Adults","quantile","0.3",65
"newGBQR","2026-08-15",3,"2026-09-05","Adults","quantile","0.35",65
"newGBQR","2026-08-15",3,"2026-09-05","Adults","quantile","0.4",65
"newGBQR","2026-08-15",3,"2026-09-05","Adults","quantile","0.45",66
"newGBQR","2026-08-15",3,"2026-09-05","Adults","quantile","0.5",68
"newGBQR","2026-08-15",3,"2026-09-05","Adults","quantile","0.55",73
"newGBQR","2026-08-15",3,"2026-09-05","Adults","quantile","0.6",74
"newGBQR","2026-08-15",3,"2026-09-05","Adults","quantile","0.65",77
"newGBQR","2026-08-15",3,"2026-09-05","Adults","quantile","0.7",80
"newGBQR","2026-08-15",3,"2026-09-05","Adults","quantile","0.75",91
"newGBQR","2026-08-15",3,"2026-09-05","Adults","quantile","0.8",102
"newGBQR","2026-08-15",3,"2026-09-05","Adults","quantile","0.85",114
"newGBQR","2026-08-15",3,"2026-09-05","Adults","quantile","0.9",124
"newGBQR","2026-08-15",3,"2026-09-05","Adults","quantile","0.95",137
"newGBQR","2026-08-15",3,"2026-09-05","Adults","quantile","0.975",146
"newGBQR","2026-08-15",3,"2026-09-05","Adults","quantile","0.99",170
"newGBQR","2026-08-15",-8,"2026-06-20","Overall","quantile","0.01",29
"newGBQR","2026-08-15",-8,"2026-06-20","Overall","quantile","0.025",65
"newGBQR","2026-08-15",-8,"2026-06-20","Overall","quantile","0.05",98
"newGBQR","2026-08-15",-8,"2026-06-20","Overall","quantile","0.1",140
"newGBQR","2026-08-15",-8,"2026-06-20","Overall","quantile","0.15",158
"newGBQR","2026-08-15",-8,"2026-06-20","Overall","quantile","0.2",167
"newGBQR","2026-08-15",-8,"2026-06-20","Overall","quantile","0.25",176
"newGBQR","2026-08-15",-8,"2026-06-20","Overall","quantile","0.3",183
"newGBQR","2026-08-15",-8,"2026-06-20","Overall","quantile","0.35",189
"newGBQR","2026-08-15",-8,"2026-06-20","Overall","quantile","0.4",191
"newGBQR","2026-08-15",-8,"2026-06-20","Overall","quantile","0.45",198
"newGBQR","2026-08-15",-8,"2026-06-20","Overall","quantile","0.5",204
"newGBQR","2026-08-15",-8,"2026-06-20","Overall","quantile","0.55",214
"newGBQR","2026-08-15",-8,"2026-06-20","Overall","quantile","0.6",221
"newGBQR","2026-08-15",-8,"2026-06-20","Overall","quantile","0.65",226
"newGBQR","2026-08-15",-8,"2026-06-20","Overall","quantile","0.7",230
"newGBQR","2026-08-15",-8,"2026-06-20","Overall","quantile","0.75",233
"newGBQR","2026-08-15",-8,"2026-06-20","Overall","quantile","0.8",248
"newGBQR","2026-08-15",-8,"2026-06-20","Overall","quantile","0.85",261
"newGBQR","2026-08-15",-8,"2026-06-20","Overall","quantile","0.9",268
"newGBQR","2026-08-15",-8,"2026-06-20","Overall","quantile","0.95",285
"newGBQR","2026-08-15",-8,"2026-06-20","Overall","quantile","0.975",303
"newGBQR","2026-08-15",-8,"2026-06-20","Overall","quantile","0.99",351
"newGBQR","2026-08-15",-7,"2026-06-27","Overall","quantile","0.01",29
"newGBQR","2026-08-15",-7,"2026-06-27","Overall","quantile","0.025",65
"newGBQR","2026-08-15",-7,"2026-06-27","Overall","quantile","0.05",98
"newGBQR","2026-08-15",-7,"2026-06-27","Overall","quantile","0.1",138
"newGBQR","2026-08-15",-7,"2026-06-27","Overall","quantile","0.15",154
"newGBQR","2026-08-15",-7,"2026-06-27","Overall","quantile","0.2",165
"newGBQR","2026-08-15",-7,"2026-06-27","Overall","quantile","0.25",172
"newGBQR","2026-08-15",-7,"2026-06-27","Overall","quantile","0.3",182
"newGBQR","2026-08-15",-7,"2026-06-27","Overall","quantile","0.35",187
"newGBQR","2026-08-15",-7,"2026-06-27","Overall","quantile","0.4",192
"newGBQR","2026-08-15",-7,"2026-06-27","Overall","quantile","0.45",199
"newGBQR","2026-08-15",-7,"2026-06-27","Overall","quantile","0.5",205
"newGBQR","2026-08-15",-7,"2026-06-27","Overall","quantile","0.55",213
"newGBQR","2026-08-15",-7,"2026-06-27","Overall","quantile","0.6",221
"newGBQR","2026-08-15",-7,"2026-06-27","Overall","quantile","0.65",225
"newGBQR","2026-08-15",-7,"2026-06-27","Overall","quantile","0.7",233
"newGBQR","2026-08-15",-7,"2026-06-27","Overall","quantile","0.75",234
"newGBQR","2026-08-15",-7,"2026-06-27","Overall","quantile","0.8",248
"newGBQR","2026-08-15",-7,"2026-06-27","Overall","quantile","0.85",261
"newGBQR","2026-08-15",-7,"2026-06-27","Overall","quantile","0.9",269
"newGBQR","2026-08-15",-7,"2026-06-27","Overall","quantile","0.95",283
"newGBQR","2026-08-15",-7,"2026-06-27","Overall","quantile","0.975",304
"newGBQR","2026-08-15",-7,"2026-06-27","Overall","quantile","0.99",351
"newGBQR","2026-08-15",-6,"2026-07-04","Overall","quantile","0.01",29
"newGBQR","2026-08-15",-6,"2026-07-04","Overall","quantile","0.025",65
"newGBQR","2026-08-15",-6,"2026-07-04","Overall","quantile","0.05",98
"newGBQR","2026-08-15",-6,"2026-07-04","Overall","quantile","0.1",131
"newGBQR","2026-08-15",-6,"2026-07-04","Overall","quantile","0.15",149
"newGBQR","2026-08-15",-6,"2026-07-04","Overall","quantile","0.2",159
"newGBQR","2026-08-15",-6,"2026-07-04","Overall","quantile","0.25",166
"newGBQR","2026-08-15",-6,"2026-07-04","Overall","quantile","0.3",175
"newGBQR","2026-08-15",-6,"2026-07-04","Overall","quantile","0.35",178
"newGBQR","2026-08-15",-6,"2026-07-04","Overall","quantile","0.4",186
"newGBQR","2026-08-15",-6,"2026-07-04","Overall","quantile","0.45",195
"newGBQR","2026-08-15",-6,"2026-07-04","Overall","quantile","0.5",203
"newGBQR","2026-08-15",-6,"2026-07-04","Overall","quantile","0.55",210
"newGBQR","2026-08-15",-6,"2026-07-04","Overall","quantile","0.6",217
"newGBQR","2026-08-15",-6,"2026-07-04","Overall","quantile","0.65",222
"newGBQR","2026-08-15",-6,"2026-07-04","Overall","quantile","0.7",232
"newGBQR","2026-08-15",-6,"2026-07-04","Overall","quantile","0.75",233
"newGBQR","2026-08-15",-6,"2026-07-04","Overall","quantile","0.8",245
"newGBQR","2026-08-15",-6,"2026-07-04","Overall","quantile","0.85",256
"newGBQR","2026-08-15",-6,"2026-07-04","Overall","quantile","0.9",263
"newGBQR","2026-08-15",-6,"2026-07-04","Overall","quantile","0.95",284
"newGBQR","2026-08-15",-6,"2026-07-04","Overall","quantile","0.975",309
"newGBQR","2026-08-15",-6,"2026-07-04","Overall","quantile","0.99",351
"newGBQR","2026-08-15",-5,"2026-07-11","Overall","quantile","0.01",29
"newGBQR","2026-08-15",-5,"2026-07-11","Overall","quantile","0.025",62
"newGBQR","2026-08-15",-5,"2026-07-11","Overall","quantile","0.05",92
"newGBQR","2026-08-15",-5,"2026-07-11","Overall","quantile","0.1",127
"newGBQR","2026-08-15",-5,"2026-07-11","Overall","quantile","0.15",146
"newGBQR","2026-08-15",-5,"2026-07-11","Overall","quantile","0.2",154
"newGBQR","2026-08-15",-5,"2026-07-11","Overall","quantile","0.25",158
"newGBQR","2026-08-15",-5,"2026-07-11","Overall","quantile","0.3",168
"newGBQR","2026-08-15",-5,"2026-07-11","Overall","quantile","0.35",172
"newGBQR","2026-08-15",-5,"2026-07-11","Overall","quantile","0.4",182
"newGBQR","2026-08-15",-5,"2026-07-11","Overall","quantile","0.45",186
"newGBQR","2026-08-15",-5,"2026-07-11","Overall","quantile","0.5",193
"newGBQR","2026-08-15",-5,"2026-07-11","Overall","quantile","0.55",205
"newGBQR","2026-08-15",-5,"2026-07-11","Overall","quantile","0.6",207
"newGBQR","2026-08-15",-5,"2026-07-11","Overall","quantile","0.65",215
"newGBQR","2026-08-15",-5,"2026-07-11","Overall","quantile","0.7",222
"newGBQR","2026-08-15",-5,"2026-07-11","Overall","quantile","0.75",225
"newGBQR","2026-08-15",-5,"2026-07-11","Overall","quantile","0.8",240
"newGBQR","2026-08-15",-5,"2026-07-11","Overall","quantile","0.85",252
"newGBQR","2026-08-15",-5,"2026-07-11","Overall","quantile","0.9",265
"newGBQR","2026-08-15",-5,"2026-07-11","Overall","quantile","0.95",286
"newGBQR","2026-08-15",-5,"2026-07-11","Overall","quantile","0.975",311
"newGBQR","2026-08-15",-5,"2026-07-11","Overall","quantile","0.99",351
"newGBQR","2026-08-15",-4,"2026-07-18","Overall","quantile","0.01",29
"newGBQR","2026-08-15",-4,"2026-07-18","Overall","quantile","0.025",60
"newGBQR","2026-08-15",-4,"2026-07-18","Overall","quantile","0.05",90
"newGBQR","2026-08-15",-4,"2026-07-18","Overall","quantile","0.1",124
"newGBQR","2026-08-15",-4,"2026-07-18","Overall","quantile","0.15",141
"newGBQR","2026-08-15",-4,"2026-07-18","Overall","quantile","0.2",150
"newGBQR","2026-08-15",-4,"2026-07-18","Overall","quantile","0.25",151
"newGBQR","2026-08-15",-4,"2026-07-18","Overall","quantile","0.3",161
"newGBQR","2026-08-15",-4,"2026-07-18","Overall","quantile","0.35",167
"newGBQR","2026-08-15",-4,"2026-07-18","Overall","quantile","0.4",176
"newGBQR","2026-08-15",-4,"2026-07-18","Overall","quantile","0.45",182
"newGBQR","2026-08-15",-4,"2026-07-18","Overall","quantile","0.5",189
"newGBQR","2026-08-15",-4,"2026-07-18","Overall","quantile","0.55",198
"newGBQR","2026-08-15",-4,"2026-07-18","Overall","quantile","0.6",202
"newGBQR","2026-08-15",-4,"2026-07-18","Overall","quantile","0.65",208
"newGBQR","2026-08-15",-4,"2026-07-18","Overall","quantile","0.7",213
"newGBQR","2026-08-15",-4,"2026-07-18","Overall","quantile","0.75",217
"newGBQR","2026-08-15",-4,"2026-07-18","Overall","quantile","0.8",238
"newGBQR","2026-08-15",-4,"2026-07-18","Overall","quantile","0.85",250
"newGBQR","2026-08-15",-4,"2026-07-18","Overall","quantile","0.9",263
"newGBQR","2026-08-15",-4,"2026-07-18","Overall","quantile","0.95",286
"newGBQR","2026-08-15",-4,"2026-07-18","Overall","quantile","0.975",311
"newGBQR","2026-08-15",-4,"2026-07-18","Overall","quantile","0.99",348
"newGBQR","2026-08-15",-3,"2026-07-25","Overall","quantile","0.01",29
"newGBQR","2026-08-15",-3,"2026-07-25","Overall","quantile","0.025",60
"newGBQR","2026-08-15",-3,"2026-07-25","Overall","quantile","0.05",86
"newGBQR","2026-08-15",-3,"2026-07-25","Overall","quantile","0.1",119
"newGBQR","2026-08-15",-3,"2026-07-25","Overall","quantile","0.15",138
"newGBQR","2026-08-15",-3,"2026-07-25","Overall","quantile","0.2",148
"newGBQR","2026-08-15",-3,"2026-07-25","Overall","quantile","0.25",150
"newGBQR","2026-08-15",-3,"2026-07-25","Overall","quantile","0.3",157
"newGBQR","2026-08-15",-3,"2026-07-25","Overall","quantile","0.35",161
"newGBQR","2026-08-15",-3,"2026-07-25","Overall","quantile","0.4",170
"newGBQR","2026-08-15",-3,"2026-07-25","Overall","quantile","0.45",177
"newGBQR","2026-08-15",-3,"2026-07-25","Overall","quantile","0.5",187
"newGBQR","2026-08-15",-3,"2026-07-25","Overall","quantile","0.55",192
"newGBQR","2026-08-15",-3,"2026-07-25","Overall","quantile","0.6",196
"newGBQR","2026-08-15",-3,"2026-07-25","Overall","quantile","0.65",204
"newGBQR","2026-08-15",-3,"2026-07-25","Overall","quantile","0.7",209
"newGBQR","2026-08-15",-3,"2026-07-25","Overall","quantile","0.75",211
"newGBQR","2026-08-15",-3,"2026-07-25","Overall","quantile","0.8",234
"newGBQR","2026-08-15",-3,"2026-07-25","Overall","quantile","0.85",244
"newGBQR","2026-08-15",-3,"2026-07-25","Overall","quantile","0.9",260
"newGBQR","2026-08-15",-3,"2026-07-25","Overall","quantile","0.95",287
"newGBQR","2026-08-15",-3,"2026-07-25","Overall","quantile","0.975",311
"newGBQR","2026-08-15",-3,"2026-07-25","Overall","quantile","0.99",348
"newGBQR","2026-08-15",-2,"2026-08-01","Overall","quantile","0.01",28
"newGBQR","2026-08-15",-2,"2026-08-01","Overall","quantile","0.025",59
"newGBQR","2026-08-15",-2,"2026-08-01","Overall","quantile","0.05",85
"newGBQR","2026-08-15",-2,"2026-08-01","Overall","quantile","0.1",116
"newGBQR","2026-08-15",-2,"2026-08-01","Overall","quantile","0.15",136
"newGBQR","2026-08-15",-2,"2026-08-01","Overall","quantile","0.2",149
"newGBQR","2026-08-15",-2,"2026-08-01","Overall","quantile","0.25",150
"newGBQR","2026-08-15",-2,"2026-08-01","Overall","quantile","0.3",158
"newGBQR","2026-08-15",-2,"2026-08-01","Overall","quantile","0.35",163
"newGBQR","2026-08-15",-2,"2026-08-01","Overall","quantile","0.4",170
"newGBQR","2026-08-15",-2,"2026-08-01","Overall","quantile","0.45",173
"newGBQR","2026-08-15",-2,"2026-08-01","Overall","quantile","0.5",182
"newGBQR","2026-08-15",-2,"2026-08-01","Overall","quantile","0.55",186
"newGBQR","2026-08-15",-2,"2026-08-01","Overall","quantile","0.6",190
"newGBQR","2026-08-15",-2,"2026-08-01","Overall","quantile","0.65",196
"newGBQR","2026-08-15",-2,"2026-08-01","Overall","quantile","0.7",200
"newGBQR","2026-08-15",-2,"2026-08-01","Overall","quantile","0.75",208
"newGBQR","2026-08-15",-2,"2026-08-01","Overall","quantile","0.8",227
"newGBQR","2026-08-15",-2,"2026-08-01","Overall","quantile","0.85",244
"newGBQR","2026-08-15",-2,"2026-08-01","Overall","quantile","0.9",256
"newGBQR","2026-08-15",-2,"2026-08-01","Overall","quantile","0.95",287
"newGBQR","2026-08-15",-2,"2026-08-01","Overall","quantile","0.975",309
"newGBQR","2026-08-15",-2,"2026-08-01","Overall","quantile","0.99",349
"newGBQR","2026-08-15",-1,"2026-08-08","Overall","quantile","0.01",28
"newGBQR","2026-08-15",-1,"2026-08-08","Overall","quantile","0.025",59
"newGBQR","2026-08-15",-1,"2026-08-08","Overall","quantile","0.05",92
"newGBQR","2026-08-15",-1,"2026-08-08","Overall","quantile","0.1",122
"newGBQR","2026-08-15",-1,"2026-08-08","Overall","quantile","0.15",142
"newGBQR","2026-08-15",-1,"2026-08-08","Overall","quantile","0.2",153
"newGBQR","2026-08-15",-1,"2026-08-08","Overall","quantile","0.25",154
"newGBQR","2026-08-15",-1,"2026-08-08","Overall","quantile","0.3",162
"newGBQR","2026-08-15",-1,"2026-08-08","Overall","quantile","0.35",163
"newGBQR","2026-08-15",-1,"2026-08-08","Overall","quantile","0.4",166
"newGBQR","2026-08-15",-1,"2026-08-08","Overall","quantile","0.45",171
"newGBQR","2026-08-15",-1,"2026-08-08","Overall","quantile","0.5",177
"newGBQR","2026-08-15",-1,"2026-08-08","Overall","quantile","0.55",181
"newGBQR","2026-08-15",-1,"2026-08-08","Overall","quantile","0.6",182
"newGBQR","2026-08-15",-1,"2026-08-08","Overall","quantile","0.65",190
"newGBQR","2026-08-15",-1,"2026-08-08","Overall","quantile","0.7",194
"newGBQR","2026-08-15",-1,"2026-08-08","Overall","quantile","0.75",209
"newGBQR","2026-08-15",-1,"2026-08-08","Overall","quantile","0.8",228
"newGBQR","2026-08-15",-1,"2026-08-08","Overall","quantile","0.85",247
"newGBQR","2026-08-15",-1,"2026-08-08","Overall","quantile","0.9",264
"newGBQR","2026-08-15",-1,"2026-08-08","Overall","quantile","0.95",289
"newGBQR","2026-08-15",-1,"2026-08-08","Overall","quantile","0.975",310
"newGBQR","2026-08-15",-1,"2026-08-08","Overall","quantile","0.99",353
"newGBQR","2026-08-15",0,"2026-08-15","Overall","quantile","0.01",28
"newGBQR","2026-08-15",0,"2026-08-15","Overall","quantile","0.025",58
"newGBQR","2026-08-15",0,"2026-08-15","Overall","quantile","0.05",92
"newGBQR","2026-08-15",0,"2026-08-15","Overall","quantile","0.1",123
"newGBQR","2026-08-15",0,"2026-08-15","Overall","quantile","0.15",146
"newGBQR","2026-08-15",0,"2026-08-15","Overall","quantile","0.2",159
"newGBQR","2026-08-15",0,"2026-08-15","Overall","quantile","0.25",159
"newGBQR","2026-08-15",0,"2026-08-15","Overall","quantile","0.3",166
"newGBQR","2026-08-15",0,"2026-08-15","Overall","quantile","0.35",167
"newGBQR","2026-08-15",0,"2026-08-15","Overall","quantile","0.4",171
"newGBQR","2026-08-15",0,"2026-08-15","Overall","quantile","0.45",175
"newGBQR","2026-08-15",0,"2026-08-15","Overall","quantile","0.5",178
"newGBQR","2026-08-15",0,"2026-08-15","Overall","quantile","0.55",179
"newGBQR","2026-08-15",0,"2026-08-15","Overall","quantile","0.6",182
"newGBQR","2026-08-15",0,"2026-08-15","Overall","quantile","0.65",188
"newGBQR","2026-08-15",0,"2026-08-15","Overall","quantile","0.7",194
"newGBQR","2026-08-15",0,"2026-08-15","Overall","quantile","0.75",211
"newGBQR","2026-08-15",0,"2026-08-15","Overall","quantile","0.8",226
"newGBQR","2026-08-15",0,"2026-08-15","Overall","quantile","0.85",247
"newGBQR","2026-08-15",0,"2026-08-15","Overall","quantile","0.9",266
"newGBQR","2026-08-15",0,"2026-08-15","Overall","quantile","0.95",289
"newGBQR","2026-08-15",0,"2026-08-15","Overall","quantile","0.975",310
"newGBQR","2026-08-15",0,"2026-08-15","Overall","quantile","0.99",352
"newGBQR","2026-08-15",1,"2026-08-22","Overall","quantile","0.01",28
"newGBQR","2026-08-15",1,"2026-08-22","Overall","quantile","0.025",57
"newGBQR","2026-08-15",1,"2026-08-22","Overall","quantile","0.05",98
"newGBQR","2026-08-15",1,"2026-08-22","Overall","quantile","0.1",129
"newGBQR","2026-08-15",1,"2026-08-22","Overall","quantile","0.15",150
"newGBQR","2026-08-15",1,"2026-08-22","Overall","quantile","0.2",163
"newGBQR","2026-08-15",1,"2026-08-22","Overall","quantile","0.25",172
"newGBQR","2026-08-15",1,"2026-08-22","Overall","quantile","0.3",175
"newGBQR","2026-08-15",1,"2026-08-22","Overall","quantile","0.35",178
"newGBQR","2026-08-15",1,"2026-08-22","Overall","quantile","0.4",178
"newGBQR","2026-08-15",1,"2026-08-22","Overall","quantile","0.45",182
"newGBQR","2026-08-15",1,"2026-08-22","Overall","quantile","0.5",183
"newGBQR","2026-08-15",1,"2026-08-22","Overall","quantile","0.55",183
"newGBQR","2026-08-15",1,"2026-08-22","Overall","quantile","0.6",187
"newGBQR","2026-08-15",1,"2026-08-22","Overall","quantile","0.65",190
"newGBQR","2026-08-15",1,"2026-08-22","Overall","quantile","0.7",202
"newGBQR","2026-08-15",1,"2026-08-22","Overall","quantile","0.75",214
"newGBQR","2026-08-15",1,"2026-08-22","Overall","quantile","0.8",239
"newGBQR","2026-08-15",1,"2026-08-22","Overall","quantile","0.85",253
"newGBQR","2026-08-15",1,"2026-08-22","Overall","quantile","0.9",270
"newGBQR","2026-08-15",1,"2026-08-22","Overall","quantile","0.95",296
"newGBQR","2026-08-15",1,"2026-08-22","Overall","quantile","0.975",313
"newGBQR","2026-08-15",1,"2026-08-22","Overall","quantile","0.99",361
"newGBQR","2026-08-15",2,"2026-08-29","Overall","quantile","0.01",28
"newGBQR","2026-08-15",2,"2026-08-29","Overall","quantile","0.025",56
"newGBQR","2026-08-15",2,"2026-08-29","Overall","quantile","0.05",98
"newGBQR","2026-08-15",2,"2026-08-29","Overall","quantile","0.1",129
"newGBQR","2026-08-15",2,"2026-08-29","Overall","quantile","0.15",151
"newGBQR","2026-08-15",2,"2026-08-29","Overall","quantile","0.2",169
"newGBQR","2026-08-15",2,"2026-08-29","Overall","quantile","0.25",176
"newGBQR","2026-08-15",2,"2026-08-29","Overall","quantile","0.3",181
"newGBQR","2026-08-15",2,"2026-08-29","Overall","quantile","0.35",181
"newGBQR","2026-08-15",2,"2026-08-29","Overall","quantile","0.4",184
"newGBQR","2026-08-15",2,"2026-08-29","Overall","quantile","0.45",186
"newGBQR","2026-08-15",2,"2026-08-29","Overall","quantile","0.5",186
"newGBQR","2026-08-15",2,"2026-08-29","Overall","quantile","0.55",190
"newGBQR","2026-08-15",2,"2026-08-29","Overall","quantile","0.6",191
"newGBQR","2026-08-15",2,"2026-08-29","Overall","quantile","0.65",204
"newGBQR","2026-08-15",2,"2026-08-29","Overall","quantile","0.7",217
"newGBQR","2026-08-15",2,"2026-08-29","Overall","quantile","0.75",229
"newGBQR","2026-08-15",2,"2026-08-29","Overall","quantile","0.8",252
"newGBQR","2026-08-15",2,"2026-08-29","Overall","quantile","0.85",260
"newGBQR","2026-08-15",2,"2026-08-29","Overall","quantile","0.9",276
"newGBQR","2026-08-15",2,"2026-08-29","Overall","quantile","0.95",299
"newGBQR","2026-08-15",2,"2026-08-29","Overall","quantile","0.975",317
"newGBQR","2026-08-15",2,"2026-08-29","Overall","quantile","0.99",373
"newGBQR","2026-08-15",3,"2026-09-05","Overall","quantile","0.01",28
"newGBQR","2026-08-15",3,"2026-09-05","Overall","quantile","0.025",55
"newGBQR","2026-08-15",3,"2026-09-05","Overall","quantile","0.05",98
"newGBQR","2026-08-15",3,"2026-09-05","Overall","quantile","0.1",131
"newGBQR","2026-08-15",3,"2026-09-05","Overall","quantile","0.15",152
"newGBQR","2026-08-15",3,"2026-09-05","Overall","quantile","0.2",169
"newGBQR","2026-08-15",3,"2026-09-05","Overall","quantile","0.25",175
"newGBQR","2026-08-15",3,"2026-09-05","Overall","quantile","0.3",180
"newGBQR","2026-08-15",3,"2026-09-05","Overall","quantile","0.35",185
"newGBQR","2026-08-15",3,"2026-09-05","Overall","quantile","0.4",186
"newGBQR","2026-08-15",3,"2026-09-05","Overall","quantile","0.45",186
"newGBQR","2026-08-15",3,"2026-09-05","Overall","quantile","0.5",187
"newGBQR","2026-08-15",3,"2026-09-05","Overall","quantile","0.55",191
"newGBQR","2026-08-15",3,"2026-09-05","Overall","quantile","0.6",192
"newGBQR","2026-08-15",3,"2026-09-05","Overall","quantile","0.65",204
"newGBQR","2026-08-15",3,"2026-09-05","Overall","quantile","0.7",217
"newGBQR","2026-08-15",3,"2026-09-05","Overall","quantile","0.75",232
"newGBQR","2026-08-15",3,"2026-09-05","Overall","quantile","0.8",252
"newGBQR","2026-08-15",3,"2026-09-05","Overall","quantile","0.85",262
"newGBQR","2026-08-15",3,"2026-09-05","Overall","quantile","0.9",276
"newGBQR","2026-08-15",3,"2026-09-05","Overall","quantile","0.95",299
"newGBQR","2026-08-15",3,"2026-09-05","Overall","quantile","0.975",318
"newGBQR","2026-08-15",3,"2026-09-05","Overall","quantile","0.99",373
"newGBQR","2026-08-15",-8,"2026-06-20","Pediatrics","quantile","0.01",28
"newGBQR","2026-08-15",-8,"2026-06-20","Pediatrics","quantile","0.025",48
"newGBQR","2026-08-15",-8,"2026-06-20","Pediatrics","quantile","0.05",62
"newGBQR","2026-08-15",-8,"2026-06-20","Pediatrics","quantile","0.1",84
"newGBQR","2026-08-15",-8,"2026-06-20","Pediatrics","quantile","0.15",91
"newGBQR","2026-08-15",-8,"2026-06-20","Pediatrics","quantile","0.2",96
"newGBQR","2026-08-15",-8,"2026-06-20","Pediatrics","quantile","0.25",101
"newGBQR","2026-08-15",-8,"2026-06-20","Pediatrics","quantile","0.3",105
"newGBQR","2026-08-15",-8,"2026-06-20","Pediatrics","quantile","0.35",109
"newGBQR","2026-08-15",-8,"2026-06-20","Pediatrics","quantile","0.4",114
"newGBQR","2026-08-15",-8,"2026-06-20","Pediatrics","quantile","0.45",122
"newGBQR","2026-08-15",-8,"2026-06-20","Pediatrics","quantile","0.5",126
"newGBQR","2026-08-15",-8,"2026-06-20","Pediatrics","quantile","0.55",130
"newGBQR","2026-08-15",-8,"2026-06-20","Pediatrics","quantile","0.6",134
"newGBQR","2026-08-15",-8,"2026-06-20","Pediatrics","quantile","0.65",134
"newGBQR","2026-08-15",-8,"2026-06-20","Pediatrics","quantile","0.7",135
"newGBQR","2026-08-15",-8,"2026-06-20","Pediatrics","quantile","0.75",139
"newGBQR","2026-08-15",-8,"2026-06-20","Pediatrics","quantile","0.8",142
"newGBQR","2026-08-15",-8,"2026-06-20","Pediatrics","quantile","0.85",147
"newGBQR","2026-08-15",-8,"2026-06-20","Pediatrics","quantile","0.9",150
"newGBQR","2026-08-15",-8,"2026-06-20","Pediatrics","quantile","0.95",158
"newGBQR","2026-08-15",-8,"2026-06-20","Pediatrics","quantile","0.975",169
"newGBQR","2026-08-15",-8,"2026-06-20","Pediatrics","quantile","0.99",192
"newGBQR","2026-08-15",-7,"2026-06-27","Pediatrics","quantile","0.01",28
"newGBQR","2026-08-15",-7,"2026-06-27","Pediatrics","quantile","0.025",45
"newGBQR","2026-08-15",-7,"2026-06-27","Pediatrics","quantile","0.05",61
"newGBQR","2026-08-15",-7,"2026-06-27","Pediatrics","quantile","0.1",82
"newGBQR","2026-08-15",-7,"2026-06-27","Pediatrics","quantile","0.15",90
"newGBQR","2026-08-15",-7,"2026-06-27","Pediatrics","quantile","0.2",95
"newGBQR","2026-08-15",-7,"2026-06-27","Pediatrics","quantile","0.25",101
"newGBQR","2026-08-15",-7,"2026-06-27","Pediatrics","quantile","0.3",104
"newGBQR","2026-08-15",-7,"2026-06-27","Pediatrics","quantile","0.35",108
"newGBQR","2026-08-15",-7,"2026-06-27","Pediatrics","quantile","0.4",113
"newGBQR","2026-08-15",-7,"2026-06-27","Pediatrics","quantile","0.45",123
"newGBQR","2026-08-15",-7,"2026-06-27","Pediatrics","quantile","0.5",126
"newGBQR","2026-08-15",-7,"2026-06-27","Pediatrics","quantile","0.55",131
"newGBQR","2026-08-15",-7,"2026-06-27","Pediatrics","quantile","0.6",133
"newGBQR","2026-08-15",-7,"2026-06-27","Pediatrics","quantile","0.65",135
"newGBQR","2026-08-15",-7,"2026-06-27","Pediatrics","quantile","0.7",136
"newGBQR","2026-08-15",-7,"2026-06-27","Pediatrics","quantile","0.75",139
"newGBQR","2026-08-15",-7,"2026-06-27","Pediatrics","quantile","0.8",142
"newGBQR","2026-08-15",-7,"2026-06-27","Pediatrics","quantile","0.85",147
"newGBQR","2026-08-15",-7,"2026-06-27","Pediatrics","quantile","0.9",150
"newGBQR","2026-08-15",-7,"2026-06-27","Pediatrics","quantile","0.95",158
"newGBQR","2026-08-15",-7,"2026-06-27","Pediatrics","quantile","0.975",167
"newGBQR","2026-08-15",-7,"2026-06-27","Pediatrics","quantile","0.99",192
"newGBQR","2026-08-15",-6,"2026-07-04","Pediatrics","quantile","0.01",28
"newGBQR","2026-08-15",-6,"2026-07-04","Pediatrics","quantile","0.025",46
"newGBQR","2026-08-15",-6,"2026-07-04","Pediatrics","quantile","0.05",61
"newGBQR","2026-08-15",-6,"2026-07-04","Pediatrics","quantile","0.1",79
"newGBQR","2026-08-15",-6,"2026-07-04","Pediatrics","quantile","0.15",88
"newGBQR","2026-08-15",-6,"2026-07-04","Pediatrics","quantile","0.2",93
"newGBQR","2026-08-15",-6,"2026-07-04","Pediatrics","quantile","0.25",97
"newGBQR","2026-08-15",-6,"2026-07-04","Pediatrics","quantile","0.3",101
"newGBQR","2026-08-15",-6,"2026-07-04","Pediatrics","quantile","0.35",105
"newGBQR","2026-08-15",-6,"2026-07-04","Pediatrics","quantile","0.4",111
"newGBQR","2026-08-15",-6,"2026-07-04","Pediatrics","quantile","0.45",121
"newGBQR","2026-08-15",-6,"2026-07-04","Pediatrics","quantile","0.5",125
"newGBQR","2026-08-15",-6,"2026-07-04","Pediatrics","quantile","0.55",128
"newGBQR","2026-08-15",-6,"2026-07-04","Pediatrics","quantile","0.6",133
"newGBQR","2026-08-15",-6,"2026-07-04","Pediatrics","quantile","0.65",134
"newGBQR","2026-08-15",-6,"2026-07-04","Pediatrics","quantile","0.7",135
"newGBQR","2026-08-15",-6,"2026-07-04","Pediatrics","quantile","0.75",137
"newGBQR","2026-08-15",-6,"2026-07-04","Pediatrics","quantile","0.8",142
"newGBQR","2026-08-15",-6,"2026-07-04","Pediatrics","quantile","0.85",147
"newGBQR","2026-08-15",-6,"2026-07-04","Pediatrics","quantile","0.9",149
"newGBQR","2026-08-15",-6,"2026-07-04","Pediatrics","quantile","0.95",161
"newGBQR","2026-08-15",-6,"2026-07-04","Pediatrics","quantile","0.975",170
"newGBQR","2026-08-15",-6,"2026-07-04","Pediatrics","quantile","0.99",192
"newGBQR","2026-08-15",-5,"2026-07-11","Pediatrics","quantile","0.01",28
"newGBQR","2026-08-15",-5,"2026-07-11","Pediatrics","quantile","0.025",45
"newGBQR","2026-08-15",-5,"2026-07-11","Pediatrics","quantile","0.05",59
"newGBQR","2026-08-15",-5,"2026-07-11","Pediatrics","quantile","0.1",76
"newGBQR","2026-08-15",-5,"2026-07-11","Pediatrics","quantile","0.15",86
"newGBQR","2026-08-15",-5,"2026-07-11","Pediatrics","quantile","0.2",90
"newGBQR","2026-08-15",-5,"2026-07-11","Pediatrics","quantile","0.25",93
"newGBQR","2026-08-15",-5,"2026-07-11","Pediatrics","quantile","0.3",97
"newGBQR","2026-08-15",-5,"2026-07-11","Pediatrics","quantile","0.35",103
"newGBQR","2026-08-15",-5,"2026-07-11","Pediatrics","quantile","0.4",107
"newGBQR","2026-08-15",-5,"2026-07-11","Pediatrics","quantile","0.45",115
"newGBQR","2026-08-15",-5,"2026-07-11","Pediatrics","quantile","0.5",121
"newGBQR","2026-08-15",-5,"2026-07-11","Pediatrics","quantile","0.55",121
"newGBQR","2026-08-15",-5,"2026-07-11","Pediatrics","quantile","0.6",127
"newGBQR","2026-08-15",-5,"2026-07-11","Pediatrics","quantile","0.65",130
"newGBQR","2026-08-15",-5,"2026-07-11","Pediatrics","quantile","0.7",132
"newGBQR","2026-08-15",-5,"2026-07-11","Pediatrics","quantile","0.75",134
"newGBQR","2026-08-15",-5,"2026-07-11","Pediatrics","quantile","0.8",139
"newGBQR","2026-08-15",-5,"2026-07-11","Pediatrics","quantile","0.85",145
"newGBQR","2026-08-15",-5,"2026-07-11","Pediatrics","quantile","0.9",148
"newGBQR","2026-08-15",-5,"2026-07-11","Pediatrics","quantile","0.95",161
"newGBQR","2026-08-15",-5,"2026-07-11","Pediatrics","quantile","0.975",171
"newGBQR","2026-08-15",-5,"2026-07-11","Pediatrics","quantile","0.99",192
"newGBQR","2026-08-15",-4,"2026-07-18","Pediatrics","quantile","0.01",28
"newGBQR","2026-08-15",-4,"2026-07-18","Pediatrics","quantile","0.025",43
"newGBQR","2026-08-15",-4,"2026-07-18","Pediatrics","quantile","0.05",57
"newGBQR","2026-08-15",-4,"2026-07-18","Pediatrics","quantile","0.1",76
"newGBQR","2026-08-15",-4,"2026-07-18","Pediatrics","quantile","0.15",84
"newGBQR","2026-08-15",-4,"2026-07-18","Pediatrics","quantile","0.2",91
"newGBQR","2026-08-15",-4,"2026-07-18","Pediatrics","quantile","0.25",91
"newGBQR","2026-08-15",-4,"2026-07-18","Pediatrics","quantile","0.3",97
"newGBQR","2026-08-15",-4,"2026-07-18","Pediatrics","quantile","0.35",100
"newGBQR","2026-08-15",-4,"2026-07-18","Pediatrics","quantile","0.4",105
"newGBQR","2026-08-15",-4,"2026-07-18","Pediatrics","quantile","0.45",116
"newGBQR","2026-08-15",-4,"2026-07-18","Pediatrics","quantile","0.5",122
"newGBQR","2026-08-15",-4,"2026-07-18","Pediatrics","quantile","0.55",122
"newGBQR","2026-08-15",-4,"2026-07-18","Pediatrics","quantile","0.6",126
"newGBQR","2026-08-15",-4,"2026-07-18","Pediatrics","quantile","0.65",129
"newGBQR","2026-08-15",-4,"2026-07-18","Pediatrics","quantile","0.7",129
"newGBQR","2026-08-15",-4,"2026-07-18","Pediatrics","quantile","0.75",132
"newGBQR","2026-08-15",-4,"2026-07-18","Pediatrics","quantile","0.8",138
"newGBQR","2026-08-15",-4,"2026-07-18","Pediatrics","quantile","0.85",145
"newGBQR","2026-08-15",-4,"2026-07-18","Pediatrics","quantile","0.9",148
"newGBQR","2026-08-15",-4,"2026-07-18","Pediatrics","quantile","0.95",161
"newGBQR","2026-08-15",-4,"2026-07-18","Pediatrics","quantile","0.975",171
"newGBQR","2026-08-15",-4,"2026-07-18","Pediatrics","quantile","0.99",192
"newGBQR","2026-08-15",-3,"2026-07-25","Pediatrics","quantile","0.01",28
"newGBQR","2026-08-15",-3,"2026-07-25","Pediatrics","quantile","0.025",43
"newGBQR","2026-08-15",-3,"2026-07-25","Pediatrics","quantile","0.05",58
"newGBQR","2026-08-15",-3,"2026-07-25","Pediatrics","quantile","0.1",78
"newGBQR","2026-08-15",-3,"2026-07-25","Pediatrics","quantile","0.15",87
"newGBQR","2026-08-15",-3,"2026-07-25","Pediatrics","quantile","0.2",94
"newGBQR","2026-08-15",-3,"2026-07-25","Pediatrics","quantile","0.25",95
"newGBQR","2026-08-15",-3,"2026-07-25","Pediatrics","quantile","0.3",97
"newGBQR","2026-08-15",-3,"2026-07-25","Pediatrics","quantile","0.35",102
"newGBQR","2026-08-15",-3,"2026-07-25","Pediatrics","quantile","0.4",104
"newGBQR","2026-08-15",-3,"2026-07-25","Pediatrics","quantile","0.45",113
"newGBQR","2026-08-15",-3,"2026-07-25","Pediatrics","quantile","0.5",119
"newGBQR","2026-08-15",-3,"2026-07-25","Pediatrics","quantile","0.55",121
"newGBQR","2026-08-15",-3,"2026-07-25","Pediatrics","quantile","0.6",123
"newGBQR","2026-08-15",-3,"2026-07-25","Pediatrics","quantile","0.65",127
"newGBQR","2026-08-15",-3,"2026-07-25","Pediatrics","quantile","0.7",128
"newGBQR","2026-08-15",-3,"2026-07-25","Pediatrics","quantile","0.75",132
"newGBQR","2026-08-15",-3,"2026-07-25","Pediatrics","quantile","0.8",137
"newGBQR","2026-08-15",-3,"2026-07-25","Pediatrics","quantile","0.85",146
"newGBQR","2026-08-15",-3,"2026-07-25","Pediatrics","quantile","0.9",152
"newGBQR","2026-08-15",-3,"2026-07-25","Pediatrics","quantile","0.95",163
"newGBQR","2026-08-15",-3,"2026-07-25","Pediatrics","quantile","0.975",172
"newGBQR","2026-08-15",-3,"2026-07-25","Pediatrics","quantile","0.99",193
"newGBQR","2026-08-15",-2,"2026-08-01","Pediatrics","quantile","0.01",27
"newGBQR","2026-08-15",-2,"2026-08-01","Pediatrics","quantile","0.025",43
"newGBQR","2026-08-15",-2,"2026-08-01","Pediatrics","quantile","0.05",61
"newGBQR","2026-08-15",-2,"2026-08-01","Pediatrics","quantile","0.1",80
"newGBQR","2026-08-15",-2,"2026-08-01","Pediatrics","quantile","0.15",89
"newGBQR","2026-08-15",-2,"2026-08-01","Pediatrics","quantile","0.2",94
"newGBQR","2026-08-15",-2,"2026-08-01","Pediatrics","quantile","0.25",98
"newGBQR","2026-08-15",-2,"2026-08-01","Pediatrics","quantile","0.3",101
"newGBQR","2026-08-15",-2,"2026-08-01","Pediatrics","quantile","0.35",104
"newGBQR","2026-08-15",-2,"2026-08-01","Pediatrics","quantile","0.4",107
"newGBQR","2026-08-15",-2,"2026-08-01","Pediatrics","quantile","0.45",111
"newGBQR","2026-08-15",-2,"2026-08-01","Pediatrics","quantile","0.5",116
"newGBQR","2026-08-15",-2,"2026-08-01","Pediatrics","quantile","0.55",122
"newGBQR","2026-08-15",-2,"2026-08-01","Pediatrics","quantile","0.6",124
"newGBQR","2026-08-15",-2,"2026-08-01","Pediatrics","quantile","0.65",126
"newGBQR","2026-08-15",-2,"2026-08-01","Pediatrics","quantile","0.7",130
"newGBQR","2026-08-15",-2,"2026-08-01","Pediatrics","quantile","0.75",136
"newGBQR","2026-08-15",-2,"2026-08-01","Pediatrics","quantile","0.8",139
"newGBQR","2026-08-15",-2,"2026-08-01","Pediatrics","quantile","0.85",148
"newGBQR","2026-08-15",-2,"2026-08-01","Pediatrics","quantile","0.9",152
"newGBQR","2026-08-15",-2,"2026-08-01","Pediatrics","quantile","0.95",163
"newGBQR","2026-08-15",-2,"2026-08-01","Pediatrics","quantile","0.975",171
"newGBQR","2026-08-15",-2,"2026-08-01","Pediatrics","quantile","0.99",193
"newGBQR","2026-08-15",-1,"2026-08-08","Pediatrics","quantile","0.01",27
"newGBQR","2026-08-15",-1,"2026-08-08","Pediatrics","quantile","0.025",43
"newGBQR","2026-08-15",-1,"2026-08-08","Pediatrics","quantile","0.05",61
"newGBQR","2026-08-15",-1,"2026-08-08","Pediatrics","quantile","0.1",81
"newGBQR","2026-08-15",-1,"2026-08-08","Pediatrics","quantile","0.15",89
"newGBQR","2026-08-15",-1,"2026-08-08","Pediatrics","quantile","0.2",96
"newGBQR","2026-08-15",-1,"2026-08-08","Pediatrics","quantile","0.25",106
"newGBQR","2026-08-15",-1,"2026-08-08","Pediatrics","quantile","0.3",109
"newGBQR","2026-08-15",-1,"2026-08-08","Pediatrics","quantile","0.35",111
"newGBQR","2026-08-15",-1,"2026-08-08","Pediatrics","quantile","0.4",111
"newGBQR","2026-08-15",-1,"2026-08-08","Pediatrics","quantile","0.45",113
"newGBQR","2026-08-15",-1,"2026-08-08","Pediatrics","quantile","0.5",116
"newGBQR","2026-08-15",-1,"2026-08-08","Pediatrics","quantile","0.55",121
"newGBQR","2026-08-15",-1,"2026-08-08","Pediatrics","quantile","0.6",124
"newGBQR","2026-08-15",-1,"2026-08-08","Pediatrics","quantile","0.65",129
"newGBQR","2026-08-15",-1,"2026-08-08","Pediatrics","quantile","0.7",131
"newGBQR","2026-08-15",-1,"2026-08-08","Pediatrics","quantile","0.75",137
"newGBQR","2026-08-15",-1,"2026-08-08","Pediatrics","quantile","0.8",143
"newGBQR","2026-08-15",-1,"2026-08-08","Pediatrics","quantile","0.85",149
"newGBQR","2026-08-15",-1,"2026-08-08","Pediatrics","quantile","0.9",154
"newGBQR","2026-08-15",-1,"2026-08-08","Pediatrics","quantile","0.95",165
"newGBQR","2026-08-15",-1,"2026-08-08","Pediatrics","quantile","0.975",173
"newGBQR","2026-08-15",-1,"2026-08-08","Pediatrics","quantile","0.99",199
"newGBQR","2026-08-15",0,"2026-08-15","Pediatrics","quantile","0.01",27
"newGBQR","2026-08-15",0,"2026-08-15","Pediatrics","quantile","0.025",42
"newGBQR","2026-08-15",0,"2026-08-15","Pediatrics","quantile","0.05",60
"newGBQR","2026-08-15",0,"2026-08-15","Pediatrics","quantile","0.1",80
"newGBQR","2026-08-15",0,"2026-08-15","Pediatrics","quantile","0.15",89
"newGBQR","2026-08-15",0,"2026-08-15","Pediatrics","quantile","0.2",99
"newGBQR","2026-08-15",0,"2026-08-15","Pediatrics","quantile","0.25",104
"newGBQR","2026-08-15",0,"2026-08-15","Pediatrics","quantile","0.3",106
"newGBQR","2026-08-15",0,"2026-08-15","Pediatrics","quantile","0.35",111
"newGBQR","2026-08-15",0,"2026-08-15","Pediatrics","quantile","0.4",112
"newGBQR","2026-08-15",0,"2026-08-15","Pediatrics","quantile","0.45",113
"newGBQR","2026-08-15",0,"2026-08-15","Pediatrics","quantile","0.5",120
"newGBQR","2026-08-15",0,"2026-08-15","Pediatrics","quantile","0.55",123
"newGBQR","2026-08-15",0,"2026-08-15","Pediatrics","quantile","0.6",125
"newGBQR","2026-08-15",0,"2026-08-15","Pediatrics","quantile","0.65",131
"newGBQR","2026-08-15",0,"2026-08-15","Pediatrics","quantile","0.7",140
"newGBQR","2026-08-15",0,"2026-08-15","Pediatrics","quantile","0.75",141
"newGBQR","2026-08-15",0,"2026-08-15","Pediatrics","quantile","0.8",149
"newGBQR","2026-08-15",0,"2026-08-15","Pediatrics","quantile","0.85",152
"newGBQR","2026-08-15",0,"2026-08-15","Pediatrics","quantile","0.9",156
"newGBQR","2026-08-15",0,"2026-08-15","Pediatrics","quantile","0.95",165
"newGBQR","2026-08-15",0,"2026-08-15","Pediatrics","quantile","0.975",175
"newGBQR","2026-08-15",0,"2026-08-15","Pediatrics","quantile","0.99",201
"newGBQR","2026-08-15",1,"2026-08-22","Pediatrics","quantile","0.01",27
"newGBQR","2026-08-15",1,"2026-08-22","Pediatrics","quantile","0.025",41
"newGBQR","2026-08-15",1,"2026-08-22","Pediatrics","quantile","0.05",60
"newGBQR","2026-08-15",1,"2026-08-22","Pediatrics","quantile","0.1",82
"newGBQR","2026-08-15",1,"2026-08-22","Pediatrics","quantile","0.15",91
"newGBQR","2026-08-15",1,"2026-08-22","Pediatrics","quantile","0.2",99
"newGBQR","2026-08-15",1,"2026-08-22","Pediatrics","quantile","0.25",103
"newGBQR","2026-08-15",1,"2026-08-22","Pediatrics","quantile","0.3",105
"newGBQR","2026-08-15",1,"2026-08-22","Pediatrics","quantile","0.35",112
"newGBQR","2026-08-15",1,"2026-08-22","Pediatrics","quantile","0.4",112
"newGBQR","2026-08-15",1,"2026-08-22","Pediatrics","quantile","0.45",113
"newGBQR","2026-08-15",1,"2026-08-22","Pediatrics","quantile","0.5",120
"newGBQR","2026-08-15",1,"2026-08-22","Pediatrics","quantile","0.55",121
"newGBQR","2026-08-15",1,"2026-08-22","Pediatrics","quantile","0.6",125
"newGBQR","2026-08-15",1,"2026-08-22","Pediatrics","quantile","0.65",133
"newGBQR","2026-08-15",1,"2026-08-22","Pediatrics","quantile","0.7",140
"newGBQR","2026-08-15",1,"2026-08-22","Pediatrics","quantile","0.75",142
"newGBQR","2026-08-15",1,"2026-08-22","Pediatrics","quantile","0.8",150
"newGBQR","2026-08-15",1,"2026-08-22","Pediatrics","quantile","0.85",157
"newGBQR","2026-08-15",1,"2026-08-22","Pediatrics","quantile","0.9",157
"newGBQR","2026-08-15",1,"2026-08-22","Pediatrics","quantile","0.95",165
"newGBQR","2026-08-15",1,"2026-08-22","Pediatrics","quantile","0.975",176
"newGBQR","2026-08-15",1,"2026-08-22","Pediatrics","quantile","0.99",202
"newGBQR","2026-08-15",2,"2026-08-29","Pediatrics","quantile","0.01",26
"newGBQR","2026-08-15",2,"2026-08-29","Pediatrics","quantile","0.025",40
"newGBQR","2026-08-15",2,"2026-08-29","Pediatrics","quantile","0.05",60
"newGBQR","2026-08-15",2,"2026-08-29","Pediatrics","quantile","0.1",81
"newGBQR","2026-08-15",2,"2026-08-29","Pediatrics","quantile","0.15",90
"newGBQR","2026-08-15",2,"2026-08-29","Pediatrics","quantile","0.2",98
"newGBQR","2026-08-15",2,"2026-08-29","Pediatrics","quantile","0.25",102
"newGBQR","2026-08-15",2,"2026-08-29","Pediatrics","quantile","0.3",104
"newGBQR","2026-08-15",2,"2026-08-29","Pediatrics","quantile","0.35",111
"newGBQR","2026-08-15",2,"2026-08-29","Pediatrics","quantile","0.4",112
"newGBQR","2026-08-15",2,"2026-08-29","Pediatrics","quantile","0.45",113
"newGBQR","2026-08-15",2,"2026-08-29","Pediatrics","quantile","0.5",117
"newGBQR","2026-08-15",2,"2026-08-29","Pediatrics","quantile","0.55",120
"newGBQR","2026-08-15",2,"2026-08-29","Pediatrics","quantile","0.6",125
"newGBQR","2026-08-15",2,"2026-08-29","Pediatrics","quantile","0.65",134
"newGBQR","2026-08-15",2,"2026-08-29","Pediatrics","quantile","0.7",139
"newGBQR","2026-08-15",2,"2026-08-29","Pediatrics","quantile","0.75",147
"newGBQR","2026-08-15",2,"2026-08-29","Pediatrics","quantile","0.8",154
"newGBQR","2026-08-15",2,"2026-08-29","Pediatrics","quantile","0.85",157
"newGBQR","2026-08-15",2,"2026-08-29","Pediatrics","quantile","0.9",158
"newGBQR","2026-08-15",2,"2026-08-29","Pediatrics","quantile","0.95",166
"newGBQR","2026-08-15",2,"2026-08-29","Pediatrics","quantile","0.975",176
"newGBQR","2026-08-15",2,"2026-08-29","Pediatrics","quantile","0.99",202
"newGBQR","2026-08-15",3,"2026-09-05","Pediatrics","quantile","0.01",26
"newGBQR","2026-08-15",3,"2026-09-05","Pediatrics","quantile","0.025",40
"newGBQR","2026-08-15",3,"2026-09-05","Pediatrics","quantile","0.05",59
"newGBQR","2026-08-15",3,"2026-09-05","Pediatrics","quantile","0.1",80
"newGBQR","2026-08-15",3,"2026-09-05","Pediatrics","quantile","0.15",90
"newGBQR","2026-08-15",3,"2026-09-05","Pediatrics","quantile","0.2",100
"newGBQR","2026-08-15",3,"2026-09-05","Pediatrics","quantile","0.25",103
"newGBQR","2026-08-15",3,"2026-09-05","Pediatrics","quantile","0.3",105
"newGBQR","2026-08-15",3,"2026-09-05","Pediatrics","quantile","0.35",111
"newGBQR","2026-08-15",3,"2026-09-05","Pediatrics","quantile","0.4",112
"newGBQR","2026-08-15",3,"2026-09-05","Pediatrics","quantile","0.45",112
"newGBQR","2026-08-15",3,"2026-09-05","Pediatrics","quantile","0.5",117
"newGBQR","2026-08-15",3,"2026-09-05","Pediatrics","quantile","0.55",120
"newGBQR","2026-08-15",3,"2026-09-05","Pediatrics","quantile","0.6",126
"newGBQR","2026-08-15",3,"2026-09-05","Pediatrics","quantile","0.65",135
"newGBQR","2026-08-15",3,"2026-09-05","Pediatrics","quantile","0.7",140
"newGBQR","2026-08-15",3,"2026-09-05","Pediatrics","quantile","0.75",150
"newGBQR","2026-08-15",3,"2026-09-05","Pediatrics","quantile","0.8",157
"newGBQR","2026-08-15",3,"2026-09-05","Pediatrics","quantile","0.85",161
"newGBQR","2026-08-15",3,"2026-09-05","Pediatrics","quantile","0.9",162
"newGBQR","2026-08-15",3,"2026-09-05","Pediatrics","quantile","0.95",166
"newGBQR","2026-08-15",3,"2026-09-05","Pediatrics","quantile","0.975",178
"newGBQR","2026-08-15",3,"2026-09-05","Pediatrics","quantile","0.99",204
