model,reference_date,horizon,target_end_date,target_group,output_type,output_type_id,value
Regular Baseline,5/23/2026,-2,5/9/2026,Adults,quantile,0.01,45
Regular Baseline,5/23/2026,-2,5/9/2026,Adults,quantile,0.025,55
Regular Baseline,5/23/2026,-2,5/9/2026,Adults,quantile,0.05,66
Regular Baseline,5/23/2026,-2,5/9/2026,Adults,quantile,0.1,77
Regular Baseline,5/23/2026,-2,5/9/2026,Adults,quantile,0.15,80
Regular Baseline,5/23/2026,-2,5/9/2026,Adults,quantile,0.2,87
Regular Baseline,5/23/2026,-2,5/9/2026,Adults,quantile,0.25,91
Regular Baseline,5/23/2026,-2,5/9/2026,Adults,quantile,0.3,94
Regular Baseline,5/23/2026,-2,5/9/2026,Adults,quantile,0.35,98
Regular Baseline,5/23/2026,-2,5/9/2026,Adults,quantile,0.4,101
Regular Baseline,5/23/2026,-2,5/9/2026,Adults,quantile,0.45,103
Regular Baseline,5/23/2026,-2,5/9/2026,Adults,quantile,0.5,106
Regular Baseline,5/23/2026,-2,5/9/2026,Adults,quantile,0.55,109
Regular Baseline,5/23/2026,-2,5/9/2026,Adults,quantile,0.6,111
Regular Baseline,5/23/2026,-2,5/9/2026,Adults,quantile,0.65,115
Regular Baseline,5/23/2026,-2,5/9/2026,Adults,quantile,0.7,119
Regular Baseline,5/23/2026,-2,5/9/2026,Adults,quantile,0.75,122
Regular Baseline,5/23/2026,-2,5/9/2026,Adults,quantile,0.8,127
Regular Baseline,5/23/2026,-2,5/9/2026,Adults,quantile,0.85,135
Regular Baseline,5/23/2026,-2,5/9/2026,Adults,quantile,0.9,140
Regular Baseline,5/23/2026,-2,5/9/2026,Adults,quantile,0.95,156
Regular Baseline,5/23/2026,-2,5/9/2026,Adults,quantile,0.975,173
Regular Baseline,5/23/2026,-2,5/9/2026,Adults,quantile,0.99,191
Regular Baseline,5/23/2026,-1,5/16/2026,Adults,quantile,0.01,31
Regular Baseline,5/23/2026,-1,5/16/2026,Adults,quantile,0.025,41
Regular Baseline,5/23/2026,-1,5/16/2026,Adults,quantile,0.05,51
Regular Baseline,5/23/2026,-1,5/16/2026,Adults,quantile,0.1,63
Regular Baseline,5/23/2026,-1,5/16/2026,Adults,quantile,0.15,71
Regular Baseline,5/23/2026,-1,5/16/2026,Adults,quantile,0.2,77
Regular Baseline,5/23/2026,-1,5/16/2026,Adults,quantile,0.25,82
Regular Baseline,5/23/2026,-1,5/16/2026,Adults,quantile,0.3,88
Regular Baseline,5/23/2026,-1,5/16/2026,Adults,quantile,0.35,92
Regular Baseline,5/23/2026,-1,5/16/2026,Adults,quantile,0.4,97
Regular Baseline,5/23/2026,-1,5/16/2026,Adults,quantile,0.45,102
Regular Baseline,5/23/2026,-1,5/16/2026,Adults,quantile,0.5,106
Regular Baseline,5/23/2026,-1,5/16/2026,Adults,quantile,0.55,110
Regular Baseline,5/23/2026,-1,5/16/2026,Adults,quantile,0.6,115
Regular Baseline,5/23/2026,-1,5/16/2026,Adults,quantile,0.65,120
Regular Baseline,5/23/2026,-1,5/16/2026,Adults,quantile,0.7,126
Regular Baseline,5/23/2026,-1,5/16/2026,Adults,quantile,0.75,132
Regular Baseline,5/23/2026,-1,5/16/2026,Adults,quantile,0.8,139
Regular Baseline,5/23/2026,-1,5/16/2026,Adults,quantile,0.85,147
Regular Baseline,5/23/2026,-1,5/16/2026,Adults,quantile,0.9,160
Regular Baseline,5/23/2026,-1,5/16/2026,Adults,quantile,0.95,180
Regular Baseline,5/23/2026,-1,5/16/2026,Adults,quantile,0.975,202
Regular Baseline,5/23/2026,-1,5/16/2026,Adults,quantile,0.99,227
Regular Baseline,5/23/2026,0,5/23/2026,Adults,quantile,0.01,22
Regular Baseline,5/23/2026,0,5/23/2026,Adults,quantile,0.025,33
Regular Baseline,5/23/2026,0,5/23/2026,Adults,quantile,0.05,42
Regular Baseline,5/23/2026,0,5/23/2026,Adults,quantile,0.1,54
Regular Baseline,5/23/2026,0,5/23/2026,Adults,quantile,0.15,63
Regular Baseline,5/23/2026,0,5/23/2026,Adults,quantile,0.2,71
Regular Baseline,5/23/2026,0,5/23/2026,Adults,quantile,0.25,78
Regular Baseline,5/23/2026,0,5/23/2026,Adults,quantile,0.3,84
Regular Baseline,5/23/2026,0,5/23/2026,Adults,quantile,0.35,90
Regular Baseline,5/23/2026,0,5/23/2026,Adults,quantile,0.4,95
Regular Baseline,5/23/2026,0,5/23/2026,Adults,quantile,0.45,101
Regular Baseline,5/23/2026,0,5/23/2026,Adults,quantile,0.5,106
Regular Baseline,5/23/2026,0,5/23/2026,Adults,quantile,0.55,112
Regular Baseline,5/23/2026,0,5/23/2026,Adults,quantile,0.6,118
Regular Baseline,5/23/2026,0,5/23/2026,Adults,quantile,0.65,124
Regular Baseline,5/23/2026,0,5/23/2026,Adults,quantile,0.7,131
Regular Baseline,5/23/2026,0,5/23/2026,Adults,quantile,0.75,139
Regular Baseline,5/23/2026,0,5/23/2026,Adults,quantile,0.8,149
Regular Baseline,5/23/2026,0,5/23/2026,Adults,quantile,0.85,160
Regular Baseline,5/23/2026,0,5/23/2026,Adults,quantile,0.9,175
Regular Baseline,5/23/2026,0,5/23/2026,Adults,quantile,0.95,200
Regular Baseline,5/23/2026,0,5/23/2026,Adults,quantile,0.975,222
Regular Baseline,5/23/2026,0,5/23/2026,Adults,quantile,0.99,250
Regular Baseline,5/23/2026,1,5/30/2026,Adults,quantile,0.01,14
Regular Baseline,5/23/2026,1,5/30/2026,Adults,quantile,0.025,24
Regular Baseline,5/23/2026,1,5/30/2026,Adults,quantile,0.05,33
Regular Baseline,5/23/2026,1,5/30/2026,Adults,quantile,0.1,47
Regular Baseline,5/23/2026,1,5/30/2026,Adults,quantile,0.15,56
Regular Baseline,5/23/2026,1,5/30/2026,Adults,quantile,0.2,65
Regular Baseline,5/23/2026,1,5/30/2026,Adults,quantile,0.25,72
Regular Baseline,5/23/2026,1,5/30/2026,Adults,quantile,0.3,79
Regular Baseline,5/23/2026,1,5/30/2026,Adults,quantile,0.35,86
Regular Baseline,5/23/2026,1,5/30/2026,Adults,quantile,0.4,93
Regular Baseline,5/23/2026,1,5/30/2026,Adults,quantile,0.45,99
Regular Baseline,5/23/2026,1,5/30/2026,Adults,quantile,0.5,106
Regular Baseline,5/23/2026,1,5/30/2026,Adults,quantile,0.55,113
Regular Baseline,5/23/2026,1,5/30/2026,Adults,quantile,0.6,119
Regular Baseline,5/23/2026,1,5/30/2026,Adults,quantile,0.65,127
Regular Baseline,5/23/2026,1,5/30/2026,Adults,quantile,0.7,135
Regular Baseline,5/23/2026,1,5/30/2026,Adults,quantile,0.75,145
Regular Baseline,5/23/2026,1,5/30/2026,Adults,quantile,0.8,155
Regular Baseline,5/23/2026,1,5/30/2026,Adults,quantile,0.85,168
Regular Baseline,5/23/2026,1,5/30/2026,Adults,quantile,0.9,186
Regular Baseline,5/23/2026,1,5/30/2026,Adults,quantile,0.95,214
Regular Baseline,5/23/2026,1,5/30/2026,Adults,quantile,0.975,241
Regular Baseline,5/23/2026,1,5/30/2026,Adults,quantile,0.99,282
Regular Baseline,5/23/2026,2,6/6/2026,Adults,quantile,0.01,9
Regular Baseline,5/23/2026,2,6/6/2026,Adults,quantile,0.025,18
Regular Baseline,5/23/2026,2,6/6/2026,Adults,quantile,0.05,28
Regular Baseline,5/23/2026,2,6/6/2026,Adults,quantile,0.1,41
Regular Baseline,5/23/2026,2,6/6/2026,Adults,quantile,0.15,51
Regular Baseline,5/23/2026,2,6/6/2026,Adults,quantile,0.2,61
Regular Baseline,5/23/2026,2,6/6/2026,Adults,quantile,0.25,69
Regular Baseline,5/23/2026,2,6/6/2026,Adults,quantile,0.3,76
Regular Baseline,5/23/2026,2,6/6/2026,Adults,quantile,0.35,83
Regular Baseline,5/23/2026,2,6/6/2026,Adults,quantile,0.4,91
Regular Baseline,5/23/2026,2,6/6/2026,Adults,quantile,0.45,98
Regular Baseline,5/23/2026,2,6/6/2026,Adults,quantile,0.5,106
Regular Baseline,5/23/2026,2,6/6/2026,Adults,quantile,0.55,114
Regular Baseline,5/23/2026,2,6/6/2026,Adults,quantile,0.6,121
Regular Baseline,5/23/2026,2,6/6/2026,Adults,quantile,0.65,130
Regular Baseline,5/23/2026,2,6/6/2026,Adults,quantile,0.7,139
Regular Baseline,5/23/2026,2,6/6/2026,Adults,quantile,0.75,150
Regular Baseline,5/23/2026,2,6/6/2026,Adults,quantile,0.8,163
Regular Baseline,5/23/2026,2,6/6/2026,Adults,quantile,0.85,177
Regular Baseline,5/23/2026,2,6/6/2026,Adults,quantile,0.9,196
Regular Baseline,5/23/2026,2,6/6/2026,Adults,quantile,0.95,230
Regular Baseline,5/23/2026,2,6/6/2026,Adults,quantile,0.975,256
Regular Baseline,5/23/2026,2,6/6/2026,Adults,quantile,0.99,307
Regular Baseline,5/23/2026,3,6/13/2026,Adults,quantile,0.01,6
Regular Baseline,5/23/2026,3,6/13/2026,Adults,quantile,0.025,14
Regular Baseline,5/23/2026,3,6/13/2026,Adults,quantile,0.05,24
Regular Baseline,5/23/2026,3,6/13/2026,Adults,quantile,0.1,37
Regular Baseline,5/23/2026,3,6/13/2026,Adults,quantile,0.15,47
Regular Baseline,5/23/2026,3,6/13/2026,Adults,quantile,0.2,57
Regular Baseline,5/23/2026,3,6/13/2026,Adults,quantile,0.25,66
Regular Baseline,5/23/2026,3,6/13/2026,Adults,quantile,0.3,74
Regular Baseline,5/23/2026,3,6/13/2026,Adults,quantile,0.35,82
Regular Baseline,5/23/2026,3,6/13/2026,Adults,quantile,0.4,90
Regular Baseline,5/23/2026,3,6/13/2026,Adults,quantile,0.45,97
Regular Baseline,5/23/2026,3,6/13/2026,Adults,quantile,0.5,106
Regular Baseline,5/23/2026,3,6/13/2026,Adults,quantile,0.55,114
Regular Baseline,5/23/2026,3,6/13/2026,Adults,quantile,0.6,124
Regular Baseline,5/23/2026,3,6/13/2026,Adults,quantile,0.65,133
Regular Baseline,5/23/2026,3,6/13/2026,Adults,quantile,0.7,143
Regular Baseline,5/23/2026,3,6/13/2026,Adults,quantile,0.75,154
Regular Baseline,5/23/2026,3,6/13/2026,Adults,quantile,0.8,168
Regular Baseline,5/23/2026,3,6/13/2026,Adults,quantile,0.85,185
Regular Baseline,5/23/2026,3,6/13/2026,Adults,quantile,0.9,208
Regular Baseline,5/23/2026,3,6/13/2026,Adults,quantile,0.95,244
Regular Baseline,5/23/2026,3,6/13/2026,Adults,quantile,0.975,275
Regular Baseline,5/23/2026,3,6/13/2026,Adults,quantile,0.99,327
Regular Baseline,5/23/2026,-2,5/9/2026,Overall,quantile,0.01,176
Regular Baseline,5/23/2026,-2,5/9/2026,Overall,quantile,0.025,191
Regular Baseline,5/23/2026,-2,5/9/2026,Overall,quantile,0.05,207
Regular Baseline,5/23/2026,-2,5/9/2026,Overall,quantile,0.1,228
Regular Baseline,5/23/2026,-2,5/9/2026,Overall,quantile,0.15,241
Regular Baseline,5/23/2026,-2,5/9/2026,Overall,quantile,0.2,250
Regular Baseline,5/23/2026,-2,5/9/2026,Overall,quantile,0.25,260
Regular Baseline,5/23/2026,-2,5/9/2026,Overall,quantile,0.3,266
Regular Baseline,5/23/2026,-2,5/9/2026,Overall,quantile,0.35,274
Regular Baseline,5/23/2026,-2,5/9/2026,Overall,quantile,0.4,280
Regular Baseline,5/23/2026,-2,5/9/2026,Overall,quantile,0.45,287
Regular Baseline,5/23/2026,-2,5/9/2026,Overall,quantile,0.5,292
Regular Baseline,5/23/2026,-2,5/9/2026,Overall,quantile,0.55,297
Regular Baseline,5/23/2026,-2,5/9/2026,Overall,quantile,0.6,304
Regular Baseline,5/23/2026,-2,5/9/2026,Overall,quantile,0.65,310
Regular Baseline,5/23/2026,-2,5/9/2026,Overall,quantile,0.7,319
Regular Baseline,5/23/2026,-2,5/9/2026,Overall,quantile,0.75,326
Regular Baseline,5/23/2026,-2,5/9/2026,Overall,quantile,0.8,338
Regular Baseline,5/23/2026,-2,5/9/2026,Overall,quantile,0.85,347
Regular Baseline,5/23/2026,-2,5/9/2026,Overall,quantile,0.9,364
Regular Baseline,5/23/2026,-2,5/9/2026,Overall,quantile,0.95,391
Regular Baseline,5/23/2026,-2,5/9/2026,Overall,quantile,0.975,414
Regular Baseline,5/23/2026,-2,5/9/2026,Overall,quantile,0.99,437
Regular Baseline,5/23/2026,-1,5/16/2026,Overall,quantile,0.01,130
Regular Baseline,5/23/2026,-1,5/16/2026,Overall,quantile,0.025,156
Regular Baseline,5/23/2026,-1,5/16/2026,Overall,quantile,0.05,177
Regular Baseline,5/23/2026,-1,5/16/2026,Overall,quantile,0.1,202
Regular Baseline,5/23/2026,-1,5/16/2026,Overall,quantile,0.15,220
Regular Baseline,5/23/2026,-1,5/16/2026,Overall,quantile,0.2,233
Regular Baseline,5/23/2026,-1,5/16/2026,Overall,quantile,0.25,245
Regular Baseline,5/23/2026,-1,5/16/2026,Overall,quantile,0.3,255
Regular Baseline,5/23/2026,-1,5/16/2026,Overall,quantile,0.35,265
Regular Baseline,5/23/2026,-1,5/16/2026,Overall,quantile,0.4,274
Regular Baseline,5/23/2026,-1,5/16/2026,Overall,quantile,0.45,283
Regular Baseline,5/23/2026,-1,5/16/2026,Overall,quantile,0.5,292
Regular Baseline,5/23/2026,-1,5/16/2026,Overall,quantile,0.55,301
Regular Baseline,5/23/2026,-1,5/16/2026,Overall,quantile,0.6,311
Regular Baseline,5/23/2026,-1,5/16/2026,Overall,quantile,0.65,322
Regular Baseline,5/23/2026,-1,5/16/2026,Overall,quantile,0.7,332
Regular Baseline,5/23/2026,-1,5/16/2026,Overall,quantile,0.75,345
Regular Baseline,5/23/2026,-1,5/16/2026,Overall,quantile,0.8,359
Regular Baseline,5/23/2026,-1,5/16/2026,Overall,quantile,0.85,376
Regular Baseline,5/23/2026,-1,5/16/2026,Overall,quantile,0.9,400
Regular Baseline,5/23/2026,-1,5/16/2026,Overall,quantile,0.95,435
Regular Baseline,5/23/2026,-1,5/16/2026,Overall,quantile,0.975,470
Regular Baseline,5/23/2026,-1,5/16/2026,Overall,quantile,0.99,517
Regular Baseline,5/23/2026,0,5/23/2026,Overall,quantile,0.01,107
Regular Baseline,5/23/2026,0,5/23/2026,Overall,quantile,0.025,133
Regular Baseline,5/23/2026,0,5/23/2026,Overall,quantile,0.05,155
Regular Baseline,5/23/2026,0,5/23/2026,Overall,quantile,0.1,183
Regular Baseline,5/23/2026,0,5/23/2026,Overall,quantile,0.15,203
Regular Baseline,5/23/2026,0,5/23/2026,Overall,quantile,0.2,219
Regular Baseline,5/23/2026,0,5/23/2026,Overall,quantile,0.25,232
Regular Baseline,5/23/2026,0,5/23/2026,Overall,quantile,0.3,245
Regular Baseline,5/23/2026,0,5/23/2026,Overall,quantile,0.35,258
Regular Baseline,5/23/2026,0,5/23/2026,Overall,quantile,0.4,269
Regular Baseline,5/23/2026,0,5/23/2026,Overall,quantile,0.45,281
Regular Baseline,5/23/2026,0,5/23/2026,Overall,quantile,0.5,292
Regular Baseline,5/23/2026,0,5/23/2026,Overall,quantile,0.55,304
Regular Baseline,5/23/2026,0,5/23/2026,Overall,quantile,0.6,316
Regular Baseline,5/23/2026,0,5/23/2026,Overall,quantile,0.65,329
Regular Baseline,5/23/2026,0,5/23/2026,Overall,quantile,0.7,343
Regular Baseline,5/23/2026,0,5/23/2026,Overall,quantile,0.75,359
Regular Baseline,5/23/2026,0,5/23/2026,Overall,quantile,0.8,377
Regular Baseline,5/23/2026,0,5/23/2026,Overall,quantile,0.85,399
Regular Baseline,5/23/2026,0,5/23/2026,Overall,quantile,0.9,428
Regular Baseline,5/23/2026,0,5/23/2026,Overall,quantile,0.95,473
Regular Baseline,5/23/2026,0,5/23/2026,Overall,quantile,0.975,513
Regular Baseline,5/23/2026,0,5/23/2026,Overall,quantile,0.99,570
Regular Baseline,5/23/2026,1,5/30/2026,Overall,quantile,0.01,87
Regular Baseline,5/23/2026,1,5/30/2026,Overall,quantile,0.025,114
Regular Baseline,5/23/2026,1,5/30/2026,Overall,quantile,0.05,139
Regular Baseline,5/23/2026,1,5/30/2026,Overall,quantile,0.1,169
Regular Baseline,5/23/2026,1,5/30/2026,Overall,quantile,0.15,189
Regular Baseline,5/23/2026,1,5/30/2026,Overall,quantile,0.2,206
Regular Baseline,5/23/2026,1,5/30/2026,Overall,quantile,0.25,221
Regular Baseline,5/23/2026,1,5/30/2026,Overall,quantile,0.3,236
Regular Baseline,5/23/2026,1,5/30/2026,Overall,quantile,0.35,251
Regular Baseline,5/23/2026,1,5/30/2026,Overall,quantile,0.4,264
Regular Baseline,5/23/2026,1,5/30/2026,Overall,quantile,0.45,278
Regular Baseline,5/23/2026,1,5/30/2026,Overall,quantile,0.5,292
Regular Baseline,5/23/2026,1,5/30/2026,Overall,quantile,0.55,305
Regular Baseline,5/23/2026,1,5/30/2026,Overall,quantile,0.6,320
Regular Baseline,5/23/2026,1,5/30/2026,Overall,quantile,0.65,336
Regular Baseline,5/23/2026,1,5/30/2026,Overall,quantile,0.7,352
Regular Baseline,5/23/2026,1,5/30/2026,Overall,quantile,0.75,372
Regular Baseline,5/23/2026,1,5/30/2026,Overall,quantile,0.8,392
Regular Baseline,5/23/2026,1,5/30/2026,Overall,quantile,0.85,416
Regular Baseline,5/23/2026,1,5/30/2026,Overall,quantile,0.9,451
Regular Baseline,5/23/2026,1,5/30/2026,Overall,quantile,0.95,503
Regular Baseline,5/23/2026,1,5/30/2026,Overall,quantile,0.975,553
Regular Baseline,5/23/2026,1,5/30/2026,Overall,quantile,0.99,608
Regular Baseline,5/23/2026,2,6/6/2026,Overall,quantile,0.01,73
Regular Baseline,5/23/2026,2,6/6/2026,Overall,quantile,0.025,97
Regular Baseline,5/23/2026,2,6/6/2026,Overall,quantile,0.05,122
Regular Baseline,5/23/2026,2,6/6/2026,Overall,quantile,0.1,156
Regular Baseline,5/23/2026,2,6/6/2026,Overall,quantile,0.15,178
Regular Baseline,5/23/2026,2,6/6/2026,Overall,quantile,0.2,196
Regular Baseline,5/23/2026,2,6/6/2026,Overall,quantile,0.25,214
Regular Baseline,5/23/2026,2,6/6/2026,Overall,quantile,0.3,231
Regular Baseline,5/23/2026,2,6/6/2026,Overall,quantile,0.35,246
Regular Baseline,5/23/2026,2,6/6/2026,Overall,quantile,0.4,261
Regular Baseline,5/23/2026,2,6/6/2026,Overall,quantile,0.45,276
Regular Baseline,5/23/2026,2,6/6/2026,Overall,quantile,0.5,292
Regular Baseline,5/23/2026,2,6/6/2026,Overall,quantile,0.55,308
Regular Baseline,5/23/2026,2,6/6/2026,Overall,quantile,0.6,324
Regular Baseline,5/23/2026,2,6/6/2026,Overall,quantile,0.65,342
Regular Baseline,5/23/2026,2,6/6/2026,Overall,quantile,0.7,361
Regular Baseline,5/23/2026,2,6/6/2026,Overall,quantile,0.75,382
Regular Baseline,5/23/2026,2,6/6/2026,Overall,quantile,0.8,407
Regular Baseline,5/23/2026,2,6/6/2026,Overall,quantile,0.85,434
Regular Baseline,5/23/2026,2,6/6/2026,Overall,quantile,0.9,471
Regular Baseline,5/23/2026,2,6/6/2026,Overall,quantile,0.95,535
Regular Baseline,5/23/2026,2,6/6/2026,Overall,quantile,0.975,583
Regular Baseline,5/23/2026,2,6/6/2026,Overall,quantile,0.99,650
Regular Baseline,5/23/2026,3,6/13/2026,Overall,quantile,0.01,59
Regular Baseline,5/23/2026,3,6/13/2026,Overall,quantile,0.025,86
Regular Baseline,5/23/2026,3,6/13/2026,Overall,quantile,0.05,112
Regular Baseline,5/23/2026,3,6/13/2026,Overall,quantile,0.1,145
Regular Baseline,5/23/2026,3,6/13/2026,Overall,quantile,0.15,170
Regular Baseline,5/23/2026,3,6/13/2026,Overall,quantile,0.2,190
Regular Baseline,5/23/2026,3,6/13/2026,Overall,quantile,0.25,208
Regular Baseline,5/23/2026,3,6/13/2026,Overall,quantile,0.3,226
Regular Baseline,5/23/2026,3,6/13/2026,Overall,quantile,0.35,243
Regular Baseline,5/23/2026,3,6/13/2026,Overall,quantile,0.4,259
Regular Baseline,5/23/2026,3,6/13/2026,Overall,quantile,0.45,276
Regular Baseline,5/23/2026,3,6/13/2026,Overall,quantile,0.5,292
Regular Baseline,5/23/2026,3,6/13/2026,Overall,quantile,0.55,310
Regular Baseline,5/23/2026,3,6/13/2026,Overall,quantile,0.6,329
Regular Baseline,5/23/2026,3,6/13/2026,Overall,quantile,0.65,349
Regular Baseline,5/23/2026,3,6/13/2026,Overall,quantile,0.7,371
Regular Baseline,5/23/2026,3,6/13/2026,Overall,quantile,0.75,394
Regular Baseline,5/23/2026,3,6/13/2026,Overall,quantile,0.8,420
Regular Baseline,5/23/2026,3,6/13/2026,Overall,quantile,0.85,451
Regular Baseline,5/23/2026,3,6/13/2026,Overall,quantile,0.9,493
Regular Baseline,5/23/2026,3,6/13/2026,Overall,quantile,0.95,562
Regular Baseline,5/23/2026,3,6/13/2026,Overall,quantile,0.975,619
Regular Baseline,5/23/2026,3,6/13/2026,Overall,quantile,0.99,697
Regular Baseline,5/23/2026,-2,5/9/2026,Pediatrics,quantile,0.01,113
Regular Baseline,5/23/2026,-2,5/9/2026,Pediatrics,quantile,0.025,122
Regular Baseline,5/23/2026,-2,5/9/2026,Pediatrics,quantile,0.05,133
Regular Baseline,5/23/2026,-2,5/9/2026,Pediatrics,quantile,0.1,141
Regular Baseline,5/23/2026,-2,5/9/2026,Pediatrics,quantile,0.15,148
Regular Baseline,5/23/2026,-2,5/9/2026,Pediatrics,quantile,0.2,157
Regular Baseline,5/23/2026,-2,5/9/2026,Pediatrics,quantile,0.25,164
Regular Baseline,5/23/2026,-2,5/9/2026,Pediatrics,quantile,0.3,170
Regular Baseline,5/23/2026,-2,5/9/2026,Pediatrics,quantile,0.35,173
Regular Baseline,5/23/2026,-2,5/9/2026,Pediatrics,quantile,0.4,177
Regular Baseline,5/23/2026,-2,5/9/2026,Pediatrics,quantile,0.45,182
Regular Baseline,5/23/2026,-2,5/9/2026,Pediatrics,quantile,0.5,186
Regular Baseline,5/23/2026,-2,5/9/2026,Pediatrics,quantile,0.55,190
Regular Baseline,5/23/2026,-2,5/9/2026,Pediatrics,quantile,0.6,196
Regular Baseline,5/23/2026,-2,5/9/2026,Pediatrics,quantile,0.65,200
Regular Baseline,5/23/2026,-2,5/9/2026,Pediatrics,quantile,0.7,203
Regular Baseline,5/23/2026,-2,5/9/2026,Pediatrics,quantile,0.75,210
Regular Baseline,5/23/2026,-2,5/9/2026,Pediatrics,quantile,0.8,218
Regular Baseline,5/23/2026,-2,5/9/2026,Pediatrics,quantile,0.85,228
Regular Baseline,5/23/2026,-2,5/9/2026,Pediatrics,quantile,0.9,237
Regular Baseline,5/23/2026,-2,5/9/2026,Pediatrics,quantile,0.95,248
Regular Baseline,5/23/2026,-2,5/9/2026,Pediatrics,quantile,0.975,264
Regular Baseline,5/23/2026,-2,5/9/2026,Pediatrics,quantile,0.99,276
Regular Baseline,5/23/2026,-1,5/16/2026,Pediatrics,quantile,0.01,86
Regular Baseline,5/23/2026,-1,5/16/2026,Pediatrics,quantile,0.025,97
Regular Baseline,5/23/2026,-1,5/16/2026,Pediatrics,quantile,0.05,110
Regular Baseline,5/23/2026,-1,5/16/2026,Pediatrics,quantile,0.1,126
Regular Baseline,5/23/2026,-1,5/16/2026,Pediatrics,quantile,0.15,137
Regular Baseline,5/23/2026,-1,5/16/2026,Pediatrics,quantile,0.2,145
Regular Baseline,5/23/2026,-1,5/16/2026,Pediatrics,quantile,0.25,153
Regular Baseline,5/23/2026,-1,5/16/2026,Pediatrics,quantile,0.3,160
Regular Baseline,5/23/2026,-1,5/16/2026,Pediatrics,quantile,0.35,167
Regular Baseline,5/23/2026,-1,5/16/2026,Pediatrics,quantile,0.4,173
Regular Baseline,5/23/2026,-1,5/16/2026,Pediatrics,quantile,0.45,179
Regular Baseline,5/23/2026,-1,5/16/2026,Pediatrics,quantile,0.5,186
Regular Baseline,5/23/2026,-1,5/16/2026,Pediatrics,quantile,0.55,192
Regular Baseline,5/23/2026,-1,5/16/2026,Pediatrics,quantile,0.6,199
Regular Baseline,5/23/2026,-1,5/16/2026,Pediatrics,quantile,0.65,206
Regular Baseline,5/23/2026,-1,5/16/2026,Pediatrics,quantile,0.7,215
Regular Baseline,5/23/2026,-1,5/16/2026,Pediatrics,quantile,0.75,222
Regular Baseline,5/23/2026,-1,5/16/2026,Pediatrics,quantile,0.8,232
Regular Baseline,5/23/2026,-1,5/16/2026,Pediatrics,quantile,0.85,243
Regular Baseline,5/23/2026,-1,5/16/2026,Pediatrics,quantile,0.9,257
Regular Baseline,5/23/2026,-1,5/16/2026,Pediatrics,quantile,0.95,280
Regular Baseline,5/23/2026,-1,5/16/2026,Pediatrics,quantile,0.975,299
Regular Baseline,5/23/2026,-1,5/16/2026,Pediatrics,quantile,0.99,324
Regular Baseline,5/23/2026,0,5/23/2026,Pediatrics,quantile,0.01,68
Regular Baseline,5/23/2026,0,5/23/2026,Pediatrics,quantile,0.025,84
Regular Baseline,5/23/2026,0,5/23/2026,Pediatrics,quantile,0.05,97
Regular Baseline,5/23/2026,0,5/23/2026,Pediatrics,quantile,0.1,114
Regular Baseline,5/23/2026,0,5/23/2026,Pediatrics,quantile,0.15,126
Regular Baseline,5/23/2026,0,5/23/2026,Pediatrics,quantile,0.2,137
Regular Baseline,5/23/2026,0,5/23/2026,Pediatrics,quantile,0.25,146
Regular Baseline,5/23/2026,0,5/23/2026,Pediatrics,quantile,0.3,155
Regular Baseline,5/23/2026,0,5/23/2026,Pediatrics,quantile,0.35,162
Regular Baseline,5/23/2026,0,5/23/2026,Pediatrics,quantile,0.4,170
Regular Baseline,5/23/2026,0,5/23/2026,Pediatrics,quantile,0.45,178
Regular Baseline,5/23/2026,0,5/23/2026,Pediatrics,quantile,0.5,186
Regular Baseline,5/23/2026,0,5/23/2026,Pediatrics,quantile,0.55,194
Regular Baseline,5/23/2026,0,5/23/2026,Pediatrics,quantile,0.6,203
Regular Baseline,5/23/2026,0,5/23/2026,Pediatrics,quantile,0.65,212
Regular Baseline,5/23/2026,0,5/23/2026,Pediatrics,quantile,0.7,222
Regular Baseline,5/23/2026,0,5/23/2026,Pediatrics,quantile,0.75,232
Regular Baseline,5/23/2026,0,5/23/2026,Pediatrics,quantile,0.8,244
Regular Baseline,5/23/2026,0,5/23/2026,Pediatrics,quantile,0.85,258
Regular Baseline,5/23/2026,0,5/23/2026,Pediatrics,quantile,0.9,275
Regular Baseline,5/23/2026,0,5/23/2026,Pediatrics,quantile,0.95,303
Regular Baseline,5/23/2026,0,5/23/2026,Pediatrics,quantile,0.975,330
Regular Baseline,5/23/2026,0,5/23/2026,Pediatrics,quantile,0.99,357
Regular Baseline,5/23/2026,1,5/30/2026,Pediatrics,quantile,0.01,54
Regular Baseline,5/23/2026,1,5/30/2026,Pediatrics,quantile,0.025,70
Regular Baseline,5/23/2026,1,5/30/2026,Pediatrics,quantile,0.05,86
Regular Baseline,5/23/2026,1,5/30/2026,Pediatrics,quantile,0.1,105
Regular Baseline,5/23/2026,1,5/30/2026,Pediatrics,quantile,0.15,118
Regular Baseline,5/23/2026,1,5/30/2026,Pediatrics,quantile,0.2,130
Regular Baseline,5/23/2026,1,5/30/2026,Pediatrics,quantile,0.25,140
Regular Baseline,5/23/2026,1,5/30/2026,Pediatrics,quantile,0.3,151
Regular Baseline,5/23/2026,1,5/30/2026,Pediatrics,quantile,0.35,160
Regular Baseline,5/23/2026,1,5/30/2026,Pediatrics,quantile,0.4,168
Regular Baseline,5/23/2026,1,5/30/2026,Pediatrics,quantile,0.45,178
Regular Baseline,5/23/2026,1,5/30/2026,Pediatrics,quantile,0.5,186
Regular Baseline,5/23/2026,1,5/30/2026,Pediatrics,quantile,0.55,196
Regular Baseline,5/23/2026,1,5/30/2026,Pediatrics,quantile,0.6,205
Regular Baseline,5/23/2026,1,5/30/2026,Pediatrics,quantile,0.65,215
Regular Baseline,5/23/2026,1,5/30/2026,Pediatrics,quantile,0.7,226
Regular Baseline,5/23/2026,1,5/30/2026,Pediatrics,quantile,0.75,239
Regular Baseline,5/23/2026,1,5/30/2026,Pediatrics,quantile,0.8,253
Regular Baseline,5/23/2026,1,5/30/2026,Pediatrics,quantile,0.85,270
Regular Baseline,5/23/2026,1,5/30/2026,Pediatrics,quantile,0.9,292
Regular Baseline,5/23/2026,1,5/30/2026,Pediatrics,quantile,0.95,326
Regular Baseline,5/23/2026,1,5/30/2026,Pediatrics,quantile,0.975,354
Regular Baseline,5/23/2026,1,5/30/2026,Pediatrics,quantile,0.99,392
Regular Baseline,5/23/2026,2,6/6/2026,Pediatrics,quantile,0.01,44
Regular Baseline,5/23/2026,2,6/6/2026,Pediatrics,quantile,0.025,60
Regular Baseline,5/23/2026,2,6/6/2026,Pediatrics,quantile,0.05,76
Regular Baseline,5/23/2026,2,6/6/2026,Pediatrics,quantile,0.1,96
Regular Baseline,5/23/2026,2,6/6/2026,Pediatrics,quantile,0.15,112
Regular Baseline,5/23/2026,2,6/6/2026,Pediatrics,quantile,0.2,123
Regular Baseline,5/23/2026,2,6/6/2026,Pediatrics,quantile,0.25,135
Regular Baseline,5/23/2026,2,6/6/2026,Pediatrics,quantile,0.3,145
Regular Baseline,5/23/2026,2,6/6/2026,Pediatrics,quantile,0.35,156
Regular Baseline,5/23/2026,2,6/6/2026,Pediatrics,quantile,0.4,166
Regular Baseline,5/23/2026,2,6/6/2026,Pediatrics,quantile,0.45,176
Regular Baseline,5/23/2026,2,6/6/2026,Pediatrics,quantile,0.5,186
Regular Baseline,5/23/2026,2,6/6/2026,Pediatrics,quantile,0.55,196
Regular Baseline,5/23/2026,2,6/6/2026,Pediatrics,quantile,0.6,206
Regular Baseline,5/23/2026,2,6/6/2026,Pediatrics,quantile,0.65,217
Regular Baseline,5/23/2026,2,6/6/2026,Pediatrics,quantile,0.7,231
Regular Baseline,5/23/2026,2,6/6/2026,Pediatrics,quantile,0.75,245
Regular Baseline,5/23/2026,2,6/6/2026,Pediatrics,quantile,0.8,261
Regular Baseline,5/23/2026,2,6/6/2026,Pediatrics,quantile,0.85,279
Regular Baseline,5/23/2026,2,6/6/2026,Pediatrics,quantile,0.9,305
Regular Baseline,5/23/2026,2,6/6/2026,Pediatrics,quantile,0.95,344
Regular Baseline,5/23/2026,2,6/6/2026,Pediatrics,quantile,0.975,379
Regular Baseline,5/23/2026,2,6/6/2026,Pediatrics,quantile,0.99,418
Regular Baseline,5/23/2026,3,6/13/2026,Pediatrics,quantile,0.01,35
Regular Baseline,5/23/2026,3,6/13/2026,Pediatrics,quantile,0.025,51
Regular Baseline,5/23/2026,3,6/13/2026,Pediatrics,quantile,0.05,69
Regular Baseline,5/23/2026,3,6/13/2026,Pediatrics,quantile,0.1,89
Regular Baseline,5/23/2026,3,6/13/2026,Pediatrics,quantile,0.15,106
Regular Baseline,5/23/2026,3,6/13/2026,Pediatrics,quantile,0.2,119
Regular Baseline,5/23/2026,3,6/13/2026,Pediatrics,quantile,0.25,131
Regular Baseline,5/23/2026,3,6/13/2026,Pediatrics,quantile,0.3,142
Regular Baseline,5/23/2026,3,6/13/2026,Pediatrics,quantile,0.35,153
Regular Baseline,5/23/2026,3,6/13/2026,Pediatrics,quantile,0.4,164
Regular Baseline,5/23/2026,3,6/13/2026,Pediatrics,quantile,0.45,175
Regular Baseline,5/23/2026,3,6/13/2026,Pediatrics,quantile,0.5,186
Regular Baseline,5/23/2026,3,6/13/2026,Pediatrics,quantile,0.55,197
Regular Baseline,5/23/2026,3,6/13/2026,Pediatrics,quantile,0.6,209
Regular Baseline,5/23/2026,3,6/13/2026,Pediatrics,quantile,0.65,221
Regular Baseline,5/23/2026,3,6/13/2026,Pediatrics,quantile,0.7,235
Regular Baseline,5/23/2026,3,6/13/2026,Pediatrics,quantile,0.75,251
Regular Baseline,5/23/2026,3,6/13/2026,Pediatrics,quantile,0.8,269
Regular Baseline,5/23/2026,3,6/13/2026,Pediatrics,quantile,0.85,289
Regular Baseline,5/23/2026,3,6/13/2026,Pediatrics,quantile,0.9,317
Regular Baseline,5/23/2026,3,6/13/2026,Pediatrics,quantile,0.95,360
Regular Baseline,5/23/2026,3,6/13/2026,Pediatrics,quantile,0.975,397
Regular Baseline,5/23/2026,3,6/13/2026,Pediatrics,quantile,0.99,443
Seasonal Baseline,5/23/2026,-2,5/9/2026,Adults,quantile,0.01,50
Seasonal Baseline,5/23/2026,-2,5/9/2026,Adults,quantile,0.025,61
Seasonal Baseline,5/23/2026,-2,5/9/2026,Adults,quantile,0.05,73
Seasonal Baseline,5/23/2026,-2,5/9/2026,Adults,quantile,0.1,89
Seasonal Baseline,5/23/2026,-2,5/9/2026,Adults,quantile,0.15,102
Seasonal Baseline,5/23/2026,-2,5/9/2026,Adults,quantile,0.2,114
Seasonal Baseline,5/23/2026,-2,5/9/2026,Adults,quantile,0.25,125
Seasonal Baseline,5/23/2026,-2,5/9/2026,Adults,quantile,0.3,136
Seasonal Baseline,5/23/2026,-2,5/9/2026,Adults,quantile,0.35,147
Seasonal Baseline,5/23/2026,-2,5/9/2026,Adults,quantile,0.4,157
Seasonal Baseline,5/23/2026,-2,5/9/2026,Adults,quantile,0.45,169
Seasonal Baseline,5/23/2026,-2,5/9/2026,Adults,quantile,0.5,181
Seasonal Baseline,5/23/2026,-2,5/9/2026,Adults,quantile,0.55,193
Seasonal Baseline,5/23/2026,-2,5/9/2026,Adults,quantile,0.6,208
Seasonal Baseline,5/23/2026,-2,5/9/2026,Adults,quantile,0.65,224
Seasonal Baseline,5/23/2026,-2,5/9/2026,Adults,quantile,0.7,242
Seasonal Baseline,5/23/2026,-2,5/9/2026,Adults,quantile,0.75,263
Seasonal Baseline,5/23/2026,-2,5/9/2026,Adults,quantile,0.8,289
Seasonal Baseline,5/23/2026,-2,5/9/2026,Adults,quantile,0.85,322
Seasonal Baseline,5/23/2026,-2,5/9/2026,Adults,quantile,0.9,369
Seasonal Baseline,5/23/2026,-2,5/9/2026,Adults,quantile,0.95,456
Seasonal Baseline,5/23/2026,-2,5/9/2026,Adults,quantile,0.975,540
Seasonal Baseline,5/23/2026,-2,5/9/2026,Adults,quantile,0.99,656
Seasonal Baseline,5/23/2026,-1,5/16/2026,Adults,quantile,0.01,58
Seasonal Baseline,5/23/2026,-1,5/16/2026,Adults,quantile,0.025,70
Seasonal Baseline,5/23/2026,-1,5/16/2026,Adults,quantile,0.05,83
Seasonal Baseline,5/23/2026,-1,5/16/2026,Adults,quantile,0.1,102
Seasonal Baseline,5/23/2026,-1,5/16/2026,Adults,quantile,0.15,116
Seasonal Baseline,5/23/2026,-1,5/16/2026,Adults,quantile,0.2,130
Seasonal Baseline,5/23/2026,-1,5/16/2026,Adults,quantile,0.25,142
Seasonal Baseline,5/23/2026,-1,5/16/2026,Adults,quantile,0.3,154
Seasonal Baseline,5/23/2026,-1,5/16/2026,Adults,quantile,0.35,165
Seasonal Baseline,5/23/2026,-1,5/16/2026,Adults,quantile,0.4,177
Seasonal Baseline,5/23/2026,-1,5/16/2026,Adults,quantile,0.45,190
Seasonal Baseline,5/23/2026,-1,5/16/2026,Adults,quantile,0.5,204
Seasonal Baseline,5/23/2026,-1,5/16/2026,Adults,quantile,0.55,218
Seasonal Baseline,5/23/2026,-1,5/16/2026,Adults,quantile,0.6,235
Seasonal Baseline,5/23/2026,-1,5/16/2026,Adults,quantile,0.65,253
Seasonal Baseline,5/23/2026,-1,5/16/2026,Adults,quantile,0.7,273
Seasonal Baseline,5/23/2026,-1,5/16/2026,Adults,quantile,0.75,296
Seasonal Baseline,5/23/2026,-1,5/16/2026,Adults,quantile,0.8,325
Seasonal Baseline,5/23/2026,-1,5/16/2026,Adults,quantile,0.85,361
Seasonal Baseline,5/23/2026,-1,5/16/2026,Adults,quantile,0.9,415
Seasonal Baseline,5/23/2026,-1,5/16/2026,Adults,quantile,0.95,506
Seasonal Baseline,5/23/2026,-1,5/16/2026,Adults,quantile,0.975,608
Seasonal Baseline,5/23/2026,-1,5/16/2026,Adults,quantile,0.99,742
Seasonal Baseline,5/23/2026,0,5/23/2026,Adults,quantile,0.01,65
Seasonal Baseline,5/23/2026,0,5/23/2026,Adults,quantile,0.025,80
Seasonal Baseline,5/23/2026,0,5/23/2026,Adults,quantile,0.05,95
Seasonal Baseline,5/23/2026,0,5/23/2026,Adults,quantile,0.1,115
Seasonal Baseline,5/23/2026,0,5/23/2026,Adults,quantile,0.15,131
Seasonal Baseline,5/23/2026,0,5/23/2026,Adults,quantile,0.2,146
Seasonal Baseline,5/23/2026,0,5/23/2026,Adults,quantile,0.25,160
Seasonal Baseline,5/23/2026,0,5/23/2026,Adults,quantile,0.3,175
Seasonal Baseline,5/23/2026,0,5/23/2026,Adults,quantile,0.35,189
Seasonal Baseline,5/23/2026,0,5/23/2026,Adults,quantile,0.4,204
Seasonal Baseline,5/23/2026,0,5/23/2026,Adults,quantile,0.45,218
Seasonal Baseline,5/23/2026,0,5/23/2026,Adults,quantile,0.5,233
Seasonal Baseline,5/23/2026,0,5/23/2026,Adults,quantile,0.55,249
Seasonal Baseline,5/23/2026,0,5/23/2026,Adults,quantile,0.6,269
Seasonal Baseline,5/23/2026,0,5/23/2026,Adults,quantile,0.65,288
Seasonal Baseline,5/23/2026,0,5/23/2026,Adults,quantile,0.7,311
Seasonal Baseline,5/23/2026,0,5/23/2026,Adults,quantile,0.75,337
Seasonal Baseline,5/23/2026,0,5/23/2026,Adults,quantile,0.8,373
Seasonal Baseline,5/23/2026,0,5/23/2026,Adults,quantile,0.85,413
Seasonal Baseline,5/23/2026,0,5/23/2026,Adults,quantile,0.9,472
Seasonal Baseline,5/23/2026,0,5/23/2026,Adults,quantile,0.95,582
Seasonal Baseline,5/23/2026,0,5/23/2026,Adults,quantile,0.975,686
Seasonal Baseline,5/23/2026,0,5/23/2026,Adults,quantile,0.99,826
Seasonal Baseline,5/23/2026,1,5/30/2026,Adults,quantile,0.01,74
Seasonal Baseline,5/23/2026,1,5/30/2026,Adults,quantile,0.025,90
Seasonal Baseline,5/23/2026,1,5/30/2026,Adults,quantile,0.05,107
Seasonal Baseline,5/23/2026,1,5/30/2026,Adults,quantile,0.1,130
Seasonal Baseline,5/23/2026,1,5/30/2026,Adults,quantile,0.15,148
Seasonal Baseline,5/23/2026,1,5/30/2026,Adults,quantile,0.2,164
Seasonal Baseline,5/23/2026,1,5/30/2026,Adults,quantile,0.25,182
Seasonal Baseline,5/23/2026,1,5/30/2026,Adults,quantile,0.3,197
Seasonal Baseline,5/23/2026,1,5/30/2026,Adults,quantile,0.35,212
Seasonal Baseline,5/23/2026,1,5/30/2026,Adults,quantile,0.4,229
Seasonal Baseline,5/23/2026,1,5/30/2026,Adults,quantile,0.45,245
Seasonal Baseline,5/23/2026,1,5/30/2026,Adults,quantile,0.5,262
Seasonal Baseline,5/23/2026,1,5/30/2026,Adults,quantile,0.55,281
Seasonal Baseline,5/23/2026,1,5/30/2026,Adults,quantile,0.6,299
Seasonal Baseline,5/23/2026,1,5/30/2026,Adults,quantile,0.65,324
Seasonal Baseline,5/23/2026,1,5/30/2026,Adults,quantile,0.7,349
Seasonal Baseline,5/23/2026,1,5/30/2026,Adults,quantile,0.75,380
Seasonal Baseline,5/23/2026,1,5/30/2026,Adults,quantile,0.8,419
Seasonal Baseline,5/23/2026,1,5/30/2026,Adults,quantile,0.85,465
Seasonal Baseline,5/23/2026,1,5/30/2026,Adults,quantile,0.9,529
Seasonal Baseline,5/23/2026,1,5/30/2026,Adults,quantile,0.95,645
Seasonal Baseline,5/23/2026,1,5/30/2026,Adults,quantile,0.975,775
Seasonal Baseline,5/23/2026,1,5/30/2026,Adults,quantile,0.99,955
Seasonal Baseline,5/23/2026,2,6/6/2026,Adults,quantile,0.01,82
Seasonal Baseline,5/23/2026,2,6/6/2026,Adults,quantile,0.025,100
Seasonal Baseline,5/23/2026,2,6/6/2026,Adults,quantile,0.05,118
Seasonal Baseline,5/23/2026,2,6/6/2026,Adults,quantile,0.1,146
Seasonal Baseline,5/23/2026,2,6/6/2026,Adults,quantile,0.15,166
Seasonal Baseline,5/23/2026,2,6/6/2026,Adults,quantile,0.2,184
Seasonal Baseline,5/23/2026,2,6/6/2026,Adults,quantile,0.25,203
Seasonal Baseline,5/23/2026,2,6/6/2026,Adults,quantile,0.3,219
Seasonal Baseline,5/23/2026,2,6/6/2026,Adults,quantile,0.35,235
Seasonal Baseline,5/23/2026,2,6/6/2026,Adults,quantile,0.4,252
Seasonal Baseline,5/23/2026,2,6/6/2026,Adults,quantile,0.45,270
Seasonal Baseline,5/23/2026,2,6/6/2026,Adults,quantile,0.5,291
Seasonal Baseline,5/23/2026,2,6/6/2026,Adults,quantile,0.55,312
Seasonal Baseline,5/23/2026,2,6/6/2026,Adults,quantile,0.6,334
Seasonal Baseline,5/23/2026,2,6/6/2026,Adults,quantile,0.65,360
Seasonal Baseline,5/23/2026,2,6/6/2026,Adults,quantile,0.7,389
Seasonal Baseline,5/23/2026,2,6/6/2026,Adults,quantile,0.75,424
Seasonal Baseline,5/23/2026,2,6/6/2026,Adults,quantile,0.8,466
Seasonal Baseline,5/23/2026,2,6/6/2026,Adults,quantile,0.85,525
Seasonal Baseline,5/23/2026,2,6/6/2026,Adults,quantile,0.9,605
Seasonal Baseline,5/23/2026,2,6/6/2026,Adults,quantile,0.95,733
Seasonal Baseline,5/23/2026,2,6/6/2026,Adults,quantile,0.975,873
Seasonal Baseline,5/23/2026,2,6/6/2026,Adults,quantile,0.99,1058
Seasonal Baseline,5/23/2026,3,6/13/2026,Adults,quantile,0.01,87
Seasonal Baseline,5/23/2026,3,6/13/2026,Adults,quantile,0.025,108
Seasonal Baseline,5/23/2026,3,6/13/2026,Adults,quantile,0.05,129
Seasonal Baseline,5/23/2026,3,6/13/2026,Adults,quantile,0.1,155
Seasonal Baseline,5/23/2026,3,6/13/2026,Adults,quantile,0.15,179
Seasonal Baseline,5/23/2026,3,6/13/2026,Adults,quantile,0.2,199
Seasonal Baseline,5/23/2026,3,6/13/2026,Adults,quantile,0.25,216
Seasonal Baseline,5/23/2026,3,6/13/2026,Adults,quantile,0.3,235
Seasonal Baseline,5/23/2026,3,6/13/2026,Adults,quantile,0.35,254
Seasonal Baseline,5/23/2026,3,6/13/2026,Adults,quantile,0.4,275
Seasonal Baseline,5/23/2026,3,6/13/2026,Adults,quantile,0.45,295
Seasonal Baseline,5/23/2026,3,6/13/2026,Adults,quantile,0.5,315
Seasonal Baseline,5/23/2026,3,6/13/2026,Adults,quantile,0.55,338
Seasonal Baseline,5/23/2026,3,6/13/2026,Adults,quantile,0.6,363
Seasonal Baseline,5/23/2026,3,6/13/2026,Adults,quantile,0.65,392
Seasonal Baseline,5/23/2026,3,6/13/2026,Adults,quantile,0.7,420
Seasonal Baseline,5/23/2026,3,6/13/2026,Adults,quantile,0.75,459
Seasonal Baseline,5/23/2026,3,6/13/2026,Adults,quantile,0.8,503
Seasonal Baseline,5/23/2026,3,6/13/2026,Adults,quantile,0.85,558
Seasonal Baseline,5/23/2026,3,6/13/2026,Adults,quantile,0.9,639
Seasonal Baseline,5/23/2026,3,6/13/2026,Adults,quantile,0.95,771
Seasonal Baseline,5/23/2026,3,6/13/2026,Adults,quantile,0.975,926
Seasonal Baseline,5/23/2026,3,6/13/2026,Adults,quantile,0.99,1127
Seasonal Baseline,5/23/2026,-2,5/9/2026,Overall,quantile,0.01,174
Seasonal Baseline,5/23/2026,-2,5/9/2026,Overall,quantile,0.025,201
Seasonal Baseline,5/23/2026,-2,5/9/2026,Overall,quantile,0.05,228
Seasonal Baseline,5/23/2026,-2,5/9/2026,Overall,quantile,0.1,267
Seasonal Baseline,5/23/2026,-2,5/9/2026,Overall,quantile,0.15,296
Seasonal Baseline,5/23/2026,-2,5/9/2026,Overall,quantile,0.2,320
Seasonal Baseline,5/23/2026,-2,5/9/2026,Overall,quantile,0.25,343
Seasonal Baseline,5/23/2026,-2,5/9/2026,Overall,quantile,0.3,367
Seasonal Baseline,5/23/2026,-2,5/9/2026,Overall,quantile,0.35,389
Seasonal Baseline,5/23/2026,-2,5/9/2026,Overall,quantile,0.4,409
Seasonal Baseline,5/23/2026,-2,5/9/2026,Overall,quantile,0.45,431
Seasonal Baseline,5/23/2026,-2,5/9/2026,Overall,quantile,0.5,455
Seasonal Baseline,5/23/2026,-2,5/9/2026,Overall,quantile,0.55,480
Seasonal Baseline,5/23/2026,-2,5/9/2026,Overall,quantile,0.6,504
Seasonal Baseline,5/23/2026,-2,5/9/2026,Overall,quantile,0.65,533
Seasonal Baseline,5/23/2026,-2,5/9/2026,Overall,quantile,0.7,564
Seasonal Baseline,5/23/2026,-2,5/9/2026,Overall,quantile,0.75,598
Seasonal Baseline,5/23/2026,-2,5/9/2026,Overall,quantile,0.8,641
Seasonal Baseline,5/23/2026,-2,5/9/2026,Overall,quantile,0.85,700
Seasonal Baseline,5/23/2026,-2,5/9/2026,Overall,quantile,0.9,778
Seasonal Baseline,5/23/2026,-2,5/9/2026,Overall,quantile,0.95,895
Seasonal Baseline,5/23/2026,-2,5/9/2026,Overall,quantile,0.975,1026
Seasonal Baseline,5/23/2026,-2,5/9/2026,Overall,quantile,0.99,1201
Seasonal Baseline,5/23/2026,-1,5/16/2026,Overall,quantile,0.01,196
Seasonal Baseline,5/23/2026,-1,5/16/2026,Overall,quantile,0.025,228
Seasonal Baseline,5/23/2026,-1,5/16/2026,Overall,quantile,0.05,260
Seasonal Baseline,5/23/2026,-1,5/16/2026,Overall,quantile,0.1,302
Seasonal Baseline,5/23/2026,-1,5/16/2026,Overall,quantile,0.15,335
Seasonal Baseline,5/23/2026,-1,5/16/2026,Overall,quantile,0.2,366
Seasonal Baseline,5/23/2026,-1,5/16/2026,Overall,quantile,0.25,393
Seasonal Baseline,5/23/2026,-1,5/16/2026,Overall,quantile,0.3,419
Seasonal Baseline,5/23/2026,-1,5/16/2026,Overall,quantile,0.35,447
Seasonal Baseline,5/23/2026,-1,5/16/2026,Overall,quantile,0.4,471
Seasonal Baseline,5/23/2026,-1,5/16/2026,Overall,quantile,0.45,499
Seasonal Baseline,5/23/2026,-1,5/16/2026,Overall,quantile,0.5,526
Seasonal Baseline,5/23/2026,-1,5/16/2026,Overall,quantile,0.55,553
Seasonal Baseline,5/23/2026,-1,5/16/2026,Overall,quantile,0.6,583
Seasonal Baseline,5/23/2026,-1,5/16/2026,Overall,quantile,0.65,615
Seasonal Baseline,5/23/2026,-1,5/16/2026,Overall,quantile,0.7,651
Seasonal Baseline,5/23/2026,-1,5/16/2026,Overall,quantile,0.75,696
Seasonal Baseline,5/23/2026,-1,5/16/2026,Overall,quantile,0.8,743
Seasonal Baseline,5/23/2026,-1,5/16/2026,Overall,quantile,0.85,802
Seasonal Baseline,5/23/2026,-1,5/16/2026,Overall,quantile,0.9,886
Seasonal Baseline,5/23/2026,-1,5/16/2026,Overall,quantile,0.95,1029
Seasonal Baseline,5/23/2026,-1,5/16/2026,Overall,quantile,0.975,1170
Seasonal Baseline,5/23/2026,-1,5/16/2026,Overall,quantile,0.99,1354
Seasonal Baseline,5/23/2026,0,5/23/2026,Overall,quantile,0.01,228
Seasonal Baseline,5/23/2026,0,5/23/2026,Overall,quantile,0.025,260
Seasonal Baseline,5/23/2026,0,5/23/2026,Overall,quantile,0.05,297
Seasonal Baseline,5/23/2026,0,5/23/2026,Overall,quantile,0.1,346
Seasonal Baseline,5/23/2026,0,5/23/2026,Overall,quantile,0.15,383
Seasonal Baseline,5/23/2026,0,5/23/2026,Overall,quantile,0.2,416
Seasonal Baseline,5/23/2026,0,5/23/2026,Overall,quantile,0.25,447
Seasonal Baseline,5/23/2026,0,5/23/2026,Overall,quantile,0.3,478
Seasonal Baseline,5/23/2026,0,5/23/2026,Overall,quantile,0.35,503
Seasonal Baseline,5/23/2026,0,5/23/2026,Overall,quantile,0.4,530
Seasonal Baseline,5/23/2026,0,5/23/2026,Overall,quantile,0.45,559
Seasonal Baseline,5/23/2026,0,5/23/2026,Overall,quantile,0.5,589
Seasonal Baseline,5/23/2026,0,5/23/2026,Overall,quantile,0.55,621
Seasonal Baseline,5/23/2026,0,5/23/2026,Overall,quantile,0.6,656
Seasonal Baseline,5/23/2026,0,5/23/2026,Overall,quantile,0.65,693
Seasonal Baseline,5/23/2026,0,5/23/2026,Overall,quantile,0.7,733
Seasonal Baseline,5/23/2026,0,5/23/2026,Overall,quantile,0.75,781
Seasonal Baseline,5/23/2026,0,5/23/2026,Overall,quantile,0.8,836
Seasonal Baseline,5/23/2026,0,5/23/2026,Overall,quantile,0.85,906
Seasonal Baseline,5/23/2026,0,5/23/2026,Overall,quantile,0.9,1002
Seasonal Baseline,5/23/2026,0,5/23/2026,Overall,quantile,0.95,1165
Seasonal Baseline,5/23/2026,0,5/23/2026,Overall,quantile,0.975,1331
Seasonal Baseline,5/23/2026,0,5/23/2026,Overall,quantile,0.99,1552
Seasonal Baseline,5/23/2026,1,5/30/2026,Overall,quantile,0.01,255
Seasonal Baseline,5/23/2026,1,5/30/2026,Overall,quantile,0.025,293
Seasonal Baseline,5/23/2026,1,5/30/2026,Overall,quantile,0.05,334
Seasonal Baseline,5/23/2026,1,5/30/2026,Overall,quantile,0.1,389
Seasonal Baseline,5/23/2026,1,5/30/2026,Overall,quantile,0.15,431
Seasonal Baseline,5/23/2026,1,5/30/2026,Overall,quantile,0.2,468
Seasonal Baseline,5/23/2026,1,5/30/2026,Overall,quantile,0.25,504
Seasonal Baseline,5/23/2026,1,5/30/2026,Overall,quantile,0.3,539
Seasonal Baseline,5/23/2026,1,5/30/2026,Overall,quantile,0.35,569
Seasonal Baseline,5/23/2026,1,5/30/2026,Overall,quantile,0.4,600
Seasonal Baseline,5/23/2026,1,5/30/2026,Overall,quantile,0.45,632
Seasonal Baseline,5/23/2026,1,5/30/2026,Overall,quantile,0.5,669
Seasonal Baseline,5/23/2026,1,5/30/2026,Overall,quantile,0.55,705
Seasonal Baseline,5/23/2026,1,5/30/2026,Overall,quantile,0.6,742
Seasonal Baseline,5/23/2026,1,5/30/2026,Overall,quantile,0.65,784
Seasonal Baseline,5/23/2026,1,5/30/2026,Overall,quantile,0.7,834
Seasonal Baseline,5/23/2026,1,5/30/2026,Overall,quantile,0.75,883
Seasonal Baseline,5/23/2026,1,5/30/2026,Overall,quantile,0.8,949
Seasonal Baseline,5/23/2026,1,5/30/2026,Overall,quantile,0.85,1027
Seasonal Baseline,5/23/2026,1,5/30/2026,Overall,quantile,0.9,1144
Seasonal Baseline,5/23/2026,1,5/30/2026,Overall,quantile,0.95,1334
Seasonal Baseline,5/23/2026,1,5/30/2026,Overall,quantile,0.975,1540
Seasonal Baseline,5/23/2026,1,5/30/2026,Overall,quantile,0.99,1821
Seasonal Baseline,5/23/2026,2,6/6/2026,Overall,quantile,0.01,278
Seasonal Baseline,5/23/2026,2,6/6/2026,Overall,quantile,0.025,323
Seasonal Baseline,5/23/2026,2,6/6/2026,Overall,quantile,0.05,370
Seasonal Baseline,5/23/2026,2,6/6/2026,Overall,quantile,0.1,428
Seasonal Baseline,5/23/2026,2,6/6/2026,Overall,quantile,0.15,477
Seasonal Baseline,5/23/2026,2,6/6/2026,Overall,quantile,0.2,518
Seasonal Baseline,5/23/2026,2,6/6/2026,Overall,quantile,0.25,554
Seasonal Baseline,5/23/2026,2,6/6/2026,Overall,quantile,0.3,595
Seasonal Baseline,5/23/2026,2,6/6/2026,Overall,quantile,0.35,630
Seasonal Baseline,5/23/2026,2,6/6/2026,Overall,quantile,0.4,666
Seasonal Baseline,5/23/2026,2,6/6/2026,Overall,quantile,0.45,707
Seasonal Baseline,5/23/2026,2,6/6/2026,Overall,quantile,0.5,746
Seasonal Baseline,5/23/2026,2,6/6/2026,Overall,quantile,0.55,785
Seasonal Baseline,5/23/2026,2,6/6/2026,Overall,quantile,0.6,828
Seasonal Baseline,5/23/2026,2,6/6/2026,Overall,quantile,0.65,875
Seasonal Baseline,5/23/2026,2,6/6/2026,Overall,quantile,0.7,931
Seasonal Baseline,5/23/2026,2,6/6/2026,Overall,quantile,0.75,988
Seasonal Baseline,5/23/2026,2,6/6/2026,Overall,quantile,0.8,1057
Seasonal Baseline,5/23/2026,2,6/6/2026,Overall,quantile,0.85,1144
Seasonal Baseline,5/23/2026,2,6/6/2026,Overall,quantile,0.9,1267
Seasonal Baseline,5/23/2026,2,6/6/2026,Overall,quantile,0.95,1473
Seasonal Baseline,5/23/2026,2,6/6/2026,Overall,quantile,0.975,1687
Seasonal Baseline,5/23/2026,2,6/6/2026,Overall,quantile,0.99,1957
Seasonal Baseline,5/23/2026,3,6/13/2026,Overall,quantile,0.01,301
Seasonal Baseline,5/23/2026,3,6/13/2026,Overall,quantile,0.025,347
Seasonal Baseline,5/23/2026,3,6/13/2026,Overall,quantile,0.05,399
Seasonal Baseline,5/23/2026,3,6/13/2026,Overall,quantile,0.1,468
Seasonal Baseline,5/23/2026,3,6/13/2026,Overall,quantile,0.15,521
Seasonal Baseline,5/23/2026,3,6/13/2026,Overall,quantile,0.2,565
Seasonal Baseline,5/23/2026,3,6/13/2026,Overall,quantile,0.25,603
Seasonal Baseline,5/23/2026,3,6/13/2026,Overall,quantile,0.3,643
Seasonal Baseline,5/23/2026,3,6/13/2026,Overall,quantile,0.35,684
Seasonal Baseline,5/23/2026,3,6/13/2026,Overall,quantile,0.4,724
Seasonal Baseline,5/23/2026,3,6/13/2026,Overall,quantile,0.45,763
Seasonal Baseline,5/23/2026,3,6/13/2026,Overall,quantile,0.5,802
Seasonal Baseline,5/23/2026,3,6/13/2026,Overall,quantile,0.55,844
Seasonal Baseline,5/23/2026,3,6/13/2026,Overall,quantile,0.6,890
Seasonal Baseline,5/23/2026,3,6/13/2026,Overall,quantile,0.65,939
Seasonal Baseline,5/23/2026,3,6/13/2026,Overall,quantile,0.7,992
Seasonal Baseline,5/23/2026,3,6/13/2026,Overall,quantile,0.75,1061
Seasonal Baseline,5/23/2026,3,6/13/2026,Overall,quantile,0.8,1137
Seasonal Baseline,5/23/2026,3,6/13/2026,Overall,quantile,0.85,1230
Seasonal Baseline,5/23/2026,3,6/13/2026,Overall,quantile,0.9,1353
Seasonal Baseline,5/23/2026,3,6/13/2026,Overall,quantile,0.95,1567
Seasonal Baseline,5/23/2026,3,6/13/2026,Overall,quantile,0.975,1773
Seasonal Baseline,5/23/2026,3,6/13/2026,Overall,quantile,0.99,2039
Seasonal Baseline,5/23/2026,-2,5/9/2026,Pediatrics,quantile,0.01,124
Seasonal Baseline,5/23/2026,-2,5/9/2026,Pediatrics,quantile,0.025,140
Seasonal Baseline,5/23/2026,-2,5/9/2026,Pediatrics,quantile,0.05,153
Seasonal Baseline,5/23/2026,-2,5/9/2026,Pediatrics,quantile,0.1,172
Seasonal Baseline,5/23/2026,-2,5/9/2026,Pediatrics,quantile,0.15,185
Seasonal Baseline,5/23/2026,-2,5/9/2026,Pediatrics,quantile,0.2,196
Seasonal Baseline,5/23/2026,-2,5/9/2026,Pediatrics,quantile,0.25,208
Seasonal Baseline,5/23/2026,-2,5/9/2026,Pediatrics,quantile,0.3,217
Seasonal Baseline,5/23/2026,-2,5/9/2026,Pediatrics,quantile,0.35,226
Seasonal Baseline,5/23/2026,-2,5/9/2026,Pediatrics,quantile,0.4,235
Seasonal Baseline,5/23/2026,-2,5/9/2026,Pediatrics,quantile,0.45,245
Seasonal Baseline,5/23/2026,-2,5/9/2026,Pediatrics,quantile,0.5,255
Seasonal Baseline,5/23/2026,-2,5/9/2026,Pediatrics,quantile,0.55,265
Seasonal Baseline,5/23/2026,-2,5/9/2026,Pediatrics,quantile,0.6,275
Seasonal Baseline,5/23/2026,-2,5/9/2026,Pediatrics,quantile,0.65,286
Seasonal Baseline,5/23/2026,-2,5/9/2026,Pediatrics,quantile,0.7,297
Seasonal Baseline,5/23/2026,-2,5/9/2026,Pediatrics,quantile,0.75,312
Seasonal Baseline,5/23/2026,-2,5/9/2026,Pediatrics,quantile,0.8,329
Seasonal Baseline,5/23/2026,-2,5/9/2026,Pediatrics,quantile,0.85,348
Seasonal Baseline,5/23/2026,-2,5/9/2026,Pediatrics,quantile,0.9,375
Seasonal Baseline,5/23/2026,-2,5/9/2026,Pediatrics,quantile,0.95,419
Seasonal Baseline,5/23/2026,-2,5/9/2026,Pediatrics,quantile,0.975,463
Seasonal Baseline,5/23/2026,-2,5/9/2026,Pediatrics,quantile,0.99,519
Seasonal Baseline,5/23/2026,-1,5/16/2026,Pediatrics,quantile,0.01,151
Seasonal Baseline,5/23/2026,-1,5/16/2026,Pediatrics,quantile,0.025,167
Seasonal Baseline,5/23/2026,-1,5/16/2026,Pediatrics,quantile,0.05,184
Seasonal Baseline,5/23/2026,-1,5/16/2026,Pediatrics,quantile,0.1,204
Seasonal Baseline,5/23/2026,-1,5/16/2026,Pediatrics,quantile,0.15,220
Seasonal Baseline,5/23/2026,-1,5/16/2026,Pediatrics,quantile,0.2,234
Seasonal Baseline,5/23/2026,-1,5/16/2026,Pediatrics,quantile,0.25,246
Seasonal Baseline,5/23/2026,-1,5/16/2026,Pediatrics,quantile,0.3,257
Seasonal Baseline,5/23/2026,-1,5/16/2026,Pediatrics,quantile,0.35,269
Seasonal Baseline,5/23/2026,-1,5/16/2026,Pediatrics,quantile,0.4,280
Seasonal Baseline,5/23/2026,-1,5/16/2026,Pediatrics,quantile,0.45,291
Seasonal Baseline,5/23/2026,-1,5/16/2026,Pediatrics,quantile,0.5,303
Seasonal Baseline,5/23/2026,-1,5/16/2026,Pediatrics,quantile,0.55,315
Seasonal Baseline,5/23/2026,-1,5/16/2026,Pediatrics,quantile,0.6,327
Seasonal Baseline,5/23/2026,-1,5/16/2026,Pediatrics,quantile,0.65,340
Seasonal Baseline,5/23/2026,-1,5/16/2026,Pediatrics,quantile,0.7,354
Seasonal Baseline,5/23/2026,-1,5/16/2026,Pediatrics,quantile,0.75,372
Seasonal Baseline,5/23/2026,-1,5/16/2026,Pediatrics,quantile,0.8,391
Seasonal Baseline,5/23/2026,-1,5/16/2026,Pediatrics,quantile,0.85,416
Seasonal Baseline,5/23/2026,-1,5/16/2026,Pediatrics,quantile,0.9,448
Seasonal Baseline,5/23/2026,-1,5/16/2026,Pediatrics,quantile,0.95,503
Seasonal Baseline,5/23/2026,-1,5/16/2026,Pediatrics,quantile,0.975,551
Seasonal Baseline,5/23/2026,-1,5/16/2026,Pediatrics,quantile,0.99,617
Seasonal Baseline,5/23/2026,0,5/23/2026,Pediatrics,quantile,0.01,172
Seasonal Baseline,5/23/2026,0,5/23/2026,Pediatrics,quantile,0.025,193
Seasonal Baseline,5/23/2026,0,5/23/2026,Pediatrics,quantile,0.05,213
Seasonal Baseline,5/23/2026,0,5/23/2026,Pediatrics,quantile,0.1,238
Seasonal Baseline,5/23/2026,0,5/23/2026,Pediatrics,quantile,0.15,258
Seasonal Baseline,5/23/2026,0,5/23/2026,Pediatrics,quantile,0.2,275
Seasonal Baseline,5/23/2026,0,5/23/2026,Pediatrics,quantile,0.25,288
Seasonal Baseline,5/23/2026,0,5/23/2026,Pediatrics,quantile,0.3,302
Seasonal Baseline,5/23/2026,0,5/23/2026,Pediatrics,quantile,0.35,315
Seasonal Baseline,5/23/2026,0,5/23/2026,Pediatrics,quantile,0.4,328
Seasonal Baseline,5/23/2026,0,5/23/2026,Pediatrics,quantile,0.45,341
Seasonal Baseline,5/23/2026,0,5/23/2026,Pediatrics,quantile,0.5,354
Seasonal Baseline,5/23/2026,0,5/23/2026,Pediatrics,quantile,0.55,368
Seasonal Baseline,5/23/2026,0,5/23/2026,Pediatrics,quantile,0.6,383
Seasonal Baseline,5/23/2026,0,5/23/2026,Pediatrics,quantile,0.65,399
Seasonal Baseline,5/23/2026,0,5/23/2026,Pediatrics,quantile,0.7,414
Seasonal Baseline,5/23/2026,0,5/23/2026,Pediatrics,quantile,0.75,433
Seasonal Baseline,5/23/2026,0,5/23/2026,Pediatrics,quantile,0.8,455
Seasonal Baseline,5/23/2026,0,5/23/2026,Pediatrics,quantile,0.85,482
Seasonal Baseline,5/23/2026,0,5/23/2026,Pediatrics,quantile,0.9,518
Seasonal Baseline,5/23/2026,0,5/23/2026,Pediatrics,quantile,0.95,581
Seasonal Baseline,5/23/2026,0,5/23/2026,Pediatrics,quantile,0.975,639
Seasonal Baseline,5/23/2026,0,5/23/2026,Pediatrics,quantile,0.99,711
Seasonal Baseline,5/23/2026,1,5/30/2026,Pediatrics,quantile,0.01,202
Seasonal Baseline,5/23/2026,1,5/30/2026,Pediatrics,quantile,0.025,223
Seasonal Baseline,5/23/2026,1,5/30/2026,Pediatrics,quantile,0.05,247
Seasonal Baseline,5/23/2026,1,5/30/2026,Pediatrics,quantile,0.1,275
Seasonal Baseline,5/23/2026,1,5/30/2026,Pediatrics,quantile,0.15,294
Seasonal Baseline,5/23/2026,1,5/30/2026,Pediatrics,quantile,0.2,312
Seasonal Baseline,5/23/2026,1,5/30/2026,Pediatrics,quantile,0.25,329
Seasonal Baseline,5/23/2026,1,5/30/2026,Pediatrics,quantile,0.3,345
Seasonal Baseline,5/23/2026,1,5/30/2026,Pediatrics,quantile,0.35,360
Seasonal Baseline,5/23/2026,1,5/30/2026,Pediatrics,quantile,0.4,374
Seasonal Baseline,5/23/2026,1,5/30/2026,Pediatrics,quantile,0.45,390
Seasonal Baseline,5/23/2026,1,5/30/2026,Pediatrics,quantile,0.5,405
Seasonal Baseline,5/23/2026,1,5/30/2026,Pediatrics,quantile,0.55,421
Seasonal Baseline,5/23/2026,1,5/30/2026,Pediatrics,quantile,0.6,437
Seasonal Baseline,5/23/2026,1,5/30/2026,Pediatrics,quantile,0.65,455
Seasonal Baseline,5/23/2026,1,5/30/2026,Pediatrics,quantile,0.7,475
Seasonal Baseline,5/23/2026,1,5/30/2026,Pediatrics,quantile,0.75,498
Seasonal Baseline,5/23/2026,1,5/30/2026,Pediatrics,quantile,0.8,524
Seasonal Baseline,5/23/2026,1,5/30/2026,Pediatrics,quantile,0.85,556
Seasonal Baseline,5/23/2026,1,5/30/2026,Pediatrics,quantile,0.9,598
Seasonal Baseline,5/23/2026,1,5/30/2026,Pediatrics,quantile,0.95,677
Seasonal Baseline,5/23/2026,1,5/30/2026,Pediatrics,quantile,0.975,742
Seasonal Baseline,5/23/2026,1,5/30/2026,Pediatrics,quantile,0.99,821
Seasonal Baseline,5/23/2026,2,6/6/2026,Pediatrics,quantile,0.01,224
Seasonal Baseline,5/23/2026,2,6/6/2026,Pediatrics,quantile,0.025,250
Seasonal Baseline,5/23/2026,2,6/6/2026,Pediatrics,quantile,0.05,277
Seasonal Baseline,5/23/2026,2,6/6/2026,Pediatrics,quantile,0.1,310
Seasonal Baseline,5/23/2026,2,6/6/2026,Pediatrics,quantile,0.15,334
Seasonal Baseline,5/23/2026,2,6/6/2026,Pediatrics,quantile,0.2,354
Seasonal Baseline,5/23/2026,2,6/6/2026,Pediatrics,quantile,0.25,371
Seasonal Baseline,5/23/2026,2,6/6/2026,Pediatrics,quantile,0.3,388
Seasonal Baseline,5/23/2026,2,6/6/2026,Pediatrics,quantile,0.35,405
Seasonal Baseline,5/23/2026,2,6/6/2026,Pediatrics,quantile,0.4,420
Seasonal Baseline,5/23/2026,2,6/6/2026,Pediatrics,quantile,0.45,436
Seasonal Baseline,5/23/2026,2,6/6/2026,Pediatrics,quantile,0.5,454
Seasonal Baseline,5/23/2026,2,6/6/2026,Pediatrics,quantile,0.55,473
Seasonal Baseline,5/23/2026,2,6/6/2026,Pediatrics,quantile,0.6,492
Seasonal Baseline,5/23/2026,2,6/6/2026,Pediatrics,quantile,0.65,512
Seasonal Baseline,5/23/2026,2,6/6/2026,Pediatrics,quantile,0.7,535
Seasonal Baseline,5/23/2026,2,6/6/2026,Pediatrics,quantile,0.75,559
Seasonal Baseline,5/23/2026,2,6/6/2026,Pediatrics,quantile,0.8,588
Seasonal Baseline,5/23/2026,2,6/6/2026,Pediatrics,quantile,0.85,622
Seasonal Baseline,5/23/2026,2,6/6/2026,Pediatrics,quantile,0.9,673
Seasonal Baseline,5/23/2026,2,6/6/2026,Pediatrics,quantile,0.95,751
Seasonal Baseline,5/23/2026,2,6/6/2026,Pediatrics,quantile,0.975,825
Seasonal Baseline,5/23/2026,2,6/6/2026,Pediatrics,quantile,0.99,928
Seasonal Baseline,5/23/2026,3,6/13/2026,Pediatrics,quantile,0.01,241
Seasonal Baseline,5/23/2026,3,6/13/2026,Pediatrics,quantile,0.025,270
Seasonal Baseline,5/23/2026,3,6/13/2026,Pediatrics,quantile,0.05,293
Seasonal Baseline,5/23/2026,3,6/13/2026,Pediatrics,quantile,0.1,329
Seasonal Baseline,5/23/2026,3,6/13/2026,Pediatrics,quantile,0.15,354
Seasonal Baseline,5/23/2026,3,6/13/2026,Pediatrics,quantile,0.2,375
Seasonal Baseline,5/23/2026,3,6/13/2026,Pediatrics,quantile,0.25,394
Seasonal Baseline,5/23/2026,3,6/13/2026,Pediatrics,quantile,0.3,411
Seasonal Baseline,5/23/2026,3,6/13/2026,Pediatrics,quantile,0.35,430
Seasonal Baseline,5/23/2026,3,6/13/2026,Pediatrics,quantile,0.4,449
Seasonal Baseline,5/23/2026,3,6/13/2026,Pediatrics,quantile,0.45,467
Seasonal Baseline,5/23/2026,3,6/13/2026,Pediatrics,quantile,0.5,484
Seasonal Baseline,5/23/2026,3,6/13/2026,Pediatrics,quantile,0.55,503
Seasonal Baseline,5/23/2026,3,6/13/2026,Pediatrics,quantile,0.6,524
Seasonal Baseline,5/23/2026,3,6/13/2026,Pediatrics,quantile,0.65,547
Seasonal Baseline,5/23/2026,3,6/13/2026,Pediatrics,quantile,0.7,568
Seasonal Baseline,5/23/2026,3,6/13/2026,Pediatrics,quantile,0.75,596
Seasonal Baseline,5/23/2026,3,6/13/2026,Pediatrics,quantile,0.8,627
Seasonal Baseline,5/23/2026,3,6/13/2026,Pediatrics,quantile,0.85,668
Seasonal Baseline,5/23/2026,3,6/13/2026,Pediatrics,quantile,0.9,718
Seasonal Baseline,5/23/2026,3,6/13/2026,Pediatrics,quantile,0.95,802
Seasonal Baseline,5/23/2026,3,6/13/2026,Pediatrics,quantile,0.975,880
Seasonal Baseline,5/23/2026,3,6/13/2026,Pediatrics,quantile,0.99,987
Opt Baseline,5/23/2026,-2,5/9/2026,Adults,quantile,0.01,83
Opt Baseline,5/23/2026,-2,5/9/2026,Adults,quantile,0.025,85
Opt Baseline,5/23/2026,-2,5/9/2026,Adults,quantile,0.05,88
Opt Baseline,5/23/2026,-2,5/9/2026,Adults,quantile,0.1,91
Opt Baseline,5/23/2026,-2,5/9/2026,Adults,quantile,0.15,91
Opt Baseline,5/23/2026,-2,5/9/2026,Adults,quantile,0.2,92
Opt Baseline,5/23/2026,-2,5/9/2026,Adults,quantile,0.25,94
Opt Baseline,5/23/2026,-2,5/9/2026,Adults,quantile,0.3,97
Opt Baseline,5/23/2026,-2,5/9/2026,Adults,quantile,0.35,99
Opt Baseline,5/23/2026,-2,5/9/2026,Adults,quantile,0.4,101
Opt Baseline,5/23/2026,-2,5/9/2026,Adults,quantile,0.45,102
Opt Baseline,5/23/2026,-2,5/9/2026,Adults,quantile,0.5,106
Opt Baseline,5/23/2026,-2,5/9/2026,Adults,quantile,0.55,110
Opt Baseline,5/23/2026,-2,5/9/2026,Adults,quantile,0.6,111
Opt Baseline,5/23/2026,-2,5/9/2026,Adults,quantile,0.65,113
Opt Baseline,5/23/2026,-2,5/9/2026,Adults,quantile,0.7,116
Opt Baseline,5/23/2026,-2,5/9/2026,Adults,quantile,0.75,118
Opt Baseline,5/23/2026,-2,5/9/2026,Adults,quantile,0.8,120
Opt Baseline,5/23/2026,-2,5/9/2026,Adults,quantile,0.85,122
Opt Baseline,5/23/2026,-2,5/9/2026,Adults,quantile,0.9,122
Opt Baseline,5/23/2026,-2,5/9/2026,Adults,quantile,0.95,125
Opt Baseline,5/23/2026,-2,5/9/2026,Adults,quantile,0.975,129
Opt Baseline,5/23/2026,-2,5/9/2026,Adults,quantile,0.99,132
Opt Baseline,5/23/2026,-1,5/16/2026,Adults,quantile,0.01,71
Opt Baseline,5/23/2026,-1,5/16/2026,Adults,quantile,0.025,75
Opt Baseline,5/23/2026,-1,5/16/2026,Adults,quantile,0.05,78
Opt Baseline,5/23/2026,-1,5/16/2026,Adults,quantile,0.1,83
Opt Baseline,5/23/2026,-1,5/16/2026,Adults,quantile,0.15,86
Opt Baseline,5/23/2026,-1,5/16/2026,Adults,quantile,0.2,90
Opt Baseline,5/23/2026,-1,5/16/2026,Adults,quantile,0.25,94
Opt Baseline,5/23/2026,-1,5/16/2026,Adults,quantile,0.3,97
Opt Baseline,5/23/2026,-1,5/16/2026,Adults,quantile,0.35,99
Opt Baseline,5/23/2026,-1,5/16/2026,Adults,quantile,0.4,102
Opt Baseline,5/23/2026,-1,5/16/2026,Adults,quantile,0.45,104
Opt Baseline,5/23/2026,-1,5/16/2026,Adults,quantile,0.5,106
Opt Baseline,5/23/2026,-1,5/16/2026,Adults,quantile,0.55,108
Opt Baseline,5/23/2026,-1,5/16/2026,Adults,quantile,0.6,110
Opt Baseline,5/23/2026,-1,5/16/2026,Adults,quantile,0.65,113
Opt Baseline,5/23/2026,-1,5/16/2026,Adults,quantile,0.7,116
Opt Baseline,5/23/2026,-1,5/16/2026,Adults,quantile,0.75,119
Opt Baseline,5/23/2026,-1,5/16/2026,Adults,quantile,0.8,124
Opt Baseline,5/23/2026,-1,5/16/2026,Adults,quantile,0.85,128
Opt Baseline,5/23/2026,-1,5/16/2026,Adults,quantile,0.9,132
Opt Baseline,5/23/2026,-1,5/16/2026,Adults,quantile,0.95,138
Opt Baseline,5/23/2026,-1,5/16/2026,Adults,quantile,0.975,141
Opt Baseline,5/23/2026,-1,5/16/2026,Adults,quantile,0.99,147
Opt Baseline,5/23/2026,0,5/23/2026,Adults,quantile,0.01,62
Opt Baseline,5/23/2026,0,5/23/2026,Adults,quantile,0.025,67
Opt Baseline,5/23/2026,0,5/23/2026,Adults,quantile,0.05,72
Opt Baseline,5/23/2026,0,5/23/2026,Adults,quantile,0.1,79
Opt Baseline,5/23/2026,0,5/23/2026,Adults,quantile,0.15,84
Opt Baseline,5/23/2026,0,5/23/2026,Adults,quantile,0.2,88
Opt Baseline,5/23/2026,0,5/23/2026,Adults,quantile,0.25,91
Opt Baseline,5/23/2026,0,5/23/2026,Adults,quantile,0.3,94
Opt Baseline,5/23/2026,0,5/23/2026,Adults,quantile,0.35,97
Opt Baseline,5/23/2026,0,5/23/2026,Adults,quantile,0.4,100
Opt Baseline,5/23/2026,0,5/23/2026,Adults,quantile,0.45,103
Opt Baseline,5/23/2026,0,5/23/2026,Adults,quantile,0.5,106
Opt Baseline,5/23/2026,0,5/23/2026,Adults,quantile,0.55,109
Opt Baseline,5/23/2026,0,5/23/2026,Adults,quantile,0.6,112
Opt Baseline,5/23/2026,0,5/23/2026,Adults,quantile,0.65,115
Opt Baseline,5/23/2026,0,5/23/2026,Adults,quantile,0.7,118
Opt Baseline,5/23/2026,0,5/23/2026,Adults,quantile,0.75,122
Opt Baseline,5/23/2026,0,5/23/2026,Adults,quantile,0.8,126
Opt Baseline,5/23/2026,0,5/23/2026,Adults,quantile,0.85,131
Opt Baseline,5/23/2026,0,5/23/2026,Adults,quantile,0.9,137
Opt Baseline,5/23/2026,0,5/23/2026,Adults,quantile,0.95,146
Opt Baseline,5/23/2026,0,5/23/2026,Adults,quantile,0.975,153
Opt Baseline,5/23/2026,0,5/23/2026,Adults,quantile,0.99,159
Opt Baseline,5/23/2026,1,5/30/2026,Adults,quantile,0.01,56
Opt Baseline,5/23/2026,1,5/30/2026,Adults,quantile,0.025,62
Opt Baseline,5/23/2026,1,5/30/2026,Adults,quantile,0.05,68
Opt Baseline,5/23/2026,1,5/30/2026,Adults,quantile,0.1,75
Opt Baseline,5/23/2026,1,5/30/2026,Adults,quantile,0.15,81
Opt Baseline,5/23/2026,1,5/30/2026,Adults,quantile,0.2,85
Opt Baseline,5/23/2026,1,5/30/2026,Adults,quantile,0.25,89
Opt Baseline,5/23/2026,1,5/30/2026,Adults,quantile,0.3,93
Opt Baseline,5/23/2026,1,5/30/2026,Adults,quantile,0.35,96
Opt Baseline,5/23/2026,1,5/30/2026,Adults,quantile,0.4,99
Opt Baseline,5/23/2026,1,5/30/2026,Adults,quantile,0.45,103
Opt Baseline,5/23/2026,1,5/30/2026,Adults,quantile,0.5,106
Opt Baseline,5/23/2026,1,5/30/2026,Adults,quantile,0.55,110
Opt Baseline,5/23/2026,1,5/30/2026,Adults,quantile,0.6,113
Opt Baseline,5/23/2026,1,5/30/2026,Adults,quantile,0.65,117
Opt Baseline,5/23/2026,1,5/30/2026,Adults,quantile,0.7,121
Opt Baseline,5/23/2026,1,5/30/2026,Adults,quantile,0.75,125
Opt Baseline,5/23/2026,1,5/30/2026,Adults,quantile,0.8,130
Opt Baseline,5/23/2026,1,5/30/2026,Adults,quantile,0.85,136
Opt Baseline,5/23/2026,1,5/30/2026,Adults,quantile,0.9,142
Opt Baseline,5/23/2026,1,5/30/2026,Adults,quantile,0.95,152
Opt Baseline,5/23/2026,1,5/30/2026,Adults,quantile,0.975,160
Opt Baseline,5/23/2026,1,5/30/2026,Adults,quantile,0.99,170
Opt Baseline,5/23/2026,2,6/6/2026,Adults,quantile,0.01,51
Opt Baseline,5/23/2026,2,6/6/2026,Adults,quantile,0.025,58
Opt Baseline,5/23/2026,2,6/6/2026,Adults,quantile,0.05,64
Opt Baseline,5/23/2026,2,6/6/2026,Adults,quantile,0.1,72
Opt Baseline,5/23/2026,2,6/6/2026,Adults,quantile,0.15,78
Opt Baseline,5/23/2026,2,6/6/2026,Adults,quantile,0.2,83
Opt Baseline,5/23/2026,2,6/6/2026,Adults,quantile,0.25,87
Opt Baseline,5/23/2026,2,6/6/2026,Adults,quantile,0.3,91
Opt Baseline,5/23/2026,2,6/6/2026,Adults,quantile,0.35,95
Opt Baseline,5/23/2026,2,6/6/2026,Adults,quantile,0.4,99
Opt Baseline,5/23/2026,2,6/6/2026,Adults,quantile,0.45,102
Opt Baseline,5/23/2026,2,6/6/2026,Adults,quantile,0.5,106
Opt Baseline,5/23/2026,2,6/6/2026,Adults,quantile,0.55,110
Opt Baseline,5/23/2026,2,6/6/2026,Adults,quantile,0.6,114
Opt Baseline,5/23/2026,2,6/6/2026,Adults,quantile,0.65,118
Opt Baseline,5/23/2026,2,6/6/2026,Adults,quantile,0.7,122
Opt Baseline,5/23/2026,2,6/6/2026,Adults,quantile,0.75,127
Opt Baseline,5/23/2026,2,6/6/2026,Adults,quantile,0.8,133
Opt Baseline,5/23/2026,2,6/6/2026,Adults,quantile,0.85,139
Opt Baseline,5/23/2026,2,6/6/2026,Adults,quantile,0.9,147
Opt Baseline,5/23/2026,2,6/6/2026,Adults,quantile,0.95,159
Opt Baseline,5/23/2026,2,6/6/2026,Adults,quantile,0.975,168
Opt Baseline,5/23/2026,2,6/6/2026,Adults,quantile,0.99,179
Opt Baseline,5/23/2026,3,6/13/2026,Adults,quantile,0.01,47
Opt Baseline,5/23/2026,3,6/13/2026,Adults,quantile,0.025,54
Opt Baseline,5/23/2026,3,6/13/2026,Adults,quantile,0.05,61
Opt Baseline,5/23/2026,3,6/13/2026,Adults,quantile,0.1,69
Opt Baseline,5/23/2026,3,6/13/2026,Adults,quantile,0.15,75
Opt Baseline,5/23/2026,3,6/13/2026,Adults,quantile,0.2,81
Opt Baseline,5/23/2026,3,6/13/2026,Adults,quantile,0.25,85
Opt Baseline,5/23/2026,3,6/13/2026,Adults,quantile,0.3,90
Opt Baseline,5/23/2026,3,6/13/2026,Adults,quantile,0.35,94
Opt Baseline,5/23/2026,3,6/13/2026,Adults,quantile,0.4,98
Opt Baseline,5/23/2026,3,6/13/2026,Adults,quantile,0.45,102
Opt Baseline,5/23/2026,3,6/13/2026,Adults,quantile,0.5,106
Opt Baseline,5/23/2026,3,6/13/2026,Adults,quantile,0.55,110
Opt Baseline,5/23/2026,3,6/13/2026,Adults,quantile,0.6,115
Opt Baseline,5/23/2026,3,6/13/2026,Adults,quantile,0.65,119
Opt Baseline,5/23/2026,3,6/13/2026,Adults,quantile,0.7,123
Opt Baseline,5/23/2026,3,6/13/2026,Adults,quantile,0.75,128
Opt Baseline,5/23/2026,3,6/13/2026,Adults,quantile,0.8,135
Opt Baseline,5/23/2026,3,6/13/2026,Adults,quantile,0.85,142
Opt Baseline,5/23/2026,3,6/13/2026,Adults,quantile,0.9,150
Opt Baseline,5/23/2026,3,6/13/2026,Adults,quantile,0.95,164
Opt Baseline,5/23/2026,3,6/13/2026,Adults,quantile,0.975,174
Opt Baseline,5/23/2026,3,6/13/2026,Adults,quantile,0.99,189
Opt Baseline,5/23/2026,-2,5/9/2026,Overall,quantile,0.01,212
Opt Baseline,5/23/2026,-2,5/9/2026,Overall,quantile,0.025,226
Opt Baseline,5/23/2026,-2,5/9/2026,Overall,quantile,0.05,249
Opt Baseline,5/23/2026,-2,5/9/2026,Overall,quantile,0.1,266
Opt Baseline,5/23/2026,-2,5/9/2026,Overall,quantile,0.15,268
Opt Baseline,5/23/2026,-2,5/9/2026,Overall,quantile,0.2,269
Opt Baseline,5/23/2026,-2,5/9/2026,Overall,quantile,0.25,273
Opt Baseline,5/23/2026,-2,5/9/2026,Overall,quantile,0.3,276
Opt Baseline,5/23/2026,-2,5/9/2026,Overall,quantile,0.35,279
Opt Baseline,5/23/2026,-2,5/9/2026,Overall,quantile,0.4,284
Opt Baseline,5/23/2026,-2,5/9/2026,Overall,quantile,0.45,288
Opt Baseline,5/23/2026,-2,5/9/2026,Overall,quantile,0.5,292
Opt Baseline,5/23/2026,-2,5/9/2026,Overall,quantile,0.55,296
Opt Baseline,5/23/2026,-2,5/9/2026,Overall,quantile,0.6,300
Opt Baseline,5/23/2026,-2,5/9/2026,Overall,quantile,0.65,306
Opt Baseline,5/23/2026,-2,5/9/2026,Overall,quantile,0.7,309
Opt Baseline,5/23/2026,-2,5/9/2026,Overall,quantile,0.75,311
Opt Baseline,5/23/2026,-2,5/9/2026,Overall,quantile,0.8,316
Opt Baseline,5/23/2026,-2,5/9/2026,Overall,quantile,0.85,317
Opt Baseline,5/23/2026,-2,5/9/2026,Overall,quantile,0.9,319
Opt Baseline,5/23/2026,-2,5/9/2026,Overall,quantile,0.95,338
Opt Baseline,5/23/2026,-2,5/9/2026,Overall,quantile,0.975,367
Opt Baseline,5/23/2026,-2,5/9/2026,Overall,quantile,0.99,384
Opt Baseline,5/23/2026,-1,5/16/2026,Overall,quantile,0.01,196
Opt Baseline,5/23/2026,-1,5/16/2026,Overall,quantile,0.025,211
Opt Baseline,5/23/2026,-1,5/16/2026,Overall,quantile,0.05,227
Opt Baseline,5/23/2026,-1,5/16/2026,Overall,quantile,0.1,246
Opt Baseline,5/23/2026,-1,5/16/2026,Overall,quantile,0.15,254
Opt Baseline,5/23/2026,-1,5/16/2026,Overall,quantile,0.2,261
Opt Baseline,5/23/2026,-1,5/16/2026,Overall,quantile,0.25,268
Opt Baseline,5/23/2026,-1,5/16/2026,Overall,quantile,0.3,273
Opt Baseline,5/23/2026,-1,5/16/2026,Overall,quantile,0.35,279
Opt Baseline,5/23/2026,-1,5/16/2026,Overall,quantile,0.4,284
Opt Baseline,5/23/2026,-1,5/16/2026,Overall,quantile,0.45,288
Opt Baseline,5/23/2026,-1,5/16/2026,Overall,quantile,0.5,292
Opt Baseline,5/23/2026,-1,5/16/2026,Overall,quantile,0.55,296
Opt Baseline,5/23/2026,-1,5/16/2026,Overall,quantile,0.6,301
Opt Baseline,5/23/2026,-1,5/16/2026,Overall,quantile,0.65,306
Opt Baseline,5/23/2026,-1,5/16/2026,Overall,quantile,0.7,312
Opt Baseline,5/23/2026,-1,5/16/2026,Overall,quantile,0.75,318
Opt Baseline,5/23/2026,-1,5/16/2026,Overall,quantile,0.8,325
Opt Baseline,5/23/2026,-1,5/16/2026,Overall,quantile,0.85,334
Opt Baseline,5/23/2026,-1,5/16/2026,Overall,quantile,0.9,342
Opt Baseline,5/23/2026,-1,5/16/2026,Overall,quantile,0.95,364
Opt Baseline,5/23/2026,-1,5/16/2026,Overall,quantile,0.975,386
Opt Baseline,5/23/2026,-1,5/16/2026,Overall,quantile,0.99,406
Opt Baseline,5/23/2026,0,5/23/2026,Overall,quantile,0.01,178
Opt Baseline,5/23/2026,0,5/23/2026,Overall,quantile,0.025,197
Opt Baseline,5/23/2026,0,5/23/2026,Overall,quantile,0.05,215
Opt Baseline,5/23/2026,0,5/23/2026,Overall,quantile,0.1,232
Opt Baseline,5/23/2026,0,5/23/2026,Overall,quantile,0.15,245
Opt Baseline,5/23/2026,0,5/23/2026,Overall,quantile,0.2,254
Opt Baseline,5/23/2026,0,5/23/2026,Overall,quantile,0.25,262
Opt Baseline,5/23/2026,0,5/23/2026,Overall,quantile,0.3,268
Opt Baseline,5/23/2026,0,5/23/2026,Overall,quantile,0.35,274
Opt Baseline,5/23/2026,0,5/23/2026,Overall,quantile,0.4,280
Opt Baseline,5/23/2026,0,5/23/2026,Overall,quantile,0.45,286
Opt Baseline,5/23/2026,0,5/23/2026,Overall,quantile,0.5,292
Opt Baseline,5/23/2026,0,5/23/2026,Overall,quantile,0.55,298
Opt Baseline,5/23/2026,0,5/23/2026,Overall,quantile,0.6,304
Opt Baseline,5/23/2026,0,5/23/2026,Overall,quantile,0.65,309
Opt Baseline,5/23/2026,0,5/23/2026,Overall,quantile,0.7,316
Opt Baseline,5/23/2026,0,5/23/2026,Overall,quantile,0.75,324
Opt Baseline,5/23/2026,0,5/23/2026,Overall,quantile,0.8,332
Opt Baseline,5/23/2026,0,5/23/2026,Overall,quantile,0.85,343
Opt Baseline,5/23/2026,0,5/23/2026,Overall,quantile,0.9,358
Opt Baseline,5/23/2026,0,5/23/2026,Overall,quantile,0.95,381
Opt Baseline,5/23/2026,0,5/23/2026,Overall,quantile,0.975,405
Opt Baseline,5/23/2026,0,5/23/2026,Overall,quantile,0.99,428
Opt Baseline,5/23/2026,1,5/30/2026,Overall,quantile,0.01,166
Opt Baseline,5/23/2026,1,5/30/2026,Overall,quantile,0.025,184
Opt Baseline,5/23/2026,1,5/30/2026,Overall,quantile,0.05,202
Opt Baseline,5/23/2026,1,5/30/2026,Overall,quantile,0.1,223
Opt Baseline,5/23/2026,1,5/30/2026,Overall,quantile,0.15,237
Opt Baseline,5/23/2026,1,5/30/2026,Overall,quantile,0.2,247
Opt Baseline,5/23/2026,1,5/30/2026,Overall,quantile,0.25,256
Opt Baseline,5/23/2026,1,5/30/2026,Overall,quantile,0.3,264
Opt Baseline,5/23/2026,1,5/30/2026,Overall,quantile,0.35,272
Opt Baseline,5/23/2026,1,5/30/2026,Overall,quantile,0.4,279
Opt Baseline,5/23/2026,1,5/30/2026,Overall,quantile,0.45,285
Opt Baseline,5/23/2026,1,5/30/2026,Overall,quantile,0.5,292
Opt Baseline,5/23/2026,1,5/30/2026,Overall,quantile,0.55,299
Opt Baseline,5/23/2026,1,5/30/2026,Overall,quantile,0.6,305
Opt Baseline,5/23/2026,1,5/30/2026,Overall,quantile,0.65,312
Opt Baseline,5/23/2026,1,5/30/2026,Overall,quantile,0.7,321
Opt Baseline,5/23/2026,1,5/30/2026,Overall,quantile,0.75,330
Opt Baseline,5/23/2026,1,5/30/2026,Overall,quantile,0.8,339
Opt Baseline,5/23/2026,1,5/30/2026,Overall,quantile,0.85,352
Opt Baseline,5/23/2026,1,5/30/2026,Overall,quantile,0.9,368
Opt Baseline,5/23/2026,1,5/30/2026,Overall,quantile,0.95,394
Opt Baseline,5/23/2026,1,5/30/2026,Overall,quantile,0.975,418
Opt Baseline,5/23/2026,1,5/30/2026,Overall,quantile,0.99,445
Opt Baseline,5/23/2026,2,6/6/2026,Overall,quantile,0.01,153
Opt Baseline,5/23/2026,2,6/6/2026,Overall,quantile,0.025,174
Opt Baseline,5/23/2026,2,6/6/2026,Overall,quantile,0.05,194
Opt Baseline,5/23/2026,2,6/6/2026,Overall,quantile,0.1,216
Opt Baseline,5/23/2026,2,6/6/2026,Overall,quantile,0.15,230
Opt Baseline,5/23/2026,2,6/6/2026,Overall,quantile,0.2,242
Opt Baseline,5/23/2026,2,6/6/2026,Overall,quantile,0.25,252
Opt Baseline,5/23/2026,2,6/6/2026,Overall,quantile,0.3,261
Opt Baseline,5/23/2026,2,6/6/2026,Overall,quantile,0.35,269
Opt Baseline,5/23/2026,2,6/6/2026,Overall,quantile,0.4,277
Opt Baseline,5/23/2026,2,6/6/2026,Overall,quantile,0.45,285
Opt Baseline,5/23/2026,2,6/6/2026,Overall,quantile,0.5,292
Opt Baseline,5/23/2026,2,6/6/2026,Overall,quantile,0.55,300
Opt Baseline,5/23/2026,2,6/6/2026,Overall,quantile,0.6,308
Opt Baseline,5/23/2026,2,6/6/2026,Overall,quantile,0.65,317
Opt Baseline,5/23/2026,2,6/6/2026,Overall,quantile,0.7,325
Opt Baseline,5/23/2026,2,6/6/2026,Overall,quantile,0.75,335
Opt Baseline,5/23/2026,2,6/6/2026,Overall,quantile,0.8,347
Opt Baseline,5/23/2026,2,6/6/2026,Overall,quantile,0.85,361
Opt Baseline,5/23/2026,2,6/6/2026,Overall,quantile,0.9,379
Opt Baseline,5/23/2026,2,6/6/2026,Overall,quantile,0.95,407
Opt Baseline,5/23/2026,2,6/6/2026,Overall,quantile,0.975,433
Opt Baseline,5/23/2026,2,6/6/2026,Overall,quantile,0.99,463
Opt Baseline,5/23/2026,3,6/13/2026,Overall,quantile,0.01,145
Opt Baseline,5/23/2026,3,6/13/2026,Overall,quantile,0.025,165
Opt Baseline,5/23/2026,3,6/13/2026,Overall,quantile,0.05,185
Opt Baseline,5/23/2026,3,6/13/2026,Overall,quantile,0.1,207
Opt Baseline,5/23/2026,3,6/13/2026,Overall,quantile,0.15,223
Opt Baseline,5/23/2026,3,6/13/2026,Overall,quantile,0.2,236
Opt Baseline,5/23/2026,3,6/13/2026,Overall,quantile,0.25,246
Opt Baseline,5/23/2026,3,6/13/2026,Overall,quantile,0.3,256
Opt Baseline,5/23/2026,3,6/13/2026,Overall,quantile,0.35,265
Opt Baseline,5/23/2026,3,6/13/2026,Overall,quantile,0.4,274
Opt Baseline,5/23/2026,3,6/13/2026,Overall,quantile,0.45,283
Opt Baseline,5/23/2026,3,6/13/2026,Overall,quantile,0.5,292
Opt Baseline,5/23/2026,3,6/13/2026,Overall,quantile,0.55,301
Opt Baseline,5/23/2026,3,6/13/2026,Overall,quantile,0.6,310
Opt Baseline,5/23/2026,3,6/13/2026,Overall,quantile,0.65,318
Opt Baseline,5/23/2026,3,6/13/2026,Overall,quantile,0.7,328
Opt Baseline,5/23/2026,3,6/13/2026,Overall,quantile,0.75,340
Opt Baseline,5/23/2026,3,6/13/2026,Overall,quantile,0.8,353
Opt Baseline,5/23/2026,3,6/13/2026,Overall,quantile,0.85,369
Opt Baseline,5/23/2026,3,6/13/2026,Overall,quantile,0.9,389
Opt Baseline,5/23/2026,3,6/13/2026,Overall,quantile,0.95,420
Opt Baseline,5/23/2026,3,6/13/2026,Overall,quantile,0.975,450
Opt Baseline,5/23/2026,3,6/13/2026,Overall,quantile,0.99,486
Opt Baseline,5/23/2026,-2,5/9/2026,Pediatrics,quantile,0.01,100
Opt Baseline,5/23/2026,-2,5/9/2026,Pediatrics,quantile,0.025,110
Opt Baseline,5/23/2026,-2,5/9/2026,Pediatrics,quantile,0.05,128
Opt Baseline,5/23/2026,-2,5/9/2026,Pediatrics,quantile,0.1,143
Opt Baseline,5/23/2026,-2,5/9/2026,Pediatrics,quantile,0.15,147
Opt Baseline,5/23/2026,-2,5/9/2026,Pediatrics,quantile,0.2,155
Opt Baseline,5/23/2026,-2,5/9/2026,Pediatrics,quantile,0.25,169
Opt Baseline,5/23/2026,-2,5/9/2026,Pediatrics,quantile,0.3,176
Opt Baseline,5/23/2026,-2,5/9/2026,Pediatrics,quantile,0.35,178
Opt Baseline,5/23/2026,-2,5/9/2026,Pediatrics,quantile,0.4,180
Opt Baseline,5/23/2026,-2,5/9/2026,Pediatrics,quantile,0.45,184
Opt Baseline,5/23/2026,-2,5/9/2026,Pediatrics,quantile,0.5,186
Opt Baseline,5/23/2026,-2,5/9/2026,Pediatrics,quantile,0.55,188
Opt Baseline,5/23/2026,-2,5/9/2026,Pediatrics,quantile,0.6,192
Opt Baseline,5/23/2026,-2,5/9/2026,Pediatrics,quantile,0.65,194
Opt Baseline,5/23/2026,-2,5/9/2026,Pediatrics,quantile,0.7,196
Opt Baseline,5/23/2026,-2,5/9/2026,Pediatrics,quantile,0.75,204
Opt Baseline,5/23/2026,-2,5/9/2026,Pediatrics,quantile,0.8,220
Opt Baseline,5/23/2026,-2,5/9/2026,Pediatrics,quantile,0.85,229
Opt Baseline,5/23/2026,-2,5/9/2026,Pediatrics,quantile,0.9,235
Opt Baseline,5/23/2026,-2,5/9/2026,Pediatrics,quantile,0.95,254
Opt Baseline,5/23/2026,-2,5/9/2026,Pediatrics,quantile,0.975,281
Opt Baseline,5/23/2026,-2,5/9/2026,Pediatrics,quantile,0.99,298
Opt Baseline,5/23/2026,-1,5/16/2026,Pediatrics,quantile,0.01,78
Opt Baseline,5/23/2026,-1,5/16/2026,Pediatrics,quantile,0.025,95
Opt Baseline,5/23/2026,-1,5/16/2026,Pediatrics,quantile,0.05,107
Opt Baseline,5/23/2026,-1,5/16/2026,Pediatrics,quantile,0.1,125
Opt Baseline,5/23/2026,-1,5/16/2026,Pediatrics,quantile,0.15,138
Opt Baseline,5/23/2026,-1,5/16/2026,Pediatrics,quantile,0.2,145
Opt Baseline,5/23/2026,-1,5/16/2026,Pediatrics,quantile,0.25,152
Opt Baseline,5/23/2026,-1,5/16/2026,Pediatrics,quantile,0.3,160
Opt Baseline,5/23/2026,-1,5/16/2026,Pediatrics,quantile,0.35,169
Opt Baseline,5/23/2026,-1,5/16/2026,Pediatrics,quantile,0.4,176
Opt Baseline,5/23/2026,-1,5/16/2026,Pediatrics,quantile,0.45,182
Opt Baseline,5/23/2026,-1,5/16/2026,Pediatrics,quantile,0.5,186
Opt Baseline,5/23/2026,-1,5/16/2026,Pediatrics,quantile,0.55,191
Opt Baseline,5/23/2026,-1,5/16/2026,Pediatrics,quantile,0.6,197
Opt Baseline,5/23/2026,-1,5/16/2026,Pediatrics,quantile,0.65,204
Opt Baseline,5/23/2026,-1,5/16/2026,Pediatrics,quantile,0.7,214
Opt Baseline,5/23/2026,-1,5/16/2026,Pediatrics,quantile,0.75,224
Opt Baseline,5/23/2026,-1,5/16/2026,Pediatrics,quantile,0.8,232
Opt Baseline,5/23/2026,-1,5/16/2026,Pediatrics,quantile,0.85,242
Opt Baseline,5/23/2026,-1,5/16/2026,Pediatrics,quantile,0.9,260
Opt Baseline,5/23/2026,-1,5/16/2026,Pediatrics,quantile,0.95,287
Opt Baseline,5/23/2026,-1,5/16/2026,Pediatrics,quantile,0.975,307
Opt Baseline,5/23/2026,-1,5/16/2026,Pediatrics,quantile,0.99,337
Opt Baseline,5/23/2026,0,5/23/2026,Pediatrics,quantile,0.01,62
Opt Baseline,5/23/2026,0,5/23/2026,Pediatrics,quantile,0.025,78
Opt Baseline,5/23/2026,0,5/23/2026,Pediatrics,quantile,0.05,94
Opt Baseline,5/23/2026,0,5/23/2026,Pediatrics,quantile,0.1,111
Opt Baseline,5/23/2026,0,5/23/2026,Pediatrics,quantile,0.15,126
Opt Baseline,5/23/2026,0,5/23/2026,Pediatrics,quantile,0.2,137
Opt Baseline,5/23/2026,0,5/23/2026,Pediatrics,quantile,0.25,146
Opt Baseline,5/23/2026,0,5/23/2026,Pediatrics,quantile,0.3,154
Opt Baseline,5/23/2026,0,5/23/2026,Pediatrics,quantile,0.35,163
Opt Baseline,5/23/2026,0,5/23/2026,Pediatrics,quantile,0.4,171
Opt Baseline,5/23/2026,0,5/23/2026,Pediatrics,quantile,0.45,179
Opt Baseline,5/23/2026,0,5/23/2026,Pediatrics,quantile,0.5,186
Opt Baseline,5/23/2026,0,5/23/2026,Pediatrics,quantile,0.55,194
Opt Baseline,5/23/2026,0,5/23/2026,Pediatrics,quantile,0.6,201
Opt Baseline,5/23/2026,0,5/23/2026,Pediatrics,quantile,0.65,211
Opt Baseline,5/23/2026,0,5/23/2026,Pediatrics,quantile,0.7,221
Opt Baseline,5/23/2026,0,5/23/2026,Pediatrics,quantile,0.75,231
Opt Baseline,5/23/2026,0,5/23/2026,Pediatrics,quantile,0.8,244
Opt Baseline,5/23/2026,0,5/23/2026,Pediatrics,quantile,0.85,259
Opt Baseline,5/23/2026,0,5/23/2026,Pediatrics,quantile,0.9,279
Opt Baseline,5/23/2026,0,5/23/2026,Pediatrics,quantile,0.95,307
Opt Baseline,5/23/2026,0,5/23/2026,Pediatrics,quantile,0.975,337
Opt Baseline,5/23/2026,0,5/23/2026,Pediatrics,quantile,0.99,368
Opt Baseline,5/23/2026,1,5/30/2026,Pediatrics,quantile,0.01,49
Opt Baseline,5/23/2026,1,5/30/2026,Pediatrics,quantile,0.025,67
Opt Baseline,5/23/2026,1,5/30/2026,Pediatrics,quantile,0.05,83
Opt Baseline,5/23/2026,1,5/30/2026,Pediatrics,quantile,0.1,102
Opt Baseline,5/23/2026,1,5/30/2026,Pediatrics,quantile,0.15,116
Opt Baseline,5/23/2026,1,5/30/2026,Pediatrics,quantile,0.2,129
Opt Baseline,5/23/2026,1,5/30/2026,Pediatrics,quantile,0.25,140
Opt Baseline,5/23/2026,1,5/30/2026,Pediatrics,quantile,0.3,149
Opt Baseline,5/23/2026,1,5/30/2026,Pediatrics,quantile,0.35,158
Opt Baseline,5/23/2026,1,5/30/2026,Pediatrics,quantile,0.4,168
Opt Baseline,5/23/2026,1,5/30/2026,Pediatrics,quantile,0.45,177
Opt Baseline,5/23/2026,1,5/30/2026,Pediatrics,quantile,0.5,186
Opt Baseline,5/23/2026,1,5/30/2026,Pediatrics,quantile,0.55,195
Opt Baseline,5/23/2026,1,5/30/2026,Pediatrics,quantile,0.6,204
Opt Baseline,5/23/2026,1,5/30/2026,Pediatrics,quantile,0.65,216
Opt Baseline,5/23/2026,1,5/30/2026,Pediatrics,quantile,0.7,226
Opt Baseline,5/23/2026,1,5/30/2026,Pediatrics,quantile,0.75,237
Opt Baseline,5/23/2026,1,5/30/2026,Pediatrics,quantile,0.8,252
Opt Baseline,5/23/2026,1,5/30/2026,Pediatrics,quantile,0.85,270
Opt Baseline,5/23/2026,1,5/30/2026,Pediatrics,quantile,0.9,292
Opt Baseline,5/23/2026,1,5/30/2026,Pediatrics,quantile,0.95,328
Opt Baseline,5/23/2026,1,5/30/2026,Pediatrics,quantile,0.975,363
Opt Baseline,5/23/2026,1,5/30/2026,Pediatrics,quantile,0.99,407
Opt Baseline,5/23/2026,2,6/6/2026,Pediatrics,quantile,0.01,39
Opt Baseline,5/23/2026,2,6/6/2026,Pediatrics,quantile,0.025,56
Opt Baseline,5/23/2026,2,6/6/2026,Pediatrics,quantile,0.05,72
Opt Baseline,5/23/2026,2,6/6/2026,Pediatrics,quantile,0.1,93
Opt Baseline,5/23/2026,2,6/6/2026,Pediatrics,quantile,0.15,109
Opt Baseline,5/23/2026,2,6/6/2026,Pediatrics,quantile,0.2,121
Opt Baseline,5/23/2026,2,6/6/2026,Pediatrics,quantile,0.25,134
Opt Baseline,5/23/2026,2,6/6/2026,Pediatrics,quantile,0.3,145
Opt Baseline,5/23/2026,2,6/6/2026,Pediatrics,quantile,0.35,156
Opt Baseline,5/23/2026,2,6/6/2026,Pediatrics,quantile,0.4,166
Opt Baseline,5/23/2026,2,6/6/2026,Pediatrics,quantile,0.45,176
Opt Baseline,5/23/2026,2,6/6/2026,Pediatrics,quantile,0.5,186
Opt Baseline,5/23/2026,2,6/6/2026,Pediatrics,quantile,0.55,197
Opt Baseline,5/23/2026,2,6/6/2026,Pediatrics,quantile,0.6,207
Opt Baseline,5/23/2026,2,6/6/2026,Pediatrics,quantile,0.65,220
Opt Baseline,5/23/2026,2,6/6/2026,Pediatrics,quantile,0.7,233
Opt Baseline,5/23/2026,2,6/6/2026,Pediatrics,quantile,0.75,245
Opt Baseline,5/23/2026,2,6/6/2026,Pediatrics,quantile,0.8,261
Opt Baseline,5/23/2026,2,6/6/2026,Pediatrics,quantile,0.85,281
Opt Baseline,5/23/2026,2,6/6/2026,Pediatrics,quantile,0.9,309
Opt Baseline,5/23/2026,2,6/6/2026,Pediatrics,quantile,0.95,349
Opt Baseline,5/23/2026,2,6/6/2026,Pediatrics,quantile,0.975,384
Opt Baseline,5/23/2026,2,6/6/2026,Pediatrics,quantile,0.99,437
Opt Baseline,5/23/2026,3,6/13/2026,Pediatrics,quantile,0.01,34
Opt Baseline,5/23/2026,3,6/13/2026,Pediatrics,quantile,0.025,48
Opt Baseline,5/23/2026,3,6/13/2026,Pediatrics,quantile,0.05,64
Opt Baseline,5/23/2026,3,6/13/2026,Pediatrics,quantile,0.1,86
Opt Baseline,5/23/2026,3,6/13/2026,Pediatrics,quantile,0.15,102
Opt Baseline,5/23/2026,3,6/13/2026,Pediatrics,quantile,0.2,116
Opt Baseline,5/23/2026,3,6/13/2026,Pediatrics,quantile,0.25,129
Opt Baseline,5/23/2026,3,6/13/2026,Pediatrics,quantile,0.3,142
Opt Baseline,5/23/2026,3,6/13/2026,Pediatrics,quantile,0.35,153
Opt Baseline,5/23/2026,3,6/13/2026,Pediatrics,quantile,0.4,164
Opt Baseline,5/23/2026,3,6/13/2026,Pediatrics,quantile,0.45,175
Opt Baseline,5/23/2026,3,6/13/2026,Pediatrics,quantile,0.5,186
Opt Baseline,5/23/2026,3,6/13/2026,Pediatrics,quantile,0.55,197
Opt Baseline,5/23/2026,3,6/13/2026,Pediatrics,quantile,0.6,210
Opt Baseline,5/23/2026,3,6/13/2026,Pediatrics,quantile,0.65,222
Opt Baseline,5/23/2026,3,6/13/2026,Pediatrics,quantile,0.7,236
Opt Baseline,5/23/2026,3,6/13/2026,Pediatrics,quantile,0.75,251
Opt Baseline,5/23/2026,3,6/13/2026,Pediatrics,quantile,0.8,269
Opt Baseline,5/23/2026,3,6/13/2026,Pediatrics,quantile,0.85,290
Opt Baseline,5/23/2026,3,6/13/2026,Pediatrics,quantile,0.9,320
Opt Baseline,5/23/2026,3,6/13/2026,Pediatrics,quantile,0.95,365
Opt Baseline,5/23/2026,3,6/13/2026,Pediatrics,quantile,0.975,404
Opt Baseline,5/23/2026,3,6/13/2026,Pediatrics,quantile,0.99,466
INFLAenza,5/23/2026,-2,5/9/2026,Adults,quantile,0.01,80
INFLAenza,5/23/2026,-2,5/9/2026,Adults,quantile,0.025,86
INFLAenza,5/23/2026,-2,5/9/2026,Adults,quantile,0.05,92
INFLAenza,5/23/2026,-2,5/9/2026,Adults,quantile,0.1,98
INFLAenza,5/23/2026,-2,5/9/2026,Adults,quantile,0.15,103
INFLAenza,5/23/2026,-2,5/9/2026,Adults,quantile,0.2,107
INFLAenza,5/23/2026,-2,5/9/2026,Adults,quantile,0.25,111
INFLAenza,5/23/2026,-2,5/9/2026,Adults,quantile,0.3,114
INFLAenza,5/23/2026,-2,5/9/2026,Adults,quantile,0.35,118
INFLAenza,5/23/2026,-2,5/9/2026,Adults,quantile,0.4,121
INFLAenza,5/23/2026,-2,5/9/2026,Adults,quantile,0.45,123
INFLAenza,5/23/2026,-2,5/9/2026,Adults,quantile,0.5,126
INFLAenza,5/23/2026,-2,5/9/2026,Adults,quantile,0.55,130
INFLAenza,5/23/2026,-2,5/9/2026,Adults,quantile,0.6,133
INFLAenza,5/23/2026,-2,5/9/2026,Adults,quantile,0.65,136
INFLAenza,5/23/2026,-2,5/9/2026,Adults,quantile,0.7,140
INFLAenza,5/23/2026,-2,5/9/2026,Adults,quantile,0.75,144
INFLAenza,5/23/2026,-2,5/9/2026,Adults,quantile,0.8,148
INFLAenza,5/23/2026,-2,5/9/2026,Adults,quantile,0.85,154
INFLAenza,5/23/2026,-2,5/9/2026,Adults,quantile,0.9,161
INFLAenza,5/23/2026,-2,5/9/2026,Adults,quantile,0.95,173
INFLAenza,5/23/2026,-2,5/9/2026,Adults,quantile,0.975,183
INFLAenza,5/23/2026,-2,5/9/2026,Adults,quantile,0.99,193
INFLAenza,5/23/2026,-2,5/9/2026,Overall,quantile,0.01,242
INFLAenza,5/23/2026,-2,5/9/2026,Overall,quantile,0.025,255
INFLAenza,5/23/2026,-2,5/9/2026,Overall,quantile,0.05,267
INFLAenza,5/23/2026,-2,5/9/2026,Overall,quantile,0.1,282
INFLAenza,5/23/2026,-2,5/9/2026,Overall,quantile,0.15,292
INFLAenza,5/23/2026,-2,5/9/2026,Overall,quantile,0.2,301
INFLAenza,5/23/2026,-2,5/9/2026,Overall,quantile,0.25,308
INFLAenza,5/23/2026,-2,5/9/2026,Overall,quantile,0.3,315
INFLAenza,5/23/2026,-2,5/9/2026,Overall,quantile,0.35,321
INFLAenza,5/23/2026,-2,5/9/2026,Overall,quantile,0.4,327
INFLAenza,5/23/2026,-2,5/9/2026,Overall,quantile,0.45,333
INFLAenza,5/23/2026,-2,5/9/2026,Overall,quantile,0.5,339
INFLAenza,5/23/2026,-2,5/9/2026,Overall,quantile,0.55,345
INFLAenza,5/23/2026,-2,5/9/2026,Overall,quantile,0.6,351
INFLAenza,5/23/2026,-2,5/9/2026,Overall,quantile,0.65,358
INFLAenza,5/23/2026,-2,5/9/2026,Overall,quantile,0.7,364
INFLAenza,5/23/2026,-2,5/9/2026,Overall,quantile,0.75,372
INFLAenza,5/23/2026,-2,5/9/2026,Overall,quantile,0.8,381
INFLAenza,5/23/2026,-2,5/9/2026,Overall,quantile,0.85,391
INFLAenza,5/23/2026,-2,5/9/2026,Overall,quantile,0.9,405
INFLAenza,5/23/2026,-2,5/9/2026,Overall,quantile,0.95,426
INFLAenza,5/23/2026,-2,5/9/2026,Overall,quantile,0.975,442
INFLAenza,5/23/2026,-2,5/9/2026,Overall,quantile,0.99,463
INFLAenza,5/23/2026,-2,5/9/2026,Pediatrics,quantile,0.01,140
INFLAenza,5/23/2026,-2,5/9/2026,Pediatrics,quantile,0.025,149
INFLAenza,5/23/2026,-2,5/9/2026,Pediatrics,quantile,0.05,158
INFLAenza,5/23/2026,-2,5/9/2026,Pediatrics,quantile,0.1,168
INFLAenza,5/23/2026,-2,5/9/2026,Pediatrics,quantile,0.15,175
INFLAenza,5/23/2026,-2,5/9/2026,Pediatrics,quantile,0.2,182
INFLAenza,5/23/2026,-2,5/9/2026,Pediatrics,quantile,0.25,187
INFLAenza,5/23/2026,-2,5/9/2026,Pediatrics,quantile,0.3,192
INFLAenza,5/23/2026,-2,5/9/2026,Pediatrics,quantile,0.35,197
INFLAenza,5/23/2026,-2,5/9/2026,Pediatrics,quantile,0.4,202
INFLAenza,5/23/2026,-2,5/9/2026,Pediatrics,quantile,0.45,206
INFLAenza,5/23/2026,-2,5/9/2026,Pediatrics,quantile,0.5,211
INFLAenza,5/23/2026,-2,5/9/2026,Pediatrics,quantile,0.55,215
INFLAenza,5/23/2026,-2,5/9/2026,Pediatrics,quantile,0.6,220
INFLAenza,5/23/2026,-2,5/9/2026,Pediatrics,quantile,0.65,225
INFLAenza,5/23/2026,-2,5/9/2026,Pediatrics,quantile,0.7,230
INFLAenza,5/23/2026,-2,5/9/2026,Pediatrics,quantile,0.75,236
INFLAenza,5/23/2026,-2,5/9/2026,Pediatrics,quantile,0.8,243
INFLAenza,5/23/2026,-2,5/9/2026,Pediatrics,quantile,0.85,251
INFLAenza,5/23/2026,-2,5/9/2026,Pediatrics,quantile,0.9,261
INFLAenza,5/23/2026,-2,5/9/2026,Pediatrics,quantile,0.95,276
INFLAenza,5/23/2026,-2,5/9/2026,Pediatrics,quantile,0.975,291
INFLAenza,5/23/2026,-2,5/9/2026,Pediatrics,quantile,0.99,309
INFLAenza,5/23/2026,-1,5/16/2026,Adults,quantile,0.01,85
INFLAenza,5/23/2026,-1,5/16/2026,Adults,quantile,0.025,92
INFLAenza,5/23/2026,-1,5/16/2026,Adults,quantile,0.05,100
INFLAenza,5/23/2026,-1,5/16/2026,Adults,quantile,0.1,109
INFLAenza,5/23/2026,-1,5/16/2026,Adults,quantile,0.15,116
INFLAenza,5/23/2026,-1,5/16/2026,Adults,quantile,0.2,122
INFLAenza,5/23/2026,-1,5/16/2026,Adults,quantile,0.25,127
INFLAenza,5/23/2026,-1,5/16/2026,Adults,quantile,0.3,131
INFLAenza,5/23/2026,-1,5/16/2026,Adults,quantile,0.35,136
INFLAenza,5/23/2026,-1,5/16/2026,Adults,quantile,0.4,140
INFLAenza,5/23/2026,-1,5/16/2026,Adults,quantile,0.45,145
INFLAenza,5/23/2026,-1,5/16/2026,Adults,quantile,0.5,149
INFLAenza,5/23/2026,-1,5/16/2026,Adults,quantile,0.55,153
INFLAenza,5/23/2026,-1,5/16/2026,Adults,quantile,0.6,158
INFLAenza,5/23/2026,-1,5/16/2026,Adults,quantile,0.65,163
INFLAenza,5/23/2026,-1,5/16/2026,Adults,quantile,0.7,167
INFLAenza,5/23/2026,-1,5/16/2026,Adults,quantile,0.75,173
INFLAenza,5/23/2026,-1,5/16/2026,Adults,quantile,0.8,180
INFLAenza,5/23/2026,-1,5/16/2026,Adults,quantile,0.85,188
INFLAenza,5/23/2026,-1,5/16/2026,Adults,quantile,0.9,200
INFLAenza,5/23/2026,-1,5/16/2026,Adults,quantile,0.95,217
INFLAenza,5/23/2026,-1,5/16/2026,Adults,quantile,0.975,234
INFLAenza,5/23/2026,-1,5/16/2026,Adults,quantile,0.99,254
INFLAenza,5/23/2026,-1,5/16/2026,Overall,quantile,0.01,256
INFLAenza,5/23/2026,-1,5/16/2026,Overall,quantile,0.025,274
INFLAenza,5/23/2026,-1,5/16/2026,Overall,quantile,0.05,290
INFLAenza,5/23/2026,-1,5/16/2026,Overall,quantile,0.1,311
INFLAenza,5/23/2026,-1,5/16/2026,Overall,quantile,0.15,327
INFLAenza,5/23/2026,-1,5/16/2026,Overall,quantile,0.2,339
INFLAenza,5/23/2026,-1,5/16/2026,Overall,quantile,0.25,350
INFLAenza,5/23/2026,-1,5/16/2026,Overall,quantile,0.3,360
INFLAenza,5/23/2026,-1,5/16/2026,Overall,quantile,0.35,369
INFLAenza,5/23/2026,-1,5/16/2026,Overall,quantile,0.4,378
INFLAenza,5/23/2026,-1,5/16/2026,Overall,quantile,0.45,387
INFLAenza,5/23/2026,-1,5/16/2026,Overall,quantile,0.5,395
INFLAenza,5/23/2026,-1,5/16/2026,Overall,quantile,0.55,406
INFLAenza,5/23/2026,-1,5/16/2026,Overall,quantile,0.6,415
INFLAenza,5/23/2026,-1,5/16/2026,Overall,quantile,0.65,424
INFLAenza,5/23/2026,-1,5/16/2026,Overall,quantile,0.7,436
INFLAenza,5/23/2026,-1,5/16/2026,Overall,quantile,0.75,448
INFLAenza,5/23/2026,-1,5/16/2026,Overall,quantile,0.8,462
INFLAenza,5/23/2026,-1,5/16/2026,Overall,quantile,0.85,479
INFLAenza,5/23/2026,-1,5/16/2026,Overall,quantile,0.9,498
INFLAenza,5/23/2026,-1,5/16/2026,Overall,quantile,0.95,534
INFLAenza,5/23/2026,-1,5/16/2026,Overall,quantile,0.975,567
INFLAenza,5/23/2026,-1,5/16/2026,Overall,quantile,0.99,610
INFLAenza,5/23/2026,-1,5/16/2026,Pediatrics,quantile,0.01,142
INFLAenza,5/23/2026,-1,5/16/2026,Pediatrics,quantile,0.025,157
INFLAenza,5/23/2026,-1,5/16/2026,Pediatrics,quantile,0.05,169
INFLAenza,5/23/2026,-1,5/16/2026,Pediatrics,quantile,0.1,184
INFLAenza,5/23/2026,-1,5/16/2026,Pediatrics,quantile,0.15,195
INFLAenza,5/23/2026,-1,5/16/2026,Pediatrics,quantile,0.2,203
INFLAenza,5/23/2026,-1,5/16/2026,Pediatrics,quantile,0.25,210
INFLAenza,5/23/2026,-1,5/16/2026,Pediatrics,quantile,0.3,218
INFLAenza,5/23/2026,-1,5/16/2026,Pediatrics,quantile,0.35,225
INFLAenza,5/23/2026,-1,5/16/2026,Pediatrics,quantile,0.4,231
INFLAenza,5/23/2026,-1,5/16/2026,Pediatrics,quantile,0.45,237
INFLAenza,5/23/2026,-1,5/16/2026,Pediatrics,quantile,0.5,244
INFLAenza,5/23/2026,-1,5/16/2026,Pediatrics,quantile,0.55,250
INFLAenza,5/23/2026,-1,5/16/2026,Pediatrics,quantile,0.6,258
INFLAenza,5/23/2026,-1,5/16/2026,Pediatrics,quantile,0.65,265
INFLAenza,5/23/2026,-1,5/16/2026,Pediatrics,quantile,0.7,273
INFLAenza,5/23/2026,-1,5/16/2026,Pediatrics,quantile,0.75,283
INFLAenza,5/23/2026,-1,5/16/2026,Pediatrics,quantile,0.8,294
INFLAenza,5/23/2026,-1,5/16/2026,Pediatrics,quantile,0.85,306
INFLAenza,5/23/2026,-1,5/16/2026,Pediatrics,quantile,0.9,323
INFLAenza,5/23/2026,-1,5/16/2026,Pediatrics,quantile,0.95,352
INFLAenza,5/23/2026,-1,5/16/2026,Pediatrics,quantile,0.975,376
INFLAenza,5/23/2026,-1,5/16/2026,Pediatrics,quantile,0.99,409
INFLAenza,5/23/2026,0,5/23/2026,Adults,quantile,0.01,92
INFLAenza,5/23/2026,0,5/23/2026,Adults,quantile,0.025,104
INFLAenza,5/23/2026,0,5/23/2026,Adults,quantile,0.05,113
INFLAenza,5/23/2026,0,5/23/2026,Adults,quantile,0.1,126
INFLAenza,5/23/2026,0,5/23/2026,Adults,quantile,0.15,135
INFLAenza,5/23/2026,0,5/23/2026,Adults,quantile,0.2,142
INFLAenza,5/23/2026,0,5/23/2026,Adults,quantile,0.25,149
INFLAenza,5/23/2026,0,5/23/2026,Adults,quantile,0.3,155
INFLAenza,5/23/2026,0,5/23/2026,Adults,quantile,0.35,161
INFLAenza,5/23/2026,0,5/23/2026,Adults,quantile,0.4,168
INFLAenza,5/23/2026,0,5/23/2026,Adults,quantile,0.45,174
INFLAenza,5/23/2026,0,5/23/2026,Adults,quantile,0.5,180
INFLAenza,5/23/2026,0,5/23/2026,Adults,quantile,0.55,187
INFLAenza,5/23/2026,0,5/23/2026,Adults,quantile,0.6,193
INFLAenza,5/23/2026,0,5/23/2026,Adults,quantile,0.65,201
INFLAenza,5/23/2026,0,5/23/2026,Adults,quantile,0.7,209
INFLAenza,5/23/2026,0,5/23/2026,Adults,quantile,0.75,217
INFLAenza,5/23/2026,0,5/23/2026,Adults,quantile,0.8,226
INFLAenza,5/23/2026,0,5/23/2026,Adults,quantile,0.85,239
INFLAenza,5/23/2026,0,5/23/2026,Adults,quantile,0.9,254
INFLAenza,5/23/2026,0,5/23/2026,Adults,quantile,0.95,280
INFLAenza,5/23/2026,0,5/23/2026,Adults,quantile,0.975,304
INFLAenza,5/23/2026,0,5/23/2026,Adults,quantile,0.99,333
INFLAenza,5/23/2026,0,5/23/2026,Overall,quantile,0.01,284
INFLAenza,5/23/2026,0,5/23/2026,Overall,quantile,0.025,307
INFLAenza,5/23/2026,0,5/23/2026,Overall,quantile,0.05,332
INFLAenza,5/23/2026,0,5/23/2026,Overall,quantile,0.1,358
INFLAenza,5/23/2026,0,5/23/2026,Overall,quantile,0.15,379
INFLAenza,5/23/2026,0,5/23/2026,Overall,quantile,0.2,396
INFLAenza,5/23/2026,0,5/23/2026,Overall,quantile,0.25,412
INFLAenza,5/23/2026,0,5/23/2026,Overall,quantile,0.3,425
INFLAenza,5/23/2026,0,5/23/2026,Overall,quantile,0.35,439
INFLAenza,5/23/2026,0,5/23/2026,Overall,quantile,0.4,451
INFLAenza,5/23/2026,0,5/23/2026,Overall,quantile,0.45,463
INFLAenza,5/23/2026,0,5/23/2026,Overall,quantile,0.5,477
INFLAenza,5/23/2026,0,5/23/2026,Overall,quantile,0.55,490
INFLAenza,5/23/2026,0,5/23/2026,Overall,quantile,0.6,504
INFLAenza,5/23/2026,0,5/23/2026,Overall,quantile,0.65,518
INFLAenza,5/23/2026,0,5/23/2026,Overall,quantile,0.7,533
INFLAenza,5/23/2026,0,5/23/2026,Overall,quantile,0.75,553
INFLAenza,5/23/2026,0,5/23/2026,Overall,quantile,0.8,573
INFLAenza,5/23/2026,0,5/23/2026,Overall,quantile,0.85,597
INFLAenza,5/23/2026,0,5/23/2026,Overall,quantile,0.9,629
INFLAenza,5/23/2026,0,5/23/2026,Overall,quantile,0.95,682
INFLAenza,5/23/2026,0,5/23/2026,Overall,quantile,0.975,730
INFLAenza,5/23/2026,0,5/23/2026,Overall,quantile,0.99,794
INFLAenza,5/23/2026,0,5/23/2026,Pediatrics,quantile,0.01,156
INFLAenza,5/23/2026,0,5/23/2026,Pediatrics,quantile,0.025,173
INFLAenza,5/23/2026,0,5/23/2026,Pediatrics,quantile,0.05,186
INFLAenza,5/23/2026,0,5/23/2026,Pediatrics,quantile,0.1,207
INFLAenza,5/23/2026,0,5/23/2026,Pediatrics,quantile,0.15,221
INFLAenza,5/23/2026,0,5/23/2026,Pediatrics,quantile,0.2,233
INFLAenza,5/23/2026,0,5/23/2026,Pediatrics,quantile,0.25,244
INFLAenza,5/23/2026,0,5/23/2026,Pediatrics,quantile,0.3,254
INFLAenza,5/23/2026,0,5/23/2026,Pediatrics,quantile,0.35,263
INFLAenza,5/23/2026,0,5/23/2026,Pediatrics,quantile,0.4,272
INFLAenza,5/23/2026,0,5/23/2026,Pediatrics,quantile,0.45,281
INFLAenza,5/23/2026,0,5/23/2026,Pediatrics,quantile,0.5,290
INFLAenza,5/23/2026,0,5/23/2026,Pediatrics,quantile,0.55,300
INFLAenza,5/23/2026,0,5/23/2026,Pediatrics,quantile,0.6,310
INFLAenza,5/23/2026,0,5/23/2026,Pediatrics,quantile,0.65,322
INFLAenza,5/23/2026,0,5/23/2026,Pediatrics,quantile,0.7,334
INFLAenza,5/23/2026,0,5/23/2026,Pediatrics,quantile,0.75,348
INFLAenza,5/23/2026,0,5/23/2026,Pediatrics,quantile,0.8,363
INFLAenza,5/23/2026,0,5/23/2026,Pediatrics,quantile,0.85,382
INFLAenza,5/23/2026,0,5/23/2026,Pediatrics,quantile,0.9,410
INFLAenza,5/23/2026,0,5/23/2026,Pediatrics,quantile,0.95,452
INFLAenza,5/23/2026,0,5/23/2026,Pediatrics,quantile,0.975,491
INFLAenza,5/23/2026,0,5/23/2026,Pediatrics,quantile,0.99,531
INFLAenza,5/23/2026,1,5/30/2026,Adults,quantile,0.01,104
INFLAenza,5/23/2026,1,5/30/2026,Adults,quantile,0.025,116
INFLAenza,5/23/2026,1,5/30/2026,Adults,quantile,0.05,129
INFLAenza,5/23/2026,1,5/30/2026,Adults,quantile,0.1,144
INFLAenza,5/23/2026,1,5/30/2026,Adults,quantile,0.15,156
INFLAenza,5/23/2026,1,5/30/2026,Adults,quantile,0.2,166
INFLAenza,5/23/2026,1,5/30/2026,Adults,quantile,0.25,175
INFLAenza,5/23/2026,1,5/30/2026,Adults,quantile,0.3,183
INFLAenza,5/23/2026,1,5/30/2026,Adults,quantile,0.35,192
INFLAenza,5/23/2026,1,5/30/2026,Adults,quantile,0.4,199
INFLAenza,5/23/2026,1,5/30/2026,Adults,quantile,0.45,207
INFLAenza,5/23/2026,1,5/30/2026,Adults,quantile,0.5,216
INFLAenza,5/23/2026,1,5/30/2026,Adults,quantile,0.55,224
INFLAenza,5/23/2026,1,5/30/2026,Adults,quantile,0.6,232
INFLAenza,5/23/2026,1,5/30/2026,Adults,quantile,0.65,242
INFLAenza,5/23/2026,1,5/30/2026,Adults,quantile,0.7,252
INFLAenza,5/23/2026,1,5/30/2026,Adults,quantile,0.75,264
INFLAenza,5/23/2026,1,5/30/2026,Adults,quantile,0.8,279
INFLAenza,5/23/2026,1,5/30/2026,Adults,quantile,0.85,296
INFLAenza,5/23/2026,1,5/30/2026,Adults,quantile,0.9,318
INFLAenza,5/23/2026,1,5/30/2026,Adults,quantile,0.95,354
INFLAenza,5/23/2026,1,5/30/2026,Adults,quantile,0.975,385
INFLAenza,5/23/2026,1,5/30/2026,Adults,quantile,0.99,416
INFLAenza,5/23/2026,1,5/30/2026,Overall,quantile,0.01,313
INFLAenza,5/23/2026,1,5/30/2026,Overall,quantile,0.025,347
INFLAenza,5/23/2026,1,5/30/2026,Overall,quantile,0.05,379
INFLAenza,5/23/2026,1,5/30/2026,Overall,quantile,0.1,411
INFLAenza,5/23/2026,1,5/30/2026,Overall,quantile,0.15,440
INFLAenza,5/23/2026,1,5/30/2026,Overall,quantile,0.2,458
INFLAenza,5/23/2026,1,5/30/2026,Overall,quantile,0.25,478
INFLAenza,5/23/2026,1,5/30/2026,Overall,quantile,0.3,494
INFLAenza,5/23/2026,1,5/30/2026,Overall,quantile,0.35,514
INFLAenza,5/23/2026,1,5/30/2026,Overall,quantile,0.4,529
INFLAenza,5/23/2026,1,5/30/2026,Overall,quantile,0.45,546
INFLAenza,5/23/2026,1,5/30/2026,Overall,quantile,0.5,563
INFLAenza,5/23/2026,1,5/30/2026,Overall,quantile,0.55,582
INFLAenza,5/23/2026,1,5/30/2026,Overall,quantile,0.6,600
INFLAenza,5/23/2026,1,5/30/2026,Overall,quantile,0.65,619
INFLAenza,5/23/2026,1,5/30/2026,Overall,quantile,0.7,638
INFLAenza,5/23/2026,1,5/30/2026,Overall,quantile,0.75,663
INFLAenza,5/23/2026,1,5/30/2026,Overall,quantile,0.8,692
INFLAenza,5/23/2026,1,5/30/2026,Overall,quantile,0.85,730
INFLAenza,5/23/2026,1,5/30/2026,Overall,quantile,0.9,778
INFLAenza,5/23/2026,1,5/30/2026,Overall,quantile,0.95,846
INFLAenza,5/23/2026,1,5/30/2026,Overall,quantile,0.975,905
INFLAenza,5/23/2026,1,5/30/2026,Overall,quantile,0.99,976
INFLAenza,5/23/2026,1,5/30/2026,Pediatrics,quantile,0.01,173
INFLAenza,5/23/2026,1,5/30/2026,Pediatrics,quantile,0.025,191
INFLAenza,5/23/2026,1,5/30/2026,Pediatrics,quantile,0.05,210
INFLAenza,5/23/2026,1,5/30/2026,Pediatrics,quantile,0.1,234
INFLAenza,5/23/2026,1,5/30/2026,Pediatrics,quantile,0.15,252
INFLAenza,5/23/2026,1,5/30/2026,Pediatrics,quantile,0.2,267
INFLAenza,5/23/2026,1,5/30/2026,Pediatrics,quantile,0.25,280
INFLAenza,5/23/2026,1,5/30/2026,Pediatrics,quantile,0.3,293
INFLAenza,5/23/2026,1,5/30/2026,Pediatrics,quantile,0.35,305
INFLAenza,5/23/2026,1,5/30/2026,Pediatrics,quantile,0.4,317
INFLAenza,5/23/2026,1,5/30/2026,Pediatrics,quantile,0.45,329
INFLAenza,5/23/2026,1,5/30/2026,Pediatrics,quantile,0.5,342
INFLAenza,5/23/2026,1,5/30/2026,Pediatrics,quantile,0.55,354
INFLAenza,5/23/2026,1,5/30/2026,Pediatrics,quantile,0.6,367
INFLAenza,5/23/2026,1,5/30/2026,Pediatrics,quantile,0.65,381
INFLAenza,5/23/2026,1,5/30/2026,Pediatrics,quantile,0.7,397
INFLAenza,5/23/2026,1,5/30/2026,Pediatrics,quantile,0.75,415
INFLAenza,5/23/2026,1,5/30/2026,Pediatrics,quantile,0.8,436
INFLAenza,5/23/2026,1,5/30/2026,Pediatrics,quantile,0.85,461
INFLAenza,5/23/2026,1,5/30/2026,Pediatrics,quantile,0.9,497
INFLAenza,5/23/2026,1,5/30/2026,Pediatrics,quantile,0.95,557
INFLAenza,5/23/2026,1,5/30/2026,Pediatrics,quantile,0.975,614
INFLAenza,5/23/2026,1,5/30/2026,Pediatrics,quantile,0.99,675
INFLAenza,5/23/2026,2,6/6/2026,Adults,quantile,0.01,114
INFLAenza,5/23/2026,2,6/6/2026,Adults,quantile,0.025,132
INFLAenza,5/23/2026,2,6/6/2026,Adults,quantile,0.05,147
INFLAenza,5/23/2026,2,6/6/2026,Adults,quantile,0.1,164
INFLAenza,5/23/2026,2,6/6/2026,Adults,quantile,0.15,179
INFLAenza,5/23/2026,2,6/6/2026,Adults,quantile,0.2,191
INFLAenza,5/23/2026,2,6/6/2026,Adults,quantile,0.25,202
INFLAenza,5/23/2026,2,6/6/2026,Adults,quantile,0.3,212
INFLAenza,5/23/2026,2,6/6/2026,Adults,quantile,0.35,223
INFLAenza,5/23/2026,2,6/6/2026,Adults,quantile,0.4,234
INFLAenza,5/23/2026,2,6/6/2026,Adults,quantile,0.45,243
INFLAenza,5/23/2026,2,6/6/2026,Adults,quantile,0.5,254
INFLAenza,5/23/2026,2,6/6/2026,Adults,quantile,0.55,265
INFLAenza,5/23/2026,2,6/6/2026,Adults,quantile,0.6,275
INFLAenza,5/23/2026,2,6/6/2026,Adults,quantile,0.65,289
INFLAenza,5/23/2026,2,6/6/2026,Adults,quantile,0.7,302
INFLAenza,5/23/2026,2,6/6/2026,Adults,quantile,0.75,318
INFLAenza,5/23/2026,2,6/6/2026,Adults,quantile,0.8,335
INFLAenza,5/23/2026,2,6/6/2026,Adults,quantile,0.85,356
INFLAenza,5/23/2026,2,6/6/2026,Adults,quantile,0.9,385
INFLAenza,5/23/2026,2,6/6/2026,Adults,quantile,0.95,438
INFLAenza,5/23/2026,2,6/6/2026,Adults,quantile,0.975,479
INFLAenza,5/23/2026,2,6/6/2026,Adults,quantile,0.99,529
INFLAenza,5/23/2026,2,6/6/2026,Overall,quantile,0.01,347
INFLAenza,5/23/2026,2,6/6/2026,Overall,quantile,0.025,387
INFLAenza,5/23/2026,2,6/6/2026,Overall,quantile,0.05,424
INFLAenza,5/23/2026,2,6/6/2026,Overall,quantile,0.1,470
INFLAenza,5/23/2026,2,6/6/2026,Overall,quantile,0.15,501
INFLAenza,5/23/2026,2,6/6/2026,Overall,quantile,0.2,527
INFLAenza,5/23/2026,2,6/6/2026,Overall,quantile,0.25,549
INFLAenza,5/23/2026,2,6/6/2026,Overall,quantile,0.3,572
INFLAenza,5/23/2026,2,6/6/2026,Overall,quantile,0.35,592
INFLAenza,5/23/2026,2,6/6/2026,Overall,quantile,0.4,613
INFLAenza,5/23/2026,2,6/6/2026,Overall,quantile,0.45,635
INFLAenza,5/23/2026,2,6/6/2026,Overall,quantile,0.5,658
INFLAenza,5/23/2026,2,6/6/2026,Overall,quantile,0.55,681
INFLAenza,5/23/2026,2,6/6/2026,Overall,quantile,0.6,706
INFLAenza,5/23/2026,2,6/6/2026,Overall,quantile,0.65,732
INFLAenza,5/23/2026,2,6/6/2026,Overall,quantile,0.7,761
INFLAenza,5/23/2026,2,6/6/2026,Overall,quantile,0.75,792
INFLAenza,5/23/2026,2,6/6/2026,Overall,quantile,0.8,833
INFLAenza,5/23/2026,2,6/6/2026,Overall,quantile,0.85,880
INFLAenza,5/23/2026,2,6/6/2026,Overall,quantile,0.9,939
INFLAenza,5/23/2026,2,6/6/2026,Overall,quantile,0.95,1036
INFLAenza,5/23/2026,2,6/6/2026,Overall,quantile,0.975,1110
INFLAenza,5/23/2026,2,6/6/2026,Overall,quantile,0.99,1250
INFLAenza,5/23/2026,2,6/6/2026,Pediatrics,quantile,0.01,181
INFLAenza,5/23/2026,2,6/6/2026,Pediatrics,quantile,0.025,207
INFLAenza,5/23/2026,2,6/6/2026,Pediatrics,quantile,0.05,232
INFLAenza,5/23/2026,2,6/6/2026,Pediatrics,quantile,0.1,263
INFLAenza,5/23/2026,2,6/6/2026,Pediatrics,quantile,0.15,285
INFLAenza,5/23/2026,2,6/6/2026,Pediatrics,quantile,0.2,303
INFLAenza,5/23/2026,2,6/6/2026,Pediatrics,quantile,0.25,321
INFLAenza,5/23/2026,2,6/6/2026,Pediatrics,quantile,0.3,336
INFLAenza,5/23/2026,2,6/6/2026,Pediatrics,quantile,0.35,350
INFLAenza,5/23/2026,2,6/6/2026,Pediatrics,quantile,0.4,365
INFLAenza,5/23/2026,2,6/6/2026,Pediatrics,quantile,0.45,380
INFLAenza,5/23/2026,2,6/6/2026,Pediatrics,quantile,0.5,394
INFLAenza,5/23/2026,2,6/6/2026,Pediatrics,quantile,0.55,411
INFLAenza,5/23/2026,2,6/6/2026,Pediatrics,quantile,0.6,427
INFLAenza,5/23/2026,2,6/6/2026,Pediatrics,quantile,0.65,445
INFLAenza,5/23/2026,2,6/6/2026,Pediatrics,quantile,0.7,466
INFLAenza,5/23/2026,2,6/6/2026,Pediatrics,quantile,0.75,491
INFLAenza,5/23/2026,2,6/6/2026,Pediatrics,quantile,0.8,522
INFLAenza,5/23/2026,2,6/6/2026,Pediatrics,quantile,0.85,557
INFLAenza,5/23/2026,2,6/6/2026,Pediatrics,quantile,0.9,602
INFLAenza,5/23/2026,2,6/6/2026,Pediatrics,quantile,0.95,685
INFLAenza,5/23/2026,2,6/6/2026,Pediatrics,quantile,0.975,758
INFLAenza,5/23/2026,2,6/6/2026,Pediatrics,quantile,0.99,837
INFLAenza,5/23/2026,3,6/13/2026,Adults,quantile,0.01,122
INFLAenza,5/23/2026,3,6/13/2026,Adults,quantile,0.025,141
INFLAenza,5/23/2026,3,6/13/2026,Adults,quantile,0.05,158
INFLAenza,5/23/2026,3,6/13/2026,Adults,quantile,0.1,181
INFLAenza,5/23/2026,3,6/13/2026,Adults,quantile,0.15,198
INFLAenza,5/23/2026,3,6/13/2026,Adults,quantile,0.2,212
INFLAenza,5/23/2026,3,6/13/2026,Adults,quantile,0.25,225
INFLAenza,5/23/2026,3,6/13/2026,Adults,quantile,0.3,239
INFLAenza,5/23/2026,3,6/13/2026,Adults,quantile,0.35,250
INFLAenza,5/23/2026,3,6/13/2026,Adults,quantile,0.4,263
INFLAenza,5/23/2026,3,6/13/2026,Adults,quantile,0.45,275
INFLAenza,5/23/2026,3,6/13/2026,Adults,quantile,0.5,288
INFLAenza,5/23/2026,3,6/13/2026,Adults,quantile,0.55,300
INFLAenza,5/23/2026,3,6/13/2026,Adults,quantile,0.6,315
INFLAenza,5/23/2026,3,6/13/2026,Adults,quantile,0.65,330
INFLAenza,5/23/2026,3,6/13/2026,Adults,quantile,0.7,345
INFLAenza,5/23/2026,3,6/13/2026,Adults,quantile,0.75,364
INFLAenza,5/23/2026,3,6/13/2026,Adults,quantile,0.8,385
INFLAenza,5/23/2026,3,6/13/2026,Adults,quantile,0.85,411
INFLAenza,5/23/2026,3,6/13/2026,Adults,quantile,0.9,452
INFLAenza,5/23/2026,3,6/13/2026,Adults,quantile,0.95,508
INFLAenza,5/23/2026,3,6/13/2026,Adults,quantile,0.975,562
INFLAenza,5/23/2026,3,6/13/2026,Adults,quantile,0.99,615
INFLAenza,5/23/2026,3,6/13/2026,Overall,quantile,0.01,381
INFLAenza,5/23/2026,3,6/13/2026,Overall,quantile,0.025,426
INFLAenza,5/23/2026,3,6/13/2026,Overall,quantile,0.05,464
INFLAenza,5/23/2026,3,6/13/2026,Overall,quantile,0.1,514
INFLAenza,5/23/2026,3,6/13/2026,Overall,quantile,0.15,551
INFLAenza,5/23/2026,3,6/13/2026,Overall,quantile,0.2,581
INFLAenza,5/23/2026,3,6/13/2026,Overall,quantile,0.25,608
INFLAenza,5/23/2026,3,6/13/2026,Overall,quantile,0.3,637
INFLAenza,5/23/2026,3,6/13/2026,Overall,quantile,0.35,665
INFLAenza,5/23/2026,3,6/13/2026,Overall,quantile,0.4,689
INFLAenza,5/23/2026,3,6/13/2026,Overall,quantile,0.45,714
INFLAenza,5/23/2026,3,6/13/2026,Overall,quantile,0.5,741
INFLAenza,5/23/2026,3,6/13/2026,Overall,quantile,0.55,771
INFLAenza,5/23/2026,3,6/13/2026,Overall,quantile,0.6,800
INFLAenza,5/23/2026,3,6/13/2026,Overall,quantile,0.65,831
INFLAenza,5/23/2026,3,6/13/2026,Overall,quantile,0.7,864
INFLAenza,5/23/2026,3,6/13/2026,Overall,quantile,0.75,903
INFLAenza,5/23/2026,3,6/13/2026,Overall,quantile,0.8,948
INFLAenza,5/23/2026,3,6/13/2026,Overall,quantile,0.85,1004
INFLAenza,5/23/2026,3,6/13/2026,Overall,quantile,0.9,1077
INFLAenza,5/23/2026,3,6/13/2026,Overall,quantile,0.95,1200
INFLAenza,5/23/2026,3,6/13/2026,Overall,quantile,0.975,1308
INFLAenza,5/23/2026,3,6/13/2026,Overall,quantile,0.99,1446
INFLAenza,5/23/2026,3,6/13/2026,Pediatrics,quantile,0.01,195
INFLAenza,5/23/2026,3,6/13/2026,Pediatrics,quantile,0.025,219
INFLAenza,5/23/2026,3,6/13/2026,Pediatrics,quantile,0.05,251
INFLAenza,5/23/2026,3,6/13/2026,Pediatrics,quantile,0.1,287
INFLAenza,5/23/2026,3,6/13/2026,Pediatrics,quantile,0.15,309
INFLAenza,5/23/2026,3,6/13/2026,Pediatrics,quantile,0.2,331
INFLAenza,5/23/2026,3,6/13/2026,Pediatrics,quantile,0.25,351
INFLAenza,5/23/2026,3,6/13/2026,Pediatrics,quantile,0.3,370
INFLAenza,5/23/2026,3,6/13/2026,Pediatrics,quantile,0.35,389
INFLAenza,5/23/2026,3,6/13/2026,Pediatrics,quantile,0.4,405
INFLAenza,5/23/2026,3,6/13/2026,Pediatrics,quantile,0.45,423
INFLAenza,5/23/2026,3,6/13/2026,Pediatrics,quantile,0.5,443
INFLAenza,5/23/2026,3,6/13/2026,Pediatrics,quantile,0.55,460
INFLAenza,5/23/2026,3,6/13/2026,Pediatrics,quantile,0.6,482
INFLAenza,5/23/2026,3,6/13/2026,Pediatrics,quantile,0.65,505
INFLAenza,5/23/2026,3,6/13/2026,Pediatrics,quantile,0.7,529
INFLAenza,5/23/2026,3,6/13/2026,Pediatrics,quantile,0.75,556
INFLAenza,5/23/2026,3,6/13/2026,Pediatrics,quantile,0.8,591
INFLAenza,5/23/2026,3,6/13/2026,Pediatrics,quantile,0.85,633
INFLAenza,5/23/2026,3,6/13/2026,Pediatrics,quantile,0.9,697
INFLAenza,5/23/2026,3,6/13/2026,Pediatrics,quantile,0.95,801
INFLAenza,5/23/2026,3,6/13/2026,Pediatrics,quantile,0.975,885
INFLAenza,5/23/2026,3,6/13/2026,Pediatrics,quantile,0.99,1007
Copycat,5/23/2026,-2,5/9/2026,Adults,quantile,0.01,86
Copycat,5/23/2026,-2,5/9/2026,Adults,quantile,0.025,90
Copycat,5/23/2026,-2,5/9/2026,Adults,quantile,0.05,95
Copycat,5/23/2026,-2,5/9/2026,Adults,quantile,0.1,100
Copycat,5/23/2026,-2,5/9/2026,Adults,quantile,0.15,104
Copycat,5/23/2026,-2,5/9/2026,Adults,quantile,0.2,107
Copycat,5/23/2026,-2,5/9/2026,Adults,quantile,0.25,109
Copycat,5/23/2026,-2,5/9/2026,Adults,quantile,0.3,111
Copycat,5/23/2026,-2,5/9/2026,Adults,quantile,0.35,113
Copycat,5/23/2026,-2,5/9/2026,Adults,quantile,0.4,115
Copycat,5/23/2026,-2,5/9/2026,Adults,quantile,0.45,117
Copycat,5/23/2026,-2,5/9/2026,Adults,quantile,0.5,118
Copycat,5/23/2026,-2,5/9/2026,Adults,quantile,0.55,120
Copycat,5/23/2026,-2,5/9/2026,Adults,quantile,0.6,122
Copycat,5/23/2026,-2,5/9/2026,Adults,quantile,0.65,124
Copycat,5/23/2026,-2,5/9/2026,Adults,quantile,0.7,126
Copycat,5/23/2026,-2,5/9/2026,Adults,quantile,0.75,128
Copycat,5/23/2026,-2,5/9/2026,Adults,quantile,0.8,130
Copycat,5/23/2026,-2,5/9/2026,Adults,quantile,0.85,134
Copycat,5/23/2026,-2,5/9/2026,Adults,quantile,0.9,138
Copycat,5/23/2026,-2,5/9/2026,Adults,quantile,0.95,145
Copycat,5/23/2026,-2,5/9/2026,Adults,quantile,0.975,149
Copycat,5/23/2026,-2,5/9/2026,Adults,quantile,0.99,155
Copycat,5/23/2026,-1,5/16/2026,Adults,quantile,0.01,86
Copycat,5/23/2026,-1,5/16/2026,Adults,quantile,0.025,94
Copycat,5/23/2026,-1,5/16/2026,Adults,quantile,0.05,100
Copycat,5/23/2026,-1,5/16/2026,Adults,quantile,0.1,108
Copycat,5/23/2026,-1,5/16/2026,Adults,quantile,0.15,113
Copycat,5/23/2026,-1,5/16/2026,Adults,quantile,0.2,117
Copycat,5/23/2026,-1,5/16/2026,Adults,quantile,0.25,119
Copycat,5/23/2026,-1,5/16/2026,Adults,quantile,0.3,123
Copycat,5/23/2026,-1,5/16/2026,Adults,quantile,0.35,126
Copycat,5/23/2026,-1,5/16/2026,Adults,quantile,0.4,129
Copycat,5/23/2026,-1,5/16/2026,Adults,quantile,0.45,131
Copycat,5/23/2026,-1,5/16/2026,Adults,quantile,0.5,133
Copycat,5/23/2026,-1,5/16/2026,Adults,quantile,0.55,135
Copycat,5/23/2026,-1,5/16/2026,Adults,quantile,0.6,139
Copycat,5/23/2026,-1,5/16/2026,Adults,quantile,0.65,142
Copycat,5/23/2026,-1,5/16/2026,Adults,quantile,0.7,145
Copycat,5/23/2026,-1,5/16/2026,Adults,quantile,0.75,148
Copycat,5/23/2026,-1,5/16/2026,Adults,quantile,0.8,153
Copycat,5/23/2026,-1,5/16/2026,Adults,quantile,0.85,159
Copycat,5/23/2026,-1,5/16/2026,Adults,quantile,0.9,165
Copycat,5/23/2026,-1,5/16/2026,Adults,quantile,0.95,175
Copycat,5/23/2026,-1,5/16/2026,Adults,quantile,0.975,184
Copycat,5/23/2026,-1,5/16/2026,Adults,quantile,0.99,194
Copycat,5/23/2026,0,5/23/2026,Adults,quantile,0.01,96
Copycat,5/23/2026,0,5/23/2026,Adults,quantile,0.025,102
Copycat,5/23/2026,0,5/23/2026,Adults,quantile,0.05,109
Copycat,5/23/2026,0,5/23/2026,Adults,quantile,0.1,118
Copycat,5/23/2026,0,5/23/2026,Adults,quantile,0.15,122
Copycat,5/23/2026,0,5/23/2026,Adults,quantile,0.2,127
Copycat,5/23/2026,0,5/23/2026,Adults,quantile,0.25,131
Copycat,5/23/2026,0,5/23/2026,Adults,quantile,0.3,134
Copycat,5/23/2026,0,5/23/2026,Adults,quantile,0.35,138
Copycat,5/23/2026,0,5/23/2026,Adults,quantile,0.4,143
Copycat,5/23/2026,0,5/23/2026,Adults,quantile,0.45,146
Copycat,5/23/2026,0,5/23/2026,Adults,quantile,0.5,150
Copycat,5/23/2026,0,5/23/2026,Adults,quantile,0.55,153
Copycat,5/23/2026,0,5/23/2026,Adults,quantile,0.6,159
Copycat,5/23/2026,0,5/23/2026,Adults,quantile,0.65,164
Copycat,5/23/2026,0,5/23/2026,Adults,quantile,0.7,168
Copycat,5/23/2026,0,5/23/2026,Adults,quantile,0.75,173
Copycat,5/23/2026,0,5/23/2026,Adults,quantile,0.8,178
Copycat,5/23/2026,0,5/23/2026,Adults,quantile,0.85,186
Copycat,5/23/2026,0,5/23/2026,Adults,quantile,0.9,196
Copycat,5/23/2026,0,5/23/2026,Adults,quantile,0.95,212
Copycat,5/23/2026,0,5/23/2026,Adults,quantile,0.975,231
Copycat,5/23/2026,0,5/23/2026,Adults,quantile,0.99,247
Copycat,5/23/2026,1,5/30/2026,Adults,quantile,0.01,101
Copycat,5/23/2026,1,5/30/2026,Adults,quantile,0.025,110
Copycat,5/23/2026,1,5/30/2026,Adults,quantile,0.05,117
Copycat,5/23/2026,1,5/30/2026,Adults,quantile,0.1,125
Copycat,5/23/2026,1,5/30/2026,Adults,quantile,0.15,131
Copycat,5/23/2026,1,5/30/2026,Adults,quantile,0.2,138
Copycat,5/23/2026,1,5/30/2026,Adults,quantile,0.25,143
Copycat,5/23/2026,1,5/30/2026,Adults,quantile,0.3,148
Copycat,5/23/2026,1,5/30/2026,Adults,quantile,0.35,152
Copycat,5/23/2026,1,5/30/2026,Adults,quantile,0.4,157
Copycat,5/23/2026,1,5/30/2026,Adults,quantile,0.45,163
Copycat,5/23/2026,1,5/30/2026,Adults,quantile,0.5,168
Copycat,5/23/2026,1,5/30/2026,Adults,quantile,0.55,173
Copycat,5/23/2026,1,5/30/2026,Adults,quantile,0.6,179
Copycat,5/23/2026,1,5/30/2026,Adults,quantile,0.65,186
Copycat,5/23/2026,1,5/30/2026,Adults,quantile,0.7,196
Copycat,5/23/2026,1,5/30/2026,Adults,quantile,0.75,205
Copycat,5/23/2026,1,5/30/2026,Adults,quantile,0.8,213
Copycat,5/23/2026,1,5/30/2026,Adults,quantile,0.85,222
Copycat,5/23/2026,1,5/30/2026,Adults,quantile,0.9,235
Copycat,5/23/2026,1,5/30/2026,Adults,quantile,0.95,261
Copycat,5/23/2026,1,5/30/2026,Adults,quantile,0.975,278
Copycat,5/23/2026,1,5/30/2026,Adults,quantile,0.99,299
Copycat,5/23/2026,2,6/6/2026,Adults,quantile,0.01,100
Copycat,5/23/2026,2,6/6/2026,Adults,quantile,0.025,110
Copycat,5/23/2026,2,6/6/2026,Adults,quantile,0.05,118
Copycat,5/23/2026,2,6/6/2026,Adults,quantile,0.1,128
Copycat,5/23/2026,2,6/6/2026,Adults,quantile,0.15,135
Copycat,5/23/2026,2,6/6/2026,Adults,quantile,0.2,144
Copycat,5/23/2026,2,6/6/2026,Adults,quantile,0.25,152
Copycat,5/23/2026,2,6/6/2026,Adults,quantile,0.3,160
Copycat,5/23/2026,2,6/6/2026,Adults,quantile,0.35,167
Copycat,5/23/2026,2,6/6/2026,Adults,quantile,0.4,173
Copycat,5/23/2026,2,6/6/2026,Adults,quantile,0.45,180
Copycat,5/23/2026,2,6/6/2026,Adults,quantile,0.5,186
Copycat,5/23/2026,2,6/6/2026,Adults,quantile,0.55,192
Copycat,5/23/2026,2,6/6/2026,Adults,quantile,0.6,200
Copycat,5/23/2026,2,6/6/2026,Adults,quantile,0.65,208
Copycat,5/23/2026,2,6/6/2026,Adults,quantile,0.7,218
Copycat,5/23/2026,2,6/6/2026,Adults,quantile,0.75,230
Copycat,5/23/2026,2,6/6/2026,Adults,quantile,0.8,242
Copycat,5/23/2026,2,6/6/2026,Adults,quantile,0.85,258
Copycat,5/23/2026,2,6/6/2026,Adults,quantile,0.9,277
Copycat,5/23/2026,2,6/6/2026,Adults,quantile,0.95,307
Copycat,5/23/2026,2,6/6/2026,Adults,quantile,0.975,332
Copycat,5/23/2026,2,6/6/2026,Adults,quantile,0.99,358
Copycat,5/23/2026,3,6/13/2026,Adults,quantile,0.01,96
Copycat,5/23/2026,3,6/13/2026,Adults,quantile,0.025,108
Copycat,5/23/2026,3,6/13/2026,Adults,quantile,0.05,120
Copycat,5/23/2026,3,6/13/2026,Adults,quantile,0.1,128
Copycat,5/23/2026,3,6/13/2026,Adults,quantile,0.15,140
Copycat,5/23/2026,3,6/13/2026,Adults,quantile,0.2,152
Copycat,5/23/2026,3,6/13/2026,Adults,quantile,0.25,161
Copycat,5/23/2026,3,6/13/2026,Adults,quantile,0.3,172
Copycat,5/23/2026,3,6/13/2026,Adults,quantile,0.35,181
Copycat,5/23/2026,3,6/13/2026,Adults,quantile,0.4,189
Copycat,5/23/2026,3,6/13/2026,Adults,quantile,0.45,195
Copycat,5/23/2026,3,6/13/2026,Adults,quantile,0.5,201
Copycat,5/23/2026,3,6/13/2026,Adults,quantile,0.55,211
Copycat,5/23/2026,3,6/13/2026,Adults,quantile,0.6,220
Copycat,5/23/2026,3,6/13/2026,Adults,quantile,0.65,226
Copycat,5/23/2026,3,6/13/2026,Adults,quantile,0.7,242
Copycat,5/23/2026,3,6/13/2026,Adults,quantile,0.75,254
Copycat,5/23/2026,3,6/13/2026,Adults,quantile,0.8,271
Copycat,5/23/2026,3,6/13/2026,Adults,quantile,0.85,289
Copycat,5/23/2026,3,6/13/2026,Adults,quantile,0.9,328
Copycat,5/23/2026,3,6/13/2026,Adults,quantile,0.95,368
Copycat,5/23/2026,3,6/13/2026,Adults,quantile,0.975,398
Copycat,5/23/2026,3,6/13/2026,Adults,quantile,0.99,415
Copycat,5/23/2026,-2,5/9/2026,Overall,quantile,0.01,264
Copycat,5/23/2026,-2,5/9/2026,Overall,quantile,0.025,272
Copycat,5/23/2026,-2,5/9/2026,Overall,quantile,0.05,279
Copycat,5/23/2026,-2,5/9/2026,Overall,quantile,0.1,288
Copycat,5/23/2026,-2,5/9/2026,Overall,quantile,0.15,296
Copycat,5/23/2026,-2,5/9/2026,Overall,quantile,0.2,302
Copycat,5/23/2026,-2,5/9/2026,Overall,quantile,0.25,306
Copycat,5/23/2026,-2,5/9/2026,Overall,quantile,0.3,310
Copycat,5/23/2026,-2,5/9/2026,Overall,quantile,0.35,315
Copycat,5/23/2026,-2,5/9/2026,Overall,quantile,0.4,319
Copycat,5/23/2026,-2,5/9/2026,Overall,quantile,0.45,323
Copycat,5/23/2026,-2,5/9/2026,Overall,quantile,0.5,328
Copycat,5/23/2026,-2,5/9/2026,Overall,quantile,0.55,331
Copycat,5/23/2026,-2,5/9/2026,Overall,quantile,0.6,336
Copycat,5/23/2026,-2,5/9/2026,Overall,quantile,0.65,340
Copycat,5/23/2026,-2,5/9/2026,Overall,quantile,0.7,345
Copycat,5/23/2026,-2,5/9/2026,Overall,quantile,0.75,350
Copycat,5/23/2026,-2,5/9/2026,Overall,quantile,0.8,355
Copycat,5/23/2026,-2,5/9/2026,Overall,quantile,0.85,364
Copycat,5/23/2026,-2,5/9/2026,Overall,quantile,0.9,374
Copycat,5/23/2026,-2,5/9/2026,Overall,quantile,0.95,386
Copycat,5/23/2026,-2,5/9/2026,Overall,quantile,0.975,404
Copycat,5/23/2026,-2,5/9/2026,Overall,quantile,0.99,423
Copycat,5/23/2026,-1,5/16/2026,Overall,quantile,0.01,267
Copycat,5/23/2026,-1,5/16/2026,Overall,quantile,0.025,278
Copycat,5/23/2026,-1,5/16/2026,Overall,quantile,0.05,295
Copycat,5/23/2026,-1,5/16/2026,Overall,quantile,0.1,310
Copycat,5/23/2026,-1,5/16/2026,Overall,quantile,0.15,321
Copycat,5/23/2026,-1,5/16/2026,Overall,quantile,0.2,329
Copycat,5/23/2026,-1,5/16/2026,Overall,quantile,0.25,337
Copycat,5/23/2026,-1,5/16/2026,Overall,quantile,0.3,343
Copycat,5/23/2026,-1,5/16/2026,Overall,quantile,0.35,349
Copycat,5/23/2026,-1,5/16/2026,Overall,quantile,0.4,354
Copycat,5/23/2026,-1,5/16/2026,Overall,quantile,0.45,360
Copycat,5/23/2026,-1,5/16/2026,Overall,quantile,0.5,367
Copycat,5/23/2026,-1,5/16/2026,Overall,quantile,0.55,373
Copycat,5/23/2026,-1,5/16/2026,Overall,quantile,0.6,380
Copycat,5/23/2026,-1,5/16/2026,Overall,quantile,0.65,388
Copycat,5/23/2026,-1,5/16/2026,Overall,quantile,0.7,396
Copycat,5/23/2026,-1,5/16/2026,Overall,quantile,0.75,404
Copycat,5/23/2026,-1,5/16/2026,Overall,quantile,0.8,417
Copycat,5/23/2026,-1,5/16/2026,Overall,quantile,0.85,431
Copycat,5/23/2026,-1,5/16/2026,Overall,quantile,0.9,451
Copycat,5/23/2026,-1,5/16/2026,Overall,quantile,0.95,476
Copycat,5/23/2026,-1,5/16/2026,Overall,quantile,0.975,494
Copycat,5/23/2026,-1,5/16/2026,Overall,quantile,0.99,528
Copycat,5/23/2026,0,5/23/2026,Overall,quantile,0.01,284
Copycat,5/23/2026,0,5/23/2026,Overall,quantile,0.025,302
Copycat,5/23/2026,0,5/23/2026,Overall,quantile,0.05,317
Copycat,5/23/2026,0,5/23/2026,Overall,quantile,0.1,337
Copycat,5/23/2026,0,5/23/2026,Overall,quantile,0.15,350
Copycat,5/23/2026,0,5/23/2026,Overall,quantile,0.2,359
Copycat,5/23/2026,0,5/23/2026,Overall,quantile,0.25,368
Copycat,5/23/2026,0,5/23/2026,Overall,quantile,0.3,377
Copycat,5/23/2026,0,5/23/2026,Overall,quantile,0.35,388
Copycat,5/23/2026,0,5/23/2026,Overall,quantile,0.4,395
Copycat,5/23/2026,0,5/23/2026,Overall,quantile,0.45,407
Copycat,5/23/2026,0,5/23/2026,Overall,quantile,0.5,415
Copycat,5/23/2026,0,5/23/2026,Overall,quantile,0.55,425
Copycat,5/23/2026,0,5/23/2026,Overall,quantile,0.6,435
Copycat,5/23/2026,0,5/23/2026,Overall,quantile,0.65,448
Copycat,5/23/2026,0,5/23/2026,Overall,quantile,0.7,460
Copycat,5/23/2026,0,5/23/2026,Overall,quantile,0.75,475
Copycat,5/23/2026,0,5/23/2026,Overall,quantile,0.8,494
Copycat,5/23/2026,0,5/23/2026,Overall,quantile,0.85,512
Copycat,5/23/2026,0,5/23/2026,Overall,quantile,0.9,542
Copycat,5/23/2026,0,5/23/2026,Overall,quantile,0.95,583
Copycat,5/23/2026,0,5/23/2026,Overall,quantile,0.975,611
Copycat,5/23/2026,0,5/23/2026,Overall,quantile,0.99,661
Copycat,5/23/2026,1,5/30/2026,Overall,quantile,0.01,293
Copycat,5/23/2026,1,5/30/2026,Overall,quantile,0.025,318
Copycat,5/23/2026,1,5/30/2026,Overall,quantile,0.05,338
Copycat,5/23/2026,1,5/30/2026,Overall,quantile,0.1,357
Copycat,5/23/2026,1,5/30/2026,Overall,quantile,0.15,373
Copycat,5/23/2026,1,5/30/2026,Overall,quantile,0.2,391
Copycat,5/23/2026,1,5/30/2026,Overall,quantile,0.25,403
Copycat,5/23/2026,1,5/30/2026,Overall,quantile,0.3,415
Copycat,5/23/2026,1,5/30/2026,Overall,quantile,0.35,429
Copycat,5/23/2026,1,5/30/2026,Overall,quantile,0.4,440
Copycat,5/23/2026,1,5/30/2026,Overall,quantile,0.45,454
Copycat,5/23/2026,1,5/30/2026,Overall,quantile,0.5,462
Copycat,5/23/2026,1,5/30/2026,Overall,quantile,0.55,473
Copycat,5/23/2026,1,5/30/2026,Overall,quantile,0.6,491
Copycat,5/23/2026,1,5/30/2026,Overall,quantile,0.65,512
Copycat,5/23/2026,1,5/30/2026,Overall,quantile,0.7,530
Copycat,5/23/2026,1,5/30/2026,Overall,quantile,0.75,550
Copycat,5/23/2026,1,5/30/2026,Overall,quantile,0.8,573
Copycat,5/23/2026,1,5/30/2026,Overall,quantile,0.85,605
Copycat,5/23/2026,1,5/30/2026,Overall,quantile,0.9,650
Copycat,5/23/2026,1,5/30/2026,Overall,quantile,0.95,696
Copycat,5/23/2026,1,5/30/2026,Overall,quantile,0.975,737
Copycat,5/23/2026,1,5/30/2026,Overall,quantile,0.99,806
Copycat,5/23/2026,2,6/6/2026,Overall,quantile,0.01,300
Copycat,5/23/2026,2,6/6/2026,Overall,quantile,0.025,323
Copycat,5/23/2026,2,6/6/2026,Overall,quantile,0.05,344
Copycat,5/23/2026,2,6/6/2026,Overall,quantile,0.1,372
Copycat,5/23/2026,2,6/6/2026,Overall,quantile,0.15,392
Copycat,5/23/2026,2,6/6/2026,Overall,quantile,0.2,412
Copycat,5/23/2026,2,6/6/2026,Overall,quantile,0.25,430
Copycat,5/23/2026,2,6/6/2026,Overall,quantile,0.3,449
Copycat,5/23/2026,2,6/6/2026,Overall,quantile,0.35,466
Copycat,5/23/2026,2,6/6/2026,Overall,quantile,0.4,482
Copycat,5/23/2026,2,6/6/2026,Overall,quantile,0.45,499
Copycat,5/23/2026,2,6/6/2026,Overall,quantile,0.5,516
Copycat,5/23/2026,2,6/6/2026,Overall,quantile,0.55,533
Copycat,5/23/2026,2,6/6/2026,Overall,quantile,0.6,549
Copycat,5/23/2026,2,6/6/2026,Overall,quantile,0.65,572
Copycat,5/23/2026,2,6/6/2026,Overall,quantile,0.7,597
Copycat,5/23/2026,2,6/6/2026,Overall,quantile,0.75,619
Copycat,5/23/2026,2,6/6/2026,Overall,quantile,0.8,649
Copycat,5/23/2026,2,6/6/2026,Overall,quantile,0.85,692
Copycat,5/23/2026,2,6/6/2026,Overall,quantile,0.9,742
Copycat,5/23/2026,2,6/6/2026,Overall,quantile,0.95,822
Copycat,5/23/2026,2,6/6/2026,Overall,quantile,0.975,898
Copycat,5/23/2026,2,6/6/2026,Overall,quantile,0.99,990
Copycat,5/23/2026,3,6/13/2026,Overall,quantile,0.01,294
Copycat,5/23/2026,3,6/13/2026,Overall,quantile,0.025,317
Copycat,5/23/2026,3,6/13/2026,Overall,quantile,0.05,339
Copycat,5/23/2026,3,6/13/2026,Overall,quantile,0.1,372
Copycat,5/23/2026,3,6/13/2026,Overall,quantile,0.15,403
Copycat,5/23/2026,3,6/13/2026,Overall,quantile,0.2,424
Copycat,5/23/2026,3,6/13/2026,Overall,quantile,0.25,453
Copycat,5/23/2026,3,6/13/2026,Overall,quantile,0.3,473
Copycat,5/23/2026,3,6/13/2026,Overall,quantile,0.35,497
Copycat,5/23/2026,3,6/13/2026,Overall,quantile,0.4,520
Copycat,5/23/2026,3,6/13/2026,Overall,quantile,0.45,539
Copycat,5/23/2026,3,6/13/2026,Overall,quantile,0.5,562
Copycat,5/23/2026,3,6/13/2026,Overall,quantile,0.55,584
Copycat,5/23/2026,3,6/13/2026,Overall,quantile,0.6,598
Copycat,5/23/2026,3,6/13/2026,Overall,quantile,0.65,622
Copycat,5/23/2026,3,6/13/2026,Overall,quantile,0.7,650
Copycat,5/23/2026,3,6/13/2026,Overall,quantile,0.75,679
Copycat,5/23/2026,3,6/13/2026,Overall,quantile,0.8,725
Copycat,5/23/2026,3,6/13/2026,Overall,quantile,0.85,768
Copycat,5/23/2026,3,6/13/2026,Overall,quantile,0.9,844
Copycat,5/23/2026,3,6/13/2026,Overall,quantile,0.95,953
Copycat,5/23/2026,3,6/13/2026,Overall,quantile,0.975,1049
Copycat,5/23/2026,3,6/13/2026,Overall,quantile,0.99,1162
Copycat,5/23/2026,-2,5/9/2026,Pediatrics,quantile,0.01,159
Copycat,5/23/2026,-2,5/9/2026,Pediatrics,quantile,0.025,166
Copycat,5/23/2026,-2,5/9/2026,Pediatrics,quantile,0.05,173
Copycat,5/23/2026,-2,5/9/2026,Pediatrics,quantile,0.1,180
Copycat,5/23/2026,-2,5/9/2026,Pediatrics,quantile,0.15,186
Copycat,5/23/2026,-2,5/9/2026,Pediatrics,quantile,0.2,192
Copycat,5/23/2026,-2,5/9/2026,Pediatrics,quantile,0.25,195
Copycat,5/23/2026,-2,5/9/2026,Pediatrics,quantile,0.3,198
Copycat,5/23/2026,-2,5/9/2026,Pediatrics,quantile,0.35,201
Copycat,5/23/2026,-2,5/9/2026,Pediatrics,quantile,0.4,204
Copycat,5/23/2026,-2,5/9/2026,Pediatrics,quantile,0.45,207
Copycat,5/23/2026,-2,5/9/2026,Pediatrics,quantile,0.5,210
Copycat,5/23/2026,-2,5/9/2026,Pediatrics,quantile,0.55,212
Copycat,5/23/2026,-2,5/9/2026,Pediatrics,quantile,0.6,215
Copycat,5/23/2026,-2,5/9/2026,Pediatrics,quantile,0.65,218
Copycat,5/23/2026,-2,5/9/2026,Pediatrics,quantile,0.7,221
Copycat,5/23/2026,-2,5/9/2026,Pediatrics,quantile,0.75,225
Copycat,5/23/2026,-2,5/9/2026,Pediatrics,quantile,0.8,229
Copycat,5/23/2026,-2,5/9/2026,Pediatrics,quantile,0.85,235
Copycat,5/23/2026,-2,5/9/2026,Pediatrics,quantile,0.9,241
Copycat,5/23/2026,-2,5/9/2026,Pediatrics,quantile,0.95,252
Copycat,5/23/2026,-2,5/9/2026,Pediatrics,quantile,0.975,259
Copycat,5/23/2026,-2,5/9/2026,Pediatrics,quantile,0.99,263
Copycat,5/23/2026,-1,5/16/2026,Pediatrics,quantile,0.01,165
Copycat,5/23/2026,-1,5/16/2026,Pediatrics,quantile,0.025,175
Copycat,5/23/2026,-1,5/16/2026,Pediatrics,quantile,0.05,185
Copycat,5/23/2026,-1,5/16/2026,Pediatrics,quantile,0.1,194
Copycat,5/23/2026,-1,5/16/2026,Pediatrics,quantile,0.15,203
Copycat,5/23/2026,-1,5/16/2026,Pediatrics,quantile,0.2,209
Copycat,5/23/2026,-1,5/16/2026,Pediatrics,quantile,0.25,215
Copycat,5/23/2026,-1,5/16/2026,Pediatrics,quantile,0.3,220
Copycat,5/23/2026,-1,5/16/2026,Pediatrics,quantile,0.35,225
Copycat,5/23/2026,-1,5/16/2026,Pediatrics,quantile,0.4,228
Copycat,5/23/2026,-1,5/16/2026,Pediatrics,quantile,0.45,232
Copycat,5/23/2026,-1,5/16/2026,Pediatrics,quantile,0.5,237
Copycat,5/23/2026,-1,5/16/2026,Pediatrics,quantile,0.55,240
Copycat,5/23/2026,-1,5/16/2026,Pediatrics,quantile,0.6,245
Copycat,5/23/2026,-1,5/16/2026,Pediatrics,quantile,0.65,251
Copycat,5/23/2026,-1,5/16/2026,Pediatrics,quantile,0.7,256
Copycat,5/23/2026,-1,5/16/2026,Pediatrics,quantile,0.75,262
Copycat,5/23/2026,-1,5/16/2026,Pediatrics,quantile,0.8,270
Copycat,5/23/2026,-1,5/16/2026,Pediatrics,quantile,0.85,279
Copycat,5/23/2026,-1,5/16/2026,Pediatrics,quantile,0.9,290
Copycat,5/23/2026,-1,5/16/2026,Pediatrics,quantile,0.95,310
Copycat,5/23/2026,-1,5/16/2026,Pediatrics,quantile,0.975,324
Copycat,5/23/2026,-1,5/16/2026,Pediatrics,quantile,0.99,341
Copycat,5/23/2026,0,5/23/2026,Pediatrics,quantile,0.01,176
Copycat,5/23/2026,0,5/23/2026,Pediatrics,quantile,0.025,185
Copycat,5/23/2026,0,5/23/2026,Pediatrics,quantile,0.05,194
Copycat,5/23/2026,0,5/23/2026,Pediatrics,quantile,0.1,209
Copycat,5/23/2026,0,5/23/2026,Pediatrics,quantile,0.15,219
Copycat,5/23/2026,0,5/23/2026,Pediatrics,quantile,0.2,226
Copycat,5/23/2026,0,5/23/2026,Pediatrics,quantile,0.25,234
Copycat,5/23/2026,0,5/23/2026,Pediatrics,quantile,0.3,242
Copycat,5/23/2026,0,5/23/2026,Pediatrics,quantile,0.35,248
Copycat,5/23/2026,0,5/23/2026,Pediatrics,quantile,0.4,254
Copycat,5/23/2026,0,5/23/2026,Pediatrics,quantile,0.45,259
Copycat,5/23/2026,0,5/23/2026,Pediatrics,quantile,0.5,266
Copycat,5/23/2026,0,5/23/2026,Pediatrics,quantile,0.55,273
Copycat,5/23/2026,0,5/23/2026,Pediatrics,quantile,0.6,281
Copycat,5/23/2026,0,5/23/2026,Pediatrics,quantile,0.65,290
Copycat,5/23/2026,0,5/23/2026,Pediatrics,quantile,0.7,299
Copycat,5/23/2026,0,5/23/2026,Pediatrics,quantile,0.75,310
Copycat,5/23/2026,0,5/23/2026,Pediatrics,quantile,0.8,320
Copycat,5/23/2026,0,5/23/2026,Pediatrics,quantile,0.85,333
Copycat,5/23/2026,0,5/23/2026,Pediatrics,quantile,0.9,354
Copycat,5/23/2026,0,5/23/2026,Pediatrics,quantile,0.95,380
Copycat,5/23/2026,0,5/23/2026,Pediatrics,quantile,0.975,401
Copycat,5/23/2026,0,5/23/2026,Pediatrics,quantile,0.99,427
Copycat,5/23/2026,1,5/30/2026,Pediatrics,quantile,0.01,182
Copycat,5/23/2026,1,5/30/2026,Pediatrics,quantile,0.025,194
Copycat,5/23/2026,1,5/30/2026,Pediatrics,quantile,0.05,206
Copycat,5/23/2026,1,5/30/2026,Pediatrics,quantile,0.1,224
Copycat,5/23/2026,1,5/30/2026,Pediatrics,quantile,0.15,234
Copycat,5/23/2026,1,5/30/2026,Pediatrics,quantile,0.2,242
Copycat,5/23/2026,1,5/30/2026,Pediatrics,quantile,0.25,252
Copycat,5/23/2026,1,5/30/2026,Pediatrics,quantile,0.3,262
Copycat,5/23/2026,1,5/30/2026,Pediatrics,quantile,0.35,271
Copycat,5/23/2026,1,5/30/2026,Pediatrics,quantile,0.4,282
Copycat,5/23/2026,1,5/30/2026,Pediatrics,quantile,0.45,292
Copycat,5/23/2026,1,5/30/2026,Pediatrics,quantile,0.5,301
Copycat,5/23/2026,1,5/30/2026,Pediatrics,quantile,0.55,310
Copycat,5/23/2026,1,5/30/2026,Pediatrics,quantile,0.6,317
Copycat,5/23/2026,1,5/30/2026,Pediatrics,quantile,0.65,330
Copycat,5/23/2026,1,5/30/2026,Pediatrics,quantile,0.7,344
Copycat,5/23/2026,1,5/30/2026,Pediatrics,quantile,0.75,356
Copycat,5/23/2026,1,5/30/2026,Pediatrics,quantile,0.8,375
Copycat,5/23/2026,1,5/30/2026,Pediatrics,quantile,0.85,393
Copycat,5/23/2026,1,5/30/2026,Pediatrics,quantile,0.9,418
Copycat,5/23/2026,1,5/30/2026,Pediatrics,quantile,0.95,456
Copycat,5/23/2026,1,5/30/2026,Pediatrics,quantile,0.975,492
Copycat,5/23/2026,1,5/30/2026,Pediatrics,quantile,0.99,517
Copycat,5/23/2026,2,6/6/2026,Pediatrics,quantile,0.01,180
Copycat,5/23/2026,2,6/6/2026,Pediatrics,quantile,0.025,196
Copycat,5/23/2026,2,6/6/2026,Pediatrics,quantile,0.05,211
Copycat,5/23/2026,2,6/6/2026,Pediatrics,quantile,0.1,233
Copycat,5/23/2026,2,6/6/2026,Pediatrics,quantile,0.15,249
Copycat,5/23/2026,2,6/6/2026,Pediatrics,quantile,0.2,262
Copycat,5/23/2026,2,6/6/2026,Pediatrics,quantile,0.25,273
Copycat,5/23/2026,2,6/6/2026,Pediatrics,quantile,0.3,285
Copycat,5/23/2026,2,6/6/2026,Pediatrics,quantile,0.35,297
Copycat,5/23/2026,2,6/6/2026,Pediatrics,quantile,0.4,308
Copycat,5/23/2026,2,6/6/2026,Pediatrics,quantile,0.45,321
Copycat,5/23/2026,2,6/6/2026,Pediatrics,quantile,0.5,334
Copycat,5/23/2026,2,6/6/2026,Pediatrics,quantile,0.55,346
Copycat,5/23/2026,2,6/6/2026,Pediatrics,quantile,0.6,359
Copycat,5/23/2026,2,6/6/2026,Pediatrics,quantile,0.65,375
Copycat,5/23/2026,2,6/6/2026,Pediatrics,quantile,0.7,389
Copycat,5/23/2026,2,6/6/2026,Pediatrics,quantile,0.75,407
Copycat,5/23/2026,2,6/6/2026,Pediatrics,quantile,0.8,430
Copycat,5/23/2026,2,6/6/2026,Pediatrics,quantile,0.85,457
Copycat,5/23/2026,2,6/6/2026,Pediatrics,quantile,0.9,492
Copycat,5/23/2026,2,6/6/2026,Pediatrics,quantile,0.95,535
Copycat,5/23/2026,2,6/6/2026,Pediatrics,quantile,0.975,573
Copycat,5/23/2026,2,6/6/2026,Pediatrics,quantile,0.99,620
Copycat,5/23/2026,3,6/13/2026,Pediatrics,quantile,0.01,178
Copycat,5/23/2026,3,6/13/2026,Pediatrics,quantile,0.025,196
Copycat,5/23/2026,3,6/13/2026,Pediatrics,quantile,0.05,211
Copycat,5/23/2026,3,6/13/2026,Pediatrics,quantile,0.1,235
Copycat,5/23/2026,3,6/13/2026,Pediatrics,quantile,0.15,255
Copycat,5/23/2026,3,6/13/2026,Pediatrics,quantile,0.2,271
Copycat,5/23/2026,3,6/13/2026,Pediatrics,quantile,0.25,284
Copycat,5/23/2026,3,6/13/2026,Pediatrics,quantile,0.3,298
Copycat,5/23/2026,3,6/13/2026,Pediatrics,quantile,0.35,314
Copycat,5/23/2026,3,6/13/2026,Pediatrics,quantile,0.4,333
Copycat,5/23/2026,3,6/13/2026,Pediatrics,quantile,0.45,351
Copycat,5/23/2026,3,6/13/2026,Pediatrics,quantile,0.5,364
Copycat,5/23/2026,3,6/13/2026,Pediatrics,quantile,0.55,380
Copycat,5/23/2026,3,6/13/2026,Pediatrics,quantile,0.6,396
Copycat,5/23/2026,3,6/13/2026,Pediatrics,quantile,0.65,413
Copycat,5/23/2026,3,6/13/2026,Pediatrics,quantile,0.7,436
Copycat,5/23/2026,3,6/13/2026,Pediatrics,quantile,0.75,457
Copycat,5/23/2026,3,6/13/2026,Pediatrics,quantile,0.8,479
Copycat,5/23/2026,3,6/13/2026,Pediatrics,quantile,0.85,508
Copycat,5/23/2026,3,6/13/2026,Pediatrics,quantile,0.9,552
Copycat,5/23/2026,3,6/13/2026,Pediatrics,quantile,0.95,611
Copycat,5/23/2026,3,6/13/2026,Pediatrics,quantile,0.975,664
Copycat,5/23/2026,3,6/13/2026,Pediatrics,quantile,0.99,748
newGBQR,5/23/2026,-2,5/9/2026,Adults,quantile,0.01,34
newGBQR,5/23/2026,-2,5/9/2026,Adults,quantile,0.025,68
newGBQR,5/23/2026,-2,5/9/2026,Adults,quantile,0.05,90
newGBQR,5/23/2026,-2,5/9/2026,Adults,quantile,0.1,108
newGBQR,5/23/2026,-2,5/9/2026,Adults,quantile,0.15,119
newGBQR,5/23/2026,-2,5/9/2026,Adults,quantile,0.2,124
newGBQR,5/23/2026,-2,5/9/2026,Adults,quantile,0.25,127
newGBQR,5/23/2026,-2,5/9/2026,Adults,quantile,0.3,131
newGBQR,5/23/2026,-2,5/9/2026,Adults,quantile,0.35,133
newGBQR,5/23/2026,-2,5/9/2026,Adults,quantile,0.4,134
newGBQR,5/23/2026,-2,5/9/2026,Adults,quantile,0.45,137
newGBQR,5/23/2026,-2,5/9/2026,Adults,quantile,0.5,138
newGBQR,5/23/2026,-2,5/9/2026,Adults,quantile,0.55,138
newGBQR,5/23/2026,-2,5/9/2026,Adults,quantile,0.6,139
newGBQR,5/23/2026,-2,5/9/2026,Adults,quantile,0.65,139
newGBQR,5/23/2026,-2,5/9/2026,Adults,quantile,0.7,140
newGBQR,5/23/2026,-2,5/9/2026,Adults,quantile,0.75,140
newGBQR,5/23/2026,-2,5/9/2026,Adults,quantile,0.8,141
newGBQR,5/23/2026,-2,5/9/2026,Adults,quantile,0.85,149
newGBQR,5/23/2026,-2,5/9/2026,Adults,quantile,0.9,169
newGBQR,5/23/2026,-2,5/9/2026,Adults,quantile,0.95,214
newGBQR,5/23/2026,-2,5/9/2026,Adults,quantile,0.975,273
newGBQR,5/23/2026,-2,5/9/2026,Adults,quantile,0.99,345
newGBQR,5/23/2026,-1,5/16/2026,Adults,quantile,0.01,34
newGBQR,5/23/2026,-1,5/16/2026,Adults,quantile,0.025,68
newGBQR,5/23/2026,-1,5/16/2026,Adults,quantile,0.05,90
newGBQR,5/23/2026,-1,5/16/2026,Adults,quantile,0.1,108
newGBQR,5/23/2026,-1,5/16/2026,Adults,quantile,0.15,120
newGBQR,5/23/2026,-1,5/16/2026,Adults,quantile,0.2,129
newGBQR,5/23/2026,-1,5/16/2026,Adults,quantile,0.25,135
newGBQR,5/23/2026,-1,5/16/2026,Adults,quantile,0.3,139
newGBQR,5/23/2026,-1,5/16/2026,Adults,quantile,0.35,145
newGBQR,5/23/2026,-1,5/16/2026,Adults,quantile,0.4,147
newGBQR,5/23/2026,-1,5/16/2026,Adults,quantile,0.45,153
newGBQR,5/23/2026,-1,5/16/2026,Adults,quantile,0.5,159
newGBQR,5/23/2026,-1,5/16/2026,Adults,quantile,0.55,161
newGBQR,5/23/2026,-1,5/16/2026,Adults,quantile,0.6,161
newGBQR,5/23/2026,-1,5/16/2026,Adults,quantile,0.65,162
newGBQR,5/23/2026,-1,5/16/2026,Adults,quantile,0.7,164
newGBQR,5/23/2026,-1,5/16/2026,Adults,quantile,0.75,166
newGBQR,5/23/2026,-1,5/16/2026,Adults,quantile,0.8,166
newGBQR,5/23/2026,-1,5/16/2026,Adults,quantile,0.85,166
newGBQR,5/23/2026,-1,5/16/2026,Adults,quantile,0.9,175
newGBQR,5/23/2026,-1,5/16/2026,Adults,quantile,0.95,219
newGBQR,5/23/2026,-1,5/16/2026,Adults,quantile,0.975,274
newGBQR,5/23/2026,-1,5/16/2026,Adults,quantile,0.99,347
newGBQR,5/23/2026,0,5/23/2026,Adults,quantile,0.01,34
newGBQR,5/23/2026,0,5/23/2026,Adults,quantile,0.025,67
newGBQR,5/23/2026,0,5/23/2026,Adults,quantile,0.05,90
newGBQR,5/23/2026,0,5/23/2026,Adults,quantile,0.1,108
newGBQR,5/23/2026,0,5/23/2026,Adults,quantile,0.15,122
newGBQR,5/23/2026,0,5/23/2026,Adults,quantile,0.2,133
newGBQR,5/23/2026,0,5/23/2026,Adults,quantile,0.25,142
newGBQR,5/23/2026,0,5/23/2026,Adults,quantile,0.3,152
newGBQR,5/23/2026,0,5/23/2026,Adults,quantile,0.35,157
newGBQR,5/23/2026,0,5/23/2026,Adults,quantile,0.4,165
newGBQR,5/23/2026,0,5/23/2026,Adults,quantile,0.45,174
newGBQR,5/23/2026,0,5/23/2026,Adults,quantile,0.5,181
newGBQR,5/23/2026,0,5/23/2026,Adults,quantile,0.55,193
newGBQR,5/23/2026,0,5/23/2026,Adults,quantile,0.6,199
newGBQR,5/23/2026,0,5/23/2026,Adults,quantile,0.65,208
newGBQR,5/23/2026,0,5/23/2026,Adults,quantile,0.7,214
newGBQR,5/23/2026,0,5/23/2026,Adults,quantile,0.75,220
newGBQR,5/23/2026,0,5/23/2026,Adults,quantile,0.8,222
newGBQR,5/23/2026,0,5/23/2026,Adults,quantile,0.85,233
newGBQR,5/23/2026,0,5/23/2026,Adults,quantile,0.9,244
newGBQR,5/23/2026,0,5/23/2026,Adults,quantile,0.95,244
newGBQR,5/23/2026,0,5/23/2026,Adults,quantile,0.975,296
newGBQR,5/23/2026,0,5/23/2026,Adults,quantile,0.99,353
newGBQR,5/23/2026,1,5/30/2026,Adults,quantile,0.01,34
newGBQR,5/23/2026,1,5/30/2026,Adults,quantile,0.025,67
newGBQR,5/23/2026,1,5/30/2026,Adults,quantile,0.05,90
newGBQR,5/23/2026,1,5/30/2026,Adults,quantile,0.1,109
newGBQR,5/23/2026,1,5/30/2026,Adults,quantile,0.15,124
newGBQR,5/23/2026,1,5/30/2026,Adults,quantile,0.2,135
newGBQR,5/23/2026,1,5/30/2026,Adults,quantile,0.25,147
newGBQR,5/23/2026,1,5/30/2026,Adults,quantile,0.3,159
newGBQR,5/23/2026,1,5/30/2026,Adults,quantile,0.35,170
newGBQR,5/23/2026,1,5/30/2026,Adults,quantile,0.4,180
newGBQR,5/23/2026,1,5/30/2026,Adults,quantile,0.45,188
newGBQR,5/23/2026,1,5/30/2026,Adults,quantile,0.5,197
newGBQR,5/23/2026,1,5/30/2026,Adults,quantile,0.55,209
newGBQR,5/23/2026,1,5/30/2026,Adults,quantile,0.6,224
newGBQR,5/23/2026,1,5/30/2026,Adults,quantile,0.65,249
newGBQR,5/23/2026,1,5/30/2026,Adults,quantile,0.7,266
newGBQR,5/23/2026,1,5/30/2026,Adults,quantile,0.75,287
newGBQR,5/23/2026,1,5/30/2026,Adults,quantile,0.8,302
newGBQR,5/23/2026,1,5/30/2026,Adults,quantile,0.85,327
newGBQR,5/23/2026,1,5/30/2026,Adults,quantile,0.9,332
newGBQR,5/23/2026,1,5/30/2026,Adults,quantile,0.95,343
newGBQR,5/23/2026,1,5/30/2026,Adults,quantile,0.975,360
newGBQR,5/23/2026,1,5/30/2026,Adults,quantile,0.99,394
newGBQR,5/23/2026,2,6/6/2026,Adults,quantile,0.01,28
newGBQR,5/23/2026,2,6/6/2026,Adults,quantile,0.025,65
newGBQR,5/23/2026,2,6/6/2026,Adults,quantile,0.05,90
newGBQR,5/23/2026,2,6/6/2026,Adults,quantile,0.1,109
newGBQR,5/23/2026,2,6/6/2026,Adults,quantile,0.15,124
newGBQR,5/23/2026,2,6/6/2026,Adults,quantile,0.2,137
newGBQR,5/23/2026,2,6/6/2026,Adults,quantile,0.25,149
newGBQR,5/23/2026,2,6/6/2026,Adults,quantile,0.3,161
newGBQR,5/23/2026,2,6/6/2026,Adults,quantile,0.35,173
newGBQR,5/23/2026,2,6/6/2026,Adults,quantile,0.4,185
newGBQR,5/23/2026,2,6/6/2026,Adults,quantile,0.45,198
newGBQR,5/23/2026,2,6/6/2026,Adults,quantile,0.5,211
newGBQR,5/23/2026,2,6/6/2026,Adults,quantile,0.55,225
newGBQR,5/23/2026,2,6/6/2026,Adults,quantile,0.6,240
newGBQR,5/23/2026,2,6/6/2026,Adults,quantile,0.65,262
newGBQR,5/23/2026,2,6/6/2026,Adults,quantile,0.7,287
newGBQR,5/23/2026,2,6/6/2026,Adults,quantile,0.75,321
newGBQR,5/23/2026,2,6/6/2026,Adults,quantile,0.8,343
newGBQR,5/23/2026,2,6/6/2026,Adults,quantile,0.85,373
newGBQR,5/23/2026,2,6/6/2026,Adults,quantile,0.9,396
newGBQR,5/23/2026,2,6/6/2026,Adults,quantile,0.95,402
newGBQR,5/23/2026,2,6/6/2026,Adults,quantile,0.975,409
newGBQR,5/23/2026,2,6/6/2026,Adults,quantile,0.99,418
newGBQR,5/23/2026,3,6/13/2026,Adults,quantile,0.01,27
newGBQR,5/23/2026,3,6/13/2026,Adults,quantile,0.025,64
newGBQR,5/23/2026,3,6/13/2026,Adults,quantile,0.05,90
newGBQR,5/23/2026,3,6/13/2026,Adults,quantile,0.1,110
newGBQR,5/23/2026,3,6/13/2026,Adults,quantile,0.15,125
newGBQR,5/23/2026,3,6/13/2026,Adults,quantile,0.2,137
newGBQR,5/23/2026,3,6/13/2026,Adults,quantile,0.25,149
newGBQR,5/23/2026,3,6/13/2026,Adults,quantile,0.3,162
newGBQR,5/23/2026,3,6/13/2026,Adults,quantile,0.35,175
newGBQR,5/23/2026,3,6/13/2026,Adults,quantile,0.4,190
newGBQR,5/23/2026,3,6/13/2026,Adults,quantile,0.45,204
newGBQR,5/23/2026,3,6/13/2026,Adults,quantile,0.5,220
newGBQR,5/23/2026,3,6/13/2026,Adults,quantile,0.55,235
newGBQR,5/23/2026,3,6/13/2026,Adults,quantile,0.6,250
newGBQR,5/23/2026,3,6/13/2026,Adults,quantile,0.65,271
newGBQR,5/23/2026,3,6/13/2026,Adults,quantile,0.7,288
newGBQR,5/23/2026,3,6/13/2026,Adults,quantile,0.75,336
newGBQR,5/23/2026,3,6/13/2026,Adults,quantile,0.8,364
newGBQR,5/23/2026,3,6/13/2026,Adults,quantile,0.85,411
newGBQR,5/23/2026,3,6/13/2026,Adults,quantile,0.9,462
newGBQR,5/23/2026,3,6/13/2026,Adults,quantile,0.95,483
newGBQR,5/23/2026,3,6/13/2026,Adults,quantile,0.975,511
newGBQR,5/23/2026,3,6/13/2026,Adults,quantile,0.99,531
newGBQR,5/23/2026,-2,5/9/2026,Overall,quantile,0.01,170
newGBQR,5/23/2026,-2,5/9/2026,Overall,quantile,0.025,227
newGBQR,5/23/2026,-2,5/9/2026,Overall,quantile,0.05,263
newGBQR,5/23/2026,-2,5/9/2026,Overall,quantile,0.1,292
newGBQR,5/23/2026,-2,5/9/2026,Overall,quantile,0.15,309
newGBQR,5/23/2026,-2,5/9/2026,Overall,quantile,0.2,322
newGBQR,5/23/2026,-2,5/9/2026,Overall,quantile,0.25,332
newGBQR,5/23/2026,-2,5/9/2026,Overall,quantile,0.3,340
newGBQR,5/23/2026,-2,5/9/2026,Overall,quantile,0.35,345
newGBQR,5/23/2026,-2,5/9/2026,Overall,quantile,0.4,350
newGBQR,5/23/2026,-2,5/9/2026,Overall,quantile,0.45,355
newGBQR,5/23/2026,-2,5/9/2026,Overall,quantile,0.5,360
newGBQR,5/23/2026,-2,5/9/2026,Overall,quantile,0.55,363
newGBQR,5/23/2026,-2,5/9/2026,Overall,quantile,0.6,368
newGBQR,5/23/2026,-2,5/9/2026,Overall,quantile,0.65,370
newGBQR,5/23/2026,-2,5/9/2026,Overall,quantile,0.7,372
newGBQR,5/23/2026,-2,5/9/2026,Overall,quantile,0.75,373
newGBQR,5/23/2026,-2,5/9/2026,Overall,quantile,0.8,373
newGBQR,5/23/2026,-2,5/9/2026,Overall,quantile,0.85,386
newGBQR,5/23/2026,-2,5/9/2026,Overall,quantile,0.9,413
newGBQR,5/23/2026,-2,5/9/2026,Overall,quantile,0.95,469
newGBQR,5/23/2026,-2,5/9/2026,Overall,quantile,0.975,534
newGBQR,5/23/2026,-2,5/9/2026,Overall,quantile,0.99,634
newGBQR,5/23/2026,-1,5/16/2026,Overall,quantile,0.01,168
newGBQR,5/23/2026,-1,5/16/2026,Overall,quantile,0.025,227
newGBQR,5/23/2026,-1,5/16/2026,Overall,quantile,0.05,262
newGBQR,5/23/2026,-1,5/16/2026,Overall,quantile,0.1,293
newGBQR,5/23/2026,-1,5/16/2026,Overall,quantile,0.15,313
newGBQR,5/23/2026,-1,5/16/2026,Overall,quantile,0.2,326
newGBQR,5/23/2026,-1,5/16/2026,Overall,quantile,0.25,337
newGBQR,5/23/2026,-1,5/16/2026,Overall,quantile,0.3,353
newGBQR,5/23/2026,-1,5/16/2026,Overall,quantile,0.35,359
newGBQR,5/23/2026,-1,5/16/2026,Overall,quantile,0.4,367
newGBQR,5/23/2026,-1,5/16/2026,Overall,quantile,0.45,378
newGBQR,5/23/2026,-1,5/16/2026,Overall,quantile,0.5,387
newGBQR,5/23/2026,-1,5/16/2026,Overall,quantile,0.55,399
newGBQR,5/23/2026,-1,5/16/2026,Overall,quantile,0.6,401
newGBQR,5/23/2026,-1,5/16/2026,Overall,quantile,0.65,401
newGBQR,5/23/2026,-1,5/16/2026,Overall,quantile,0.7,404
newGBQR,5/23/2026,-1,5/16/2026,Overall,quantile,0.75,405
newGBQR,5/23/2026,-1,5/16/2026,Overall,quantile,0.8,408
newGBQR,5/23/2026,-1,5/16/2026,Overall,quantile,0.85,409
newGBQR,5/23/2026,-1,5/16/2026,Overall,quantile,0.9,425
newGBQR,5/23/2026,-1,5/16/2026,Overall,quantile,0.95,479
newGBQR,5/23/2026,-1,5/16/2026,Overall,quantile,0.975,536
newGBQR,5/23/2026,-1,5/16/2026,Overall,quantile,0.99,636
newGBQR,5/23/2026,0,5/23/2026,Overall,quantile,0.01,168
newGBQR,5/23/2026,0,5/23/2026,Overall,quantile,0.025,227
newGBQR,5/23/2026,0,5/23/2026,Overall,quantile,0.05,262
newGBQR,5/23/2026,0,5/23/2026,Overall,quantile,0.1,294
newGBQR,5/23/2026,0,5/23/2026,Overall,quantile,0.15,317
newGBQR,5/23/2026,0,5/23/2026,Overall,quantile,0.2,331
newGBQR,5/23/2026,0,5/23/2026,Overall,quantile,0.25,344
newGBQR,5/23/2026,0,5/23/2026,Overall,quantile,0.3,364
newGBQR,5/23/2026,0,5/23/2026,Overall,quantile,0.35,378
newGBQR,5/23/2026,0,5/23/2026,Overall,quantile,0.4,389
newGBQR,5/23/2026,0,5/23/2026,Overall,quantile,0.45,417
newGBQR,5/23/2026,0,5/23/2026,Overall,quantile,0.5,420
newGBQR,5/23/2026,0,5/23/2026,Overall,quantile,0.55,435
newGBQR,5/23/2026,0,5/23/2026,Overall,quantile,0.6,442
newGBQR,5/23/2026,0,5/23/2026,Overall,quantile,0.65,446
newGBQR,5/23/2026,0,5/23/2026,Overall,quantile,0.7,452
newGBQR,5/23/2026,0,5/23/2026,Overall,quantile,0.75,463
newGBQR,5/23/2026,0,5/23/2026,Overall,quantile,0.8,464
newGBQR,5/23/2026,0,5/23/2026,Overall,quantile,0.85,470
newGBQR,5/23/2026,0,5/23/2026,Overall,quantile,0.9,471
newGBQR,5/23/2026,0,5/23/2026,Overall,quantile,0.95,512
newGBQR,5/23/2026,0,5/23/2026,Overall,quantile,0.975,557
newGBQR,5/23/2026,0,5/23/2026,Overall,quantile,0.99,645
newGBQR,5/23/2026,1,5/30/2026,Overall,quantile,0.01,167
newGBQR,5/23/2026,1,5/30/2026,Overall,quantile,0.025,226
newGBQR,5/23/2026,1,5/30/2026,Overall,quantile,0.05,262
newGBQR,5/23/2026,1,5/30/2026,Overall,quantile,0.1,296
newGBQR,5/23/2026,1,5/30/2026,Overall,quantile,0.15,321
newGBQR,5/23/2026,1,5/30/2026,Overall,quantile,0.2,341
newGBQR,5/23/2026,1,5/30/2026,Overall,quantile,0.25,359
newGBQR,5/23/2026,1,5/30/2026,Overall,quantile,0.3,382
newGBQR,5/23/2026,1,5/30/2026,Overall,quantile,0.35,399
newGBQR,5/23/2026,1,5/30/2026,Overall,quantile,0.4,423
newGBQR,5/23/2026,1,5/30/2026,Overall,quantile,0.45,439
newGBQR,5/23/2026,1,5/30/2026,Overall,quantile,0.5,462
newGBQR,5/23/2026,1,5/30/2026,Overall,quantile,0.55,467
newGBQR,5/23/2026,1,5/30/2026,Overall,quantile,0.6,496
newGBQR,5/23/2026,1,5/30/2026,Overall,quantile,0.65,548
newGBQR,5/23/2026,1,5/30/2026,Overall,quantile,0.7,571
newGBQR,5/23/2026,1,5/30/2026,Overall,quantile,0.75,599
newGBQR,5/23/2026,1,5/30/2026,Overall,quantile,0.8,599
newGBQR,5/23/2026,1,5/30/2026,Overall,quantile,0.85,605
newGBQR,5/23/2026,1,5/30/2026,Overall,quantile,0.9,609
newGBQR,5/23/2026,1,5/30/2026,Overall,quantile,0.95,613
newGBQR,5/23/2026,1,5/30/2026,Overall,quantile,0.975,635
newGBQR,5/23/2026,1,5/30/2026,Overall,quantile,0.99,683
newGBQR,5/23/2026,2,6/6/2026,Overall,quantile,0.01,159
newGBQR,5/23/2026,2,6/6/2026,Overall,quantile,0.025,223
newGBQR,5/23/2026,2,6/6/2026,Overall,quantile,0.05,263
newGBQR,5/23/2026,2,6/6/2026,Overall,quantile,0.1,296
newGBQR,5/23/2026,2,6/6/2026,Overall,quantile,0.15,322
newGBQR,5/23/2026,2,6/6/2026,Overall,quantile,0.2,343
newGBQR,5/23/2026,2,6/6/2026,Overall,quantile,0.25,362
newGBQR,5/23/2026,2,6/6/2026,Overall,quantile,0.3,386
newGBQR,5/23/2026,2,6/6/2026,Overall,quantile,0.35,404
newGBQR,5/23/2026,2,6/6/2026,Overall,quantile,0.4,427
newGBQR,5/23/2026,2,6/6/2026,Overall,quantile,0.45,455
newGBQR,5/23/2026,2,6/6/2026,Overall,quantile,0.5,490
newGBQR,5/23/2026,2,6/6/2026,Overall,quantile,0.55,506
newGBQR,5/23/2026,2,6/6/2026,Overall,quantile,0.6,529
newGBQR,5/23/2026,2,6/6/2026,Overall,quantile,0.65,570
newGBQR,5/23/2026,2,6/6/2026,Overall,quantile,0.7,619
newGBQR,5/23/2026,2,6/6/2026,Overall,quantile,0.75,651
newGBQR,5/23/2026,2,6/6/2026,Overall,quantile,0.8,652
newGBQR,5/23/2026,2,6/6/2026,Overall,quantile,0.85,659
newGBQR,5/23/2026,2,6/6/2026,Overall,quantile,0.9,668
newGBQR,5/23/2026,2,6/6/2026,Overall,quantile,0.95,670
newGBQR,5/23/2026,2,6/6/2026,Overall,quantile,0.975,691
newGBQR,5/23/2026,2,6/6/2026,Overall,quantile,0.99,702
newGBQR,5/23/2026,3,6/13/2026,Overall,quantile,0.01,158
newGBQR,5/23/2026,3,6/13/2026,Overall,quantile,0.025,222
newGBQR,5/23/2026,3,6/13/2026,Overall,quantile,0.05,263
newGBQR,5/23/2026,3,6/13/2026,Overall,quantile,0.1,296
newGBQR,5/23/2026,3,6/13/2026,Overall,quantile,0.15,323
newGBQR,5/23/2026,3,6/13/2026,Overall,quantile,0.2,343
newGBQR,5/23/2026,3,6/13/2026,Overall,quantile,0.25,363
newGBQR,5/23/2026,3,6/13/2026,Overall,quantile,0.3,387
newGBQR,5/23/2026,3,6/13/2026,Overall,quantile,0.35,407
newGBQR,5/23/2026,3,6/13/2026,Overall,quantile,0.4,433
newGBQR,5/23/2026,3,6/13/2026,Overall,quantile,0.45,455
newGBQR,5/23/2026,3,6/13/2026,Overall,quantile,0.5,494
newGBQR,5/23/2026,3,6/13/2026,Overall,quantile,0.55,513
newGBQR,5/23/2026,3,6/13/2026,Overall,quantile,0.6,548
newGBQR,5/23/2026,3,6/13/2026,Overall,quantile,0.65,584
newGBQR,5/23/2026,3,6/13/2026,Overall,quantile,0.7,635
newGBQR,5/23/2026,3,6/13/2026,Overall,quantile,0.75,703
newGBQR,5/23/2026,3,6/13/2026,Overall,quantile,0.8,711
newGBQR,5/23/2026,3,6/13/2026,Overall,quantile,0.85,712
newGBQR,5/23/2026,3,6/13/2026,Overall,quantile,0.9,718
newGBQR,5/23/2026,3,6/13/2026,Overall,quantile,0.95,740
newGBQR,5/23/2026,3,6/13/2026,Overall,quantile,0.975,776
newGBQR,5/23/2026,3,6/13/2026,Overall,quantile,0.99,803
newGBQR,5/23/2026,-2,5/9/2026,Pediatrics,quantile,0.01,96
newGBQR,5/23/2026,-2,5/9/2026,Pediatrics,quantile,0.025,136
newGBQR,5/23/2026,-2,5/9/2026,Pediatrics,quantile,0.05,159
newGBQR,5/23/2026,-2,5/9/2026,Pediatrics,quantile,0.1,177
newGBQR,5/23/2026,-2,5/9/2026,Pediatrics,quantile,0.15,191
newGBQR,5/23/2026,-2,5/9/2026,Pediatrics,quantile,0.2,203
newGBQR,5/23/2026,-2,5/9/2026,Pediatrics,quantile,0.25,211
newGBQR,5/23/2026,-2,5/9/2026,Pediatrics,quantile,0.3,216
newGBQR,5/23/2026,-2,5/9/2026,Pediatrics,quantile,0.35,219
newGBQR,5/23/2026,-2,5/9/2026,Pediatrics,quantile,0.4,222
newGBQR,5/23/2026,-2,5/9/2026,Pediatrics,quantile,0.45,225
newGBQR,5/23/2026,-2,5/9/2026,Pediatrics,quantile,0.5,229
newGBQR,5/23/2026,-2,5/9/2026,Pediatrics,quantile,0.55,234
newGBQR,5/23/2026,-2,5/9/2026,Pediatrics,quantile,0.6,234
newGBQR,5/23/2026,-2,5/9/2026,Pediatrics,quantile,0.65,239
newGBQR,5/23/2026,-2,5/9/2026,Pediatrics,quantile,0.7,239
newGBQR,5/23/2026,-2,5/9/2026,Pediatrics,quantile,0.75,239
newGBQR,5/23/2026,-2,5/9/2026,Pediatrics,quantile,0.8,245
newGBQR,5/23/2026,-2,5/9/2026,Pediatrics,quantile,0.85,256
newGBQR,5/23/2026,-2,5/9/2026,Pediatrics,quantile,0.9,267
newGBQR,5/23/2026,-2,5/9/2026,Pediatrics,quantile,0.95,308
newGBQR,5/23/2026,-2,5/9/2026,Pediatrics,quantile,0.975,353
newGBQR,5/23/2026,-2,5/9/2026,Pediatrics,quantile,0.99,395
newGBQR,5/23/2026,-1,5/16/2026,Pediatrics,quantile,0.01,96
newGBQR,5/23/2026,-1,5/16/2026,Pediatrics,quantile,0.025,135
newGBQR,5/23/2026,-1,5/16/2026,Pediatrics,quantile,0.05,157
newGBQR,5/23/2026,-1,5/16/2026,Pediatrics,quantile,0.1,176
newGBQR,5/23/2026,-1,5/16/2026,Pediatrics,quantile,0.15,194
newGBQR,5/23/2026,-1,5/16/2026,Pediatrics,quantile,0.2,207
newGBQR,5/23/2026,-1,5/16/2026,Pediatrics,quantile,0.25,217
newGBQR,5/23/2026,-1,5/16/2026,Pediatrics,quantile,0.3,223
newGBQR,5/23/2026,-1,5/16/2026,Pediatrics,quantile,0.35,228
newGBQR,5/23/2026,-1,5/16/2026,Pediatrics,quantile,0.4,234
newGBQR,5/23/2026,-1,5/16/2026,Pediatrics,quantile,0.45,243
newGBQR,5/23/2026,-1,5/16/2026,Pediatrics,quantile,0.5,254
newGBQR,5/23/2026,-1,5/16/2026,Pediatrics,quantile,0.55,264
newGBQR,5/23/2026,-1,5/16/2026,Pediatrics,quantile,0.6,266
newGBQR,5/23/2026,-1,5/16/2026,Pediatrics,quantile,0.65,275
newGBQR,5/23/2026,-1,5/16/2026,Pediatrics,quantile,0.7,282
newGBQR,5/23/2026,-1,5/16/2026,Pediatrics,quantile,0.75,287
newGBQR,5/23/2026,-1,5/16/2026,Pediatrics,quantile,0.8,293
newGBQR,5/23/2026,-1,5/16/2026,Pediatrics,quantile,0.85,303
newGBQR,5/23/2026,-1,5/16/2026,Pediatrics,quantile,0.9,308
newGBQR,5/23/2026,-1,5/16/2026,Pediatrics,quantile,0.95,317
newGBQR,5/23/2026,-1,5/16/2026,Pediatrics,quantile,0.975,359
newGBQR,5/23/2026,-1,5/16/2026,Pediatrics,quantile,0.99,396
newGBQR,5/23/2026,0,5/23/2026,Pediatrics,quantile,0.01,96
newGBQR,5/23/2026,0,5/23/2026,Pediatrics,quantile,0.025,135
newGBQR,5/23/2026,0,5/23/2026,Pediatrics,quantile,0.05,155
newGBQR,5/23/2026,0,5/23/2026,Pediatrics,quantile,0.1,174
newGBQR,5/23/2026,0,5/23/2026,Pediatrics,quantile,0.15,195
newGBQR,5/23/2026,0,5/23/2026,Pediatrics,quantile,0.2,208
newGBQR,5/23/2026,0,5/23/2026,Pediatrics,quantile,0.25,219
newGBQR,5/23/2026,0,5/23/2026,Pediatrics,quantile,0.3,227
newGBQR,5/23/2026,0,5/23/2026,Pediatrics,quantile,0.35,236
newGBQR,5/23/2026,0,5/23/2026,Pediatrics,quantile,0.4,245
newGBQR,5/23/2026,0,5/23/2026,Pediatrics,quantile,0.45,260
newGBQR,5/23/2026,0,5/23/2026,Pediatrics,quantile,0.5,274
newGBQR,5/23/2026,0,5/23/2026,Pediatrics,quantile,0.55,286
newGBQR,5/23/2026,0,5/23/2026,Pediatrics,quantile,0.6,296
newGBQR,5/23/2026,0,5/23/2026,Pediatrics,quantile,0.65,312
newGBQR,5/23/2026,0,5/23/2026,Pediatrics,quantile,0.7,326
newGBQR,5/23/2026,0,5/23/2026,Pediatrics,quantile,0.75,338
newGBQR,5/23/2026,0,5/23/2026,Pediatrics,quantile,0.8,350
newGBQR,5/23/2026,0,5/23/2026,Pediatrics,quantile,0.85,367
newGBQR,5/23/2026,0,5/23/2026,Pediatrics,quantile,0.9,376
newGBQR,5/23/2026,0,5/23/2026,Pediatrics,quantile,0.95,378
newGBQR,5/23/2026,0,5/23/2026,Pediatrics,quantile,0.975,391
newGBQR,5/23/2026,0,5/23/2026,Pediatrics,quantile,0.99,416
newGBQR,5/23/2026,1,5/30/2026,Pediatrics,quantile,0.01,95
newGBQR,5/23/2026,1,5/30/2026,Pediatrics,quantile,0.025,135
newGBQR,5/23/2026,1,5/30/2026,Pediatrics,quantile,0.05,155
newGBQR,5/23/2026,1,5/30/2026,Pediatrics,quantile,0.1,174
newGBQR,5/23/2026,1,5/30/2026,Pediatrics,quantile,0.15,197
newGBQR,5/23/2026,1,5/30/2026,Pediatrics,quantile,0.2,210
newGBQR,5/23/2026,1,5/30/2026,Pediatrics,quantile,0.25,219
newGBQR,5/23/2026,1,5/30/2026,Pediatrics,quantile,0.3,229
newGBQR,5/23/2026,1,5/30/2026,Pediatrics,quantile,0.35,241
newGBQR,5/23/2026,1,5/30/2026,Pediatrics,quantile,0.4,253
newGBQR,5/23/2026,1,5/30/2026,Pediatrics,quantile,0.45,269
newGBQR,5/23/2026,1,5/30/2026,Pediatrics,quantile,0.5,287
newGBQR,5/23/2026,1,5/30/2026,Pediatrics,quantile,0.55,305
newGBQR,5/23/2026,1,5/30/2026,Pediatrics,quantile,0.6,323
newGBQR,5/23/2026,1,5/30/2026,Pediatrics,quantile,0.65,338
newGBQR,5/23/2026,1,5/30/2026,Pediatrics,quantile,0.7,358
newGBQR,5/23/2026,1,5/30/2026,Pediatrics,quantile,0.75,372
newGBQR,5/23/2026,1,5/30/2026,Pediatrics,quantile,0.8,388
newGBQR,5/23/2026,1,5/30/2026,Pediatrics,quantile,0.85,413
newGBQR,5/23/2026,1,5/30/2026,Pediatrics,quantile,0.9,437
newGBQR,5/23/2026,1,5/30/2026,Pediatrics,quantile,0.95,440
newGBQR,5/23/2026,1,5/30/2026,Pediatrics,quantile,0.975,465
newGBQR,5/23/2026,1,5/30/2026,Pediatrics,quantile,0.99,484
newGBQR,5/23/2026,2,6/6/2026,Pediatrics,quantile,0.01,89
newGBQR,5/23/2026,2,6/6/2026,Pediatrics,quantile,0.025,131
newGBQR,5/23/2026,2,6/6/2026,Pediatrics,quantile,0.05,156
newGBQR,5/23/2026,2,6/6/2026,Pediatrics,quantile,0.1,174
newGBQR,5/23/2026,2,6/6/2026,Pediatrics,quantile,0.15,197
newGBQR,5/23/2026,2,6/6/2026,Pediatrics,quantile,0.2,210
newGBQR,5/23/2026,2,6/6/2026,Pediatrics,quantile,0.25,220
newGBQR,5/23/2026,2,6/6/2026,Pediatrics,quantile,0.3,230
newGBQR,5/23/2026,2,6/6/2026,Pediatrics,quantile,0.35,241
newGBQR,5/23/2026,2,6/6/2026,Pediatrics,quantile,0.4,256
newGBQR,5/23/2026,2,6/6/2026,Pediatrics,quantile,0.45,274
newGBQR,5/23/2026,2,6/6/2026,Pediatrics,quantile,0.5,295
newGBQR,5/23/2026,2,6/6/2026,Pediatrics,quantile,0.55,310
newGBQR,5/23/2026,2,6/6/2026,Pediatrics,quantile,0.6,336
newGBQR,5/23/2026,2,6/6/2026,Pediatrics,quantile,0.65,352
newGBQR,5/23/2026,2,6/6/2026,Pediatrics,quantile,0.7,378
newGBQR,5/23/2026,2,6/6/2026,Pediatrics,quantile,0.75,397
newGBQR,5/23/2026,2,6/6/2026,Pediatrics,quantile,0.8,423
newGBQR,5/23/2026,2,6/6/2026,Pediatrics,quantile,0.85,447
newGBQR,5/23/2026,2,6/6/2026,Pediatrics,quantile,0.9,461
newGBQR,5/23/2026,2,6/6/2026,Pediatrics,quantile,0.95,479
newGBQR,5/23/2026,2,6/6/2026,Pediatrics,quantile,0.975,495
newGBQR,5/23/2026,2,6/6/2026,Pediatrics,quantile,0.99,512
newGBQR,5/23/2026,3,6/13/2026,Pediatrics,quantile,0.01,88
newGBQR,5/23/2026,3,6/13/2026,Pediatrics,quantile,0.025,131
newGBQR,5/23/2026,3,6/13/2026,Pediatrics,quantile,0.05,156
newGBQR,5/23/2026,3,6/13/2026,Pediatrics,quantile,0.1,174
newGBQR,5/23/2026,3,6/13/2026,Pediatrics,quantile,0.15,197
newGBQR,5/23/2026,3,6/13/2026,Pediatrics,quantile,0.2,210
newGBQR,5/23/2026,3,6/13/2026,Pediatrics,quantile,0.25,222
newGBQR,5/23/2026,3,6/13/2026,Pediatrics,quantile,0.3,231
newGBQR,5/23/2026,3,6/13/2026,Pediatrics,quantile,0.35,245
newGBQR,5/23/2026,3,6/13/2026,Pediatrics,quantile,0.4,255
newGBQR,5/23/2026,3,6/13/2026,Pediatrics,quantile,0.45,276
newGBQR,5/23/2026,3,6/13/2026,Pediatrics,quantile,0.5,295
newGBQR,5/23/2026,3,6/13/2026,Pediatrics,quantile,0.55,310
newGBQR,5/23/2026,3,6/13/2026,Pediatrics,quantile,0.6,339
newGBQR,5/23/2026,3,6/13/2026,Pediatrics,quantile,0.65,357
newGBQR,5/23/2026,3,6/13/2026,Pediatrics,quantile,0.7,381
newGBQR,5/23/2026,3,6/13/2026,Pediatrics,quantile,0.75,403
newGBQR,5/23/2026,3,6/13/2026,Pediatrics,quantile,0.8,432
newGBQR,5/23/2026,3,6/13/2026,Pediatrics,quantile,0.85,458
newGBQR,5/23/2026,3,6/13/2026,Pediatrics,quantile,0.9,469
newGBQR,5/23/2026,3,6/13/2026,Pediatrics,quantile,0.95,491
newGBQR,5/23/2026,3,6/13/2026,Pediatrics,quantile,0.975,510
newGBQR,5/23/2026,3,6/13/2026,Pediatrics,quantile,0.99,515
Ensemble,5/23/2026,-2,5/9/2026,Adults,quantile,0.01,80
Ensemble,5/23/2026,-2,5/9/2026,Adults,quantile,0.025,86
Ensemble,5/23/2026,-2,5/9/2026,Adults,quantile,0.05,92
Ensemble,5/23/2026,-2,5/9/2026,Adults,quantile,0.1,100
Ensemble,5/23/2026,-2,5/9/2026,Adults,quantile,0.15,104
Ensemble,5/23/2026,-2,5/9/2026,Adults,quantile,0.2,107
Ensemble,5/23/2026,-2,5/9/2026,Adults,quantile,0.25,111
Ensemble,5/23/2026,-2,5/9/2026,Adults,quantile,0.3,114
Ensemble,5/23/2026,-2,5/9/2026,Adults,quantile,0.35,118
Ensemble,5/23/2026,-2,5/9/2026,Adults,quantile,0.4,121
Ensemble,5/23/2026,-2,5/9/2026,Adults,quantile,0.45,123
Ensemble,5/23/2026,-2,5/9/2026,Adults,quantile,0.5,126
Ensemble,5/23/2026,-2,5/9/2026,Adults,quantile,0.55,130
Ensemble,5/23/2026,-2,5/9/2026,Adults,quantile,0.6,133
Ensemble,5/23/2026,-2,5/9/2026,Adults,quantile,0.65,136
Ensemble,5/23/2026,-2,5/9/2026,Adults,quantile,0.7,140
Ensemble,5/23/2026,-2,5/9/2026,Adults,quantile,0.75,140
Ensemble,5/23/2026,-2,5/9/2026,Adults,quantile,0.8,141
Ensemble,5/23/2026,-2,5/9/2026,Adults,quantile,0.85,149
Ensemble,5/23/2026,-2,5/9/2026,Adults,quantile,0.9,161
Ensemble,5/23/2026,-2,5/9/2026,Adults,quantile,0.95,173
Ensemble,5/23/2026,-2,5/9/2026,Adults,quantile,0.975,183
Ensemble,5/23/2026,-2,5/9/2026,Adults,quantile,0.99,193
Ensemble,5/23/2026,-2,5/9/2026,Overall,quantile,0.01,242
Ensemble,5/23/2026,-2,5/9/2026,Overall,quantile,0.025,255
Ensemble,5/23/2026,-2,5/9/2026,Overall,quantile,0.05,267
Ensemble,5/23/2026,-2,5/9/2026,Overall,quantile,0.1,288
Ensemble,5/23/2026,-2,5/9/2026,Overall,quantile,0.15,296
Ensemble,5/23/2026,-2,5/9/2026,Overall,quantile,0.2,302
Ensemble,5/23/2026,-2,5/9/2026,Overall,quantile,0.25,308
Ensemble,5/23/2026,-2,5/9/2026,Overall,quantile,0.3,315
Ensemble,5/23/2026,-2,5/9/2026,Overall,quantile,0.35,321
Ensemble,5/23/2026,-2,5/9/2026,Overall,quantile,0.4,327
Ensemble,5/23/2026,-2,5/9/2026,Overall,quantile,0.45,333
Ensemble,5/23/2026,-2,5/9/2026,Overall,quantile,0.5,339
Ensemble,5/23/2026,-2,5/9/2026,Overall,quantile,0.55,345
Ensemble,5/23/2026,-2,5/9/2026,Overall,quantile,0.6,351
Ensemble,5/23/2026,-2,5/9/2026,Overall,quantile,0.65,358
Ensemble,5/23/2026,-2,5/9/2026,Overall,quantile,0.7,364
Ensemble,5/23/2026,-2,5/9/2026,Overall,quantile,0.75,372
Ensemble,5/23/2026,-2,5/9/2026,Overall,quantile,0.8,373
Ensemble,5/23/2026,-2,5/9/2026,Overall,quantile,0.85,386
Ensemble,5/23/2026,-2,5/9/2026,Overall,quantile,0.9,405
Ensemble,5/23/2026,-2,5/9/2026,Overall,quantile,0.95,426
Ensemble,5/23/2026,-2,5/9/2026,Overall,quantile,0.975,442
Ensemble,5/23/2026,-2,5/9/2026,Overall,quantile,0.99,463
Ensemble,5/23/2026,-2,5/9/2026,Pediatrics,quantile,0.01,140
Ensemble,5/23/2026,-2,5/9/2026,Pediatrics,quantile,0.025,149
Ensemble,5/23/2026,-2,5/9/2026,Pediatrics,quantile,0.05,159
Ensemble,5/23/2026,-2,5/9/2026,Pediatrics,quantile,0.1,177
Ensemble,5/23/2026,-2,5/9/2026,Pediatrics,quantile,0.15,186
Ensemble,5/23/2026,-2,5/9/2026,Pediatrics,quantile,0.2,192
Ensemble,5/23/2026,-2,5/9/2026,Pediatrics,quantile,0.25,195
Ensemble,5/23/2026,-2,5/9/2026,Pediatrics,quantile,0.3,198
Ensemble,5/23/2026,-2,5/9/2026,Pediatrics,quantile,0.35,201
Ensemble,5/23/2026,-2,5/9/2026,Pediatrics,quantile,0.4,204
Ensemble,5/23/2026,-2,5/9/2026,Pediatrics,quantile,0.45,207
Ensemble,5/23/2026,-2,5/9/2026,Pediatrics,quantile,0.5,211
Ensemble,5/23/2026,-2,5/9/2026,Pediatrics,quantile,0.55,215
Ensemble,5/23/2026,-2,5/9/2026,Pediatrics,quantile,0.6,220
Ensemble,5/23/2026,-2,5/9/2026,Pediatrics,quantile,0.65,225
Ensemble,5/23/2026,-2,5/9/2026,Pediatrics,quantile,0.7,230
Ensemble,5/23/2026,-2,5/9/2026,Pediatrics,quantile,0.75,236
Ensemble,5/23/2026,-2,5/9/2026,Pediatrics,quantile,0.8,243
Ensemble,5/23/2026,-2,5/9/2026,Pediatrics,quantile,0.85,251
Ensemble,5/23/2026,-2,5/9/2026,Pediatrics,quantile,0.9,261
Ensemble,5/23/2026,-2,5/9/2026,Pediatrics,quantile,0.95,276
Ensemble,5/23/2026,-2,5/9/2026,Pediatrics,quantile,0.975,291
Ensemble,5/23/2026,-2,5/9/2026,Pediatrics,quantile,0.99,309
Ensemble,5/23/2026,-1,5/16/2026,Adults,quantile,0.01,85
Ensemble,5/23/2026,-1,5/16/2026,Adults,quantile,0.025,92
Ensemble,5/23/2026,-1,5/16/2026,Adults,quantile,0.05,100
Ensemble,5/23/2026,-1,5/16/2026,Adults,quantile,0.1,108
Ensemble,5/23/2026,-1,5/16/2026,Adults,quantile,0.15,116
Ensemble,5/23/2026,-1,5/16/2026,Adults,quantile,0.2,122
Ensemble,5/23/2026,-1,5/16/2026,Adults,quantile,0.25,127
Ensemble,5/23/2026,-1,5/16/2026,Adults,quantile,0.3,131
Ensemble,5/23/2026,-1,5/16/2026,Adults,quantile,0.35,136
Ensemble,5/23/2026,-1,5/16/2026,Adults,quantile,0.4,140
Ensemble,5/23/2026,-1,5/16/2026,Adults,quantile,0.45,145
Ensemble,5/23/2026,-1,5/16/2026,Adults,quantile,0.5,149
Ensemble,5/23/2026,-1,5/16/2026,Adults,quantile,0.55,153
Ensemble,5/23/2026,-1,5/16/2026,Adults,quantile,0.6,158
Ensemble,5/23/2026,-1,5/16/2026,Adults,quantile,0.65,162
Ensemble,5/23/2026,-1,5/16/2026,Adults,quantile,0.7,164
Ensemble,5/23/2026,-1,5/16/2026,Adults,quantile,0.75,166
Ensemble,5/23/2026,-1,5/16/2026,Adults,quantile,0.8,166
Ensemble,5/23/2026,-1,5/16/2026,Adults,quantile,0.85,166
Ensemble,5/23/2026,-1,5/16/2026,Adults,quantile,0.9,175
Ensemble,5/23/2026,-1,5/16/2026,Adults,quantile,0.95,217
Ensemble,5/23/2026,-1,5/16/2026,Adults,quantile,0.975,234
Ensemble,5/23/2026,-1,5/16/2026,Adults,quantile,0.99,254
Ensemble,5/23/2026,-1,5/16/2026,Overall,quantile,0.01,256
Ensemble,5/23/2026,-1,5/16/2026,Overall,quantile,0.025,274
Ensemble,5/23/2026,-1,5/16/2026,Overall,quantile,0.05,290
Ensemble,5/23/2026,-1,5/16/2026,Overall,quantile,0.1,310
Ensemble,5/23/2026,-1,5/16/2026,Overall,quantile,0.15,321
Ensemble,5/23/2026,-1,5/16/2026,Overall,quantile,0.2,329
Ensemble,5/23/2026,-1,5/16/2026,Overall,quantile,0.25,337
Ensemble,5/23/2026,-1,5/16/2026,Overall,quantile,0.3,353
Ensemble,5/23/2026,-1,5/16/2026,Overall,quantile,0.35,359
Ensemble,5/23/2026,-1,5/16/2026,Overall,quantile,0.4,367
Ensemble,5/23/2026,-1,5/16/2026,Overall,quantile,0.45,378
Ensemble,5/23/2026,-1,5/16/2026,Overall,quantile,0.5,387
Ensemble,5/23/2026,-1,5/16/2026,Overall,quantile,0.55,399
Ensemble,5/23/2026,-1,5/16/2026,Overall,quantile,0.6,401
Ensemble,5/23/2026,-1,5/16/2026,Overall,quantile,0.65,401
Ensemble,5/23/2026,-1,5/16/2026,Overall,quantile,0.7,404
Ensemble,5/23/2026,-1,5/16/2026,Overall,quantile,0.75,405
Ensemble,5/23/2026,-1,5/16/2026,Overall,quantile,0.8,417
Ensemble,5/23/2026,-1,5/16/2026,Overall,quantile,0.85,431
Ensemble,5/23/2026,-1,5/16/2026,Overall,quantile,0.9,451
Ensemble,5/23/2026,-1,5/16/2026,Overall,quantile,0.95,479
Ensemble,5/23/2026,-1,5/16/2026,Overall,quantile,0.975,536
Ensemble,5/23/2026,-1,5/16/2026,Overall,quantile,0.99,610
Ensemble,5/23/2026,-1,5/16/2026,Pediatrics,quantile,0.01,142
Ensemble,5/23/2026,-1,5/16/2026,Pediatrics,quantile,0.025,157
Ensemble,5/23/2026,-1,5/16/2026,Pediatrics,quantile,0.05,169
Ensemble,5/23/2026,-1,5/16/2026,Pediatrics,quantile,0.1,184
Ensemble,5/23/2026,-1,5/16/2026,Pediatrics,quantile,0.15,195
Ensemble,5/23/2026,-1,5/16/2026,Pediatrics,quantile,0.2,207
Ensemble,5/23/2026,-1,5/16/2026,Pediatrics,quantile,0.25,215
Ensemble,5/23/2026,-1,5/16/2026,Pediatrics,quantile,0.3,220
Ensemble,5/23/2026,-1,5/16/2026,Pediatrics,quantile,0.35,225
Ensemble,5/23/2026,-1,5/16/2026,Pediatrics,quantile,0.4,231
Ensemble,5/23/2026,-1,5/16/2026,Pediatrics,quantile,0.45,237
Ensemble,5/23/2026,-1,5/16/2026,Pediatrics,quantile,0.5,244
Ensemble,5/23/2026,-1,5/16/2026,Pediatrics,quantile,0.55,250
Ensemble,5/23/2026,-1,5/16/2026,Pediatrics,quantile,0.6,258
Ensemble,5/23/2026,-1,5/16/2026,Pediatrics,quantile,0.65,265
Ensemble,5/23/2026,-1,5/16/2026,Pediatrics,quantile,0.7,273
Ensemble,5/23/2026,-1,5/16/2026,Pediatrics,quantile,0.75,283
Ensemble,5/23/2026,-1,5/16/2026,Pediatrics,quantile,0.8,293
Ensemble,5/23/2026,-1,5/16/2026,Pediatrics,quantile,0.85,303
Ensemble,5/23/2026,-1,5/16/2026,Pediatrics,quantile,0.9,308
Ensemble,5/23/2026,-1,5/16/2026,Pediatrics,quantile,0.95,317
Ensemble,5/23/2026,-1,5/16/2026,Pediatrics,quantile,0.975,359
Ensemble,5/23/2026,-1,5/16/2026,Pediatrics,quantile,0.99,396
Ensemble,5/23/2026,0,5/23/2026,Adults,quantile,0.01,92
Ensemble,5/23/2026,0,5/23/2026,Adults,quantile,0.025,102
Ensemble,5/23/2026,0,5/23/2026,Adults,quantile,0.05,109
Ensemble,5/23/2026,0,5/23/2026,Adults,quantile,0.1,118
Ensemble,5/23/2026,0,5/23/2026,Adults,quantile,0.15,122
Ensemble,5/23/2026,0,5/23/2026,Adults,quantile,0.2,133
Ensemble,5/23/2026,0,5/23/2026,Adults,quantile,0.25,142
Ensemble,5/23/2026,0,5/23/2026,Adults,quantile,0.3,152
Ensemble,5/23/2026,0,5/23/2026,Adults,quantile,0.35,157
Ensemble,5/23/2026,0,5/23/2026,Adults,quantile,0.4,165
Ensemble,5/23/2026,0,5/23/2026,Adults,quantile,0.45,174
Ensemble,5/23/2026,0,5/23/2026,Adults,quantile,0.5,180
Ensemble,5/23/2026,0,5/23/2026,Adults,quantile,0.55,187
Ensemble,5/23/2026,0,5/23/2026,Adults,quantile,0.6,193
Ensemble,5/23/2026,0,5/23/2026,Adults,quantile,0.65,201
Ensemble,5/23/2026,0,5/23/2026,Adults,quantile,0.7,209
Ensemble,5/23/2026,0,5/23/2026,Adults,quantile,0.75,217
Ensemble,5/23/2026,0,5/23/2026,Adults,quantile,0.8,222
Ensemble,5/23/2026,0,5/23/2026,Adults,quantile,0.85,233
Ensemble,5/23/2026,0,5/23/2026,Adults,quantile,0.9,244
Ensemble,5/23/2026,0,5/23/2026,Adults,quantile,0.95,244
Ensemble,5/23/2026,0,5/23/2026,Adults,quantile,0.975,296
Ensemble,5/23/2026,0,5/23/2026,Adults,quantile,0.99,333
Ensemble,5/23/2026,0,5/23/2026,Overall,quantile,0.01,284
Ensemble,5/23/2026,0,5/23/2026,Overall,quantile,0.025,302
Ensemble,5/23/2026,0,5/23/2026,Overall,quantile,0.05,317
Ensemble,5/23/2026,0,5/23/2026,Overall,quantile,0.1,337
Ensemble,5/23/2026,0,5/23/2026,Overall,quantile,0.15,350
Ensemble,5/23/2026,0,5/23/2026,Overall,quantile,0.2,359
Ensemble,5/23/2026,0,5/23/2026,Overall,quantile,0.25,368
Ensemble,5/23/2026,0,5/23/2026,Overall,quantile,0.3,377
Ensemble,5/23/2026,0,5/23/2026,Overall,quantile,0.35,388
Ensemble,5/23/2026,0,5/23/2026,Overall,quantile,0.4,395
Ensemble,5/23/2026,0,5/23/2026,Overall,quantile,0.45,417
Ensemble,5/23/2026,0,5/23/2026,Overall,quantile,0.5,420
Ensemble,5/23/2026,0,5/23/2026,Overall,quantile,0.55,435
Ensemble,5/23/2026,0,5/23/2026,Overall,quantile,0.6,442
Ensemble,5/23/2026,0,5/23/2026,Overall,quantile,0.65,448
Ensemble,5/23/2026,0,5/23/2026,Overall,quantile,0.7,460
Ensemble,5/23/2026,0,5/23/2026,Overall,quantile,0.75,475
Ensemble,5/23/2026,0,5/23/2026,Overall,quantile,0.8,494
Ensemble,5/23/2026,0,5/23/2026,Overall,quantile,0.85,512
Ensemble,5/23/2026,0,5/23/2026,Overall,quantile,0.9,542
Ensemble,5/23/2026,0,5/23/2026,Overall,quantile,0.95,583
Ensemble,5/23/2026,0,5/23/2026,Overall,quantile,0.975,611
Ensemble,5/23/2026,0,5/23/2026,Overall,quantile,0.99,661
Ensemble,5/23/2026,0,5/23/2026,Pediatrics,quantile,0.01,156
Ensemble,5/23/2026,0,5/23/2026,Pediatrics,quantile,0.025,173
Ensemble,5/23/2026,0,5/23/2026,Pediatrics,quantile,0.05,186
Ensemble,5/23/2026,0,5/23/2026,Pediatrics,quantile,0.1,207
Ensemble,5/23/2026,0,5/23/2026,Pediatrics,quantile,0.15,219
Ensemble,5/23/2026,0,5/23/2026,Pediatrics,quantile,0.2,226
Ensemble,5/23/2026,0,5/23/2026,Pediatrics,quantile,0.25,234
Ensemble,5/23/2026,0,5/23/2026,Pediatrics,quantile,0.3,242
Ensemble,5/23/2026,0,5/23/2026,Pediatrics,quantile,0.35,248
Ensemble,5/23/2026,0,5/23/2026,Pediatrics,quantile,0.4,254
Ensemble,5/23/2026,0,5/23/2026,Pediatrics,quantile,0.45,260
Ensemble,5/23/2026,0,5/23/2026,Pediatrics,quantile,0.5,274
Ensemble,5/23/2026,0,5/23/2026,Pediatrics,quantile,0.55,286
Ensemble,5/23/2026,0,5/23/2026,Pediatrics,quantile,0.6,296
Ensemble,5/23/2026,0,5/23/2026,Pediatrics,quantile,0.65,312
Ensemble,5/23/2026,0,5/23/2026,Pediatrics,quantile,0.7,326
Ensemble,5/23/2026,0,5/23/2026,Pediatrics,quantile,0.75,338
Ensemble,5/23/2026,0,5/23/2026,Pediatrics,quantile,0.8,350
Ensemble,5/23/2026,0,5/23/2026,Pediatrics,quantile,0.85,367
Ensemble,5/23/2026,0,5/23/2026,Pediatrics,quantile,0.9,376
Ensemble,5/23/2026,0,5/23/2026,Pediatrics,quantile,0.95,380
Ensemble,5/23/2026,0,5/23/2026,Pediatrics,quantile,0.975,401
Ensemble,5/23/2026,0,5/23/2026,Pediatrics,quantile,0.99,427
Ensemble,5/23/2026,1,5/30/2026,Adults,quantile,0.01,101
Ensemble,5/23/2026,1,5/30/2026,Adults,quantile,0.025,110
Ensemble,5/23/2026,1,5/30/2026,Adults,quantile,0.05,117
Ensemble,5/23/2026,1,5/30/2026,Adults,quantile,0.1,125
Ensemble,5/23/2026,1,5/30/2026,Adults,quantile,0.15,131
Ensemble,5/23/2026,1,5/30/2026,Adults,quantile,0.2,138
Ensemble,5/23/2026,1,5/30/2026,Adults,quantile,0.25,147
Ensemble,5/23/2026,1,5/30/2026,Adults,quantile,0.3,159
Ensemble,5/23/2026,1,5/30/2026,Adults,quantile,0.35,170
Ensemble,5/23/2026,1,5/30/2026,Adults,quantile,0.4,180
Ensemble,5/23/2026,1,5/30/2026,Adults,quantile,0.45,188
Ensemble,5/23/2026,1,5/30/2026,Adults,quantile,0.5,197
Ensemble,5/23/2026,1,5/30/2026,Adults,quantile,0.55,209
Ensemble,5/23/2026,1,5/30/2026,Adults,quantile,0.6,224
Ensemble,5/23/2026,1,5/30/2026,Adults,quantile,0.65,242
Ensemble,5/23/2026,1,5/30/2026,Adults,quantile,0.7,252
Ensemble,5/23/2026,1,5/30/2026,Adults,quantile,0.75,264
Ensemble,5/23/2026,1,5/30/2026,Adults,quantile,0.8,279
Ensemble,5/23/2026,1,5/30/2026,Adults,quantile,0.85,296
Ensemble,5/23/2026,1,5/30/2026,Adults,quantile,0.9,318
Ensemble,5/23/2026,1,5/30/2026,Adults,quantile,0.95,343
Ensemble,5/23/2026,1,5/30/2026,Adults,quantile,0.975,360
Ensemble,5/23/2026,1,5/30/2026,Adults,quantile,0.99,394
Ensemble,5/23/2026,1,5/30/2026,Overall,quantile,0.01,293
Ensemble,5/23/2026,1,5/30/2026,Overall,quantile,0.025,318
Ensemble,5/23/2026,1,5/30/2026,Overall,quantile,0.05,338
Ensemble,5/23/2026,1,5/30/2026,Overall,quantile,0.1,357
Ensemble,5/23/2026,1,5/30/2026,Overall,quantile,0.15,373
Ensemble,5/23/2026,1,5/30/2026,Overall,quantile,0.2,391
Ensemble,5/23/2026,1,5/30/2026,Overall,quantile,0.25,403
Ensemble,5/23/2026,1,5/30/2026,Overall,quantile,0.3,415
Ensemble,5/23/2026,1,5/30/2026,Overall,quantile,0.35,429
Ensemble,5/23/2026,1,5/30/2026,Overall,quantile,0.4,440
Ensemble,5/23/2026,1,5/30/2026,Overall,quantile,0.45,454
Ensemble,5/23/2026,1,5/30/2026,Overall,quantile,0.5,462
Ensemble,5/23/2026,1,5/30/2026,Overall,quantile,0.55,473
Ensemble,5/23/2026,1,5/30/2026,Overall,quantile,0.6,496
Ensemble,5/23/2026,1,5/30/2026,Overall,quantile,0.65,548
Ensemble,5/23/2026,1,5/30/2026,Overall,quantile,0.7,571
Ensemble,5/23/2026,1,5/30/2026,Overall,quantile,0.75,599
Ensemble,5/23/2026,1,5/30/2026,Overall,quantile,0.8,599
Ensemble,5/23/2026,1,5/30/2026,Overall,quantile,0.85,605
Ensemble,5/23/2026,1,5/30/2026,Overall,quantile,0.9,650
Ensemble,5/23/2026,1,5/30/2026,Overall,quantile,0.95,696
Ensemble,5/23/2026,1,5/30/2026,Overall,quantile,0.975,737
Ensemble,5/23/2026,1,5/30/2026,Overall,quantile,0.99,806
Ensemble,5/23/2026,1,5/30/2026,Pediatrics,quantile,0.01,173
Ensemble,5/23/2026,1,5/30/2026,Pediatrics,quantile,0.025,191
Ensemble,5/23/2026,1,5/30/2026,Pediatrics,quantile,0.05,206
Ensemble,5/23/2026,1,5/30/2026,Pediatrics,quantile,0.1,224
Ensemble,5/23/2026,1,5/30/2026,Pediatrics,quantile,0.15,234
Ensemble,5/23/2026,1,5/30/2026,Pediatrics,quantile,0.2,242
Ensemble,5/23/2026,1,5/30/2026,Pediatrics,quantile,0.25,252
Ensemble,5/23/2026,1,5/30/2026,Pediatrics,quantile,0.3,262
Ensemble,5/23/2026,1,5/30/2026,Pediatrics,quantile,0.35,271
Ensemble,5/23/2026,1,5/30/2026,Pediatrics,quantile,0.4,282
Ensemble,5/23/2026,1,5/30/2026,Pediatrics,quantile,0.45,292
Ensemble,5/23/2026,1,5/30/2026,Pediatrics,quantile,0.5,301
Ensemble,5/23/2026,1,5/30/2026,Pediatrics,quantile,0.55,310
Ensemble,5/23/2026,1,5/30/2026,Pediatrics,quantile,0.6,323
Ensemble,5/23/2026,1,5/30/2026,Pediatrics,quantile,0.65,338
Ensemble,5/23/2026,1,5/30/2026,Pediatrics,quantile,0.7,358
Ensemble,5/23/2026,1,5/30/2026,Pediatrics,quantile,0.75,372
Ensemble,5/23/2026,1,5/30/2026,Pediatrics,quantile,0.8,388
Ensemble,5/23/2026,1,5/30/2026,Pediatrics,quantile,0.85,413
Ensemble,5/23/2026,1,5/30/2026,Pediatrics,quantile,0.9,437
Ensemble,5/23/2026,1,5/30/2026,Pediatrics,quantile,0.95,456
Ensemble,5/23/2026,1,5/30/2026,Pediatrics,quantile,0.975,492
Ensemble,5/23/2026,1,5/30/2026,Pediatrics,quantile,0.99,517
Ensemble,5/23/2026,2,6/6/2026,Adults,quantile,0.01,100
Ensemble,5/23/2026,2,6/6/2026,Adults,quantile,0.025,110
Ensemble,5/23/2026,2,6/6/2026,Adults,quantile,0.05,118
Ensemble,5/23/2026,2,6/6/2026,Adults,quantile,0.1,128
Ensemble,5/23/2026,2,6/6/2026,Adults,quantile,0.15,135
Ensemble,5/23/2026,2,6/6/2026,Adults,quantile,0.2,144
Ensemble,5/23/2026,2,6/6/2026,Adults,quantile,0.25,152
Ensemble,5/23/2026,2,6/6/2026,Adults,quantile,0.3,161
Ensemble,5/23/2026,2,6/6/2026,Adults,quantile,0.35,173
Ensemble,5/23/2026,2,6/6/2026,Adults,quantile,0.4,185
Ensemble,5/23/2026,2,6/6/2026,Adults,quantile,0.45,198
Ensemble,5/23/2026,2,6/6/2026,Adults,quantile,0.5,211
Ensemble,5/23/2026,2,6/6/2026,Adults,quantile,0.55,225
Ensemble,5/23/2026,2,6/6/2026,Adults,quantile,0.6,240
Ensemble,5/23/2026,2,6/6/2026,Adults,quantile,0.65,262
Ensemble,5/23/2026,2,6/6/2026,Adults,quantile,0.7,287
Ensemble,5/23/2026,2,6/6/2026,Adults,quantile,0.75,318
Ensemble,5/23/2026,2,6/6/2026,Adults,quantile,0.8,335
Ensemble,5/23/2026,2,6/6/2026,Adults,quantile,0.85,356
Ensemble,5/23/2026,2,6/6/2026,Adults,quantile,0.9,385
Ensemble,5/23/2026,2,6/6/2026,Adults,quantile,0.95,402
Ensemble,5/23/2026,2,6/6/2026,Adults,quantile,0.975,409
Ensemble,5/23/2026,2,6/6/2026,Adults,quantile,0.99,418
Ensemble,5/23/2026,2,6/6/2026,Overall,quantile,0.01,300
Ensemble,5/23/2026,2,6/6/2026,Overall,quantile,0.025,323
Ensemble,5/23/2026,2,6/6/2026,Overall,quantile,0.05,344
Ensemble,5/23/2026,2,6/6/2026,Overall,quantile,0.1,372
Ensemble,5/23/2026,2,6/6/2026,Overall,quantile,0.15,392
Ensemble,5/23/2026,2,6/6/2026,Overall,quantile,0.2,412
Ensemble,5/23/2026,2,6/6/2026,Overall,quantile,0.25,430
Ensemble,5/23/2026,2,6/6/2026,Overall,quantile,0.3,449
Ensemble,5/23/2026,2,6/6/2026,Overall,quantile,0.35,466
Ensemble,5/23/2026,2,6/6/2026,Overall,quantile,0.4,482
Ensemble,5/23/2026,2,6/6/2026,Overall,quantile,0.45,499
Ensemble,5/23/2026,2,6/6/2026,Overall,quantile,0.5,516
Ensemble,5/23/2026,2,6/6/2026,Overall,quantile,0.55,533
Ensemble,5/23/2026,2,6/6/2026,Overall,quantile,0.6,549
Ensemble,5/23/2026,2,6/6/2026,Overall,quantile,0.65,572
Ensemble,5/23/2026,2,6/6/2026,Overall,quantile,0.7,619
Ensemble,5/23/2026,2,6/6/2026,Overall,quantile,0.75,651
Ensemble,5/23/2026,2,6/6/2026,Overall,quantile,0.8,652
Ensemble,5/23/2026,2,6/6/2026,Overall,quantile,0.85,692
Ensemble,5/23/2026,2,6/6/2026,Overall,quantile,0.9,742
Ensemble,5/23/2026,2,6/6/2026,Overall,quantile,0.95,822
Ensemble,5/23/2026,2,6/6/2026,Overall,quantile,0.975,898
Ensemble,5/23/2026,2,6/6/2026,Overall,quantile,0.99,990
Ensemble,5/23/2026,2,6/6/2026,Pediatrics,quantile,0.01,180
Ensemble,5/23/2026,2,6/6/2026,Pediatrics,quantile,0.025,196
Ensemble,5/23/2026,2,6/6/2026,Pediatrics,quantile,0.05,211
Ensemble,5/23/2026,2,6/6/2026,Pediatrics,quantile,0.1,233
Ensemble,5/23/2026,2,6/6/2026,Pediatrics,quantile,0.15,249
Ensemble,5/23/2026,2,6/6/2026,Pediatrics,quantile,0.2,262
Ensemble,5/23/2026,2,6/6/2026,Pediatrics,quantile,0.25,273
Ensemble,5/23/2026,2,6/6/2026,Pediatrics,quantile,0.3,285
Ensemble,5/23/2026,2,6/6/2026,Pediatrics,quantile,0.35,297
Ensemble,5/23/2026,2,6/6/2026,Pediatrics,quantile,0.4,308
Ensemble,5/23/2026,2,6/6/2026,Pediatrics,quantile,0.45,321
Ensemble,5/23/2026,2,6/6/2026,Pediatrics,quantile,0.5,334
Ensemble,5/23/2026,2,6/6/2026,Pediatrics,quantile,0.55,346
Ensemble,5/23/2026,2,6/6/2026,Pediatrics,quantile,0.6,359
Ensemble,5/23/2026,2,6/6/2026,Pediatrics,quantile,0.65,375
Ensemble,5/23/2026,2,6/6/2026,Pediatrics,quantile,0.7,389
Ensemble,5/23/2026,2,6/6/2026,Pediatrics,quantile,0.75,407
Ensemble,5/23/2026,2,6/6/2026,Pediatrics,quantile,0.8,430
Ensemble,5/23/2026,2,6/6/2026,Pediatrics,quantile,0.85,457
Ensemble,5/23/2026,2,6/6/2026,Pediatrics,quantile,0.9,492
Ensemble,5/23/2026,2,6/6/2026,Pediatrics,quantile,0.95,535
Ensemble,5/23/2026,2,6/6/2026,Pediatrics,quantile,0.975,573
Ensemble,5/23/2026,2,6/6/2026,Pediatrics,quantile,0.99,620
Ensemble,5/23/2026,3,6/13/2026,Adults,quantile,0.01,96
Ensemble,5/23/2026,3,6/13/2026,Adults,quantile,0.025,108
Ensemble,5/23/2026,3,6/13/2026,Adults,quantile,0.05,120
Ensemble,5/23/2026,3,6/13/2026,Adults,quantile,0.1,128
Ensemble,5/23/2026,3,6/13/2026,Adults,quantile,0.15,140
Ensemble,5/23/2026,3,6/13/2026,Adults,quantile,0.2,152
Ensemble,5/23/2026,3,6/13/2026,Adults,quantile,0.25,161
Ensemble,5/23/2026,3,6/13/2026,Adults,quantile,0.3,172
Ensemble,5/23/2026,3,6/13/2026,Adults,quantile,0.35,181
Ensemble,5/23/2026,3,6/13/2026,Adults,quantile,0.4,190
Ensemble,5/23/2026,3,6/13/2026,Adults,quantile,0.45,204
Ensemble,5/23/2026,3,6/13/2026,Adults,quantile,0.5,220
Ensemble,5/23/2026,3,6/13/2026,Adults,quantile,0.55,235
Ensemble,5/23/2026,3,6/13/2026,Adults,quantile,0.6,250
Ensemble,5/23/2026,3,6/13/2026,Adults,quantile,0.65,271
Ensemble,5/23/2026,3,6/13/2026,Adults,quantile,0.7,288
Ensemble,5/23/2026,3,6/13/2026,Adults,quantile,0.75,336
Ensemble,5/23/2026,3,6/13/2026,Adults,quantile,0.8,364
Ensemble,5/23/2026,3,6/13/2026,Adults,quantile,0.85,411
Ensemble,5/23/2026,3,6/13/2026,Adults,quantile,0.9,452
Ensemble,5/23/2026,3,6/13/2026,Adults,quantile,0.95,483
Ensemble,5/23/2026,3,6/13/2026,Adults,quantile,0.975,511
Ensemble,5/23/2026,3,6/13/2026,Adults,quantile,0.99,531
Ensemble,5/23/2026,3,6/13/2026,Overall,quantile,0.01,294
Ensemble,5/23/2026,3,6/13/2026,Overall,quantile,0.025,317
Ensemble,5/23/2026,3,6/13/2026,Overall,quantile,0.05,339
Ensemble,5/23/2026,3,6/13/2026,Overall,quantile,0.1,372
Ensemble,5/23/2026,3,6/13/2026,Overall,quantile,0.15,403
Ensemble,5/23/2026,3,6/13/2026,Overall,quantile,0.2,424
Ensemble,5/23/2026,3,6/13/2026,Overall,quantile,0.25,453
Ensemble,5/23/2026,3,6/13/2026,Overall,quantile,0.3,473
Ensemble,5/23/2026,3,6/13/2026,Overall,quantile,0.35,497
Ensemble,5/23/2026,3,6/13/2026,Overall,quantile,0.4,520
Ensemble,5/23/2026,3,6/13/2026,Overall,quantile,0.45,539
Ensemble,5/23/2026,3,6/13/2026,Overall,quantile,0.5,562
Ensemble,5/23/2026,3,6/13/2026,Overall,quantile,0.55,584
Ensemble,5/23/2026,3,6/13/2026,Overall,quantile,0.6,598
Ensemble,5/23/2026,3,6/13/2026,Overall,quantile,0.65,622
Ensemble,5/23/2026,3,6/13/2026,Overall,quantile,0.7,650
Ensemble,5/23/2026,3,6/13/2026,Overall,quantile,0.75,703
Ensemble,5/23/2026,3,6/13/2026,Overall,quantile,0.8,725
Ensemble,5/23/2026,3,6/13/2026,Overall,quantile,0.85,768
Ensemble,5/23/2026,3,6/13/2026,Overall,quantile,0.9,844
Ensemble,5/23/2026,3,6/13/2026,Overall,quantile,0.95,953
Ensemble,5/23/2026,3,6/13/2026,Overall,quantile,0.975,1049
Ensemble,5/23/2026,3,6/13/2026,Overall,quantile,0.99,1162
Ensemble,5/23/2026,3,6/13/2026,Pediatrics,quantile,0.01,178
Ensemble,5/23/2026,3,6/13/2026,Pediatrics,quantile,0.025,196
Ensemble,5/23/2026,3,6/13/2026,Pediatrics,quantile,0.05,211
Ensemble,5/23/2026,3,6/13/2026,Pediatrics,quantile,0.1,235
Ensemble,5/23/2026,3,6/13/2026,Pediatrics,quantile,0.15,255
Ensemble,5/23/2026,3,6/13/2026,Pediatrics,quantile,0.2,271
Ensemble,5/23/2026,3,6/13/2026,Pediatrics,quantile,0.25,284
Ensemble,5/23/2026,3,6/13/2026,Pediatrics,quantile,0.3,298
Ensemble,5/23/2026,3,6/13/2026,Pediatrics,quantile,0.35,314
Ensemble,5/23/2026,3,6/13/2026,Pediatrics,quantile,0.4,333
Ensemble,5/23/2026,3,6/13/2026,Pediatrics,quantile,0.45,351
Ensemble,5/23/2026,3,6/13/2026,Pediatrics,quantile,0.5,364
Ensemble,5/23/2026,3,6/13/2026,Pediatrics,quantile,0.55,380
Ensemble,5/23/2026,3,6/13/2026,Pediatrics,quantile,0.6,396
Ensemble,5/23/2026,3,6/13/2026,Pediatrics,quantile,0.65,413
Ensemble,5/23/2026,3,6/13/2026,Pediatrics,quantile,0.7,436
Ensemble,5/23/2026,3,6/13/2026,Pediatrics,quantile,0.75,457
Ensemble,5/23/2026,3,6/13/2026,Pediatrics,quantile,0.8,479
Ensemble,5/23/2026,3,6/13/2026,Pediatrics,quantile,0.85,508
Ensemble,5/23/2026,3,6/13/2026,Pediatrics,quantile,0.9,552
Ensemble,5/23/2026,3,6/13/2026,Pediatrics,quantile,0.95,611
Ensemble,5/23/2026,3,6/13/2026,Pediatrics,quantile,0.975,664
Ensemble,5/23/2026,3,6/13/2026,Pediatrics,quantile,0.99,748
