"model","reference_date","horizon","target_end_date","target_group","output_type","output_type_id","value"
"Regular Baseline","2026-06-13",-5,"2026-05-09","Adults","quantile","0.01",45
"Regular Baseline","2026-06-13",-5,"2026-05-09","Adults","quantile","0.025",55
"Regular Baseline","2026-06-13",-5,"2026-05-09","Adults","quantile","0.05",66
"Regular Baseline","2026-06-13",-5,"2026-05-09","Adults","quantile","0.1",77
"Regular Baseline","2026-06-13",-5,"2026-05-09","Adults","quantile","0.15",80
"Regular Baseline","2026-06-13",-5,"2026-05-09","Adults","quantile","0.2",87
"Regular Baseline","2026-06-13",-5,"2026-05-09","Adults","quantile","0.25",91
"Regular Baseline","2026-06-13",-5,"2026-05-09","Adults","quantile","0.3",94
"Regular Baseline","2026-06-13",-5,"2026-05-09","Adults","quantile","0.35",98
"Regular Baseline","2026-06-13",-5,"2026-05-09","Adults","quantile","0.4",101
"Regular Baseline","2026-06-13",-5,"2026-05-09","Adults","quantile","0.45",103
"Regular Baseline","2026-06-13",-5,"2026-05-09","Adults","quantile","0.5",106
"Regular Baseline","2026-06-13",-5,"2026-05-09","Adults","quantile","0.55",109
"Regular Baseline","2026-06-13",-5,"2026-05-09","Adults","quantile","0.6",111
"Regular Baseline","2026-06-13",-5,"2026-05-09","Adults","quantile","0.65",115
"Regular Baseline","2026-06-13",-5,"2026-05-09","Adults","quantile","0.7",119
"Regular Baseline","2026-06-13",-5,"2026-05-09","Adults","quantile","0.75",122
"Regular Baseline","2026-06-13",-5,"2026-05-09","Adults","quantile","0.8",127
"Regular Baseline","2026-06-13",-5,"2026-05-09","Adults","quantile","0.85",135
"Regular Baseline","2026-06-13",-5,"2026-05-09","Adults","quantile","0.9",140
"Regular Baseline","2026-06-13",-5,"2026-05-09","Adults","quantile","0.95",156
"Regular Baseline","2026-06-13",-5,"2026-05-09","Adults","quantile","0.975",173
"Regular Baseline","2026-06-13",-5,"2026-05-09","Adults","quantile","0.99",191
"Regular Baseline","2026-06-13",-4,"2026-05-16","Adults","quantile","0.01",29
"Regular Baseline","2026-06-13",-4,"2026-05-16","Adults","quantile","0.025",39
"Regular Baseline","2026-06-13",-4,"2026-05-16","Adults","quantile","0.05",51
"Regular Baseline","2026-06-13",-4,"2026-05-16","Adults","quantile","0.1",63
"Regular Baseline","2026-06-13",-4,"2026-05-16","Adults","quantile","0.15",70
"Regular Baseline","2026-06-13",-4,"2026-05-16","Adults","quantile","0.2",77
"Regular Baseline","2026-06-13",-4,"2026-05-16","Adults","quantile","0.25",83
"Regular Baseline","2026-06-13",-4,"2026-05-16","Adults","quantile","0.3",88
"Regular Baseline","2026-06-13",-4,"2026-05-16","Adults","quantile","0.35",92
"Regular Baseline","2026-06-13",-4,"2026-05-16","Adults","quantile","0.4",97
"Regular Baseline","2026-06-13",-4,"2026-05-16","Adults","quantile","0.45",102
"Regular Baseline","2026-06-13",-4,"2026-05-16","Adults","quantile","0.5",106
"Regular Baseline","2026-06-13",-4,"2026-05-16","Adults","quantile","0.55",110
"Regular Baseline","2026-06-13",-4,"2026-05-16","Adults","quantile","0.6",115
"Regular Baseline","2026-06-13",-4,"2026-05-16","Adults","quantile","0.65",120
"Regular Baseline","2026-06-13",-4,"2026-05-16","Adults","quantile","0.7",125
"Regular Baseline","2026-06-13",-4,"2026-05-16","Adults","quantile","0.75",132
"Regular Baseline","2026-06-13",-4,"2026-05-16","Adults","quantile","0.8",139
"Regular Baseline","2026-06-13",-4,"2026-05-16","Adults","quantile","0.85",148
"Regular Baseline","2026-06-13",-4,"2026-05-16","Adults","quantile","0.9",160
"Regular Baseline","2026-06-13",-4,"2026-05-16","Adults","quantile","0.95",179
"Regular Baseline","2026-06-13",-4,"2026-05-16","Adults","quantile","0.975",200
"Regular Baseline","2026-06-13",-4,"2026-05-16","Adults","quantile","0.99",230
"Regular Baseline","2026-06-13",-3,"2026-05-23","Adults","quantile","0.01",20
"Regular Baseline","2026-06-13",-3,"2026-05-23","Adults","quantile","0.025",30
"Regular Baseline","2026-06-13",-3,"2026-05-23","Adults","quantile","0.05",40
"Regular Baseline","2026-06-13",-3,"2026-05-23","Adults","quantile","0.1",54
"Regular Baseline","2026-06-13",-3,"2026-05-23","Adults","quantile","0.15",63
"Regular Baseline","2026-06-13",-3,"2026-05-23","Adults","quantile","0.2",71
"Regular Baseline","2026-06-13",-3,"2026-05-23","Adults","quantile","0.25",78
"Regular Baseline","2026-06-13",-3,"2026-05-23","Adults","quantile","0.3",84
"Regular Baseline","2026-06-13",-3,"2026-05-23","Adults","quantile","0.35",89
"Regular Baseline","2026-06-13",-3,"2026-05-23","Adults","quantile","0.4",95
"Regular Baseline","2026-06-13",-3,"2026-05-23","Adults","quantile","0.45",100
"Regular Baseline","2026-06-13",-3,"2026-05-23","Adults","quantile","0.5",106
"Regular Baseline","2026-06-13",-3,"2026-05-23","Adults","quantile","0.55",112
"Regular Baseline","2026-06-13",-3,"2026-05-23","Adults","quantile","0.6",118
"Regular Baseline","2026-06-13",-3,"2026-05-23","Adults","quantile","0.65",124
"Regular Baseline","2026-06-13",-3,"2026-05-23","Adults","quantile","0.7",131
"Regular Baseline","2026-06-13",-3,"2026-05-23","Adults","quantile","0.75",139
"Regular Baseline","2026-06-13",-3,"2026-05-23","Adults","quantile","0.8",148
"Regular Baseline","2026-06-13",-3,"2026-05-23","Adults","quantile","0.85",160
"Regular Baseline","2026-06-13",-3,"2026-05-23","Adults","quantile","0.9",175
"Regular Baseline","2026-06-13",-3,"2026-05-23","Adults","quantile","0.95",200
"Regular Baseline","2026-06-13",-3,"2026-05-23","Adults","quantile","0.975",228
"Regular Baseline","2026-06-13",-3,"2026-05-23","Adults","quantile","0.99",255
"Regular Baseline","2026-06-13",-2,"2026-05-30","Adults","quantile","0.01",14
"Regular Baseline","2026-06-13",-2,"2026-05-30","Adults","quantile","0.025",23
"Regular Baseline","2026-06-13",-2,"2026-05-30","Adults","quantile","0.05",33
"Regular Baseline","2026-06-13",-2,"2026-05-30","Adults","quantile","0.1",46
"Regular Baseline","2026-06-13",-2,"2026-05-30","Adults","quantile","0.15",56
"Regular Baseline","2026-06-13",-2,"2026-05-30","Adults","quantile","0.2",64
"Regular Baseline","2026-06-13",-2,"2026-05-30","Adults","quantile","0.25",72
"Regular Baseline","2026-06-13",-2,"2026-05-30","Adults","quantile","0.3",79
"Regular Baseline","2026-06-13",-2,"2026-05-30","Adults","quantile","0.35",86
"Regular Baseline","2026-06-13",-2,"2026-05-30","Adults","quantile","0.4",93
"Regular Baseline","2026-06-13",-2,"2026-05-30","Adults","quantile","0.45",99
"Regular Baseline","2026-06-13",-2,"2026-05-30","Adults","quantile","0.5",106
"Regular Baseline","2026-06-13",-2,"2026-05-30","Adults","quantile","0.55",112
"Regular Baseline","2026-06-13",-2,"2026-05-30","Adults","quantile","0.6",119
"Regular Baseline","2026-06-13",-2,"2026-05-30","Adults","quantile","0.65",127
"Regular Baseline","2026-06-13",-2,"2026-05-30","Adults","quantile","0.7",135
"Regular Baseline","2026-06-13",-2,"2026-05-30","Adults","quantile","0.75",144
"Regular Baseline","2026-06-13",-2,"2026-05-30","Adults","quantile","0.8",155
"Regular Baseline","2026-06-13",-2,"2026-05-30","Adults","quantile","0.85",168
"Regular Baseline","2026-06-13",-2,"2026-05-30","Adults","quantile","0.9",186
"Regular Baseline","2026-06-13",-2,"2026-05-30","Adults","quantile","0.95",216
"Regular Baseline","2026-06-13",-2,"2026-05-30","Adults","quantile","0.975",243
"Regular Baseline","2026-06-13",-2,"2026-05-30","Adults","quantile","0.99",277
"Regular Baseline","2026-06-13",-1,"2026-06-06","Adults","quantile","0.01",10
"Regular Baseline","2026-06-13",-1,"2026-06-06","Adults","quantile","0.025",19
"Regular Baseline","2026-06-13",-1,"2026-06-06","Adults","quantile","0.05",28
"Regular Baseline","2026-06-13",-1,"2026-06-06","Adults","quantile","0.1",42
"Regular Baseline","2026-06-13",-1,"2026-06-06","Adults","quantile","0.15",51
"Regular Baseline","2026-06-13",-1,"2026-06-06","Adults","quantile","0.2",61
"Regular Baseline","2026-06-13",-1,"2026-06-06","Adults","quantile","0.25",69
"Regular Baseline","2026-06-13",-1,"2026-06-06","Adults","quantile","0.3",76
"Regular Baseline","2026-06-13",-1,"2026-06-06","Adults","quantile","0.35",85
"Regular Baseline","2026-06-13",-1,"2026-06-06","Adults","quantile","0.4",92
"Regular Baseline","2026-06-13",-1,"2026-06-06","Adults","quantile","0.45",99
"Regular Baseline","2026-06-13",-1,"2026-06-06","Adults","quantile","0.5",106
"Regular Baseline","2026-06-13",-1,"2026-06-06","Adults","quantile","0.55",114
"Regular Baseline","2026-06-13",-1,"2026-06-06","Adults","quantile","0.6",121
"Regular Baseline","2026-06-13",-1,"2026-06-06","Adults","quantile","0.65",130
"Regular Baseline","2026-06-13",-1,"2026-06-06","Adults","quantile","0.7",140
"Regular Baseline","2026-06-13",-1,"2026-06-06","Adults","quantile","0.75",150
"Regular Baseline","2026-06-13",-1,"2026-06-06","Adults","quantile","0.8",163
"Regular Baseline","2026-06-13",-1,"2026-06-06","Adults","quantile","0.85",179
"Regular Baseline","2026-06-13",-1,"2026-06-06","Adults","quantile","0.9",200
"Regular Baseline","2026-06-13",-1,"2026-06-06","Adults","quantile","0.95",235
"Regular Baseline","2026-06-13",-1,"2026-06-06","Adults","quantile","0.975",266
"Regular Baseline","2026-06-13",-1,"2026-06-06","Adults","quantile","0.99",311
"Regular Baseline","2026-06-13",0,"2026-06-13","Adults","quantile","0.01",5
"Regular Baseline","2026-06-13",0,"2026-06-13","Adults","quantile","0.025",13
"Regular Baseline","2026-06-13",0,"2026-06-13","Adults","quantile","0.05",23
"Regular Baseline","2026-06-13",0,"2026-06-13","Adults","quantile","0.1",38
"Regular Baseline","2026-06-13",0,"2026-06-13","Adults","quantile","0.15",48
"Regular Baseline","2026-06-13",0,"2026-06-13","Adults","quantile","0.2",56
"Regular Baseline","2026-06-13",0,"2026-06-13","Adults","quantile","0.25",65
"Regular Baseline","2026-06-13",0,"2026-06-13","Adults","quantile","0.3",74
"Regular Baseline","2026-06-13",0,"2026-06-13","Adults","quantile","0.35",82
"Regular Baseline","2026-06-13",0,"2026-06-13","Adults","quantile","0.4",90
"Regular Baseline","2026-06-13",0,"2026-06-13","Adults","quantile","0.45",98
"Regular Baseline","2026-06-13",0,"2026-06-13","Adults","quantile","0.5",106
"Regular Baseline","2026-06-13",0,"2026-06-13","Adults","quantile","0.55",114
"Regular Baseline","2026-06-13",0,"2026-06-13","Adults","quantile","0.6",123
"Regular Baseline","2026-06-13",0,"2026-06-13","Adults","quantile","0.65",132
"Regular Baseline","2026-06-13",0,"2026-06-13","Adults","quantile","0.7",142
"Regular Baseline","2026-06-13",0,"2026-06-13","Adults","quantile","0.75",155
"Regular Baseline","2026-06-13",0,"2026-06-13","Adults","quantile","0.8",169
"Regular Baseline","2026-06-13",0,"2026-06-13","Adults","quantile","0.85",186
"Regular Baseline","2026-06-13",0,"2026-06-13","Adults","quantile","0.9",208
"Regular Baseline","2026-06-13",0,"2026-06-13","Adults","quantile","0.95",245
"Regular Baseline","2026-06-13",0,"2026-06-13","Adults","quantile","0.975",283
"Regular Baseline","2026-06-13",0,"2026-06-13","Adults","quantile","0.99",333
"Regular Baseline","2026-06-13",1,"2026-06-20","Adults","quantile","0.01",2
"Regular Baseline","2026-06-13",1,"2026-06-20","Adults","quantile","0.025",9
"Regular Baseline","2026-06-13",1,"2026-06-20","Adults","quantile","0.05",19
"Regular Baseline","2026-06-13",1,"2026-06-20","Adults","quantile","0.1",33
"Regular Baseline","2026-06-13",1,"2026-06-20","Adults","quantile","0.15",44
"Regular Baseline","2026-06-13",1,"2026-06-20","Adults","quantile","0.2",54
"Regular Baseline","2026-06-13",1,"2026-06-20","Adults","quantile","0.25",63
"Regular Baseline","2026-06-13",1,"2026-06-20","Adults","quantile","0.3",72
"Regular Baseline","2026-06-13",1,"2026-06-20","Adults","quantile","0.35",80
"Regular Baseline","2026-06-13",1,"2026-06-20","Adults","quantile","0.4",89
"Regular Baseline","2026-06-13",1,"2026-06-20","Adults","quantile","0.45",97
"Regular Baseline","2026-06-13",1,"2026-06-20","Adults","quantile","0.5",106
"Regular Baseline","2026-06-13",1,"2026-06-20","Adults","quantile","0.55",115
"Regular Baseline","2026-06-13",1,"2026-06-20","Adults","quantile","0.6",125
"Regular Baseline","2026-06-13",1,"2026-06-20","Adults","quantile","0.65",136
"Regular Baseline","2026-06-13",1,"2026-06-20","Adults","quantile","0.7",148
"Regular Baseline","2026-06-13",1,"2026-06-20","Adults","quantile","0.75",161
"Regular Baseline","2026-06-13",1,"2026-06-20","Adults","quantile","0.8",176
"Regular Baseline","2026-06-13",1,"2026-06-20","Adults","quantile","0.85",195
"Regular Baseline","2026-06-13",1,"2026-06-20","Adults","quantile","0.9",218
"Regular Baseline","2026-06-13",1,"2026-06-20","Adults","quantile","0.95",260
"Regular Baseline","2026-06-13",1,"2026-06-20","Adults","quantile","0.975",302
"Regular Baseline","2026-06-13",1,"2026-06-20","Adults","quantile","0.99",353
"Regular Baseline","2026-06-13",2,"2026-06-27","Adults","quantile","0.01",0
"Regular Baseline","2026-06-13",2,"2026-06-27","Adults","quantile","0.025",7
"Regular Baseline","2026-06-13",2,"2026-06-27","Adults","quantile","0.05",16
"Regular Baseline","2026-06-13",2,"2026-06-27","Adults","quantile","0.1",30
"Regular Baseline","2026-06-13",2,"2026-06-27","Adults","quantile","0.15",41
"Regular Baseline","2026-06-13",2,"2026-06-27","Adults","quantile","0.2",51
"Regular Baseline","2026-06-13",2,"2026-06-27","Adults","quantile","0.25",60
"Regular Baseline","2026-06-13",2,"2026-06-27","Adults","quantile","0.3",70
"Regular Baseline","2026-06-13",2,"2026-06-27","Adults","quantile","0.35",78
"Regular Baseline","2026-06-13",2,"2026-06-27","Adults","quantile","0.4",87
"Regular Baseline","2026-06-13",2,"2026-06-27","Adults","quantile","0.45",97
"Regular Baseline","2026-06-13",2,"2026-06-27","Adults","quantile","0.5",106
"Regular Baseline","2026-06-13",2,"2026-06-27","Adults","quantile","0.55",116
"Regular Baseline","2026-06-13",2,"2026-06-27","Adults","quantile","0.6",127
"Regular Baseline","2026-06-13",2,"2026-06-27","Adults","quantile","0.65",138
"Regular Baseline","2026-06-13",2,"2026-06-27","Adults","quantile","0.7",151
"Regular Baseline","2026-06-13",2,"2026-06-27","Adults","quantile","0.75",166
"Regular Baseline","2026-06-13",2,"2026-06-27","Adults","quantile","0.8",182
"Regular Baseline","2026-06-13",2,"2026-06-27","Adults","quantile","0.85",202
"Regular Baseline","2026-06-13",2,"2026-06-27","Adults","quantile","0.9",229
"Regular Baseline","2026-06-13",2,"2026-06-27","Adults","quantile","0.95",272
"Regular Baseline","2026-06-13",2,"2026-06-27","Adults","quantile","0.975",316
"Regular Baseline","2026-06-13",2,"2026-06-27","Adults","quantile","0.99",367
"Regular Baseline","2026-06-13",3,"2026-07-04","Adults","quantile","0.01",0
"Regular Baseline","2026-06-13",3,"2026-07-04","Adults","quantile","0.025",4
"Regular Baseline","2026-06-13",3,"2026-07-04","Adults","quantile","0.05",13
"Regular Baseline","2026-06-13",3,"2026-07-04","Adults","quantile","0.1",27
"Regular Baseline","2026-06-13",3,"2026-07-04","Adults","quantile","0.15",39
"Regular Baseline","2026-06-13",3,"2026-07-04","Adults","quantile","0.2",49
"Regular Baseline","2026-06-13",3,"2026-07-04","Adults","quantile","0.25",58
"Regular Baseline","2026-06-13",3,"2026-07-04","Adults","quantile","0.3",67
"Regular Baseline","2026-06-13",3,"2026-07-04","Adults","quantile","0.35",77
"Regular Baseline","2026-06-13",3,"2026-07-04","Adults","quantile","0.4",86
"Regular Baseline","2026-06-13",3,"2026-07-04","Adults","quantile","0.45",96
"Regular Baseline","2026-06-13",3,"2026-07-04","Adults","quantile","0.5",106
"Regular Baseline","2026-06-13",3,"2026-07-04","Adults","quantile","0.55",116
"Regular Baseline","2026-06-13",3,"2026-07-04","Adults","quantile","0.6",128
"Regular Baseline","2026-06-13",3,"2026-07-04","Adults","quantile","0.65",140
"Regular Baseline","2026-06-13",3,"2026-07-04","Adults","quantile","0.7",154
"Regular Baseline","2026-06-13",3,"2026-07-04","Adults","quantile","0.75",169
"Regular Baseline","2026-06-13",3,"2026-07-04","Adults","quantile","0.8",187
"Regular Baseline","2026-06-13",3,"2026-07-04","Adults","quantile","0.85",209
"Regular Baseline","2026-06-13",3,"2026-07-04","Adults","quantile","0.9",240
"Regular Baseline","2026-06-13",3,"2026-07-04","Adults","quantile","0.95",289
"Regular Baseline","2026-06-13",3,"2026-07-04","Adults","quantile","0.975",335
"Regular Baseline","2026-06-13",3,"2026-07-04","Adults","quantile","0.99",401
"Regular Baseline","2026-06-13",-5,"2026-05-09","Overall","quantile","0.01",176
"Regular Baseline","2026-06-13",-5,"2026-05-09","Overall","quantile","0.025",191
"Regular Baseline","2026-06-13",-5,"2026-05-09","Overall","quantile","0.05",207
"Regular Baseline","2026-06-13",-5,"2026-05-09","Overall","quantile","0.1",228
"Regular Baseline","2026-06-13",-5,"2026-05-09","Overall","quantile","0.15",241
"Regular Baseline","2026-06-13",-5,"2026-05-09","Overall","quantile","0.2",250
"Regular Baseline","2026-06-13",-5,"2026-05-09","Overall","quantile","0.25",260
"Regular Baseline","2026-06-13",-5,"2026-05-09","Overall","quantile","0.3",266
"Regular Baseline","2026-06-13",-5,"2026-05-09","Overall","quantile","0.35",274
"Regular Baseline","2026-06-13",-5,"2026-05-09","Overall","quantile","0.4",280
"Regular Baseline","2026-06-13",-5,"2026-05-09","Overall","quantile","0.45",287
"Regular Baseline","2026-06-13",-5,"2026-05-09","Overall","quantile","0.5",292
"Regular Baseline","2026-06-13",-5,"2026-05-09","Overall","quantile","0.55",297
"Regular Baseline","2026-06-13",-5,"2026-05-09","Overall","quantile","0.6",304
"Regular Baseline","2026-06-13",-5,"2026-05-09","Overall","quantile","0.65",310
"Regular Baseline","2026-06-13",-5,"2026-05-09","Overall","quantile","0.7",319
"Regular Baseline","2026-06-13",-5,"2026-05-09","Overall","quantile","0.75",326
"Regular Baseline","2026-06-13",-5,"2026-05-09","Overall","quantile","0.8",338
"Regular Baseline","2026-06-13",-5,"2026-05-09","Overall","quantile","0.85",347
"Regular Baseline","2026-06-13",-5,"2026-05-09","Overall","quantile","0.9",364
"Regular Baseline","2026-06-13",-5,"2026-05-09","Overall","quantile","0.95",391
"Regular Baseline","2026-06-13",-5,"2026-05-09","Overall","quantile","0.975",414
"Regular Baseline","2026-06-13",-5,"2026-05-09","Overall","quantile","0.99",437
"Regular Baseline","2026-06-13",-4,"2026-05-16","Overall","quantile","0.01",133
"Regular Baseline","2026-06-13",-4,"2026-05-16","Overall","quantile","0.025",160
"Regular Baseline","2026-06-13",-4,"2026-05-16","Overall","quantile","0.05",180
"Regular Baseline","2026-06-13",-4,"2026-05-16","Overall","quantile","0.1",205
"Regular Baseline","2026-06-13",-4,"2026-05-16","Overall","quantile","0.15",221
"Regular Baseline","2026-06-13",-4,"2026-05-16","Overall","quantile","0.2",235
"Regular Baseline","2026-06-13",-4,"2026-05-16","Overall","quantile","0.25",246
"Regular Baseline","2026-06-13",-4,"2026-05-16","Overall","quantile","0.3",256
"Regular Baseline","2026-06-13",-4,"2026-05-16","Overall","quantile","0.35",265
"Regular Baseline","2026-06-13",-4,"2026-05-16","Overall","quantile","0.4",274
"Regular Baseline","2026-06-13",-4,"2026-05-16","Overall","quantile","0.45",283
"Regular Baseline","2026-06-13",-4,"2026-05-16","Overall","quantile","0.5",292
"Regular Baseline","2026-06-13",-4,"2026-05-16","Overall","quantile","0.55",301
"Regular Baseline","2026-06-13",-4,"2026-05-16","Overall","quantile","0.6",312
"Regular Baseline","2026-06-13",-4,"2026-05-16","Overall","quantile","0.65",322
"Regular Baseline","2026-06-13",-4,"2026-05-16","Overall","quantile","0.7",334
"Regular Baseline","2026-06-13",-4,"2026-05-16","Overall","quantile","0.75",347
"Regular Baseline","2026-06-13",-4,"2026-05-16","Overall","quantile","0.8",360
"Regular Baseline","2026-06-13",-4,"2026-05-16","Overall","quantile","0.85",377
"Regular Baseline","2026-06-13",-4,"2026-05-16","Overall","quantile","0.9",399
"Regular Baseline","2026-06-13",-4,"2026-05-16","Overall","quantile","0.95",434
"Regular Baseline","2026-06-13",-4,"2026-05-16","Overall","quantile","0.975",473
"Regular Baseline","2026-06-13",-4,"2026-05-16","Overall","quantile","0.99",517
"Regular Baseline","2026-06-13",-3,"2026-05-23","Overall","quantile","0.01",104
"Regular Baseline","2026-06-13",-3,"2026-05-23","Overall","quantile","0.025",133
"Regular Baseline","2026-06-13",-3,"2026-05-23","Overall","quantile","0.05",158
"Regular Baseline","2026-06-13",-3,"2026-05-23","Overall","quantile","0.1",185
"Regular Baseline","2026-06-13",-3,"2026-05-23","Overall","quantile","0.15",204
"Regular Baseline","2026-06-13",-3,"2026-05-23","Overall","quantile","0.2",220
"Regular Baseline","2026-06-13",-3,"2026-05-23","Overall","quantile","0.25",235
"Regular Baseline","2026-06-13",-3,"2026-05-23","Overall","quantile","0.3",247
"Regular Baseline","2026-06-13",-3,"2026-05-23","Overall","quantile","0.35",258
"Regular Baseline","2026-06-13",-3,"2026-05-23","Overall","quantile","0.4",269
"Regular Baseline","2026-06-13",-3,"2026-05-23","Overall","quantile","0.45",281
"Regular Baseline","2026-06-13",-3,"2026-05-23","Overall","quantile","0.5",292
"Regular Baseline","2026-06-13",-3,"2026-05-23","Overall","quantile","0.55",304
"Regular Baseline","2026-06-13",-3,"2026-05-23","Overall","quantile","0.6",316
"Regular Baseline","2026-06-13",-3,"2026-05-23","Overall","quantile","0.65",329
"Regular Baseline","2026-06-13",-3,"2026-05-23","Overall","quantile","0.7",343
"Regular Baseline","2026-06-13",-3,"2026-05-23","Overall","quantile","0.75",358
"Regular Baseline","2026-06-13",-3,"2026-05-23","Overall","quantile","0.8",377
"Regular Baseline","2026-06-13",-3,"2026-05-23","Overall","quantile","0.85",400
"Regular Baseline","2026-06-13",-3,"2026-05-23","Overall","quantile","0.9",428
"Regular Baseline","2026-06-13",-3,"2026-05-23","Overall","quantile","0.95",470
"Regular Baseline","2026-06-13",-3,"2026-05-23","Overall","quantile","0.975",509
"Regular Baseline","2026-06-13",-3,"2026-05-23","Overall","quantile","0.99",565
"Regular Baseline","2026-06-13",-2,"2026-05-30","Overall","quantile","0.01",87
"Regular Baseline","2026-06-13",-2,"2026-05-30","Overall","quantile","0.025",115
"Regular Baseline","2026-06-13",-2,"2026-05-30","Overall","quantile","0.05",138
"Regular Baseline","2026-06-13",-2,"2026-05-30","Overall","quantile","0.1",170
"Regular Baseline","2026-06-13",-2,"2026-05-30","Overall","quantile","0.15",192
"Regular Baseline","2026-06-13",-2,"2026-05-30","Overall","quantile","0.2",209
"Regular Baseline","2026-06-13",-2,"2026-05-30","Overall","quantile","0.25",225
"Regular Baseline","2026-06-13",-2,"2026-05-30","Overall","quantile","0.3",239
"Regular Baseline","2026-06-13",-2,"2026-05-30","Overall","quantile","0.35",251
"Regular Baseline","2026-06-13",-2,"2026-05-30","Overall","quantile","0.4",264
"Regular Baseline","2026-06-13",-2,"2026-05-30","Overall","quantile","0.45",278
"Regular Baseline","2026-06-13",-2,"2026-05-30","Overall","quantile","0.5",292
"Regular Baseline","2026-06-13",-2,"2026-05-30","Overall","quantile","0.55",306
"Regular Baseline","2026-06-13",-2,"2026-05-30","Overall","quantile","0.6",319
"Regular Baseline","2026-06-13",-2,"2026-05-30","Overall","quantile","0.65",335
"Regular Baseline","2026-06-13",-2,"2026-05-30","Overall","quantile","0.7",350
"Regular Baseline","2026-06-13",-2,"2026-05-30","Overall","quantile","0.75",368
"Regular Baseline","2026-06-13",-2,"2026-05-30","Overall","quantile","0.8",390
"Regular Baseline","2026-06-13",-2,"2026-05-30","Overall","quantile","0.85",416
"Regular Baseline","2026-06-13",-2,"2026-05-30","Overall","quantile","0.9",449
"Regular Baseline","2026-06-13",-2,"2026-05-30","Overall","quantile","0.95",500
"Regular Baseline","2026-06-13",-2,"2026-05-30","Overall","quantile","0.975",554
"Regular Baseline","2026-06-13",-2,"2026-05-30","Overall","quantile","0.99",625
"Regular Baseline","2026-06-13",-1,"2026-06-06","Overall","quantile","0.01",72
"Regular Baseline","2026-06-13",-1,"2026-06-06","Overall","quantile","0.025",96
"Regular Baseline","2026-06-13",-1,"2026-06-06","Overall","quantile","0.05",124
"Regular Baseline","2026-06-13",-1,"2026-06-06","Overall","quantile","0.1",156
"Regular Baseline","2026-06-13",-1,"2026-06-06","Overall","quantile","0.15",180
"Regular Baseline","2026-06-13",-1,"2026-06-06","Overall","quantile","0.2",199
"Regular Baseline","2026-06-13",-1,"2026-06-06","Overall","quantile","0.25",217
"Regular Baseline","2026-06-13",-1,"2026-06-06","Overall","quantile","0.3",232
"Regular Baseline","2026-06-13",-1,"2026-06-06","Overall","quantile","0.35",248
"Regular Baseline","2026-06-13",-1,"2026-06-06","Overall","quantile","0.4",262
"Regular Baseline","2026-06-13",-1,"2026-06-06","Overall","quantile","0.45",278
"Regular Baseline","2026-06-13",-1,"2026-06-06","Overall","quantile","0.5",292
"Regular Baseline","2026-06-13",-1,"2026-06-06","Overall","quantile","0.55",307
"Regular Baseline","2026-06-13",-1,"2026-06-06","Overall","quantile","0.6",323
"Regular Baseline","2026-06-13",-1,"2026-06-06","Overall","quantile","0.65",340
"Regular Baseline","2026-06-13",-1,"2026-06-06","Overall","quantile","0.7",358
"Regular Baseline","2026-06-13",-1,"2026-06-06","Overall","quantile","0.75",378
"Regular Baseline","2026-06-13",-1,"2026-06-06","Overall","quantile","0.8",402
"Regular Baseline","2026-06-13",-1,"2026-06-06","Overall","quantile","0.85",432
"Regular Baseline","2026-06-13",-1,"2026-06-06","Overall","quantile","0.9",471
"Regular Baseline","2026-06-13",-1,"2026-06-06","Overall","quantile","0.95",528
"Regular Baseline","2026-06-13",-1,"2026-06-06","Overall","quantile","0.975",584
"Regular Baseline","2026-06-13",-1,"2026-06-06","Overall","quantile","0.99",665
"Regular Baseline","2026-06-13",0,"2026-06-13","Overall","quantile","0.01",62
"Regular Baseline","2026-06-13",0,"2026-06-13","Overall","quantile","0.025",85
"Regular Baseline","2026-06-13",0,"2026-06-13","Overall","quantile","0.05",113
"Regular Baseline","2026-06-13",0,"2026-06-13","Overall","quantile","0.1",148
"Regular Baseline","2026-06-13",0,"2026-06-13","Overall","quantile","0.15",172
"Regular Baseline","2026-06-13",0,"2026-06-13","Overall","quantile","0.2",192
"Regular Baseline","2026-06-13",0,"2026-06-13","Overall","quantile","0.25",210
"Regular Baseline","2026-06-13",0,"2026-06-13","Overall","quantile","0.3",226
"Regular Baseline","2026-06-13",0,"2026-06-13","Overall","quantile","0.35",243
"Regular Baseline","2026-06-13",0,"2026-06-13","Overall","quantile","0.4",258
"Regular Baseline","2026-06-13",0,"2026-06-13","Overall","quantile","0.45",275
"Regular Baseline","2026-06-13",0,"2026-06-13","Overall","quantile","0.5",292
"Regular Baseline","2026-06-13",0,"2026-06-13","Overall","quantile","0.55",309
"Regular Baseline","2026-06-13",0,"2026-06-13","Overall","quantile","0.6",327
"Regular Baseline","2026-06-13",0,"2026-06-13","Overall","quantile","0.65",345
"Regular Baseline","2026-06-13",0,"2026-06-13","Overall","quantile","0.7",366
"Regular Baseline","2026-06-13",0,"2026-06-13","Overall","quantile","0.75",388
"Regular Baseline","2026-06-13",0,"2026-06-13","Overall","quantile","0.8",417
"Regular Baseline","2026-06-13",0,"2026-06-13","Overall","quantile","0.85",449
"Regular Baseline","2026-06-13",0,"2026-06-13","Overall","quantile","0.9",490
"Regular Baseline","2026-06-13",0,"2026-06-13","Overall","quantile","0.95",559
"Regular Baseline","2026-06-13",0,"2026-06-13","Overall","quantile","0.975",626
"Regular Baseline","2026-06-13",0,"2026-06-13","Overall","quantile","0.99",702
"Regular Baseline","2026-06-13",1,"2026-06-20","Overall","quantile","0.01",50
"Regular Baseline","2026-06-13",1,"2026-06-20","Overall","quantile","0.025",76
"Regular Baseline","2026-06-13",1,"2026-06-20","Overall","quantile","0.05",100
"Regular Baseline","2026-06-13",1,"2026-06-20","Overall","quantile","0.1",135
"Regular Baseline","2026-06-13",1,"2026-06-20","Overall","quantile","0.15",163
"Regular Baseline","2026-06-13",1,"2026-06-20","Overall","quantile","0.2",185
"Regular Baseline","2026-06-13",1,"2026-06-20","Overall","quantile","0.25",203
"Regular Baseline","2026-06-13",1,"2026-06-20","Overall","quantile","0.3",222
"Regular Baseline","2026-06-13",1,"2026-06-20","Overall","quantile","0.35",239
"Regular Baseline","2026-06-13",1,"2026-06-20","Overall","quantile","0.4",257
"Regular Baseline","2026-06-13",1,"2026-06-20","Overall","quantile","0.45",275
"Regular Baseline","2026-06-13",1,"2026-06-20","Overall","quantile","0.5",292
"Regular Baseline","2026-06-13",1,"2026-06-20","Overall","quantile","0.55",311
"Regular Baseline","2026-06-13",1,"2026-06-20","Overall","quantile","0.6",331
"Regular Baseline","2026-06-13",1,"2026-06-20","Overall","quantile","0.65",351
"Regular Baseline","2026-06-13",1,"2026-06-20","Overall","quantile","0.7",373
"Regular Baseline","2026-06-13",1,"2026-06-20","Overall","quantile","0.75",398
"Regular Baseline","2026-06-13",1,"2026-06-20","Overall","quantile","0.8",427
"Regular Baseline","2026-06-13",1,"2026-06-20","Overall","quantile","0.85",463
"Regular Baseline","2026-06-13",1,"2026-06-20","Overall","quantile","0.9",510
"Regular Baseline","2026-06-13",1,"2026-06-20","Overall","quantile","0.95",588
"Regular Baseline","2026-06-13",1,"2026-06-20","Overall","quantile","0.975",659
"Regular Baseline","2026-06-13",1,"2026-06-20","Overall","quantile","0.99",743
"Regular Baseline","2026-06-13",2,"2026-06-27","Overall","quantile","0.01",40
"Regular Baseline","2026-06-13",2,"2026-06-27","Overall","quantile","0.025",66
"Regular Baseline","2026-06-13",2,"2026-06-27","Overall","quantile","0.05",92
"Regular Baseline","2026-06-13",2,"2026-06-27","Overall","quantile","0.1",128
"Regular Baseline","2026-06-13",2,"2026-06-27","Overall","quantile","0.15",154
"Regular Baseline","2026-06-13",2,"2026-06-27","Overall","quantile","0.2",176
"Regular Baseline","2026-06-13",2,"2026-06-27","Overall","quantile","0.25",196
"Regular Baseline","2026-06-13",2,"2026-06-27","Overall","quantile","0.3",218
"Regular Baseline","2026-06-13",2,"2026-06-27","Overall","quantile","0.35",234
"Regular Baseline","2026-06-13",2,"2026-06-27","Overall","quantile","0.4",255
"Regular Baseline","2026-06-13",2,"2026-06-27","Overall","quantile","0.45",273
"Regular Baseline","2026-06-13",2,"2026-06-27","Overall","quantile","0.5",292
"Regular Baseline","2026-06-13",2,"2026-06-27","Overall","quantile","0.55",311
"Regular Baseline","2026-06-13",2,"2026-06-27","Overall","quantile","0.6",331
"Regular Baseline","2026-06-13",2,"2026-06-27","Overall","quantile","0.65",353
"Regular Baseline","2026-06-13",2,"2026-06-27","Overall","quantile","0.7",377
"Regular Baseline","2026-06-13",2,"2026-06-27","Overall","quantile","0.75",405
"Regular Baseline","2026-06-13",2,"2026-06-27","Overall","quantile","0.8",438
"Regular Baseline","2026-06-13",2,"2026-06-27","Overall","quantile","0.85",477
"Regular Baseline","2026-06-13",2,"2026-06-27","Overall","quantile","0.9",528
"Regular Baseline","2026-06-13",2,"2026-06-27","Overall","quantile","0.95",612
"Regular Baseline","2026-06-13",2,"2026-06-27","Overall","quantile","0.975",690
"Regular Baseline","2026-06-13",2,"2026-06-27","Overall","quantile","0.99",794
"Regular Baseline","2026-06-13",3,"2026-07-04","Overall","quantile","0.01",33
"Regular Baseline","2026-06-13",3,"2026-07-04","Overall","quantile","0.025",56
"Regular Baseline","2026-06-13",3,"2026-07-04","Overall","quantile","0.05",83
"Regular Baseline","2026-06-13",3,"2026-07-04","Overall","quantile","0.1",118
"Regular Baseline","2026-06-13",3,"2026-07-04","Overall","quantile","0.15",145
"Regular Baseline","2026-06-13",3,"2026-07-04","Overall","quantile","0.2",168
"Regular Baseline","2026-06-13",3,"2026-07-04","Overall","quantile","0.25",191
"Regular Baseline","2026-06-13",3,"2026-07-04","Overall","quantile","0.3",212
"Regular Baseline","2026-06-13",3,"2026-07-04","Overall","quantile","0.35",232
"Regular Baseline","2026-06-13",3,"2026-07-04","Overall","quantile","0.4",253
"Regular Baseline","2026-06-13",3,"2026-07-04","Overall","quantile","0.45",273
"Regular Baseline","2026-06-13",3,"2026-07-04","Overall","quantile","0.5",292
"Regular Baseline","2026-06-13",3,"2026-07-04","Overall","quantile","0.55",311
"Regular Baseline","2026-06-13",3,"2026-07-04","Overall","quantile","0.6",332
"Regular Baseline","2026-06-13",3,"2026-07-04","Overall","quantile","0.65",356
"Regular Baseline","2026-06-13",3,"2026-07-04","Overall","quantile","0.7",384
"Regular Baseline","2026-06-13",3,"2026-07-04","Overall","quantile","0.75",412
"Regular Baseline","2026-06-13",3,"2026-07-04","Overall","quantile","0.8",445
"Regular Baseline","2026-06-13",3,"2026-07-04","Overall","quantile","0.85",485
"Regular Baseline","2026-06-13",3,"2026-07-04","Overall","quantile","0.9",545
"Regular Baseline","2026-06-13",3,"2026-07-04","Overall","quantile","0.95",635
"Regular Baseline","2026-06-13",3,"2026-07-04","Overall","quantile","0.975",716
"Regular Baseline","2026-06-13",3,"2026-07-04","Overall","quantile","0.99",811
"Regular Baseline","2026-06-13",-5,"2026-05-09","Pediatrics","quantile","0.01",113
"Regular Baseline","2026-06-13",-5,"2026-05-09","Pediatrics","quantile","0.025",122
"Regular Baseline","2026-06-13",-5,"2026-05-09","Pediatrics","quantile","0.05",133
"Regular Baseline","2026-06-13",-5,"2026-05-09","Pediatrics","quantile","0.1",141
"Regular Baseline","2026-06-13",-5,"2026-05-09","Pediatrics","quantile","0.15",148
"Regular Baseline","2026-06-13",-5,"2026-05-09","Pediatrics","quantile","0.2",157
"Regular Baseline","2026-06-13",-5,"2026-05-09","Pediatrics","quantile","0.25",164
"Regular Baseline","2026-06-13",-5,"2026-05-09","Pediatrics","quantile","0.3",170
"Regular Baseline","2026-06-13",-5,"2026-05-09","Pediatrics","quantile","0.35",173
"Regular Baseline","2026-06-13",-5,"2026-05-09","Pediatrics","quantile","0.4",177
"Regular Baseline","2026-06-13",-5,"2026-05-09","Pediatrics","quantile","0.45",182
"Regular Baseline","2026-06-13",-5,"2026-05-09","Pediatrics","quantile","0.5",186
"Regular Baseline","2026-06-13",-5,"2026-05-09","Pediatrics","quantile","0.55",190
"Regular Baseline","2026-06-13",-5,"2026-05-09","Pediatrics","quantile","0.6",196
"Regular Baseline","2026-06-13",-5,"2026-05-09","Pediatrics","quantile","0.65",200
"Regular Baseline","2026-06-13",-5,"2026-05-09","Pediatrics","quantile","0.7",203
"Regular Baseline","2026-06-13",-5,"2026-05-09","Pediatrics","quantile","0.75",210
"Regular Baseline","2026-06-13",-5,"2026-05-09","Pediatrics","quantile","0.8",218
"Regular Baseline","2026-06-13",-5,"2026-05-09","Pediatrics","quantile","0.85",228
"Regular Baseline","2026-06-13",-5,"2026-05-09","Pediatrics","quantile","0.9",237
"Regular Baseline","2026-06-13",-5,"2026-05-09","Pediatrics","quantile","0.95",248
"Regular Baseline","2026-06-13",-5,"2026-05-09","Pediatrics","quantile","0.975",264
"Regular Baseline","2026-06-13",-5,"2026-05-09","Pediatrics","quantile","0.99",276
"Regular Baseline","2026-06-13",-4,"2026-05-16","Pediatrics","quantile","0.01",86
"Regular Baseline","2026-06-13",-4,"2026-05-16","Pediatrics","quantile","0.025",99
"Regular Baseline","2026-06-13",-4,"2026-05-16","Pediatrics","quantile","0.05",112
"Regular Baseline","2026-06-13",-4,"2026-05-16","Pediatrics","quantile","0.1",127
"Regular Baseline","2026-06-13",-4,"2026-05-16","Pediatrics","quantile","0.15",137
"Regular Baseline","2026-06-13",-4,"2026-05-16","Pediatrics","quantile","0.2",146
"Regular Baseline","2026-06-13",-4,"2026-05-16","Pediatrics","quantile","0.25",153
"Regular Baseline","2026-06-13",-4,"2026-05-16","Pediatrics","quantile","0.3",160
"Regular Baseline","2026-06-13",-4,"2026-05-16","Pediatrics","quantile","0.35",166
"Regular Baseline","2026-06-13",-4,"2026-05-16","Pediatrics","quantile","0.4",173
"Regular Baseline","2026-06-13",-4,"2026-05-16","Pediatrics","quantile","0.45",180
"Regular Baseline","2026-06-13",-4,"2026-05-16","Pediatrics","quantile","0.5",186
"Regular Baseline","2026-06-13",-4,"2026-05-16","Pediatrics","quantile","0.55",192
"Regular Baseline","2026-06-13",-4,"2026-05-16","Pediatrics","quantile","0.6",199
"Regular Baseline","2026-06-13",-4,"2026-05-16","Pediatrics","quantile","0.65",206
"Regular Baseline","2026-06-13",-4,"2026-05-16","Pediatrics","quantile","0.7",213
"Regular Baseline","2026-06-13",-4,"2026-05-16","Pediatrics","quantile","0.75",222
"Regular Baseline","2026-06-13",-4,"2026-05-16","Pediatrics","quantile","0.8",231
"Regular Baseline","2026-06-13",-4,"2026-05-16","Pediatrics","quantile","0.85",243
"Regular Baseline","2026-06-13",-4,"2026-05-16","Pediatrics","quantile","0.9",257
"Regular Baseline","2026-06-13",-4,"2026-05-16","Pediatrics","quantile","0.95",282
"Regular Baseline","2026-06-13",-4,"2026-05-16","Pediatrics","quantile","0.975",303
"Regular Baseline","2026-06-13",-4,"2026-05-16","Pediatrics","quantile","0.99",327
"Regular Baseline","2026-06-13",-3,"2026-05-23","Pediatrics","quantile","0.01",68
"Regular Baseline","2026-06-13",-3,"2026-05-23","Pediatrics","quantile","0.025",84
"Regular Baseline","2026-06-13",-3,"2026-05-23","Pediatrics","quantile","0.05",98
"Regular Baseline","2026-06-13",-3,"2026-05-23","Pediatrics","quantile","0.1",114
"Regular Baseline","2026-06-13",-3,"2026-05-23","Pediatrics","quantile","0.15",127
"Regular Baseline","2026-06-13",-3,"2026-05-23","Pediatrics","quantile","0.2",137
"Regular Baseline","2026-06-13",-3,"2026-05-23","Pediatrics","quantile","0.25",146
"Regular Baseline","2026-06-13",-3,"2026-05-23","Pediatrics","quantile","0.3",154
"Regular Baseline","2026-06-13",-3,"2026-05-23","Pediatrics","quantile","0.35",162
"Regular Baseline","2026-06-13",-3,"2026-05-23","Pediatrics","quantile","0.4",171
"Regular Baseline","2026-06-13",-3,"2026-05-23","Pediatrics","quantile","0.45",178
"Regular Baseline","2026-06-13",-3,"2026-05-23","Pediatrics","quantile","0.5",186
"Regular Baseline","2026-06-13",-3,"2026-05-23","Pediatrics","quantile","0.55",194
"Regular Baseline","2026-06-13",-3,"2026-05-23","Pediatrics","quantile","0.6",201
"Regular Baseline","2026-06-13",-3,"2026-05-23","Pediatrics","quantile","0.65",210
"Regular Baseline","2026-06-13",-3,"2026-05-23","Pediatrics","quantile","0.7",219
"Regular Baseline","2026-06-13",-3,"2026-05-23","Pediatrics","quantile","0.75",229
"Regular Baseline","2026-06-13",-3,"2026-05-23","Pediatrics","quantile","0.8",242
"Regular Baseline","2026-06-13",-3,"2026-05-23","Pediatrics","quantile","0.85",256
"Regular Baseline","2026-06-13",-3,"2026-05-23","Pediatrics","quantile","0.9",275
"Regular Baseline","2026-06-13",-3,"2026-05-23","Pediatrics","quantile","0.95",308
"Regular Baseline","2026-06-13",-3,"2026-05-23","Pediatrics","quantile","0.975",335
"Regular Baseline","2026-06-13",-3,"2026-05-23","Pediatrics","quantile","0.99",366
"Regular Baseline","2026-06-13",-2,"2026-05-30","Pediatrics","quantile","0.01",57
"Regular Baseline","2026-06-13",-2,"2026-05-30","Pediatrics","quantile","0.025",70
"Regular Baseline","2026-06-13",-2,"2026-05-30","Pediatrics","quantile","0.05",87
"Regular Baseline","2026-06-13",-2,"2026-05-30","Pediatrics","quantile","0.1",106
"Regular Baseline","2026-06-13",-2,"2026-05-30","Pediatrics","quantile","0.15",119
"Regular Baseline","2026-06-13",-2,"2026-05-30","Pediatrics","quantile","0.2",130
"Regular Baseline","2026-06-13",-2,"2026-05-30","Pediatrics","quantile","0.25",140
"Regular Baseline","2026-06-13",-2,"2026-05-30","Pediatrics","quantile","0.3",150
"Regular Baseline","2026-06-13",-2,"2026-05-30","Pediatrics","quantile","0.35",159
"Regular Baseline","2026-06-13",-2,"2026-05-30","Pediatrics","quantile","0.4",168
"Regular Baseline","2026-06-13",-2,"2026-05-30","Pediatrics","quantile","0.45",177
"Regular Baseline","2026-06-13",-2,"2026-05-30","Pediatrics","quantile","0.5",186
"Regular Baseline","2026-06-13",-2,"2026-05-30","Pediatrics","quantile","0.55",195
"Regular Baseline","2026-06-13",-2,"2026-05-30","Pediatrics","quantile","0.6",205
"Regular Baseline","2026-06-13",-2,"2026-05-30","Pediatrics","quantile","0.65",215
"Regular Baseline","2026-06-13",-2,"2026-05-30","Pediatrics","quantile","0.7",226
"Regular Baseline","2026-06-13",-2,"2026-05-30","Pediatrics","quantile","0.75",238
"Regular Baseline","2026-06-13",-2,"2026-05-30","Pediatrics","quantile","0.8",252
"Regular Baseline","2026-06-13",-2,"2026-05-30","Pediatrics","quantile","0.85",268
"Regular Baseline","2026-06-13",-2,"2026-05-30","Pediatrics","quantile","0.9",292
"Regular Baseline","2026-06-13",-2,"2026-05-30","Pediatrics","quantile","0.95",329
"Regular Baseline","2026-06-13",-2,"2026-05-30","Pediatrics","quantile","0.975",362
"Regular Baseline","2026-06-13",-2,"2026-05-30","Pediatrics","quantile","0.99",404
"Regular Baseline","2026-06-13",-1,"2026-06-06","Pediatrics","quantile","0.01",45
"Regular Baseline","2026-06-13",-1,"2026-06-06","Pediatrics","quantile","0.025",61
"Regular Baseline","2026-06-13",-1,"2026-06-06","Pediatrics","quantile","0.05",77
"Regular Baseline","2026-06-13",-1,"2026-06-06","Pediatrics","quantile","0.1",99
"Regular Baseline","2026-06-13",-1,"2026-06-06","Pediatrics","quantile","0.15",114
"Regular Baseline","2026-06-13",-1,"2026-06-06","Pediatrics","quantile","0.2",125
"Regular Baseline","2026-06-13",-1,"2026-06-06","Pediatrics","quantile","0.25",137
"Regular Baseline","2026-06-13",-1,"2026-06-06","Pediatrics","quantile","0.3",146
"Regular Baseline","2026-06-13",-1,"2026-06-06","Pediatrics","quantile","0.35",157
"Regular Baseline","2026-06-13",-1,"2026-06-06","Pediatrics","quantile","0.4",167
"Regular Baseline","2026-06-13",-1,"2026-06-06","Pediatrics","quantile","0.45",176
"Regular Baseline","2026-06-13",-1,"2026-06-06","Pediatrics","quantile","0.5",186
"Regular Baseline","2026-06-13",-1,"2026-06-06","Pediatrics","quantile","0.55",197
"Regular Baseline","2026-06-13",-1,"2026-06-06","Pediatrics","quantile","0.6",207
"Regular Baseline","2026-06-13",-1,"2026-06-06","Pediatrics","quantile","0.65",218
"Regular Baseline","2026-06-13",-1,"2026-06-06","Pediatrics","quantile","0.7",230
"Regular Baseline","2026-06-13",-1,"2026-06-06","Pediatrics","quantile","0.75",244
"Regular Baseline","2026-06-13",-1,"2026-06-06","Pediatrics","quantile","0.8",260
"Regular Baseline","2026-06-13",-1,"2026-06-06","Pediatrics","quantile","0.85",281
"Regular Baseline","2026-06-13",-1,"2026-06-06","Pediatrics","quantile","0.9",306
"Regular Baseline","2026-06-13",-1,"2026-06-06","Pediatrics","quantile","0.95",347
"Regular Baseline","2026-06-13",-1,"2026-06-06","Pediatrics","quantile","0.975",385
"Regular Baseline","2026-06-13",-1,"2026-06-06","Pediatrics","quantile","0.99",433
"Regular Baseline","2026-06-13",0,"2026-06-13","Pediatrics","quantile","0.01",35
"Regular Baseline","2026-06-13",0,"2026-06-13","Pediatrics","quantile","0.025",53
"Regular Baseline","2026-06-13",0,"2026-06-13","Pediatrics","quantile","0.05",69
"Regular Baseline","2026-06-13",0,"2026-06-13","Pediatrics","quantile","0.1",89
"Regular Baseline","2026-06-13",0,"2026-06-13","Pediatrics","quantile","0.15",105
"Regular Baseline","2026-06-13",0,"2026-06-13","Pediatrics","quantile","0.2",119
"Regular Baseline","2026-06-13",0,"2026-06-13","Pediatrics","quantile","0.25",132
"Regular Baseline","2026-06-13",0,"2026-06-13","Pediatrics","quantile","0.3",143
"Regular Baseline","2026-06-13",0,"2026-06-13","Pediatrics","quantile","0.35",154
"Regular Baseline","2026-06-13",0,"2026-06-13","Pediatrics","quantile","0.4",164
"Regular Baseline","2026-06-13",0,"2026-06-13","Pediatrics","quantile","0.45",175
"Regular Baseline","2026-06-13",0,"2026-06-13","Pediatrics","quantile","0.5",186
"Regular Baseline","2026-06-13",0,"2026-06-13","Pediatrics","quantile","0.55",197
"Regular Baseline","2026-06-13",0,"2026-06-13","Pediatrics","quantile","0.6",208
"Regular Baseline","2026-06-13",0,"2026-06-13","Pediatrics","quantile","0.65",221
"Regular Baseline","2026-06-13",0,"2026-06-13","Pediatrics","quantile","0.7",235
"Regular Baseline","2026-06-13",0,"2026-06-13","Pediatrics","quantile","0.75",251
"Regular Baseline","2026-06-13",0,"2026-06-13","Pediatrics","quantile","0.8",268
"Regular Baseline","2026-06-13",0,"2026-06-13","Pediatrics","quantile","0.85",290
"Regular Baseline","2026-06-13",0,"2026-06-13","Pediatrics","quantile","0.9",318
"Regular Baseline","2026-06-13",0,"2026-06-13","Pediatrics","quantile","0.95",366
"Regular Baseline","2026-06-13",0,"2026-06-13","Pediatrics","quantile","0.975",408
"Regular Baseline","2026-06-13",0,"2026-06-13","Pediatrics","quantile","0.99",461
"Regular Baseline","2026-06-13",1,"2026-06-20","Pediatrics","quantile","0.01",29
"Regular Baseline","2026-06-13",1,"2026-06-20","Pediatrics","quantile","0.025",45
"Regular Baseline","2026-06-13",1,"2026-06-20","Pediatrics","quantile","0.05",61
"Regular Baseline","2026-06-13",1,"2026-06-20","Pediatrics","quantile","0.1",84
"Regular Baseline","2026-06-13",1,"2026-06-20","Pediatrics","quantile","0.15",101
"Regular Baseline","2026-06-13",1,"2026-06-20","Pediatrics","quantile","0.2",115
"Regular Baseline","2026-06-13",1,"2026-06-20","Pediatrics","quantile","0.25",128
"Regular Baseline","2026-06-13",1,"2026-06-20","Pediatrics","quantile","0.3",140
"Regular Baseline","2026-06-13",1,"2026-06-20","Pediatrics","quantile","0.35",152
"Regular Baseline","2026-06-13",1,"2026-06-20","Pediatrics","quantile","0.4",164
"Regular Baseline","2026-06-13",1,"2026-06-20","Pediatrics","quantile","0.45",174
"Regular Baseline","2026-06-13",1,"2026-06-20","Pediatrics","quantile","0.5",186
"Regular Baseline","2026-06-13",1,"2026-06-20","Pediatrics","quantile","0.55",198
"Regular Baseline","2026-06-13",1,"2026-06-20","Pediatrics","quantile","0.6",210
"Regular Baseline","2026-06-13",1,"2026-06-20","Pediatrics","quantile","0.65",224
"Regular Baseline","2026-06-13",1,"2026-06-20","Pediatrics","quantile","0.7",239
"Regular Baseline","2026-06-13",1,"2026-06-20","Pediatrics","quantile","0.75",255
"Regular Baseline","2026-06-13",1,"2026-06-20","Pediatrics","quantile","0.8",274
"Regular Baseline","2026-06-13",1,"2026-06-20","Pediatrics","quantile","0.85",298
"Regular Baseline","2026-06-13",1,"2026-06-20","Pediatrics","quantile","0.9",331
"Regular Baseline","2026-06-13",1,"2026-06-20","Pediatrics","quantile","0.95",386
"Regular Baseline","2026-06-13",1,"2026-06-20","Pediatrics","quantile","0.975",429
"Regular Baseline","2026-06-13",1,"2026-06-20","Pediatrics","quantile","0.99",488
"Regular Baseline","2026-06-13",2,"2026-06-27","Pediatrics","quantile","0.01",21
"Regular Baseline","2026-06-13",2,"2026-06-27","Pediatrics","quantile","0.025",38
"Regular Baseline","2026-06-13",2,"2026-06-27","Pediatrics","quantile","0.05",55
"Regular Baseline","2026-06-13",2,"2026-06-27","Pediatrics","quantile","0.1",76
"Regular Baseline","2026-06-13",2,"2026-06-27","Pediatrics","quantile","0.15",95
"Regular Baseline","2026-06-13",2,"2026-06-27","Pediatrics","quantile","0.2",110
"Regular Baseline","2026-06-13",2,"2026-06-27","Pediatrics","quantile","0.25",124
"Regular Baseline","2026-06-13",2,"2026-06-27","Pediatrics","quantile","0.3",137
"Regular Baseline","2026-06-13",2,"2026-06-27","Pediatrics","quantile","0.35",150
"Regular Baseline","2026-06-13",2,"2026-06-27","Pediatrics","quantile","0.4",161
"Regular Baseline","2026-06-13",2,"2026-06-27","Pediatrics","quantile","0.45",174
"Regular Baseline","2026-06-13",2,"2026-06-27","Pediatrics","quantile","0.5",186
"Regular Baseline","2026-06-13",2,"2026-06-27","Pediatrics","quantile","0.55",200
"Regular Baseline","2026-06-13",2,"2026-06-27","Pediatrics","quantile","0.6",214
"Regular Baseline","2026-06-13",2,"2026-06-27","Pediatrics","quantile","0.65",228
"Regular Baseline","2026-06-13",2,"2026-06-27","Pediatrics","quantile","0.7",244
"Regular Baseline","2026-06-13",2,"2026-06-27","Pediatrics","quantile","0.75",261
"Regular Baseline","2026-06-13",2,"2026-06-27","Pediatrics","quantile","0.8",282
"Regular Baseline","2026-06-13",2,"2026-06-27","Pediatrics","quantile","0.85",310
"Regular Baseline","2026-06-13",2,"2026-06-27","Pediatrics","quantile","0.9",343
"Regular Baseline","2026-06-13",2,"2026-06-27","Pediatrics","quantile","0.95",401
"Regular Baseline","2026-06-13",2,"2026-06-27","Pediatrics","quantile","0.975",454
"Regular Baseline","2026-06-13",2,"2026-06-27","Pediatrics","quantile","0.99",516
"Regular Baseline","2026-06-13",3,"2026-07-04","Pediatrics","quantile","0.01",17
"Regular Baseline","2026-06-13",3,"2026-07-04","Pediatrics","quantile","0.025",33
"Regular Baseline","2026-06-13",3,"2026-07-04","Pediatrics","quantile","0.05",48
"Regular Baseline","2026-06-13",3,"2026-07-04","Pediatrics","quantile","0.1",72
"Regular Baseline","2026-06-13",3,"2026-07-04","Pediatrics","quantile","0.15",91
"Regular Baseline","2026-06-13",3,"2026-07-04","Pediatrics","quantile","0.2",106
"Regular Baseline","2026-06-13",3,"2026-07-04","Pediatrics","quantile","0.25",120
"Regular Baseline","2026-06-13",3,"2026-07-04","Pediatrics","quantile","0.3",134
"Regular Baseline","2026-06-13",3,"2026-07-04","Pediatrics","quantile","0.35",147
"Regular Baseline","2026-06-13",3,"2026-07-04","Pediatrics","quantile","0.4",160
"Regular Baseline","2026-06-13",3,"2026-07-04","Pediatrics","quantile","0.45",173
"Regular Baseline","2026-06-13",3,"2026-07-04","Pediatrics","quantile","0.5",186
"Regular Baseline","2026-06-13",3,"2026-07-04","Pediatrics","quantile","0.55",200
"Regular Baseline","2026-06-13",3,"2026-07-04","Pediatrics","quantile","0.6",215
"Regular Baseline","2026-06-13",3,"2026-07-04","Pediatrics","quantile","0.65",231
"Regular Baseline","2026-06-13",3,"2026-07-04","Pediatrics","quantile","0.7",247
"Regular Baseline","2026-06-13",3,"2026-07-04","Pediatrics","quantile","0.75",266
"Regular Baseline","2026-06-13",3,"2026-07-04","Pediatrics","quantile","0.8",289
"Regular Baseline","2026-06-13",3,"2026-07-04","Pediatrics","quantile","0.85",318
"Regular Baseline","2026-06-13",3,"2026-07-04","Pediatrics","quantile","0.9",357
"Regular Baseline","2026-06-13",3,"2026-07-04","Pediatrics","quantile","0.95",415
"Regular Baseline","2026-06-13",3,"2026-07-04","Pediatrics","quantile","0.975",467
"Regular Baseline","2026-06-13",3,"2026-07-04","Pediatrics","quantile","0.99",536
"Seasonal Baseline","2026-06-13",-5,"2026-05-09","Adults","quantile","0.01",49
"Seasonal Baseline","2026-06-13",-5,"2026-05-09","Adults","quantile","0.025",61
"Seasonal Baseline","2026-06-13",-5,"2026-05-09","Adults","quantile","0.05",73
"Seasonal Baseline","2026-06-13",-5,"2026-05-09","Adults","quantile","0.1",90
"Seasonal Baseline","2026-06-13",-5,"2026-05-09","Adults","quantile","0.15",103
"Seasonal Baseline","2026-06-13",-5,"2026-05-09","Adults","quantile","0.2",114
"Seasonal Baseline","2026-06-13",-5,"2026-05-09","Adults","quantile","0.25",124
"Seasonal Baseline","2026-06-13",-5,"2026-05-09","Adults","quantile","0.3",135
"Seasonal Baseline","2026-06-13",-5,"2026-05-09","Adults","quantile","0.35",146
"Seasonal Baseline","2026-06-13",-5,"2026-05-09","Adults","quantile","0.4",157
"Seasonal Baseline","2026-06-13",-5,"2026-05-09","Adults","quantile","0.45",168
"Seasonal Baseline","2026-06-13",-5,"2026-05-09","Adults","quantile","0.5",181
"Seasonal Baseline","2026-06-13",-5,"2026-05-09","Adults","quantile","0.55",194
"Seasonal Baseline","2026-06-13",-5,"2026-05-09","Adults","quantile","0.6",208
"Seasonal Baseline","2026-06-13",-5,"2026-05-09","Adults","quantile","0.65",224
"Seasonal Baseline","2026-06-13",-5,"2026-05-09","Adults","quantile","0.7",242
"Seasonal Baseline","2026-06-13",-5,"2026-05-09","Adults","quantile","0.75",264
"Seasonal Baseline","2026-06-13",-5,"2026-05-09","Adults","quantile","0.8",289
"Seasonal Baseline","2026-06-13",-5,"2026-05-09","Adults","quantile","0.85",322
"Seasonal Baseline","2026-06-13",-5,"2026-05-09","Adults","quantile","0.9",372
"Seasonal Baseline","2026-06-13",-5,"2026-05-09","Adults","quantile","0.95",456
"Seasonal Baseline","2026-06-13",-5,"2026-05-09","Adults","quantile","0.975",537
"Seasonal Baseline","2026-06-13",-5,"2026-05-09","Adults","quantile","0.99",667
"Seasonal Baseline","2026-06-13",-4,"2026-05-16","Adults","quantile","0.01",59
"Seasonal Baseline","2026-06-13",-4,"2026-05-16","Adults","quantile","0.025",71
"Seasonal Baseline","2026-06-13",-4,"2026-05-16","Adults","quantile","0.05",83
"Seasonal Baseline","2026-06-13",-4,"2026-05-16","Adults","quantile","0.1",102
"Seasonal Baseline","2026-06-13",-4,"2026-05-16","Adults","quantile","0.15",116
"Seasonal Baseline","2026-06-13",-4,"2026-05-16","Adults","quantile","0.2",130
"Seasonal Baseline","2026-06-13",-4,"2026-05-16","Adults","quantile","0.25",142
"Seasonal Baseline","2026-06-13",-4,"2026-05-16","Adults","quantile","0.3",155
"Seasonal Baseline","2026-06-13",-4,"2026-05-16","Adults","quantile","0.35",167
"Seasonal Baseline","2026-06-13",-4,"2026-05-16","Adults","quantile","0.4",180
"Seasonal Baseline","2026-06-13",-4,"2026-05-16","Adults","quantile","0.45",193
"Seasonal Baseline","2026-06-13",-4,"2026-05-16","Adults","quantile","0.5",207
"Seasonal Baseline","2026-06-13",-4,"2026-05-16","Adults","quantile","0.55",222
"Seasonal Baseline","2026-06-13",-4,"2026-05-16","Adults","quantile","0.6",238
"Seasonal Baseline","2026-06-13",-4,"2026-05-16","Adults","quantile","0.65",255
"Seasonal Baseline","2026-06-13",-4,"2026-05-16","Adults","quantile","0.7",276
"Seasonal Baseline","2026-06-13",-4,"2026-05-16","Adults","quantile","0.75",299
"Seasonal Baseline","2026-06-13",-4,"2026-05-16","Adults","quantile","0.8",329
"Seasonal Baseline","2026-06-13",-4,"2026-05-16","Adults","quantile","0.85",366
"Seasonal Baseline","2026-06-13",-4,"2026-05-16","Adults","quantile","0.9",413
"Seasonal Baseline","2026-06-13",-4,"2026-05-16","Adults","quantile","0.95",507
"Seasonal Baseline","2026-06-13",-4,"2026-05-16","Adults","quantile","0.975",614
"Seasonal Baseline","2026-06-13",-4,"2026-05-16","Adults","quantile","0.99",745
"Seasonal Baseline","2026-06-13",-3,"2026-05-23","Adults","quantile","0.01",65
"Seasonal Baseline","2026-06-13",-3,"2026-05-23","Adults","quantile","0.025",80
"Seasonal Baseline","2026-06-13",-3,"2026-05-23","Adults","quantile","0.05",93
"Seasonal Baseline","2026-06-13",-3,"2026-05-23","Adults","quantile","0.1",113
"Seasonal Baseline","2026-06-13",-3,"2026-05-23","Adults","quantile","0.15",131
"Seasonal Baseline","2026-06-13",-3,"2026-05-23","Adults","quantile","0.2",145
"Seasonal Baseline","2026-06-13",-3,"2026-05-23","Adults","quantile","0.25",160
"Seasonal Baseline","2026-06-13",-3,"2026-05-23","Adults","quantile","0.3",173
"Seasonal Baseline","2026-06-13",-3,"2026-05-23","Adults","quantile","0.35",187
"Seasonal Baseline","2026-06-13",-3,"2026-05-23","Adults","quantile","0.4",202
"Seasonal Baseline","2026-06-13",-3,"2026-05-23","Adults","quantile","0.45",218
"Seasonal Baseline","2026-06-13",-3,"2026-05-23","Adults","quantile","0.5",234
"Seasonal Baseline","2026-06-13",-3,"2026-05-23","Adults","quantile","0.55",251
"Seasonal Baseline","2026-06-13",-3,"2026-05-23","Adults","quantile","0.6",268
"Seasonal Baseline","2026-06-13",-3,"2026-05-23","Adults","quantile","0.65",286
"Seasonal Baseline","2026-06-13",-3,"2026-05-23","Adults","quantile","0.7",309
"Seasonal Baseline","2026-06-13",-3,"2026-05-23","Adults","quantile","0.75",338
"Seasonal Baseline","2026-06-13",-3,"2026-05-23","Adults","quantile","0.8",372
"Seasonal Baseline","2026-06-13",-3,"2026-05-23","Adults","quantile","0.85",411
"Seasonal Baseline","2026-06-13",-3,"2026-05-23","Adults","quantile","0.9",470
"Seasonal Baseline","2026-06-13",-3,"2026-05-23","Adults","quantile","0.95",573
"Seasonal Baseline","2026-06-13",-3,"2026-05-23","Adults","quantile","0.975",693
"Seasonal Baseline","2026-06-13",-3,"2026-05-23","Adults","quantile","0.99",866
"Seasonal Baseline","2026-06-13",-2,"2026-05-30","Adults","quantile","0.01",71
"Seasonal Baseline","2026-06-13",-2,"2026-05-30","Adults","quantile","0.025",88
"Seasonal Baseline","2026-06-13",-2,"2026-05-30","Adults","quantile","0.05",105
"Seasonal Baseline","2026-06-13",-2,"2026-05-30","Adults","quantile","0.1",128
"Seasonal Baseline","2026-06-13",-2,"2026-05-30","Adults","quantile","0.15",147
"Seasonal Baseline","2026-06-13",-2,"2026-05-30","Adults","quantile","0.2",166
"Seasonal Baseline","2026-06-13",-2,"2026-05-30","Adults","quantile","0.25",181
"Seasonal Baseline","2026-06-13",-2,"2026-05-30","Adults","quantile","0.3",197
"Seasonal Baseline","2026-06-13",-2,"2026-05-30","Adults","quantile","0.35",212
"Seasonal Baseline","2026-06-13",-2,"2026-05-30","Adults","quantile","0.4",228
"Seasonal Baseline","2026-06-13",-2,"2026-05-30","Adults","quantile","0.45",245
"Seasonal Baseline","2026-06-13",-2,"2026-05-30","Adults","quantile","0.5",263
"Seasonal Baseline","2026-06-13",-2,"2026-05-30","Adults","quantile","0.55",281
"Seasonal Baseline","2026-06-13",-2,"2026-05-30","Adults","quantile","0.6",301
"Seasonal Baseline","2026-06-13",-2,"2026-05-30","Adults","quantile","0.65",324
"Seasonal Baseline","2026-06-13",-2,"2026-05-30","Adults","quantile","0.7",350
"Seasonal Baseline","2026-06-13",-2,"2026-05-30","Adults","quantile","0.75",380
"Seasonal Baseline","2026-06-13",-2,"2026-05-30","Adults","quantile","0.8",418
"Seasonal Baseline","2026-06-13",-2,"2026-05-30","Adults","quantile","0.85",467
"Seasonal Baseline","2026-06-13",-2,"2026-05-30","Adults","quantile","0.9",536
"Seasonal Baseline","2026-06-13",-2,"2026-05-30","Adults","quantile","0.95",653
"Seasonal Baseline","2026-06-13",-2,"2026-05-30","Adults","quantile","0.975",787
"Seasonal Baseline","2026-06-13",-2,"2026-05-30","Adults","quantile","0.99",951
"Seasonal Baseline","2026-06-13",-1,"2026-06-06","Adults","quantile","0.01",82
"Seasonal Baseline","2026-06-13",-1,"2026-06-06","Adults","quantile","0.025",100
"Seasonal Baseline","2026-06-13",-1,"2026-06-06","Adults","quantile","0.05",117
"Seasonal Baseline","2026-06-13",-1,"2026-06-06","Adults","quantile","0.1",145
"Seasonal Baseline","2026-06-13",-1,"2026-06-06","Adults","quantile","0.15",166
"Seasonal Baseline","2026-06-13",-1,"2026-06-06","Adults","quantile","0.2",184
"Seasonal Baseline","2026-06-13",-1,"2026-06-06","Adults","quantile","0.25",202
"Seasonal Baseline","2026-06-13",-1,"2026-06-06","Adults","quantile","0.3",218
"Seasonal Baseline","2026-06-13",-1,"2026-06-06","Adults","quantile","0.35",235
"Seasonal Baseline","2026-06-13",-1,"2026-06-06","Adults","quantile","0.4",253
"Seasonal Baseline","2026-06-13",-1,"2026-06-06","Adults","quantile","0.45",272
"Seasonal Baseline","2026-06-13",-1,"2026-06-06","Adults","quantile","0.5",291
"Seasonal Baseline","2026-06-13",-1,"2026-06-06","Adults","quantile","0.55",312
"Seasonal Baseline","2026-06-13",-1,"2026-06-06","Adults","quantile","0.6",334
"Seasonal Baseline","2026-06-13",-1,"2026-06-06","Adults","quantile","0.65",359
"Seasonal Baseline","2026-06-13",-1,"2026-06-06","Adults","quantile","0.7",387
"Seasonal Baseline","2026-06-13",-1,"2026-06-06","Adults","quantile","0.75",423
"Seasonal Baseline","2026-06-13",-1,"2026-06-06","Adults","quantile","0.8",461
"Seasonal Baseline","2026-06-13",-1,"2026-06-06","Adults","quantile","0.85",512
"Seasonal Baseline","2026-06-13",-1,"2026-06-06","Adults","quantile","0.9",587
"Seasonal Baseline","2026-06-13",-1,"2026-06-06","Adults","quantile","0.95",712
"Seasonal Baseline","2026-06-13",-1,"2026-06-06","Adults","quantile","0.975",862
"Seasonal Baseline","2026-06-13",-1,"2026-06-06","Adults","quantile","0.99",1064
"Seasonal Baseline","2026-06-13",0,"2026-06-13","Adults","quantile","0.01",89
"Seasonal Baseline","2026-06-13",0,"2026-06-13","Adults","quantile","0.025",110
"Seasonal Baseline","2026-06-13",0,"2026-06-13","Adults","quantile","0.05",128
"Seasonal Baseline","2026-06-13",0,"2026-06-13","Adults","quantile","0.1",156
"Seasonal Baseline","2026-06-13",0,"2026-06-13","Adults","quantile","0.15",179
"Seasonal Baseline","2026-06-13",0,"2026-06-13","Adults","quantile","0.2",200
"Seasonal Baseline","2026-06-13",0,"2026-06-13","Adults","quantile","0.25",220
"Seasonal Baseline","2026-06-13",0,"2026-06-13","Adults","quantile","0.3",238
"Seasonal Baseline","2026-06-13",0,"2026-06-13","Adults","quantile","0.35",258
"Seasonal Baseline","2026-06-13",0,"2026-06-13","Adults","quantile","0.4",276
"Seasonal Baseline","2026-06-13",0,"2026-06-13","Adults","quantile","0.45",297
"Seasonal Baseline","2026-06-13",0,"2026-06-13","Adults","quantile","0.5",317
"Seasonal Baseline","2026-06-13",0,"2026-06-13","Adults","quantile","0.55",340
"Seasonal Baseline","2026-06-13",0,"2026-06-13","Adults","quantile","0.6",364
"Seasonal Baseline","2026-06-13",0,"2026-06-13","Adults","quantile","0.65",391
"Seasonal Baseline","2026-06-13",0,"2026-06-13","Adults","quantile","0.7",422
"Seasonal Baseline","2026-06-13",0,"2026-06-13","Adults","quantile","0.75",461
"Seasonal Baseline","2026-06-13",0,"2026-06-13","Adults","quantile","0.8",507
"Seasonal Baseline","2026-06-13",0,"2026-06-13","Adults","quantile","0.85",558
"Seasonal Baseline","2026-06-13",0,"2026-06-13","Adults","quantile","0.9",630
"Seasonal Baseline","2026-06-13",0,"2026-06-13","Adults","quantile","0.95",771
"Seasonal Baseline","2026-06-13",0,"2026-06-13","Adults","quantile","0.975",916
"Seasonal Baseline","2026-06-13",0,"2026-06-13","Adults","quantile","0.99",1124
"Seasonal Baseline","2026-06-13",1,"2026-06-20","Adults","quantile","0.01",91
"Seasonal Baseline","2026-06-13",1,"2026-06-20","Adults","quantile","0.025",113
"Seasonal Baseline","2026-06-13",1,"2026-06-20","Adults","quantile","0.05",135
"Seasonal Baseline","2026-06-13",1,"2026-06-20","Adults","quantile","0.1",165
"Seasonal Baseline","2026-06-13",1,"2026-06-20","Adults","quantile","0.15",188
"Seasonal Baseline","2026-06-13",1,"2026-06-20","Adults","quantile","0.2",209
"Seasonal Baseline","2026-06-13",1,"2026-06-20","Adults","quantile","0.25",229
"Seasonal Baseline","2026-06-13",1,"2026-06-20","Adults","quantile","0.3",248
"Seasonal Baseline","2026-06-13",1,"2026-06-20","Adults","quantile","0.35",269
"Seasonal Baseline","2026-06-13",1,"2026-06-20","Adults","quantile","0.4",289
"Seasonal Baseline","2026-06-13",1,"2026-06-20","Adults","quantile","0.45",310
"Seasonal Baseline","2026-06-13",1,"2026-06-20","Adults","quantile","0.5",333
"Seasonal Baseline","2026-06-13",1,"2026-06-20","Adults","quantile","0.55",357
"Seasonal Baseline","2026-06-13",1,"2026-06-20","Adults","quantile","0.6",384
"Seasonal Baseline","2026-06-13",1,"2026-06-20","Adults","quantile","0.65",413
"Seasonal Baseline","2026-06-13",1,"2026-06-20","Adults","quantile","0.7",447
"Seasonal Baseline","2026-06-13",1,"2026-06-20","Adults","quantile","0.75",487
"Seasonal Baseline","2026-06-13",1,"2026-06-20","Adults","quantile","0.8",533
"Seasonal Baseline","2026-06-13",1,"2026-06-20","Adults","quantile","0.85",595
"Seasonal Baseline","2026-06-13",1,"2026-06-20","Adults","quantile","0.9",673
"Seasonal Baseline","2026-06-13",1,"2026-06-20","Adults","quantile","0.95",821
"Seasonal Baseline","2026-06-13",1,"2026-06-20","Adults","quantile","0.975",980
"Seasonal Baseline","2026-06-13",1,"2026-06-20","Adults","quantile","0.99",1211
"Seasonal Baseline","2026-06-13",2,"2026-06-27","Adults","quantile","0.01",96
"Seasonal Baseline","2026-06-13",2,"2026-06-27","Adults","quantile","0.025",118
"Seasonal Baseline","2026-06-13",2,"2026-06-27","Adults","quantile","0.05",139
"Seasonal Baseline","2026-06-13",2,"2026-06-27","Adults","quantile","0.1",170
"Seasonal Baseline","2026-06-13",2,"2026-06-27","Adults","quantile","0.15",193
"Seasonal Baseline","2026-06-13",2,"2026-06-27","Adults","quantile","0.2",216
"Seasonal Baseline","2026-06-13",2,"2026-06-27","Adults","quantile","0.25",237
"Seasonal Baseline","2026-06-13",2,"2026-06-27","Adults","quantile","0.3",257
"Seasonal Baseline","2026-06-13",2,"2026-06-27","Adults","quantile","0.35",276
"Seasonal Baseline","2026-06-13",2,"2026-06-27","Adults","quantile","0.4",296
"Seasonal Baseline","2026-06-13",2,"2026-06-27","Adults","quantile","0.45",319
"Seasonal Baseline","2026-06-13",2,"2026-06-27","Adults","quantile","0.5",342
"Seasonal Baseline","2026-06-13",2,"2026-06-27","Adults","quantile","0.55",364
"Seasonal Baseline","2026-06-13",2,"2026-06-27","Adults","quantile","0.6",390
"Seasonal Baseline","2026-06-13",2,"2026-06-27","Adults","quantile","0.65",418
"Seasonal Baseline","2026-06-13",2,"2026-06-27","Adults","quantile","0.7",450
"Seasonal Baseline","2026-06-13",2,"2026-06-27","Adults","quantile","0.75",489
"Seasonal Baseline","2026-06-13",2,"2026-06-27","Adults","quantile","0.8",535
"Seasonal Baseline","2026-06-13",2,"2026-06-27","Adults","quantile","0.85",591
"Seasonal Baseline","2026-06-13",2,"2026-06-27","Adults","quantile","0.9",679
"Seasonal Baseline","2026-06-13",2,"2026-06-27","Adults","quantile","0.95",833
"Seasonal Baseline","2026-06-13",2,"2026-06-27","Adults","quantile","0.975",995
"Seasonal Baseline","2026-06-13",2,"2026-06-27","Adults","quantile","0.99",1219
"Seasonal Baseline","2026-06-13",3,"2026-07-04","Adults","quantile","0.01",92
"Seasonal Baseline","2026-06-13",3,"2026-07-04","Adults","quantile","0.025",114
"Seasonal Baseline","2026-06-13",3,"2026-07-04","Adults","quantile","0.05",136
"Seasonal Baseline","2026-06-13",3,"2026-07-04","Adults","quantile","0.1",164
"Seasonal Baseline","2026-06-13",3,"2026-07-04","Adults","quantile","0.15",187
"Seasonal Baseline","2026-06-13",3,"2026-07-04","Adults","quantile","0.2",209
"Seasonal Baseline","2026-06-13",3,"2026-07-04","Adults","quantile","0.25",230
"Seasonal Baseline","2026-06-13",3,"2026-07-04","Adults","quantile","0.3",249
"Seasonal Baseline","2026-06-13",3,"2026-07-04","Adults","quantile","0.35",269
"Seasonal Baseline","2026-06-13",3,"2026-07-04","Adults","quantile","0.4",288
"Seasonal Baseline","2026-06-13",3,"2026-07-04","Adults","quantile","0.45",309
"Seasonal Baseline","2026-06-13",3,"2026-07-04","Adults","quantile","0.5",331
"Seasonal Baseline","2026-06-13",3,"2026-07-04","Adults","quantile","0.55",353
"Seasonal Baseline","2026-06-13",3,"2026-07-04","Adults","quantile","0.6",378
"Seasonal Baseline","2026-06-13",3,"2026-07-04","Adults","quantile","0.65",406
"Seasonal Baseline","2026-06-13",3,"2026-07-04","Adults","quantile","0.7",439
"Seasonal Baseline","2026-06-13",3,"2026-07-04","Adults","quantile","0.75",479
"Seasonal Baseline","2026-06-13",3,"2026-07-04","Adults","quantile","0.8",526
"Seasonal Baseline","2026-06-13",3,"2026-07-04","Adults","quantile","0.85",589
"Seasonal Baseline","2026-06-13",3,"2026-07-04","Adults","quantile","0.9",672
"Seasonal Baseline","2026-06-13",3,"2026-07-04","Adults","quantile","0.95",812
"Seasonal Baseline","2026-06-13",3,"2026-07-04","Adults","quantile","0.975",973
"Seasonal Baseline","2026-06-13",3,"2026-07-04","Adults","quantile","0.99",1197
"Seasonal Baseline","2026-06-13",-5,"2026-05-09","Overall","quantile","0.01",175
"Seasonal Baseline","2026-06-13",-5,"2026-05-09","Overall","quantile","0.025",200
"Seasonal Baseline","2026-06-13",-5,"2026-05-09","Overall","quantile","0.05",228
"Seasonal Baseline","2026-06-13",-5,"2026-05-09","Overall","quantile","0.1",265
"Seasonal Baseline","2026-06-13",-5,"2026-05-09","Overall","quantile","0.15",293
"Seasonal Baseline","2026-06-13",-5,"2026-05-09","Overall","quantile","0.2",317
"Seasonal Baseline","2026-06-13",-5,"2026-05-09","Overall","quantile","0.25",341
"Seasonal Baseline","2026-06-13",-5,"2026-05-09","Overall","quantile","0.3",364
"Seasonal Baseline","2026-06-13",-5,"2026-05-09","Overall","quantile","0.35",384
"Seasonal Baseline","2026-06-13",-5,"2026-05-09","Overall","quantile","0.4",407
"Seasonal Baseline","2026-06-13",-5,"2026-05-09","Overall","quantile","0.45",429
"Seasonal Baseline","2026-06-13",-5,"2026-05-09","Overall","quantile","0.5",453
"Seasonal Baseline","2026-06-13",-5,"2026-05-09","Overall","quantile","0.55",476
"Seasonal Baseline","2026-06-13",-5,"2026-05-09","Overall","quantile","0.6",500
"Seasonal Baseline","2026-06-13",-5,"2026-05-09","Overall","quantile","0.65",528
"Seasonal Baseline","2026-06-13",-5,"2026-05-09","Overall","quantile","0.7",560
"Seasonal Baseline","2026-06-13",-5,"2026-05-09","Overall","quantile","0.75",594
"Seasonal Baseline","2026-06-13",-5,"2026-05-09","Overall","quantile","0.8",640
"Seasonal Baseline","2026-06-13",-5,"2026-05-09","Overall","quantile","0.85",694
"Seasonal Baseline","2026-06-13",-5,"2026-05-09","Overall","quantile","0.9",764
"Seasonal Baseline","2026-06-13",-5,"2026-05-09","Overall","quantile","0.95",896
"Seasonal Baseline","2026-06-13",-5,"2026-05-09","Overall","quantile","0.975",1023
"Seasonal Baseline","2026-06-13",-5,"2026-05-09","Overall","quantile","0.99",1184
"Seasonal Baseline","2026-06-13",-4,"2026-05-16","Overall","quantile","0.01",197
"Seasonal Baseline","2026-06-13",-4,"2026-05-16","Overall","quantile","0.025",229
"Seasonal Baseline","2026-06-13",-4,"2026-05-16","Overall","quantile","0.05",260
"Seasonal Baseline","2026-06-13",-4,"2026-05-16","Overall","quantile","0.1",302
"Seasonal Baseline","2026-06-13",-4,"2026-05-16","Overall","quantile","0.15",337
"Seasonal Baseline","2026-06-13",-4,"2026-05-16","Overall","quantile","0.2",365
"Seasonal Baseline","2026-06-13",-4,"2026-05-16","Overall","quantile","0.25",391
"Seasonal Baseline","2026-06-13",-4,"2026-05-16","Overall","quantile","0.3",419
"Seasonal Baseline","2026-06-13",-4,"2026-05-16","Overall","quantile","0.35",446
"Seasonal Baseline","2026-06-13",-4,"2026-05-16","Overall","quantile","0.4",471
"Seasonal Baseline","2026-06-13",-4,"2026-05-16","Overall","quantile","0.45",495
"Seasonal Baseline","2026-06-13",-4,"2026-05-16","Overall","quantile","0.5",521
"Seasonal Baseline","2026-06-13",-4,"2026-05-16","Overall","quantile","0.55",550
"Seasonal Baseline","2026-06-13",-4,"2026-05-16","Overall","quantile","0.6",580
"Seasonal Baseline","2026-06-13",-4,"2026-05-16","Overall","quantile","0.65",612
"Seasonal Baseline","2026-06-13",-4,"2026-05-16","Overall","quantile","0.7",654
"Seasonal Baseline","2026-06-13",-4,"2026-05-16","Overall","quantile","0.75",697
"Seasonal Baseline","2026-06-13",-4,"2026-05-16","Overall","quantile","0.8",750
"Seasonal Baseline","2026-06-13",-4,"2026-05-16","Overall","quantile","0.85",808
"Seasonal Baseline","2026-06-13",-4,"2026-05-16","Overall","quantile","0.9",897
"Seasonal Baseline","2026-06-13",-4,"2026-05-16","Overall","quantile","0.95",1037
"Seasonal Baseline","2026-06-13",-4,"2026-05-16","Overall","quantile","0.975",1178
"Seasonal Baseline","2026-06-13",-4,"2026-05-16","Overall","quantile","0.99",1365
"Seasonal Baseline","2026-06-13",-3,"2026-05-23","Overall","quantile","0.01",225
"Seasonal Baseline","2026-06-13",-3,"2026-05-23","Overall","quantile","0.025",262
"Seasonal Baseline","2026-06-13",-3,"2026-05-23","Overall","quantile","0.05",296
"Seasonal Baseline","2026-06-13",-3,"2026-05-23","Overall","quantile","0.1",348
"Seasonal Baseline","2026-06-13",-3,"2026-05-23","Overall","quantile","0.15",385
"Seasonal Baseline","2026-06-13",-3,"2026-05-23","Overall","quantile","0.2",415
"Seasonal Baseline","2026-06-13",-3,"2026-05-23","Overall","quantile","0.25",445
"Seasonal Baseline","2026-06-13",-3,"2026-05-23","Overall","quantile","0.3",475
"Seasonal Baseline","2026-06-13",-3,"2026-05-23","Overall","quantile","0.35",503
"Seasonal Baseline","2026-06-13",-3,"2026-05-23","Overall","quantile","0.4",530
"Seasonal Baseline","2026-06-13",-3,"2026-05-23","Overall","quantile","0.45",561
"Seasonal Baseline","2026-06-13",-3,"2026-05-23","Overall","quantile","0.5",589
"Seasonal Baseline","2026-06-13",-3,"2026-05-23","Overall","quantile","0.55",622
"Seasonal Baseline","2026-06-13",-3,"2026-05-23","Overall","quantile","0.6",655
"Seasonal Baseline","2026-06-13",-3,"2026-05-23","Overall","quantile","0.65",691
"Seasonal Baseline","2026-06-13",-3,"2026-05-23","Overall","quantile","0.7",730
"Seasonal Baseline","2026-06-13",-3,"2026-05-23","Overall","quantile","0.75",777
"Seasonal Baseline","2026-06-13",-3,"2026-05-23","Overall","quantile","0.8",834
"Seasonal Baseline","2026-06-13",-3,"2026-05-23","Overall","quantile","0.85",903
"Seasonal Baseline","2026-06-13",-3,"2026-05-23","Overall","quantile","0.9",992
"Seasonal Baseline","2026-06-13",-3,"2026-05-23","Overall","quantile","0.95",1172
"Seasonal Baseline","2026-06-13",-3,"2026-05-23","Overall","quantile","0.975",1340
"Seasonal Baseline","2026-06-13",-3,"2026-05-23","Overall","quantile","0.99",1578
"Seasonal Baseline","2026-06-13",-2,"2026-05-30","Overall","quantile","0.01",255
"Seasonal Baseline","2026-06-13",-2,"2026-05-30","Overall","quantile","0.025",295
"Seasonal Baseline","2026-06-13",-2,"2026-05-30","Overall","quantile","0.05",340
"Seasonal Baseline","2026-06-13",-2,"2026-05-30","Overall","quantile","0.1",391
"Seasonal Baseline","2026-06-13",-2,"2026-05-30","Overall","quantile","0.15",434
"Seasonal Baseline","2026-06-13",-2,"2026-05-30","Overall","quantile","0.2",468
"Seasonal Baseline","2026-06-13",-2,"2026-05-30","Overall","quantile","0.25",502
"Seasonal Baseline","2026-06-13",-2,"2026-05-30","Overall","quantile","0.3",535
"Seasonal Baseline","2026-06-13",-2,"2026-05-30","Overall","quantile","0.35",567
"Seasonal Baseline","2026-06-13",-2,"2026-05-30","Overall","quantile","0.4",600
"Seasonal Baseline","2026-06-13",-2,"2026-05-30","Overall","quantile","0.45",634
"Seasonal Baseline","2026-06-13",-2,"2026-05-30","Overall","quantile","0.5",666
"Seasonal Baseline","2026-06-13",-2,"2026-05-30","Overall","quantile","0.55",701
"Seasonal Baseline","2026-06-13",-2,"2026-05-30","Overall","quantile","0.6",741
"Seasonal Baseline","2026-06-13",-2,"2026-05-30","Overall","quantile","0.65",784
"Seasonal Baseline","2026-06-13",-2,"2026-05-30","Overall","quantile","0.7",836
"Seasonal Baseline","2026-06-13",-2,"2026-05-30","Overall","quantile","0.75",890
"Seasonal Baseline","2026-06-13",-2,"2026-05-30","Overall","quantile","0.8",952
"Seasonal Baseline","2026-06-13",-2,"2026-05-30","Overall","quantile","0.85",1038
"Seasonal Baseline","2026-06-13",-2,"2026-05-30","Overall","quantile","0.9",1145
"Seasonal Baseline","2026-06-13",-2,"2026-05-30","Overall","quantile","0.95",1330
"Seasonal Baseline","2026-06-13",-2,"2026-05-30","Overall","quantile","0.975",1507
"Seasonal Baseline","2026-06-13",-2,"2026-05-30","Overall","quantile","0.99",1746
"Seasonal Baseline","2026-06-13",-1,"2026-06-06","Overall","quantile","0.01",272
"Seasonal Baseline","2026-06-13",-1,"2026-06-06","Overall","quantile","0.025",323
"Seasonal Baseline","2026-06-13",-1,"2026-06-06","Overall","quantile","0.05",371
"Seasonal Baseline","2026-06-13",-1,"2026-06-06","Overall","quantile","0.1",433
"Seasonal Baseline","2026-06-13",-1,"2026-06-06","Overall","quantile","0.15",478
"Seasonal Baseline","2026-06-13",-1,"2026-06-06","Overall","quantile","0.2",519
"Seasonal Baseline","2026-06-13",-1,"2026-06-06","Overall","quantile","0.25",559
"Seasonal Baseline","2026-06-13",-1,"2026-06-06","Overall","quantile","0.3",591
"Seasonal Baseline","2026-06-13",-1,"2026-06-06","Overall","quantile","0.35",631
"Seasonal Baseline","2026-06-13",-1,"2026-06-06","Overall","quantile","0.4",666
"Seasonal Baseline","2026-06-13",-1,"2026-06-06","Overall","quantile","0.45",704
"Seasonal Baseline","2026-06-13",-1,"2026-06-06","Overall","quantile","0.5",741
"Seasonal Baseline","2026-06-13",-1,"2026-06-06","Overall","quantile","0.55",781
"Seasonal Baseline","2026-06-13",-1,"2026-06-06","Overall","quantile","0.6",823
"Seasonal Baseline","2026-06-13",-1,"2026-06-06","Overall","quantile","0.65",874
"Seasonal Baseline","2026-06-13",-1,"2026-06-06","Overall","quantile","0.7",925
"Seasonal Baseline","2026-06-13",-1,"2026-06-06","Overall","quantile","0.75",983
"Seasonal Baseline","2026-06-13",-1,"2026-06-06","Overall","quantile","0.8",1052
"Seasonal Baseline","2026-06-13",-1,"2026-06-06","Overall","quantile","0.85",1147
"Seasonal Baseline","2026-06-13",-1,"2026-06-06","Overall","quantile","0.9",1269
"Seasonal Baseline","2026-06-13",-1,"2026-06-06","Overall","quantile","0.95",1490
"Seasonal Baseline","2026-06-13",-1,"2026-06-06","Overall","quantile","0.975",1694
"Seasonal Baseline","2026-06-13",-1,"2026-06-06","Overall","quantile","0.99",1976
"Seasonal Baseline","2026-06-13",0,"2026-06-13","Overall","quantile","0.01",300
"Seasonal Baseline","2026-06-13",0,"2026-06-13","Overall","quantile","0.025",349
"Seasonal Baseline","2026-06-13",0,"2026-06-13","Overall","quantile","0.05",401
"Seasonal Baseline","2026-06-13",0,"2026-06-13","Overall","quantile","0.1",466
"Seasonal Baseline","2026-06-13",0,"2026-06-13","Overall","quantile","0.15",516
"Seasonal Baseline","2026-06-13",0,"2026-06-13","Overall","quantile","0.2",562
"Seasonal Baseline","2026-06-13",0,"2026-06-13","Overall","quantile","0.25",602
"Seasonal Baseline","2026-06-13",0,"2026-06-13","Overall","quantile","0.3",639
"Seasonal Baseline","2026-06-13",0,"2026-06-13","Overall","quantile","0.35",679
"Seasonal Baseline","2026-06-13",0,"2026-06-13","Overall","quantile","0.4",717
"Seasonal Baseline","2026-06-13",0,"2026-06-13","Overall","quantile","0.45",754
"Seasonal Baseline","2026-06-13",0,"2026-06-13","Overall","quantile","0.5",794
"Seasonal Baseline","2026-06-13",0,"2026-06-13","Overall","quantile","0.55",835
"Seasonal Baseline","2026-06-13",0,"2026-06-13","Overall","quantile","0.6",880
"Seasonal Baseline","2026-06-13",0,"2026-06-13","Overall","quantile","0.65",934
"Seasonal Baseline","2026-06-13",0,"2026-06-13","Overall","quantile","0.7",990
"Seasonal Baseline","2026-06-13",0,"2026-06-13","Overall","quantile","0.75",1054
"Seasonal Baseline","2026-06-13",0,"2026-06-13","Overall","quantile","0.8",1135
"Seasonal Baseline","2026-06-13",0,"2026-06-13","Overall","quantile","0.85",1235
"Seasonal Baseline","2026-06-13",0,"2026-06-13","Overall","quantile","0.9",1366
"Seasonal Baseline","2026-06-13",0,"2026-06-13","Overall","quantile","0.95",1600
"Seasonal Baseline","2026-06-13",0,"2026-06-13","Overall","quantile","0.975",1809
"Seasonal Baseline","2026-06-13",0,"2026-06-13","Overall","quantile","0.99",2064
"Seasonal Baseline","2026-06-13",1,"2026-06-20","Overall","quantile","0.01",312
"Seasonal Baseline","2026-06-13",1,"2026-06-20","Overall","quantile","0.025",361
"Seasonal Baseline","2026-06-13",1,"2026-06-20","Overall","quantile","0.05",417
"Seasonal Baseline","2026-06-13",1,"2026-06-20","Overall","quantile","0.1",487
"Seasonal Baseline","2026-06-13",1,"2026-06-20","Overall","quantile","0.15",540
"Seasonal Baseline","2026-06-13",1,"2026-06-20","Overall","quantile","0.2",586
"Seasonal Baseline","2026-06-13",1,"2026-06-20","Overall","quantile","0.25",628
"Seasonal Baseline","2026-06-13",1,"2026-06-20","Overall","quantile","0.3",671
"Seasonal Baseline","2026-06-13",1,"2026-06-20","Overall","quantile","0.35",712
"Seasonal Baseline","2026-06-13",1,"2026-06-20","Overall","quantile","0.4",750
"Seasonal Baseline","2026-06-13",1,"2026-06-20","Overall","quantile","0.45",788
"Seasonal Baseline","2026-06-13",1,"2026-06-20","Overall","quantile","0.5",831
"Seasonal Baseline","2026-06-13",1,"2026-06-20","Overall","quantile","0.55",877
"Seasonal Baseline","2026-06-13",1,"2026-06-20","Overall","quantile","0.6",924
"Seasonal Baseline","2026-06-13",1,"2026-06-20","Overall","quantile","0.65",972
"Seasonal Baseline","2026-06-13",1,"2026-06-20","Overall","quantile","0.7",1030
"Seasonal Baseline","2026-06-13",1,"2026-06-20","Overall","quantile","0.75",1098
"Seasonal Baseline","2026-06-13",1,"2026-06-20","Overall","quantile","0.8",1187
"Seasonal Baseline","2026-06-13",1,"2026-06-20","Overall","quantile","0.85",1287
"Seasonal Baseline","2026-06-13",1,"2026-06-20","Overall","quantile","0.9",1424
"Seasonal Baseline","2026-06-13",1,"2026-06-20","Overall","quantile","0.95",1647
"Seasonal Baseline","2026-06-13",1,"2026-06-20","Overall","quantile","0.975",1886
"Seasonal Baseline","2026-06-13",1,"2026-06-20","Overall","quantile","0.99",2157
"Seasonal Baseline","2026-06-13",2,"2026-06-27","Overall","quantile","0.01",315
"Seasonal Baseline","2026-06-13",2,"2026-06-27","Overall","quantile","0.025",371
"Seasonal Baseline","2026-06-13",2,"2026-06-27","Overall","quantile","0.05",425
"Seasonal Baseline","2026-06-13",2,"2026-06-27","Overall","quantile","0.1",494
"Seasonal Baseline","2026-06-13",2,"2026-06-27","Overall","quantile","0.15",543
"Seasonal Baseline","2026-06-13",2,"2026-06-27","Overall","quantile","0.2",587
"Seasonal Baseline","2026-06-13",2,"2026-06-27","Overall","quantile","0.25",630
"Seasonal Baseline","2026-06-13",2,"2026-06-27","Overall","quantile","0.3",669
"Seasonal Baseline","2026-06-13",2,"2026-06-27","Overall","quantile","0.35",708
"Seasonal Baseline","2026-06-13",2,"2026-06-27","Overall","quantile","0.4",748
"Seasonal Baseline","2026-06-13",2,"2026-06-27","Overall","quantile","0.45",788
"Seasonal Baseline","2026-06-13",2,"2026-06-27","Overall","quantile","0.5",831
"Seasonal Baseline","2026-06-13",2,"2026-06-27","Overall","quantile","0.55",877
"Seasonal Baseline","2026-06-13",2,"2026-06-27","Overall","quantile","0.6",928
"Seasonal Baseline","2026-06-13",2,"2026-06-27","Overall","quantile","0.65",981
"Seasonal Baseline","2026-06-13",2,"2026-06-27","Overall","quantile","0.7",1043
"Seasonal Baseline","2026-06-13",2,"2026-06-27","Overall","quantile","0.75",1109
"Seasonal Baseline","2026-06-13",2,"2026-06-27","Overall","quantile","0.8",1190
"Seasonal Baseline","2026-06-13",2,"2026-06-27","Overall","quantile","0.85",1296
"Seasonal Baseline","2026-06-13",2,"2026-06-27","Overall","quantile","0.9",1426
"Seasonal Baseline","2026-06-13",2,"2026-06-27","Overall","quantile","0.95",1655
"Seasonal Baseline","2026-06-13",2,"2026-06-27","Overall","quantile","0.975",1867
"Seasonal Baseline","2026-06-13",2,"2026-06-27","Overall","quantile","0.99",2180
"Seasonal Baseline","2026-06-13",3,"2026-07-04","Overall","quantile","0.01",313
"Seasonal Baseline","2026-06-13",3,"2026-07-04","Overall","quantile","0.025",364
"Seasonal Baseline","2026-06-13",3,"2026-07-04","Overall","quantile","0.05",410
"Seasonal Baseline","2026-06-13",3,"2026-07-04","Overall","quantile","0.1",478
"Seasonal Baseline","2026-06-13",3,"2026-07-04","Overall","quantile","0.15",531
"Seasonal Baseline","2026-06-13",3,"2026-07-04","Overall","quantile","0.2",576
"Seasonal Baseline","2026-06-13",3,"2026-07-04","Overall","quantile","0.25",617
"Seasonal Baseline","2026-06-13",3,"2026-07-04","Overall","quantile","0.3",656
"Seasonal Baseline","2026-06-13",3,"2026-07-04","Overall","quantile","0.35",698
"Seasonal Baseline","2026-06-13",3,"2026-07-04","Overall","quantile","0.4",741
"Seasonal Baseline","2026-06-13",3,"2026-07-04","Overall","quantile","0.45",779
"Seasonal Baseline","2026-06-13",3,"2026-07-04","Overall","quantile","0.5",821
"Seasonal Baseline","2026-06-13",3,"2026-07-04","Overall","quantile","0.55",864
"Seasonal Baseline","2026-06-13",3,"2026-07-04","Overall","quantile","0.6",909
"Seasonal Baseline","2026-06-13",3,"2026-07-04","Overall","quantile","0.65",961
"Seasonal Baseline","2026-06-13",3,"2026-07-04","Overall","quantile","0.7",1020
"Seasonal Baseline","2026-06-13",3,"2026-07-04","Overall","quantile","0.75",1086
"Seasonal Baseline","2026-06-13",3,"2026-07-04","Overall","quantile","0.8",1165
"Seasonal Baseline","2026-06-13",3,"2026-07-04","Overall","quantile","0.85",1258
"Seasonal Baseline","2026-06-13",3,"2026-07-04","Overall","quantile","0.9",1396
"Seasonal Baseline","2026-06-13",3,"2026-07-04","Overall","quantile","0.95",1633
"Seasonal Baseline","2026-06-13",3,"2026-07-04","Overall","quantile","0.975",1875
"Seasonal Baseline","2026-06-13",3,"2026-07-04","Overall","quantile","0.99",2218
"Seasonal Baseline","2026-06-13",-5,"2026-05-09","Pediatrics","quantile","0.01",126
"Seasonal Baseline","2026-06-13",-5,"2026-05-09","Pediatrics","quantile","0.025",141
"Seasonal Baseline","2026-06-13",-5,"2026-05-09","Pediatrics","quantile","0.05",154
"Seasonal Baseline","2026-06-13",-5,"2026-05-09","Pediatrics","quantile","0.1",173
"Seasonal Baseline","2026-06-13",-5,"2026-05-09","Pediatrics","quantile","0.15",187
"Seasonal Baseline","2026-06-13",-5,"2026-05-09","Pediatrics","quantile","0.2",198
"Seasonal Baseline","2026-06-13",-5,"2026-05-09","Pediatrics","quantile","0.25",208
"Seasonal Baseline","2026-06-13",-5,"2026-05-09","Pediatrics","quantile","0.3",218
"Seasonal Baseline","2026-06-13",-5,"2026-05-09","Pediatrics","quantile","0.35",227
"Seasonal Baseline","2026-06-13",-5,"2026-05-09","Pediatrics","quantile","0.4",237
"Seasonal Baseline","2026-06-13",-5,"2026-05-09","Pediatrics","quantile","0.45",245
"Seasonal Baseline","2026-06-13",-5,"2026-05-09","Pediatrics","quantile","0.5",255
"Seasonal Baseline","2026-06-13",-5,"2026-05-09","Pediatrics","quantile","0.55",265
"Seasonal Baseline","2026-06-13",-5,"2026-05-09","Pediatrics","quantile","0.6",276
"Seasonal Baseline","2026-06-13",-5,"2026-05-09","Pediatrics","quantile","0.65",287
"Seasonal Baseline","2026-06-13",-5,"2026-05-09","Pediatrics","quantile","0.7",299
"Seasonal Baseline","2026-06-13",-5,"2026-05-09","Pediatrics","quantile","0.75",313
"Seasonal Baseline","2026-06-13",-5,"2026-05-09","Pediatrics","quantile","0.8",329
"Seasonal Baseline","2026-06-13",-5,"2026-05-09","Pediatrics","quantile","0.85",349
"Seasonal Baseline","2026-06-13",-5,"2026-05-09","Pediatrics","quantile","0.9",375
"Seasonal Baseline","2026-06-13",-5,"2026-05-09","Pediatrics","quantile","0.95",419
"Seasonal Baseline","2026-06-13",-5,"2026-05-09","Pediatrics","quantile","0.975",461
"Seasonal Baseline","2026-06-13",-5,"2026-05-09","Pediatrics","quantile","0.99",516
"Seasonal Baseline","2026-06-13",-4,"2026-05-16","Pediatrics","quantile","0.01",149
"Seasonal Baseline","2026-06-13",-4,"2026-05-16","Pediatrics","quantile","0.025",167
"Seasonal Baseline","2026-06-13",-4,"2026-05-16","Pediatrics","quantile","0.05",182
"Seasonal Baseline","2026-06-13",-4,"2026-05-16","Pediatrics","quantile","0.1",203
"Seasonal Baseline","2026-06-13",-4,"2026-05-16","Pediatrics","quantile","0.15",218
"Seasonal Baseline","2026-06-13",-4,"2026-05-16","Pediatrics","quantile","0.2",231
"Seasonal Baseline","2026-06-13",-4,"2026-05-16","Pediatrics","quantile","0.25",245
"Seasonal Baseline","2026-06-13",-4,"2026-05-16","Pediatrics","quantile","0.3",256
"Seasonal Baseline","2026-06-13",-4,"2026-05-16","Pediatrics","quantile","0.35",266
"Seasonal Baseline","2026-06-13",-4,"2026-05-16","Pediatrics","quantile","0.4",277
"Seasonal Baseline","2026-06-13",-4,"2026-05-16","Pediatrics","quantile","0.45",288
"Seasonal Baseline","2026-06-13",-4,"2026-05-16","Pediatrics","quantile","0.5",299
"Seasonal Baseline","2026-06-13",-4,"2026-05-16","Pediatrics","quantile","0.55",310
"Seasonal Baseline","2026-06-13",-4,"2026-05-16","Pediatrics","quantile","0.6",322
"Seasonal Baseline","2026-06-13",-4,"2026-05-16","Pediatrics","quantile","0.65",335
"Seasonal Baseline","2026-06-13",-4,"2026-05-16","Pediatrics","quantile","0.7",350
"Seasonal Baseline","2026-06-13",-4,"2026-05-16","Pediatrics","quantile","0.75",367
"Seasonal Baseline","2026-06-13",-4,"2026-05-16","Pediatrics","quantile","0.8",386
"Seasonal Baseline","2026-06-13",-4,"2026-05-16","Pediatrics","quantile","0.85",409
"Seasonal Baseline","2026-06-13",-4,"2026-05-16","Pediatrics","quantile","0.9",439
"Seasonal Baseline","2026-06-13",-4,"2026-05-16","Pediatrics","quantile","0.95",491
"Seasonal Baseline","2026-06-13",-4,"2026-05-16","Pediatrics","quantile","0.975",539
"Seasonal Baseline","2026-06-13",-4,"2026-05-16","Pediatrics","quantile","0.99",599
"Seasonal Baseline","2026-06-13",-3,"2026-05-23","Pediatrics","quantile","0.01",171
"Seasonal Baseline","2026-06-13",-3,"2026-05-23","Pediatrics","quantile","0.025",192
"Seasonal Baseline","2026-06-13",-3,"2026-05-23","Pediatrics","quantile","0.05",213
"Seasonal Baseline","2026-06-13",-3,"2026-05-23","Pediatrics","quantile","0.1",238
"Seasonal Baseline","2026-06-13",-3,"2026-05-23","Pediatrics","quantile","0.15",257
"Seasonal Baseline","2026-06-13",-3,"2026-05-23","Pediatrics","quantile","0.2",273
"Seasonal Baseline","2026-06-13",-3,"2026-05-23","Pediatrics","quantile","0.25",288
"Seasonal Baseline","2026-06-13",-3,"2026-05-23","Pediatrics","quantile","0.3",301
"Seasonal Baseline","2026-06-13",-3,"2026-05-23","Pediatrics","quantile","0.35",314
"Seasonal Baseline","2026-06-13",-3,"2026-05-23","Pediatrics","quantile","0.4",326
"Seasonal Baseline","2026-06-13",-3,"2026-05-23","Pediatrics","quantile","0.45",340
"Seasonal Baseline","2026-06-13",-3,"2026-05-23","Pediatrics","quantile","0.5",354
"Seasonal Baseline","2026-06-13",-3,"2026-05-23","Pediatrics","quantile","0.55",369
"Seasonal Baseline","2026-06-13",-3,"2026-05-23","Pediatrics","quantile","0.6",384
"Seasonal Baseline","2026-06-13",-3,"2026-05-23","Pediatrics","quantile","0.65",399
"Seasonal Baseline","2026-06-13",-3,"2026-05-23","Pediatrics","quantile","0.7",415
"Seasonal Baseline","2026-06-13",-3,"2026-05-23","Pediatrics","quantile","0.75",435
"Seasonal Baseline","2026-06-13",-3,"2026-05-23","Pediatrics","quantile","0.8",457
"Seasonal Baseline","2026-06-13",-3,"2026-05-23","Pediatrics","quantile","0.85",484
"Seasonal Baseline","2026-06-13",-3,"2026-05-23","Pediatrics","quantile","0.9",521
"Seasonal Baseline","2026-06-13",-3,"2026-05-23","Pediatrics","quantile","0.95",583
"Seasonal Baseline","2026-06-13",-3,"2026-05-23","Pediatrics","quantile","0.975",641
"Seasonal Baseline","2026-06-13",-3,"2026-05-23","Pediatrics","quantile","0.99",715
"Seasonal Baseline","2026-06-13",-2,"2026-05-30","Pediatrics","quantile","0.01",202
"Seasonal Baseline","2026-06-13",-2,"2026-05-30","Pediatrics","quantile","0.025",225
"Seasonal Baseline","2026-06-13",-2,"2026-05-30","Pediatrics","quantile","0.05",248
"Seasonal Baseline","2026-06-13",-2,"2026-05-30","Pediatrics","quantile","0.1",277
"Seasonal Baseline","2026-06-13",-2,"2026-05-30","Pediatrics","quantile","0.15",297
"Seasonal Baseline","2026-06-13",-2,"2026-05-30","Pediatrics","quantile","0.2",315
"Seasonal Baseline","2026-06-13",-2,"2026-05-30","Pediatrics","quantile","0.25",332
"Seasonal Baseline","2026-06-13",-2,"2026-05-30","Pediatrics","quantile","0.3",346
"Seasonal Baseline","2026-06-13",-2,"2026-05-30","Pediatrics","quantile","0.35",361
"Seasonal Baseline","2026-06-13",-2,"2026-05-30","Pediatrics","quantile","0.4",374
"Seasonal Baseline","2026-06-13",-2,"2026-05-30","Pediatrics","quantile","0.45",389
"Seasonal Baseline","2026-06-13",-2,"2026-05-30","Pediatrics","quantile","0.5",404
"Seasonal Baseline","2026-06-13",-2,"2026-05-30","Pediatrics","quantile","0.55",421
"Seasonal Baseline","2026-06-13",-2,"2026-05-30","Pediatrics","quantile","0.6",437
"Seasonal Baseline","2026-06-13",-2,"2026-05-30","Pediatrics","quantile","0.65",456
"Seasonal Baseline","2026-06-13",-2,"2026-05-30","Pediatrics","quantile","0.7",477
"Seasonal Baseline","2026-06-13",-2,"2026-05-30","Pediatrics","quantile","0.75",500
"Seasonal Baseline","2026-06-13",-2,"2026-05-30","Pediatrics","quantile","0.8",526
"Seasonal Baseline","2026-06-13",-2,"2026-05-30","Pediatrics","quantile","0.85",558
"Seasonal Baseline","2026-06-13",-2,"2026-05-30","Pediatrics","quantile","0.9",599
"Seasonal Baseline","2026-06-13",-2,"2026-05-30","Pediatrics","quantile","0.95",675
"Seasonal Baseline","2026-06-13",-2,"2026-05-30","Pediatrics","quantile","0.975",751
"Seasonal Baseline","2026-06-13",-2,"2026-05-30","Pediatrics","quantile","0.99",835
"Seasonal Baseline","2026-06-13",-1,"2026-06-06","Pediatrics","quantile","0.01",227
"Seasonal Baseline","2026-06-13",-1,"2026-06-06","Pediatrics","quantile","0.025",253
"Seasonal Baseline","2026-06-13",-1,"2026-06-06","Pediatrics","quantile","0.05",277
"Seasonal Baseline","2026-06-13",-1,"2026-06-06","Pediatrics","quantile","0.1",308
"Seasonal Baseline","2026-06-13",-1,"2026-06-06","Pediatrics","quantile","0.15",332
"Seasonal Baseline","2026-06-13",-1,"2026-06-06","Pediatrics","quantile","0.2",352
"Seasonal Baseline","2026-06-13",-1,"2026-06-06","Pediatrics","quantile","0.25",370
"Seasonal Baseline","2026-06-13",-1,"2026-06-06","Pediatrics","quantile","0.3",388
"Seasonal Baseline","2026-06-13",-1,"2026-06-06","Pediatrics","quantile","0.35",405
"Seasonal Baseline","2026-06-13",-1,"2026-06-06","Pediatrics","quantile","0.4",422
"Seasonal Baseline","2026-06-13",-1,"2026-06-06","Pediatrics","quantile","0.45",438
"Seasonal Baseline","2026-06-13",-1,"2026-06-06","Pediatrics","quantile","0.5",455
"Seasonal Baseline","2026-06-13",-1,"2026-06-06","Pediatrics","quantile","0.55",474
"Seasonal Baseline","2026-06-13",-1,"2026-06-06","Pediatrics","quantile","0.6",493
"Seasonal Baseline","2026-06-13",-1,"2026-06-06","Pediatrics","quantile","0.65",513
"Seasonal Baseline","2026-06-13",-1,"2026-06-06","Pediatrics","quantile","0.7",534
"Seasonal Baseline","2026-06-13",-1,"2026-06-06","Pediatrics","quantile","0.75",560
"Seasonal Baseline","2026-06-13",-1,"2026-06-06","Pediatrics","quantile","0.8",588
"Seasonal Baseline","2026-06-13",-1,"2026-06-06","Pediatrics","quantile","0.85",625
"Seasonal Baseline","2026-06-13",-1,"2026-06-06","Pediatrics","quantile","0.9",676
"Seasonal Baseline","2026-06-13",-1,"2026-06-06","Pediatrics","quantile","0.95",760
"Seasonal Baseline","2026-06-13",-1,"2026-06-06","Pediatrics","quantile","0.975",835
"Seasonal Baseline","2026-06-13",-1,"2026-06-06","Pediatrics","quantile","0.99",923
"Seasonal Baseline","2026-06-13",0,"2026-06-13","Pediatrics","quantile","0.01",239
"Seasonal Baseline","2026-06-13",0,"2026-06-13","Pediatrics","quantile","0.025",264
"Seasonal Baseline","2026-06-13",0,"2026-06-13","Pediatrics","quantile","0.05",290
"Seasonal Baseline","2026-06-13",0,"2026-06-13","Pediatrics","quantile","0.1",323
"Seasonal Baseline","2026-06-13",0,"2026-06-13","Pediatrics","quantile","0.15",348
"Seasonal Baseline","2026-06-13",0,"2026-06-13","Pediatrics","quantile","0.2",370
"Seasonal Baseline","2026-06-13",0,"2026-06-13","Pediatrics","quantile","0.25",390
"Seasonal Baseline","2026-06-13",0,"2026-06-13","Pediatrics","quantile","0.3",409
"Seasonal Baseline","2026-06-13",0,"2026-06-13","Pediatrics","quantile","0.35",429
"Seasonal Baseline","2026-06-13",0,"2026-06-13","Pediatrics","quantile","0.4",447
"Seasonal Baseline","2026-06-13",0,"2026-06-13","Pediatrics","quantile","0.45",465
"Seasonal Baseline","2026-06-13",0,"2026-06-13","Pediatrics","quantile","0.5",484
"Seasonal Baseline","2026-06-13",0,"2026-06-13","Pediatrics","quantile","0.55",503
"Seasonal Baseline","2026-06-13",0,"2026-06-13","Pediatrics","quantile","0.6",523
"Seasonal Baseline","2026-06-13",0,"2026-06-13","Pediatrics","quantile","0.65",544
"Seasonal Baseline","2026-06-13",0,"2026-06-13","Pediatrics","quantile","0.7",568
"Seasonal Baseline","2026-06-13",0,"2026-06-13","Pediatrics","quantile","0.75",595
"Seasonal Baseline","2026-06-13",0,"2026-06-13","Pediatrics","quantile","0.8",626
"Seasonal Baseline","2026-06-13",0,"2026-06-13","Pediatrics","quantile","0.85",664
"Seasonal Baseline","2026-06-13",0,"2026-06-13","Pediatrics","quantile","0.9",712
"Seasonal Baseline","2026-06-13",0,"2026-06-13","Pediatrics","quantile","0.95",791
"Seasonal Baseline","2026-06-13",0,"2026-06-13","Pediatrics","quantile","0.975",868
"Seasonal Baseline","2026-06-13",0,"2026-06-13","Pediatrics","quantile","0.99",988
"Seasonal Baseline","2026-06-13",1,"2026-06-20","Pediatrics","quantile","0.01",244
"Seasonal Baseline","2026-06-13",1,"2026-06-20","Pediatrics","quantile","0.025",272
"Seasonal Baseline","2026-06-13",1,"2026-06-20","Pediatrics","quantile","0.05",299
"Seasonal Baseline","2026-06-13",1,"2026-06-20","Pediatrics","quantile","0.1",334
"Seasonal Baseline","2026-06-13",1,"2026-06-20","Pediatrics","quantile","0.15",359
"Seasonal Baseline","2026-06-13",1,"2026-06-20","Pediatrics","quantile","0.2",382
"Seasonal Baseline","2026-06-13",1,"2026-06-20","Pediatrics","quantile","0.25",403
"Seasonal Baseline","2026-06-13",1,"2026-06-20","Pediatrics","quantile","0.3",421
"Seasonal Baseline","2026-06-13",1,"2026-06-20","Pediatrics","quantile","0.35",440
"Seasonal Baseline","2026-06-13",1,"2026-06-20","Pediatrics","quantile","0.4",457
"Seasonal Baseline","2026-06-13",1,"2026-06-20","Pediatrics","quantile","0.45",474
"Seasonal Baseline","2026-06-13",1,"2026-06-20","Pediatrics","quantile","0.5",492
"Seasonal Baseline","2026-06-13",1,"2026-06-20","Pediatrics","quantile","0.55",511
"Seasonal Baseline","2026-06-13",1,"2026-06-20","Pediatrics","quantile","0.6",533
"Seasonal Baseline","2026-06-13",1,"2026-06-20","Pediatrics","quantile","0.65",556
"Seasonal Baseline","2026-06-13",1,"2026-06-20","Pediatrics","quantile","0.7",580
"Seasonal Baseline","2026-06-13",1,"2026-06-20","Pediatrics","quantile","0.75",604
"Seasonal Baseline","2026-06-13",1,"2026-06-20","Pediatrics","quantile","0.8",638
"Seasonal Baseline","2026-06-13",1,"2026-06-20","Pediatrics","quantile","0.85",678
"Seasonal Baseline","2026-06-13",1,"2026-06-20","Pediatrics","quantile","0.9",729
"Seasonal Baseline","2026-06-13",1,"2026-06-20","Pediatrics","quantile","0.95",814
"Seasonal Baseline","2026-06-13",1,"2026-06-20","Pediatrics","quantile","0.975",898
"Seasonal Baseline","2026-06-13",1,"2026-06-20","Pediatrics","quantile","0.99",1011
"Seasonal Baseline","2026-06-13",2,"2026-06-27","Pediatrics","quantile","0.01",246
"Seasonal Baseline","2026-06-13",2,"2026-06-27","Pediatrics","quantile","0.025",273
"Seasonal Baseline","2026-06-13",2,"2026-06-27","Pediatrics","quantile","0.05",299
"Seasonal Baseline","2026-06-13",2,"2026-06-27","Pediatrics","quantile","0.1",331
"Seasonal Baseline","2026-06-13",2,"2026-06-27","Pediatrics","quantile","0.15",356
"Seasonal Baseline","2026-06-13",2,"2026-06-27","Pediatrics","quantile","0.2",379
"Seasonal Baseline","2026-06-13",2,"2026-06-27","Pediatrics","quantile","0.25",400
"Seasonal Baseline","2026-06-13",2,"2026-06-27","Pediatrics","quantile","0.3",419
"Seasonal Baseline","2026-06-13",2,"2026-06-27","Pediatrics","quantile","0.35",436
"Seasonal Baseline","2026-06-13",2,"2026-06-27","Pediatrics","quantile","0.4",455
"Seasonal Baseline","2026-06-13",2,"2026-06-27","Pediatrics","quantile","0.45",473
"Seasonal Baseline","2026-06-13",2,"2026-06-27","Pediatrics","quantile","0.5",492
"Seasonal Baseline","2026-06-13",2,"2026-06-27","Pediatrics","quantile","0.55",510
"Seasonal Baseline","2026-06-13",2,"2026-06-27","Pediatrics","quantile","0.6",531
"Seasonal Baseline","2026-06-13",2,"2026-06-27","Pediatrics","quantile","0.65",553
"Seasonal Baseline","2026-06-13",2,"2026-06-27","Pediatrics","quantile","0.7",577
"Seasonal Baseline","2026-06-13",2,"2026-06-27","Pediatrics","quantile","0.75",602
"Seasonal Baseline","2026-06-13",2,"2026-06-27","Pediatrics","quantile","0.8",632
"Seasonal Baseline","2026-06-13",2,"2026-06-27","Pediatrics","quantile","0.85",671
"Seasonal Baseline","2026-06-13",2,"2026-06-27","Pediatrics","quantile","0.9",726
"Seasonal Baseline","2026-06-13",2,"2026-06-27","Pediatrics","quantile","0.95",810
"Seasonal Baseline","2026-06-13",2,"2026-06-27","Pediatrics","quantile","0.975",891
"Seasonal Baseline","2026-06-13",2,"2026-06-27","Pediatrics","quantile","0.99",1002
"Seasonal Baseline","2026-06-13",3,"2026-07-04","Pediatrics","quantile","0.01",233
"Seasonal Baseline","2026-06-13",3,"2026-07-04","Pediatrics","quantile","0.025",261
"Seasonal Baseline","2026-06-13",3,"2026-07-04","Pediatrics","quantile","0.05",288
"Seasonal Baseline","2026-06-13",3,"2026-07-04","Pediatrics","quantile","0.1",322
"Seasonal Baseline","2026-06-13",3,"2026-07-04","Pediatrics","quantile","0.15",345
"Seasonal Baseline","2026-06-13",3,"2026-07-04","Pediatrics","quantile","0.2",367
"Seasonal Baseline","2026-06-13",3,"2026-07-04","Pediatrics","quantile","0.25",385
"Seasonal Baseline","2026-06-13",3,"2026-07-04","Pediatrics","quantile","0.3",403
"Seasonal Baseline","2026-06-13",3,"2026-07-04","Pediatrics","quantile","0.35",419
"Seasonal Baseline","2026-06-13",3,"2026-07-04","Pediatrics","quantile","0.4",437
"Seasonal Baseline","2026-06-13",3,"2026-07-04","Pediatrics","quantile","0.45",454
"Seasonal Baseline","2026-06-13",3,"2026-07-04","Pediatrics","quantile","0.5",472
"Seasonal Baseline","2026-06-13",3,"2026-07-04","Pediatrics","quantile","0.55",491
"Seasonal Baseline","2026-06-13",3,"2026-07-04","Pediatrics","quantile","0.6",511
"Seasonal Baseline","2026-06-13",3,"2026-07-04","Pediatrics","quantile","0.65",532
"Seasonal Baseline","2026-06-13",3,"2026-07-04","Pediatrics","quantile","0.7",556
"Seasonal Baseline","2026-06-13",3,"2026-07-04","Pediatrics","quantile","0.75",582
"Seasonal Baseline","2026-06-13",3,"2026-07-04","Pediatrics","quantile","0.8",612
"Seasonal Baseline","2026-06-13",3,"2026-07-04","Pediatrics","quantile","0.85",649
"Seasonal Baseline","2026-06-13",3,"2026-07-04","Pediatrics","quantile","0.9",694
"Seasonal Baseline","2026-06-13",3,"2026-07-04","Pediatrics","quantile","0.95",778
"Seasonal Baseline","2026-06-13",3,"2026-07-04","Pediatrics","quantile","0.975",859
"Seasonal Baseline","2026-06-13",3,"2026-07-04","Pediatrics","quantile","0.99",963
"Opt Baseline","2026-06-13",-5,"2026-05-09","Adults","quantile","0.01",83
"Opt Baseline","2026-06-13",-5,"2026-05-09","Adults","quantile","0.025",85
"Opt Baseline","2026-06-13",-5,"2026-05-09","Adults","quantile","0.05",88
"Opt Baseline","2026-06-13",-5,"2026-05-09","Adults","quantile","0.1",91
"Opt Baseline","2026-06-13",-5,"2026-05-09","Adults","quantile","0.15",91
"Opt Baseline","2026-06-13",-5,"2026-05-09","Adults","quantile","0.2",92
"Opt Baseline","2026-06-13",-5,"2026-05-09","Adults","quantile","0.25",94
"Opt Baseline","2026-06-13",-5,"2026-05-09","Adults","quantile","0.3",97
"Opt Baseline","2026-06-13",-5,"2026-05-09","Adults","quantile","0.35",99
"Opt Baseline","2026-06-13",-5,"2026-05-09","Adults","quantile","0.4",101
"Opt Baseline","2026-06-13",-5,"2026-05-09","Adults","quantile","0.45",102
"Opt Baseline","2026-06-13",-5,"2026-05-09","Adults","quantile","0.5",106
"Opt Baseline","2026-06-13",-5,"2026-05-09","Adults","quantile","0.55",110
"Opt Baseline","2026-06-13",-5,"2026-05-09","Adults","quantile","0.6",111
"Opt Baseline","2026-06-13",-5,"2026-05-09","Adults","quantile","0.65",113
"Opt Baseline","2026-06-13",-5,"2026-05-09","Adults","quantile","0.7",116
"Opt Baseline","2026-06-13",-5,"2026-05-09","Adults","quantile","0.75",118
"Opt Baseline","2026-06-13",-5,"2026-05-09","Adults","quantile","0.8",120
"Opt Baseline","2026-06-13",-5,"2026-05-09","Adults","quantile","0.85",122
"Opt Baseline","2026-06-13",-5,"2026-05-09","Adults","quantile","0.9",122
"Opt Baseline","2026-06-13",-5,"2026-05-09","Adults","quantile","0.95",125
"Opt Baseline","2026-06-13",-5,"2026-05-09","Adults","quantile","0.975",129
"Opt Baseline","2026-06-13",-5,"2026-05-09","Adults","quantile","0.99",132
"Opt Baseline","2026-06-13",-4,"2026-05-16","Adults","quantile","0.01",71
"Opt Baseline","2026-06-13",-4,"2026-05-16","Adults","quantile","0.025",75
"Opt Baseline","2026-06-13",-4,"2026-05-16","Adults","quantile","0.05",78
"Opt Baseline","2026-06-13",-4,"2026-05-16","Adults","quantile","0.1",82
"Opt Baseline","2026-06-13",-4,"2026-05-16","Adults","quantile","0.15",86
"Opt Baseline","2026-06-13",-4,"2026-05-16","Adults","quantile","0.2",89
"Opt Baseline","2026-06-13",-4,"2026-05-16","Adults","quantile","0.25",93
"Opt Baseline","2026-06-13",-4,"2026-05-16","Adults","quantile","0.3",96
"Opt Baseline","2026-06-13",-4,"2026-05-16","Adults","quantile","0.35",99
"Opt Baseline","2026-06-13",-4,"2026-05-16","Adults","quantile","0.4",102
"Opt Baseline","2026-06-13",-4,"2026-05-16","Adults","quantile","0.45",104
"Opt Baseline","2026-06-13",-4,"2026-05-16","Adults","quantile","0.5",106
"Opt Baseline","2026-06-13",-4,"2026-05-16","Adults","quantile","0.55",108
"Opt Baseline","2026-06-13",-4,"2026-05-16","Adults","quantile","0.6",110
"Opt Baseline","2026-06-13",-4,"2026-05-16","Adults","quantile","0.65",113
"Opt Baseline","2026-06-13",-4,"2026-05-16","Adults","quantile","0.7",116
"Opt Baseline","2026-06-13",-4,"2026-05-16","Adults","quantile","0.75",119
"Opt Baseline","2026-06-13",-4,"2026-05-16","Adults","quantile","0.8",124
"Opt Baseline","2026-06-13",-4,"2026-05-16","Adults","quantile","0.85",128
"Opt Baseline","2026-06-13",-4,"2026-05-16","Adults","quantile","0.9",132
"Opt Baseline","2026-06-13",-4,"2026-05-16","Adults","quantile","0.95",138
"Opt Baseline","2026-06-13",-4,"2026-05-16","Adults","quantile","0.975",142
"Opt Baseline","2026-06-13",-4,"2026-05-16","Adults","quantile","0.99",147
"Opt Baseline","2026-06-13",-3,"2026-05-23","Adults","quantile","0.01",62
"Opt Baseline","2026-06-13",-3,"2026-05-23","Adults","quantile","0.025",67
"Opt Baseline","2026-06-13",-3,"2026-05-23","Adults","quantile","0.05",72
"Opt Baseline","2026-06-13",-3,"2026-05-23","Adults","quantile","0.1",79
"Opt Baseline","2026-06-13",-3,"2026-05-23","Adults","quantile","0.15",84
"Opt Baseline","2026-06-13",-3,"2026-05-23","Adults","quantile","0.2",87
"Opt Baseline","2026-06-13",-3,"2026-05-23","Adults","quantile","0.25",91
"Opt Baseline","2026-06-13",-3,"2026-05-23","Adults","quantile","0.3",94
"Opt Baseline","2026-06-13",-3,"2026-05-23","Adults","quantile","0.35",97
"Opt Baseline","2026-06-13",-3,"2026-05-23","Adults","quantile","0.4",100
"Opt Baseline","2026-06-13",-3,"2026-05-23","Adults","quantile","0.45",103
"Opt Baseline","2026-06-13",-3,"2026-05-23","Adults","quantile","0.5",106
"Opt Baseline","2026-06-13",-3,"2026-05-23","Adults","quantile","0.55",109
"Opt Baseline","2026-06-13",-3,"2026-05-23","Adults","quantile","0.6",112
"Opt Baseline","2026-06-13",-3,"2026-05-23","Adults","quantile","0.65",116
"Opt Baseline","2026-06-13",-3,"2026-05-23","Adults","quantile","0.7",119
"Opt Baseline","2026-06-13",-3,"2026-05-23","Adults","quantile","0.75",122
"Opt Baseline","2026-06-13",-3,"2026-05-23","Adults","quantile","0.8",126
"Opt Baseline","2026-06-13",-3,"2026-05-23","Adults","quantile","0.85",131
"Opt Baseline","2026-06-13",-3,"2026-05-23","Adults","quantile","0.9",137
"Opt Baseline","2026-06-13",-3,"2026-05-23","Adults","quantile","0.95",146
"Opt Baseline","2026-06-13",-3,"2026-05-23","Adults","quantile","0.975",154
"Opt Baseline","2026-06-13",-3,"2026-05-23","Adults","quantile","0.99",160
"Opt Baseline","2026-06-13",-2,"2026-05-30","Adults","quantile","0.01",55
"Opt Baseline","2026-06-13",-2,"2026-05-30","Adults","quantile","0.025",62
"Opt Baseline","2026-06-13",-2,"2026-05-30","Adults","quantile","0.05",68
"Opt Baseline","2026-06-13",-2,"2026-05-30","Adults","quantile","0.1",75
"Opt Baseline","2026-06-13",-2,"2026-05-30","Adults","quantile","0.15",80
"Opt Baseline","2026-06-13",-2,"2026-05-30","Adults","quantile","0.2",85
"Opt Baseline","2026-06-13",-2,"2026-05-30","Adults","quantile","0.25",89
"Opt Baseline","2026-06-13",-2,"2026-05-30","Adults","quantile","0.3",92
"Opt Baseline","2026-06-13",-2,"2026-05-30","Adults","quantile","0.35",96
"Opt Baseline","2026-06-13",-2,"2026-05-30","Adults","quantile","0.4",100
"Opt Baseline","2026-06-13",-2,"2026-05-30","Adults","quantile","0.45",103
"Opt Baseline","2026-06-13",-2,"2026-05-30","Adults","quantile","0.5",106
"Opt Baseline","2026-06-13",-2,"2026-05-30","Adults","quantile","0.55",109
"Opt Baseline","2026-06-13",-2,"2026-05-30","Adults","quantile","0.6",113
"Opt Baseline","2026-06-13",-2,"2026-05-30","Adults","quantile","0.65",117
"Opt Baseline","2026-06-13",-2,"2026-05-30","Adults","quantile","0.7",120
"Opt Baseline","2026-06-13",-2,"2026-05-30","Adults","quantile","0.75",125
"Opt Baseline","2026-06-13",-2,"2026-05-30","Adults","quantile","0.8",129
"Opt Baseline","2026-06-13",-2,"2026-05-30","Adults","quantile","0.85",135
"Opt Baseline","2026-06-13",-2,"2026-05-30","Adults","quantile","0.9",142
"Opt Baseline","2026-06-13",-2,"2026-05-30","Adults","quantile","0.95",153
"Opt Baseline","2026-06-13",-2,"2026-05-30","Adults","quantile","0.975",163
"Opt Baseline","2026-06-13",-2,"2026-05-30","Adults","quantile","0.99",171
"Opt Baseline","2026-06-13",-1,"2026-06-06","Adults","quantile","0.01",51
"Opt Baseline","2026-06-13",-1,"2026-06-06","Adults","quantile","0.025",58
"Opt Baseline","2026-06-13",-1,"2026-06-06","Adults","quantile","0.05",63
"Opt Baseline","2026-06-13",-1,"2026-06-06","Adults","quantile","0.1",72
"Opt Baseline","2026-06-13",-1,"2026-06-06","Adults","quantile","0.15",78
"Opt Baseline","2026-06-13",-1,"2026-06-06","Adults","quantile","0.2",83
"Opt Baseline","2026-06-13",-1,"2026-06-06","Adults","quantile","0.25",87
"Opt Baseline","2026-06-13",-1,"2026-06-06","Adults","quantile","0.3",91
"Opt Baseline","2026-06-13",-1,"2026-06-06","Adults","quantile","0.35",95
"Opt Baseline","2026-06-13",-1,"2026-06-06","Adults","quantile","0.4",98
"Opt Baseline","2026-06-13",-1,"2026-06-06","Adults","quantile","0.45",102
"Opt Baseline","2026-06-13",-1,"2026-06-06","Adults","quantile","0.5",106
"Opt Baseline","2026-06-13",-1,"2026-06-06","Adults","quantile","0.55",110
"Opt Baseline","2026-06-13",-1,"2026-06-06","Adults","quantile","0.6",114
"Opt Baseline","2026-06-13",-1,"2026-06-06","Adults","quantile","0.65",118
"Opt Baseline","2026-06-13",-1,"2026-06-06","Adults","quantile","0.7",122
"Opt Baseline","2026-06-13",-1,"2026-06-06","Adults","quantile","0.75",127
"Opt Baseline","2026-06-13",-1,"2026-06-06","Adults","quantile","0.8",132
"Opt Baseline","2026-06-13",-1,"2026-06-06","Adults","quantile","0.85",138
"Opt Baseline","2026-06-13",-1,"2026-06-06","Adults","quantile","0.9",146
"Opt Baseline","2026-06-13",-1,"2026-06-06","Adults","quantile","0.95",158
"Opt Baseline","2026-06-13",-1,"2026-06-06","Adults","quantile","0.975",169
"Opt Baseline","2026-06-13",-1,"2026-06-06","Adults","quantile","0.99",179
"Opt Baseline","2026-06-13",0,"2026-06-13","Adults","quantile","0.01",46
"Opt Baseline","2026-06-13",0,"2026-06-13","Adults","quantile","0.025",53
"Opt Baseline","2026-06-13",0,"2026-06-13","Adults","quantile","0.05",60
"Opt Baseline","2026-06-13",0,"2026-06-13","Adults","quantile","0.1",69
"Opt Baseline","2026-06-13",0,"2026-06-13","Adults","quantile","0.15",76
"Opt Baseline","2026-06-13",0,"2026-06-13","Adults","quantile","0.2",81
"Opt Baseline","2026-06-13",0,"2026-06-13","Adults","quantile","0.25",85
"Opt Baseline","2026-06-13",0,"2026-06-13","Adults","quantile","0.3",89
"Opt Baseline","2026-06-13",0,"2026-06-13","Adults","quantile","0.35",94
"Opt Baseline","2026-06-13",0,"2026-06-13","Adults","quantile","0.4",98
"Opt Baseline","2026-06-13",0,"2026-06-13","Adults","quantile","0.45",102
"Opt Baseline","2026-06-13",0,"2026-06-13","Adults","quantile","0.5",106
"Opt Baseline","2026-06-13",0,"2026-06-13","Adults","quantile","0.55",110
"Opt Baseline","2026-06-13",0,"2026-06-13","Adults","quantile","0.6",115
"Opt Baseline","2026-06-13",0,"2026-06-13","Adults","quantile","0.65",119
"Opt Baseline","2026-06-13",0,"2026-06-13","Adults","quantile","0.7",123
"Opt Baseline","2026-06-13",0,"2026-06-13","Adults","quantile","0.75",128
"Opt Baseline","2026-06-13",0,"2026-06-13","Adults","quantile","0.8",134
"Opt Baseline","2026-06-13",0,"2026-06-13","Adults","quantile","0.85",141
"Opt Baseline","2026-06-13",0,"2026-06-13","Adults","quantile","0.9",151
"Opt Baseline","2026-06-13",0,"2026-06-13","Adults","quantile","0.95",164
"Opt Baseline","2026-06-13",0,"2026-06-13","Adults","quantile","0.975",176
"Opt Baseline","2026-06-13",0,"2026-06-13","Adults","quantile","0.99",192
"Opt Baseline","2026-06-13",1,"2026-06-20","Adults","quantile","0.01",43
"Opt Baseline","2026-06-13",1,"2026-06-20","Adults","quantile","0.025",49
"Opt Baseline","2026-06-13",1,"2026-06-20","Adults","quantile","0.05",57
"Opt Baseline","2026-06-13",1,"2026-06-20","Adults","quantile","0.1",66
"Opt Baseline","2026-06-13",1,"2026-06-20","Adults","quantile","0.15",73
"Opt Baseline","2026-06-13",1,"2026-06-20","Adults","quantile","0.2",79
"Opt Baseline","2026-06-13",1,"2026-06-20","Adults","quantile","0.25",84
"Opt Baseline","2026-06-13",1,"2026-06-20","Adults","quantile","0.3",88
"Opt Baseline","2026-06-13",1,"2026-06-20","Adults","quantile","0.35",93
"Opt Baseline","2026-06-13",1,"2026-06-20","Adults","quantile","0.4",97
"Opt Baseline","2026-06-13",1,"2026-06-20","Adults","quantile","0.45",101
"Opt Baseline","2026-06-13",1,"2026-06-20","Adults","quantile","0.5",106
"Opt Baseline","2026-06-13",1,"2026-06-20","Adults","quantile","0.55",110
"Opt Baseline","2026-06-13",1,"2026-06-20","Adults","quantile","0.6",114
"Opt Baseline","2026-06-13",1,"2026-06-20","Adults","quantile","0.65",119
"Opt Baseline","2026-06-13",1,"2026-06-20","Adults","quantile","0.7",124
"Opt Baseline","2026-06-13",1,"2026-06-20","Adults","quantile","0.75",130
"Opt Baseline","2026-06-13",1,"2026-06-20","Adults","quantile","0.8",136
"Opt Baseline","2026-06-13",1,"2026-06-20","Adults","quantile","0.85",144
"Opt Baseline","2026-06-13",1,"2026-06-20","Adults","quantile","0.9",154
"Opt Baseline","2026-06-13",1,"2026-06-20","Adults","quantile","0.95",169
"Opt Baseline","2026-06-13",1,"2026-06-20","Adults","quantile","0.975",182
"Opt Baseline","2026-06-13",1,"2026-06-20","Adults","quantile","0.99",198
"Opt Baseline","2026-06-13",2,"2026-06-27","Adults","quantile","0.01",40
"Opt Baseline","2026-06-13",2,"2026-06-27","Adults","quantile","0.025",47
"Opt Baseline","2026-06-13",2,"2026-06-27","Adults","quantile","0.05",54
"Opt Baseline","2026-06-13",2,"2026-06-27","Adults","quantile","0.1",64
"Opt Baseline","2026-06-13",2,"2026-06-27","Adults","quantile","0.15",72
"Opt Baseline","2026-06-13",2,"2026-06-27","Adults","quantile","0.2",77
"Opt Baseline","2026-06-13",2,"2026-06-27","Adults","quantile","0.25",82
"Opt Baseline","2026-06-13",2,"2026-06-27","Adults","quantile","0.3",88
"Opt Baseline","2026-06-13",2,"2026-06-27","Adults","quantile","0.35",92
"Opt Baseline","2026-06-13",2,"2026-06-27","Adults","quantile","0.4",97
"Opt Baseline","2026-06-13",2,"2026-06-27","Adults","quantile","0.45",101
"Opt Baseline","2026-06-13",2,"2026-06-27","Adults","quantile","0.5",106
"Opt Baseline","2026-06-13",2,"2026-06-27","Adults","quantile","0.55",110
"Opt Baseline","2026-06-13",2,"2026-06-27","Adults","quantile","0.6",115
"Opt Baseline","2026-06-13",2,"2026-06-27","Adults","quantile","0.65",120
"Opt Baseline","2026-06-13",2,"2026-06-27","Adults","quantile","0.7",126
"Opt Baseline","2026-06-13",2,"2026-06-27","Adults","quantile","0.75",132
"Opt Baseline","2026-06-13",2,"2026-06-27","Adults","quantile","0.8",139
"Opt Baseline","2026-06-13",2,"2026-06-27","Adults","quantile","0.85",148
"Opt Baseline","2026-06-13",2,"2026-06-27","Adults","quantile","0.9",158
"Opt Baseline","2026-06-13",2,"2026-06-27","Adults","quantile","0.95",175
"Opt Baseline","2026-06-13",2,"2026-06-27","Adults","quantile","0.975",189
"Opt Baseline","2026-06-13",2,"2026-06-27","Adults","quantile","0.99",206
"Opt Baseline","2026-06-13",3,"2026-07-04","Adults","quantile","0.01",37
"Opt Baseline","2026-06-13",3,"2026-07-04","Adults","quantile","0.025",44
"Opt Baseline","2026-06-13",3,"2026-07-04","Adults","quantile","0.05",52
"Opt Baseline","2026-06-13",3,"2026-07-04","Adults","quantile","0.1",62
"Opt Baseline","2026-06-13",3,"2026-07-04","Adults","quantile","0.15",69
"Opt Baseline","2026-06-13",3,"2026-07-04","Adults","quantile","0.2",76
"Opt Baseline","2026-06-13",3,"2026-07-04","Adults","quantile","0.25",82
"Opt Baseline","2026-06-13",3,"2026-07-04","Adults","quantile","0.3",87
"Opt Baseline","2026-06-13",3,"2026-07-04","Adults","quantile","0.35",92
"Opt Baseline","2026-06-13",3,"2026-07-04","Adults","quantile","0.4",96
"Opt Baseline","2026-06-13",3,"2026-07-04","Adults","quantile","0.45",101
"Opt Baseline","2026-06-13",3,"2026-07-04","Adults","quantile","0.5",106
"Opt Baseline","2026-06-13",3,"2026-07-04","Adults","quantile","0.55",111
"Opt Baseline","2026-06-13",3,"2026-07-04","Adults","quantile","0.6",116
"Opt Baseline","2026-06-13",3,"2026-07-04","Adults","quantile","0.65",121
"Opt Baseline","2026-06-13",3,"2026-07-04","Adults","quantile","0.7",127
"Opt Baseline","2026-06-13",3,"2026-07-04","Adults","quantile","0.75",134
"Opt Baseline","2026-06-13",3,"2026-07-04","Adults","quantile","0.8",141
"Opt Baseline","2026-06-13",3,"2026-07-04","Adults","quantile","0.85",149
"Opt Baseline","2026-06-13",3,"2026-07-04","Adults","quantile","0.9",161
"Opt Baseline","2026-06-13",3,"2026-07-04","Adults","quantile","0.95",179
"Opt Baseline","2026-06-13",3,"2026-07-04","Adults","quantile","0.975",193
"Opt Baseline","2026-06-13",3,"2026-07-04","Adults","quantile","0.99",212
"Opt Baseline","2026-06-13",-5,"2026-05-09","Overall","quantile","0.01",212
"Opt Baseline","2026-06-13",-5,"2026-05-09","Overall","quantile","0.025",226
"Opt Baseline","2026-06-13",-5,"2026-05-09","Overall","quantile","0.05",249
"Opt Baseline","2026-06-13",-5,"2026-05-09","Overall","quantile","0.1",266
"Opt Baseline","2026-06-13",-5,"2026-05-09","Overall","quantile","0.15",268
"Opt Baseline","2026-06-13",-5,"2026-05-09","Overall","quantile","0.2",269
"Opt Baseline","2026-06-13",-5,"2026-05-09","Overall","quantile","0.25",273
"Opt Baseline","2026-06-13",-5,"2026-05-09","Overall","quantile","0.3",276
"Opt Baseline","2026-06-13",-5,"2026-05-09","Overall","quantile","0.35",279
"Opt Baseline","2026-06-13",-5,"2026-05-09","Overall","quantile","0.4",284
"Opt Baseline","2026-06-13",-5,"2026-05-09","Overall","quantile","0.45",288
"Opt Baseline","2026-06-13",-5,"2026-05-09","Overall","quantile","0.5",292
"Opt Baseline","2026-06-13",-5,"2026-05-09","Overall","quantile","0.55",296
"Opt Baseline","2026-06-13",-5,"2026-05-09","Overall","quantile","0.6",300
"Opt Baseline","2026-06-13",-5,"2026-05-09","Overall","quantile","0.65",306
"Opt Baseline","2026-06-13",-5,"2026-05-09","Overall","quantile","0.7",309
"Opt Baseline","2026-06-13",-5,"2026-05-09","Overall","quantile","0.75",311
"Opt Baseline","2026-06-13",-5,"2026-05-09","Overall","quantile","0.8",316
"Opt Baseline","2026-06-13",-5,"2026-05-09","Overall","quantile","0.85",317
"Opt Baseline","2026-06-13",-5,"2026-05-09","Overall","quantile","0.9",319
"Opt Baseline","2026-06-13",-5,"2026-05-09","Overall","quantile","0.95",338
"Opt Baseline","2026-06-13",-5,"2026-05-09","Overall","quantile","0.975",367
"Opt Baseline","2026-06-13",-5,"2026-05-09","Overall","quantile","0.99",384
"Opt Baseline","2026-06-13",-4,"2026-05-16","Overall","quantile","0.01",196
"Opt Baseline","2026-06-13",-4,"2026-05-16","Overall","quantile","0.025",212
"Opt Baseline","2026-06-13",-4,"2026-05-16","Overall","quantile","0.05",227
"Opt Baseline","2026-06-13",-4,"2026-05-16","Overall","quantile","0.1",246
"Opt Baseline","2026-06-13",-4,"2026-05-16","Overall","quantile","0.15",253
"Opt Baseline","2026-06-13",-4,"2026-05-16","Overall","quantile","0.2",261
"Opt Baseline","2026-06-13",-4,"2026-05-16","Overall","quantile","0.25",268
"Opt Baseline","2026-06-13",-4,"2026-05-16","Overall","quantile","0.3",274
"Opt Baseline","2026-06-13",-4,"2026-05-16","Overall","quantile","0.35",279
"Opt Baseline","2026-06-13",-4,"2026-05-16","Overall","quantile","0.4",284
"Opt Baseline","2026-06-13",-4,"2026-05-16","Overall","quantile","0.45",288
"Opt Baseline","2026-06-13",-4,"2026-05-16","Overall","quantile","0.5",292
"Opt Baseline","2026-06-13",-4,"2026-05-16","Overall","quantile","0.55",296
"Opt Baseline","2026-06-13",-4,"2026-05-16","Overall","quantile","0.6",301
"Opt Baseline","2026-06-13",-4,"2026-05-16","Overall","quantile","0.65",306
"Opt Baseline","2026-06-13",-4,"2026-05-16","Overall","quantile","0.7",311
"Opt Baseline","2026-06-13",-4,"2026-05-16","Overall","quantile","0.75",317
"Opt Baseline","2026-06-13",-4,"2026-05-16","Overall","quantile","0.8",325
"Opt Baseline","2026-06-13",-4,"2026-05-16","Overall","quantile","0.85",334
"Opt Baseline","2026-06-13",-4,"2026-05-16","Overall","quantile","0.9",343
"Opt Baseline","2026-06-13",-4,"2026-05-16","Overall","quantile","0.95",366
"Opt Baseline","2026-06-13",-4,"2026-05-16","Overall","quantile","0.975",387
"Opt Baseline","2026-06-13",-4,"2026-05-16","Overall","quantile","0.99",407
"Opt Baseline","2026-06-13",-3,"2026-05-23","Overall","quantile","0.01",181
"Opt Baseline","2026-06-13",-3,"2026-05-23","Overall","quantile","0.025",198
"Opt Baseline","2026-06-13",-3,"2026-05-23","Overall","quantile","0.05",215
"Opt Baseline","2026-06-13",-3,"2026-05-23","Overall","quantile","0.1",233
"Opt Baseline","2026-06-13",-3,"2026-05-23","Overall","quantile","0.15",245
"Opt Baseline","2026-06-13",-3,"2026-05-23","Overall","quantile","0.2",255
"Opt Baseline","2026-06-13",-3,"2026-05-23","Overall","quantile","0.25",263
"Opt Baseline","2026-06-13",-3,"2026-05-23","Overall","quantile","0.3",269
"Opt Baseline","2026-06-13",-3,"2026-05-23","Overall","quantile","0.35",276
"Opt Baseline","2026-06-13",-3,"2026-05-23","Overall","quantile","0.4",281
"Opt Baseline","2026-06-13",-3,"2026-05-23","Overall","quantile","0.45",286
"Opt Baseline","2026-06-13",-3,"2026-05-23","Overall","quantile","0.5",292
"Opt Baseline","2026-06-13",-3,"2026-05-23","Overall","quantile","0.55",298
"Opt Baseline","2026-06-13",-3,"2026-05-23","Overall","quantile","0.6",304
"Opt Baseline","2026-06-13",-3,"2026-05-23","Overall","quantile","0.65",310
"Opt Baseline","2026-06-13",-3,"2026-05-23","Overall","quantile","0.7",316
"Opt Baseline","2026-06-13",-3,"2026-05-23","Overall","quantile","0.75",323
"Opt Baseline","2026-06-13",-3,"2026-05-23","Overall","quantile","0.8",333
"Opt Baseline","2026-06-13",-3,"2026-05-23","Overall","quantile","0.85",344
"Opt Baseline","2026-06-13",-3,"2026-05-23","Overall","quantile","0.9",358
"Opt Baseline","2026-06-13",-3,"2026-05-23","Overall","quantile","0.95",381
"Opt Baseline","2026-06-13",-3,"2026-05-23","Overall","quantile","0.975",404
"Opt Baseline","2026-06-13",-3,"2026-05-23","Overall","quantile","0.99",427
"Opt Baseline","2026-06-13",-2,"2026-05-30","Overall","quantile","0.01",167
"Opt Baseline","2026-06-13",-2,"2026-05-30","Overall","quantile","0.025",187
"Opt Baseline","2026-06-13",-2,"2026-05-30","Overall","quantile","0.05",204
"Opt Baseline","2026-06-13",-2,"2026-05-30","Overall","quantile","0.1",224
"Opt Baseline","2026-06-13",-2,"2026-05-30","Overall","quantile","0.15",237
"Opt Baseline","2026-06-13",-2,"2026-05-30","Overall","quantile","0.2",247
"Opt Baseline","2026-06-13",-2,"2026-05-30","Overall","quantile","0.25",256
"Opt Baseline","2026-06-13",-2,"2026-05-30","Overall","quantile","0.3",264
"Opt Baseline","2026-06-13",-2,"2026-05-30","Overall","quantile","0.35",272
"Opt Baseline","2026-06-13",-2,"2026-05-30","Overall","quantile","0.4",278
"Opt Baseline","2026-06-13",-2,"2026-05-30","Overall","quantile","0.45",285
"Opt Baseline","2026-06-13",-2,"2026-05-30","Overall","quantile","0.5",292
"Opt Baseline","2026-06-13",-2,"2026-05-30","Overall","quantile","0.55",298
"Opt Baseline","2026-06-13",-2,"2026-05-30","Overall","quantile","0.6",306
"Opt Baseline","2026-06-13",-2,"2026-05-30","Overall","quantile","0.65",313
"Opt Baseline","2026-06-13",-2,"2026-05-30","Overall","quantile","0.7",321
"Opt Baseline","2026-06-13",-2,"2026-05-30","Overall","quantile","0.75",330
"Opt Baseline","2026-06-13",-2,"2026-05-30","Overall","quantile","0.8",339
"Opt Baseline","2026-06-13",-2,"2026-05-30","Overall","quantile","0.85",352
"Opt Baseline","2026-06-13",-2,"2026-05-30","Overall","quantile","0.9",369
"Opt Baseline","2026-06-13",-2,"2026-05-30","Overall","quantile","0.95",395
"Opt Baseline","2026-06-13",-2,"2026-05-30","Overall","quantile","0.975",422
"Opt Baseline","2026-06-13",-2,"2026-05-30","Overall","quantile","0.99",447
"Opt Baseline","2026-06-13",-1,"2026-06-06","Overall","quantile","0.01",156
"Opt Baseline","2026-06-13",-1,"2026-06-06","Overall","quantile","0.025",177
"Opt Baseline","2026-06-13",-1,"2026-06-06","Overall","quantile","0.05",194
"Opt Baseline","2026-06-13",-1,"2026-06-06","Overall","quantile","0.1",215
"Opt Baseline","2026-06-13",-1,"2026-06-06","Overall","quantile","0.15",229
"Opt Baseline","2026-06-13",-1,"2026-06-06","Overall","quantile","0.2",241
"Opt Baseline","2026-06-13",-1,"2026-06-06","Overall","quantile","0.25",251
"Opt Baseline","2026-06-13",-1,"2026-06-06","Overall","quantile","0.3",260
"Opt Baseline","2026-06-13",-1,"2026-06-06","Overall","quantile","0.35",268
"Opt Baseline","2026-06-13",-1,"2026-06-06","Overall","quantile","0.4",276
"Opt Baseline","2026-06-13",-1,"2026-06-06","Overall","quantile","0.45",284
"Opt Baseline","2026-06-13",-1,"2026-06-06","Overall","quantile","0.5",292
"Opt Baseline","2026-06-13",-1,"2026-06-06","Overall","quantile","0.55",300
"Opt Baseline","2026-06-13",-1,"2026-06-06","Overall","quantile","0.6",307
"Opt Baseline","2026-06-13",-1,"2026-06-06","Overall","quantile","0.65",315
"Opt Baseline","2026-06-13",-1,"2026-06-06","Overall","quantile","0.7",324
"Opt Baseline","2026-06-13",-1,"2026-06-06","Overall","quantile","0.75",334
"Opt Baseline","2026-06-13",-1,"2026-06-06","Overall","quantile","0.8",347
"Opt Baseline","2026-06-13",-1,"2026-06-06","Overall","quantile","0.85",361
"Opt Baseline","2026-06-13",-1,"2026-06-06","Overall","quantile","0.9",379
"Opt Baseline","2026-06-13",-1,"2026-06-06","Overall","quantile","0.95",410
"Opt Baseline","2026-06-13",-1,"2026-06-06","Overall","quantile","0.975",435
"Opt Baseline","2026-06-13",-1,"2026-06-06","Overall","quantile","0.99",468
"Opt Baseline","2026-06-13",0,"2026-06-13","Overall","quantile","0.01",147
"Opt Baseline","2026-06-13",0,"2026-06-13","Overall","quantile","0.025",168
"Opt Baseline","2026-06-13",0,"2026-06-13","Overall","quantile","0.05",187
"Opt Baseline","2026-06-13",0,"2026-06-13","Overall","quantile","0.1",209
"Opt Baseline","2026-06-13",0,"2026-06-13","Overall","quantile","0.15",224
"Opt Baseline","2026-06-13",0,"2026-06-13","Overall","quantile","0.2",237
"Opt Baseline","2026-06-13",0,"2026-06-13","Overall","quantile","0.25",248
"Opt Baseline","2026-06-13",0,"2026-06-13","Overall","quantile","0.3",257
"Opt Baseline","2026-06-13",0,"2026-06-13","Overall","quantile","0.35",266
"Opt Baseline","2026-06-13",0,"2026-06-13","Overall","quantile","0.4",275
"Opt Baseline","2026-06-13",0,"2026-06-13","Overall","quantile","0.45",284
"Opt Baseline","2026-06-13",0,"2026-06-13","Overall","quantile","0.5",292
"Opt Baseline","2026-06-13",0,"2026-06-13","Overall","quantile","0.55",300
"Opt Baseline","2026-06-13",0,"2026-06-13","Overall","quantile","0.6",309
"Opt Baseline","2026-06-13",0,"2026-06-13","Overall","quantile","0.65",319
"Opt Baseline","2026-06-13",0,"2026-06-13","Overall","quantile","0.7",329
"Opt Baseline","2026-06-13",0,"2026-06-13","Overall","quantile","0.75",340
"Opt Baseline","2026-06-13",0,"2026-06-13","Overall","quantile","0.8",353
"Opt Baseline","2026-06-13",0,"2026-06-13","Overall","quantile","0.85",368
"Opt Baseline","2026-06-13",0,"2026-06-13","Overall","quantile","0.9",387
"Opt Baseline","2026-06-13",0,"2026-06-13","Overall","quantile","0.95",421
"Opt Baseline","2026-06-13",0,"2026-06-13","Overall","quantile","0.975",452
"Opt Baseline","2026-06-13",0,"2026-06-13","Overall","quantile","0.99",488
"Opt Baseline","2026-06-13",1,"2026-06-20","Overall","quantile","0.01",139
"Opt Baseline","2026-06-13",1,"2026-06-20","Overall","quantile","0.025",161
"Opt Baseline","2026-06-13",1,"2026-06-20","Overall","quantile","0.05",180
"Opt Baseline","2026-06-13",1,"2026-06-20","Overall","quantile","0.1",204
"Opt Baseline","2026-06-13",1,"2026-06-20","Overall","quantile","0.15",221
"Opt Baseline","2026-06-13",1,"2026-06-20","Overall","quantile","0.2",234
"Opt Baseline","2026-06-13",1,"2026-06-20","Overall","quantile","0.25",245
"Opt Baseline","2026-06-13",1,"2026-06-20","Overall","quantile","0.3",256
"Opt Baseline","2026-06-13",1,"2026-06-20","Overall","quantile","0.35",265
"Opt Baseline","2026-06-13",1,"2026-06-20","Overall","quantile","0.4",274
"Opt Baseline","2026-06-13",1,"2026-06-20","Overall","quantile","0.45",283
"Opt Baseline","2026-06-13",1,"2026-06-20","Overall","quantile","0.5",292
"Opt Baseline","2026-06-13",1,"2026-06-20","Overall","quantile","0.55",302
"Opt Baseline","2026-06-13",1,"2026-06-20","Overall","quantile","0.6",312
"Opt Baseline","2026-06-13",1,"2026-06-20","Overall","quantile","0.65",322
"Opt Baseline","2026-06-13",1,"2026-06-20","Overall","quantile","0.7",333
"Opt Baseline","2026-06-13",1,"2026-06-20","Overall","quantile","0.75",345
"Opt Baseline","2026-06-13",1,"2026-06-20","Overall","quantile","0.8",358
"Opt Baseline","2026-06-13",1,"2026-06-20","Overall","quantile","0.85",374
"Opt Baseline","2026-06-13",1,"2026-06-20","Overall","quantile","0.9",398
"Opt Baseline","2026-06-13",1,"2026-06-20","Overall","quantile","0.95",435
"Opt Baseline","2026-06-13",1,"2026-06-20","Overall","quantile","0.975",467
"Opt Baseline","2026-06-13",1,"2026-06-20","Overall","quantile","0.99",509
"Opt Baseline","2026-06-13",2,"2026-06-27","Overall","quantile","0.01",130
"Opt Baseline","2026-06-13",2,"2026-06-27","Overall","quantile","0.025",153
"Opt Baseline","2026-06-13",2,"2026-06-27","Overall","quantile","0.05",173
"Opt Baseline","2026-06-13",2,"2026-06-27","Overall","quantile","0.1",196
"Opt Baseline","2026-06-13",2,"2026-06-27","Overall","quantile","0.15",215
"Opt Baseline","2026-06-13",2,"2026-06-27","Overall","quantile","0.2",229
"Opt Baseline","2026-06-13",2,"2026-06-27","Overall","quantile","0.25",241
"Opt Baseline","2026-06-13",2,"2026-06-27","Overall","quantile","0.3",252
"Opt Baseline","2026-06-13",2,"2026-06-27","Overall","quantile","0.35",262
"Opt Baseline","2026-06-13",2,"2026-06-27","Overall","quantile","0.4",271
"Opt Baseline","2026-06-13",2,"2026-06-27","Overall","quantile","0.45",282
"Opt Baseline","2026-06-13",2,"2026-06-27","Overall","quantile","0.5",292
"Opt Baseline","2026-06-13",2,"2026-06-27","Overall","quantile","0.55",302
"Opt Baseline","2026-06-13",2,"2026-06-27","Overall","quantile","0.6",313
"Opt Baseline","2026-06-13",2,"2026-06-27","Overall","quantile","0.65",324
"Opt Baseline","2026-06-13",2,"2026-06-27","Overall","quantile","0.7",335
"Opt Baseline","2026-06-13",2,"2026-06-27","Overall","quantile","0.75",348
"Opt Baseline","2026-06-13",2,"2026-06-27","Overall","quantile","0.8",363
"Opt Baseline","2026-06-13",2,"2026-06-27","Overall","quantile","0.85",382
"Opt Baseline","2026-06-13",2,"2026-06-27","Overall","quantile","0.9",406
"Opt Baseline","2026-06-13",2,"2026-06-27","Overall","quantile","0.95",447
"Opt Baseline","2026-06-13",2,"2026-06-27","Overall","quantile","0.975",483
"Opt Baseline","2026-06-13",2,"2026-06-27","Overall","quantile","0.99",522
"Opt Baseline","2026-06-13",3,"2026-07-04","Overall","quantile","0.01",121
"Opt Baseline","2026-06-13",3,"2026-07-04","Overall","quantile","0.025",147
"Opt Baseline","2026-06-13",3,"2026-07-04","Overall","quantile","0.05",168
"Opt Baseline","2026-06-13",3,"2026-07-04","Overall","quantile","0.1",192
"Opt Baseline","2026-06-13",3,"2026-07-04","Overall","quantile","0.15",211
"Opt Baseline","2026-06-13",3,"2026-07-04","Overall","quantile","0.2",225
"Opt Baseline","2026-06-13",3,"2026-07-04","Overall","quantile","0.25",238
"Opt Baseline","2026-06-13",3,"2026-07-04","Overall","quantile","0.3",249
"Opt Baseline","2026-06-13",3,"2026-07-04","Overall","quantile","0.35",260
"Opt Baseline","2026-06-13",3,"2026-07-04","Overall","quantile","0.4",271
"Opt Baseline","2026-06-13",3,"2026-07-04","Overall","quantile","0.45",281
"Opt Baseline","2026-06-13",3,"2026-07-04","Overall","quantile","0.5",292
"Opt Baseline","2026-06-13",3,"2026-07-04","Overall","quantile","0.55",303
"Opt Baseline","2026-06-13",3,"2026-07-04","Overall","quantile","0.6",315
"Opt Baseline","2026-06-13",3,"2026-07-04","Overall","quantile","0.65",326
"Opt Baseline","2026-06-13",3,"2026-07-04","Overall","quantile","0.7",338
"Opt Baseline","2026-06-13",3,"2026-07-04","Overall","quantile","0.75",352
"Opt Baseline","2026-06-13",3,"2026-07-04","Overall","quantile","0.8",369
"Opt Baseline","2026-06-13",3,"2026-07-04","Overall","quantile","0.85",389
"Opt Baseline","2026-06-13",3,"2026-07-04","Overall","quantile","0.9",415
"Opt Baseline","2026-06-13",3,"2026-07-04","Overall","quantile","0.95",456
"Opt Baseline","2026-06-13",3,"2026-07-04","Overall","quantile","0.975",494
"Opt Baseline","2026-06-13",3,"2026-07-04","Overall","quantile","0.99",543
"Opt Baseline","2026-06-13",-5,"2026-05-09","Pediatrics","quantile","0.01",100
"Opt Baseline","2026-06-13",-5,"2026-05-09","Pediatrics","quantile","0.025",110
"Opt Baseline","2026-06-13",-5,"2026-05-09","Pediatrics","quantile","0.05",128
"Opt Baseline","2026-06-13",-5,"2026-05-09","Pediatrics","quantile","0.1",143
"Opt Baseline","2026-06-13",-5,"2026-05-09","Pediatrics","quantile","0.15",147
"Opt Baseline","2026-06-13",-5,"2026-05-09","Pediatrics","quantile","0.2",155
"Opt Baseline","2026-06-13",-5,"2026-05-09","Pediatrics","quantile","0.25",169
"Opt Baseline","2026-06-13",-5,"2026-05-09","Pediatrics","quantile","0.3",176
"Opt Baseline","2026-06-13",-5,"2026-05-09","Pediatrics","quantile","0.35",178
"Opt Baseline","2026-06-13",-5,"2026-05-09","Pediatrics","quantile","0.4",180
"Opt Baseline","2026-06-13",-5,"2026-05-09","Pediatrics","quantile","0.45",184
"Opt Baseline","2026-06-13",-5,"2026-05-09","Pediatrics","quantile","0.5",186
"Opt Baseline","2026-06-13",-5,"2026-05-09","Pediatrics","quantile","0.55",188
"Opt Baseline","2026-06-13",-5,"2026-05-09","Pediatrics","quantile","0.6",192
"Opt Baseline","2026-06-13",-5,"2026-05-09","Pediatrics","quantile","0.65",194
"Opt Baseline","2026-06-13",-5,"2026-05-09","Pediatrics","quantile","0.7",196
"Opt Baseline","2026-06-13",-5,"2026-05-09","Pediatrics","quantile","0.75",204
"Opt Baseline","2026-06-13",-5,"2026-05-09","Pediatrics","quantile","0.8",220
"Opt Baseline","2026-06-13",-5,"2026-05-09","Pediatrics","quantile","0.85",229
"Opt Baseline","2026-06-13",-5,"2026-05-09","Pediatrics","quantile","0.9",235
"Opt Baseline","2026-06-13",-5,"2026-05-09","Pediatrics","quantile","0.95",254
"Opt Baseline","2026-06-13",-5,"2026-05-09","Pediatrics","quantile","0.975",281
"Opt Baseline","2026-06-13",-5,"2026-05-09","Pediatrics","quantile","0.99",298
"Opt Baseline","2026-06-13",-4,"2026-05-16","Pediatrics","quantile","0.01",80
"Opt Baseline","2026-06-13",-4,"2026-05-16","Pediatrics","quantile","0.025",95
"Opt Baseline","2026-06-13",-4,"2026-05-16","Pediatrics","quantile","0.05",107
"Opt Baseline","2026-06-13",-4,"2026-05-16","Pediatrics","quantile","0.1",125
"Opt Baseline","2026-06-13",-4,"2026-05-16","Pediatrics","quantile","0.15",138
"Opt Baseline","2026-06-13",-4,"2026-05-16","Pediatrics","quantile","0.2",146
"Opt Baseline","2026-06-13",-4,"2026-05-16","Pediatrics","quantile","0.25",153
"Opt Baseline","2026-06-13",-4,"2026-05-16","Pediatrics","quantile","0.3",161
"Opt Baseline","2026-06-13",-4,"2026-05-16","Pediatrics","quantile","0.35",169
"Opt Baseline","2026-06-13",-4,"2026-05-16","Pediatrics","quantile","0.4",176
"Opt Baseline","2026-06-13",-4,"2026-05-16","Pediatrics","quantile","0.45",181
"Opt Baseline","2026-06-13",-4,"2026-05-16","Pediatrics","quantile","0.5",186
"Opt Baseline","2026-06-13",-4,"2026-05-16","Pediatrics","quantile","0.55",191
"Opt Baseline","2026-06-13",-4,"2026-05-16","Pediatrics","quantile","0.6",196
"Opt Baseline","2026-06-13",-4,"2026-05-16","Pediatrics","quantile","0.65",203
"Opt Baseline","2026-06-13",-4,"2026-05-16","Pediatrics","quantile","0.7",213
"Opt Baseline","2026-06-13",-4,"2026-05-16","Pediatrics","quantile","0.75",223
"Opt Baseline","2026-06-13",-4,"2026-05-16","Pediatrics","quantile","0.8",231
"Opt Baseline","2026-06-13",-4,"2026-05-16","Pediatrics","quantile","0.85",242
"Opt Baseline","2026-06-13",-4,"2026-05-16","Pediatrics","quantile","0.9",261
"Opt Baseline","2026-06-13",-4,"2026-05-16","Pediatrics","quantile","0.95",287
"Opt Baseline","2026-06-13",-4,"2026-05-16","Pediatrics","quantile","0.975",305
"Opt Baseline","2026-06-13",-4,"2026-05-16","Pediatrics","quantile","0.99",335
"Opt Baseline","2026-06-13",-3,"2026-05-23","Pediatrics","quantile","0.01",67
"Opt Baseline","2026-06-13",-3,"2026-05-23","Pediatrics","quantile","0.025",81
"Opt Baseline","2026-06-13",-3,"2026-05-23","Pediatrics","quantile","0.05",95
"Opt Baseline","2026-06-13",-3,"2026-05-23","Pediatrics","quantile","0.1",112
"Opt Baseline","2026-06-13",-3,"2026-05-23","Pediatrics","quantile","0.15",127
"Opt Baseline","2026-06-13",-3,"2026-05-23","Pediatrics","quantile","0.2",138
"Opt Baseline","2026-06-13",-3,"2026-05-23","Pediatrics","quantile","0.25",146
"Opt Baseline","2026-06-13",-3,"2026-05-23","Pediatrics","quantile","0.3",154
"Opt Baseline","2026-06-13",-3,"2026-05-23","Pediatrics","quantile","0.35",163
"Opt Baseline","2026-06-13",-3,"2026-05-23","Pediatrics","quantile","0.4",171
"Opt Baseline","2026-06-13",-3,"2026-05-23","Pediatrics","quantile","0.45",179
"Opt Baseline","2026-06-13",-3,"2026-05-23","Pediatrics","quantile","0.5",186
"Opt Baseline","2026-06-13",-3,"2026-05-23","Pediatrics","quantile","0.55",193
"Opt Baseline","2026-06-13",-3,"2026-05-23","Pediatrics","quantile","0.6",201
"Opt Baseline","2026-06-13",-3,"2026-05-23","Pediatrics","quantile","0.65",211
"Opt Baseline","2026-06-13",-3,"2026-05-23","Pediatrics","quantile","0.7",221
"Opt Baseline","2026-06-13",-3,"2026-05-23","Pediatrics","quantile","0.75",231
"Opt Baseline","2026-06-13",-3,"2026-05-23","Pediatrics","quantile","0.8",242
"Opt Baseline","2026-06-13",-3,"2026-05-23","Pediatrics","quantile","0.85",258
"Opt Baseline","2026-06-13",-3,"2026-05-23","Pediatrics","quantile","0.9",280
"Opt Baseline","2026-06-13",-3,"2026-05-23","Pediatrics","quantile","0.95",309
"Opt Baseline","2026-06-13",-3,"2026-05-23","Pediatrics","quantile","0.975",340
"Opt Baseline","2026-06-13",-3,"2026-05-23","Pediatrics","quantile","0.99",373
"Opt Baseline","2026-06-13",-2,"2026-05-30","Pediatrics","quantile","0.01",52
"Opt Baseline","2026-06-13",-2,"2026-05-30","Pediatrics","quantile","0.025",68
"Opt Baseline","2026-06-13",-2,"2026-05-30","Pediatrics","quantile","0.05",84
"Opt Baseline","2026-06-13",-2,"2026-05-30","Pediatrics","quantile","0.1",103
"Opt Baseline","2026-06-13",-2,"2026-05-30","Pediatrics","quantile","0.15",117
"Opt Baseline","2026-06-13",-2,"2026-05-30","Pediatrics","quantile","0.2",129
"Opt Baseline","2026-06-13",-2,"2026-05-30","Pediatrics","quantile","0.25",140
"Opt Baseline","2026-06-13",-2,"2026-05-30","Pediatrics","quantile","0.3",149
"Opt Baseline","2026-06-13",-2,"2026-05-30","Pediatrics","quantile","0.35",158
"Opt Baseline","2026-06-13",-2,"2026-05-30","Pediatrics","quantile","0.4",168
"Opt Baseline","2026-06-13",-2,"2026-05-30","Pediatrics","quantile","0.45",178
"Opt Baseline","2026-06-13",-2,"2026-05-30","Pediatrics","quantile","0.5",186
"Opt Baseline","2026-06-13",-2,"2026-05-30","Pediatrics","quantile","0.55",194
"Opt Baseline","2026-06-13",-2,"2026-05-30","Pediatrics","quantile","0.6",205
"Opt Baseline","2026-06-13",-2,"2026-05-30","Pediatrics","quantile","0.65",216
"Opt Baseline","2026-06-13",-2,"2026-05-30","Pediatrics","quantile","0.7",227
"Opt Baseline","2026-06-13",-2,"2026-05-30","Pediatrics","quantile","0.75",239
"Opt Baseline","2026-06-13",-2,"2026-05-30","Pediatrics","quantile","0.8",254
"Opt Baseline","2026-06-13",-2,"2026-05-30","Pediatrics","quantile","0.85",272
"Opt Baseline","2026-06-13",-2,"2026-05-30","Pediatrics","quantile","0.9",295
"Opt Baseline","2026-06-13",-2,"2026-05-30","Pediatrics","quantile","0.95",333
"Opt Baseline","2026-06-13",-2,"2026-05-30","Pediatrics","quantile","0.975",367
"Opt Baseline","2026-06-13",-2,"2026-05-30","Pediatrics","quantile","0.99",412
"Opt Baseline","2026-06-13",-1,"2026-06-06","Pediatrics","quantile","0.01",39
"Opt Baseline","2026-06-13",-1,"2026-06-06","Pediatrics","quantile","0.025",57
"Opt Baseline","2026-06-13",-1,"2026-06-06","Pediatrics","quantile","0.05",75
"Opt Baseline","2026-06-13",-1,"2026-06-06","Pediatrics","quantile","0.1",95
"Opt Baseline","2026-06-13",-1,"2026-06-06","Pediatrics","quantile","0.15",110
"Opt Baseline","2026-06-13",-1,"2026-06-06","Pediatrics","quantile","0.2",123
"Opt Baseline","2026-06-13",-1,"2026-06-06","Pediatrics","quantile","0.25",135
"Opt Baseline","2026-06-13",-1,"2026-06-06","Pediatrics","quantile","0.3",146
"Opt Baseline","2026-06-13",-1,"2026-06-06","Pediatrics","quantile","0.35",155
"Opt Baseline","2026-06-13",-1,"2026-06-06","Pediatrics","quantile","0.4",166
"Opt Baseline","2026-06-13",-1,"2026-06-06","Pediatrics","quantile","0.45",176
"Opt Baseline","2026-06-13",-1,"2026-06-06","Pediatrics","quantile","0.5",186
"Opt Baseline","2026-06-13",-1,"2026-06-06","Pediatrics","quantile","0.55",196
"Opt Baseline","2026-06-13",-1,"2026-06-06","Pediatrics","quantile","0.6",207
"Opt Baseline","2026-06-13",-1,"2026-06-06","Pediatrics","quantile","0.65",218
"Opt Baseline","2026-06-13",-1,"2026-06-06","Pediatrics","quantile","0.7",232
"Opt Baseline","2026-06-13",-1,"2026-06-06","Pediatrics","quantile","0.75",246
"Opt Baseline","2026-06-13",-1,"2026-06-06","Pediatrics","quantile","0.8",263
"Opt Baseline","2026-06-13",-1,"2026-06-06","Pediatrics","quantile","0.85",284
"Opt Baseline","2026-06-13",-1,"2026-06-06","Pediatrics","quantile","0.9",311
"Opt Baseline","2026-06-13",-1,"2026-06-06","Pediatrics","quantile","0.95",354
"Opt Baseline","2026-06-13",-1,"2026-06-06","Pediatrics","quantile","0.975",392
"Opt Baseline","2026-06-13",-1,"2026-06-06","Pediatrics","quantile","0.99",444
"Opt Baseline","2026-06-13",0,"2026-06-13","Pediatrics","quantile","0.01",33
"Opt Baseline","2026-06-13",0,"2026-06-13","Pediatrics","quantile","0.025",50
"Opt Baseline","2026-06-13",0,"2026-06-13","Pediatrics","quantile","0.05",66
"Opt Baseline","2026-06-13",0,"2026-06-13","Pediatrics","quantile","0.1",88
"Opt Baseline","2026-06-13",0,"2026-06-13","Pediatrics","quantile","0.15",105
"Opt Baseline","2026-06-13",0,"2026-06-13","Pediatrics","quantile","0.2",118
"Opt Baseline","2026-06-13",0,"2026-06-13","Pediatrics","quantile","0.25",130
"Opt Baseline","2026-06-13",0,"2026-06-13","Pediatrics","quantile","0.3",142
"Opt Baseline","2026-06-13",0,"2026-06-13","Pediatrics","quantile","0.35",153
"Opt Baseline","2026-06-13",0,"2026-06-13","Pediatrics","quantile","0.4",163
"Opt Baseline","2026-06-13",0,"2026-06-13","Pediatrics","quantile","0.45",174
"Opt Baseline","2026-06-13",0,"2026-06-13","Pediatrics","quantile","0.5",186
"Opt Baseline","2026-06-13",0,"2026-06-13","Pediatrics","quantile","0.55",197
"Opt Baseline","2026-06-13",0,"2026-06-13","Pediatrics","quantile","0.6",210
"Opt Baseline","2026-06-13",0,"2026-06-13","Pediatrics","quantile","0.65",222
"Opt Baseline","2026-06-13",0,"2026-06-13","Pediatrics","quantile","0.7",237
"Opt Baseline","2026-06-13",0,"2026-06-13","Pediatrics","quantile","0.75",253
"Opt Baseline","2026-06-13",0,"2026-06-13","Pediatrics","quantile","0.8",272
"Opt Baseline","2026-06-13",0,"2026-06-13","Pediatrics","quantile","0.85",293
"Opt Baseline","2026-06-13",0,"2026-06-13","Pediatrics","quantile","0.9",323
"Opt Baseline","2026-06-13",0,"2026-06-13","Pediatrics","quantile","0.95",371
"Opt Baseline","2026-06-13",0,"2026-06-13","Pediatrics","quantile","0.975",416
"Opt Baseline","2026-06-13",0,"2026-06-13","Pediatrics","quantile","0.99",466
"Opt Baseline","2026-06-13",1,"2026-06-20","Pediatrics","quantile","0.01",26
"Opt Baseline","2026-06-13",1,"2026-06-20","Pediatrics","quantile","0.025",42
"Opt Baseline","2026-06-13",1,"2026-06-20","Pediatrics","quantile","0.05",58
"Opt Baseline","2026-06-13",1,"2026-06-20","Pediatrics","quantile","0.1",81
"Opt Baseline","2026-06-13",1,"2026-06-20","Pediatrics","quantile","0.15",99
"Opt Baseline","2026-06-13",1,"2026-06-20","Pediatrics","quantile","0.2",113
"Opt Baseline","2026-06-13",1,"2026-06-20","Pediatrics","quantile","0.25",126
"Opt Baseline","2026-06-13",1,"2026-06-20","Pediatrics","quantile","0.3",138
"Opt Baseline","2026-06-13",1,"2026-06-20","Pediatrics","quantile","0.35",150
"Opt Baseline","2026-06-13",1,"2026-06-20","Pediatrics","quantile","0.4",162
"Opt Baseline","2026-06-13",1,"2026-06-20","Pediatrics","quantile","0.45",174
"Opt Baseline","2026-06-13",1,"2026-06-20","Pediatrics","quantile","0.5",186
"Opt Baseline","2026-06-13",1,"2026-06-20","Pediatrics","quantile","0.55",198
"Opt Baseline","2026-06-13",1,"2026-06-20","Pediatrics","quantile","0.6",211
"Opt Baseline","2026-06-13",1,"2026-06-20","Pediatrics","quantile","0.65",226
"Opt Baseline","2026-06-13",1,"2026-06-20","Pediatrics","quantile","0.7",241
"Opt Baseline","2026-06-13",1,"2026-06-20","Pediatrics","quantile","0.75",258
"Opt Baseline","2026-06-13",1,"2026-06-20","Pediatrics","quantile","0.8",279
"Opt Baseline","2026-06-13",1,"2026-06-20","Pediatrics","quantile","0.85",304
"Opt Baseline","2026-06-13",1,"2026-06-20","Pediatrics","quantile","0.9",337
"Opt Baseline","2026-06-13",1,"2026-06-20","Pediatrics","quantile","0.95",386
"Opt Baseline","2026-06-13",1,"2026-06-20","Pediatrics","quantile","0.975",438
"Opt Baseline","2026-06-13",1,"2026-06-20","Pediatrics","quantile","0.99",504
"Opt Baseline","2026-06-13",2,"2026-06-27","Pediatrics","quantile","0.01",21
"Opt Baseline","2026-06-13",2,"2026-06-27","Pediatrics","quantile","0.025",35
"Opt Baseline","2026-06-13",2,"2026-06-27","Pediatrics","quantile","0.05",50
"Opt Baseline","2026-06-13",2,"2026-06-27","Pediatrics","quantile","0.1",75
"Opt Baseline","2026-06-13",2,"2026-06-27","Pediatrics","quantile","0.15",93
"Opt Baseline","2026-06-13",2,"2026-06-27","Pediatrics","quantile","0.2",107
"Opt Baseline","2026-06-13",2,"2026-06-27","Pediatrics","quantile","0.25",122
"Opt Baseline","2026-06-13",2,"2026-06-27","Pediatrics","quantile","0.3",135
"Opt Baseline","2026-06-13",2,"2026-06-27","Pediatrics","quantile","0.35",147
"Opt Baseline","2026-06-13",2,"2026-06-27","Pediatrics","quantile","0.4",159
"Opt Baseline","2026-06-13",2,"2026-06-27","Pediatrics","quantile","0.45",172
"Opt Baseline","2026-06-13",2,"2026-06-27","Pediatrics","quantile","0.5",186
"Opt Baseline","2026-06-13",2,"2026-06-27","Pediatrics","quantile","0.55",199
"Opt Baseline","2026-06-13",2,"2026-06-27","Pediatrics","quantile","0.6",213
"Opt Baseline","2026-06-13",2,"2026-06-27","Pediatrics","quantile","0.65",228
"Opt Baseline","2026-06-13",2,"2026-06-27","Pediatrics","quantile","0.7",244
"Opt Baseline","2026-06-13",2,"2026-06-27","Pediatrics","quantile","0.75",262
"Opt Baseline","2026-06-13",2,"2026-06-27","Pediatrics","quantile","0.8",282
"Opt Baseline","2026-06-13",2,"2026-06-27","Pediatrics","quantile","0.85",310
"Opt Baseline","2026-06-13",2,"2026-06-27","Pediatrics","quantile","0.9",344
"Opt Baseline","2026-06-13",2,"2026-06-27","Pediatrics","quantile","0.95",400
"Opt Baseline","2026-06-13",2,"2026-06-27","Pediatrics","quantile","0.975",455
"Opt Baseline","2026-06-13",2,"2026-06-27","Pediatrics","quantile","0.99",522
"Opt Baseline","2026-06-13",3,"2026-07-04","Pediatrics","quantile","0.01",15
"Opt Baseline","2026-06-13",3,"2026-07-04","Pediatrics","quantile","0.025",30
"Opt Baseline","2026-06-13",3,"2026-07-04","Pediatrics","quantile","0.05",47
"Opt Baseline","2026-06-13",3,"2026-07-04","Pediatrics","quantile","0.1",70
"Opt Baseline","2026-06-13",3,"2026-07-04","Pediatrics","quantile","0.15",88
"Opt Baseline","2026-06-13",3,"2026-07-04","Pediatrics","quantile","0.2",104
"Opt Baseline","2026-06-13",3,"2026-07-04","Pediatrics","quantile","0.25",118
"Opt Baseline","2026-06-13",3,"2026-07-04","Pediatrics","quantile","0.3",132
"Opt Baseline","2026-06-13",3,"2026-07-04","Pediatrics","quantile","0.35",146
"Opt Baseline","2026-06-13",3,"2026-07-04","Pediatrics","quantile","0.4",158
"Opt Baseline","2026-06-13",3,"2026-07-04","Pediatrics","quantile","0.45",172
"Opt Baseline","2026-06-13",3,"2026-07-04","Pediatrics","quantile","0.5",186
"Opt Baseline","2026-06-13",3,"2026-07-04","Pediatrics","quantile","0.55",200
"Opt Baseline","2026-06-13",3,"2026-07-04","Pediatrics","quantile","0.6",217
"Opt Baseline","2026-06-13",3,"2026-07-04","Pediatrics","quantile","0.65",234
"Opt Baseline","2026-06-13",3,"2026-07-04","Pediatrics","quantile","0.7",251
"Opt Baseline","2026-06-13",3,"2026-07-04","Pediatrics","quantile","0.75",271
"Opt Baseline","2026-06-13",3,"2026-07-04","Pediatrics","quantile","0.8",293
"Opt Baseline","2026-06-13",3,"2026-07-04","Pediatrics","quantile","0.85",319
"Opt Baseline","2026-06-13",3,"2026-07-04","Pediatrics","quantile","0.9",357
"Opt Baseline","2026-06-13",3,"2026-07-04","Pediatrics","quantile","0.95",419
"Opt Baseline","2026-06-13",3,"2026-07-04","Pediatrics","quantile","0.975",480
"Opt Baseline","2026-06-13",3,"2026-07-04","Pediatrics","quantile","0.99",560
"INFLAenza","2026-06-13",-5,"2026-05-09","Adults","quantile","0.01",79
"INFLAenza","2026-06-13",-5,"2026-05-09","Adults","quantile","0.025",85
"INFLAenza","2026-06-13",-5,"2026-05-09","Adults","quantile","0.05",90
"INFLAenza","2026-06-13",-5,"2026-05-09","Adults","quantile","0.1",98
"INFLAenza","2026-06-13",-5,"2026-05-09","Adults","quantile","0.15",104
"INFLAenza","2026-06-13",-5,"2026-05-09","Adults","quantile","0.2",108
"INFLAenza","2026-06-13",-5,"2026-05-09","Adults","quantile","0.25",111
"INFLAenza","2026-06-13",-5,"2026-05-09","Adults","quantile","0.3",115
"INFLAenza","2026-06-13",-5,"2026-05-09","Adults","quantile","0.35",118
"INFLAenza","2026-06-13",-5,"2026-05-09","Adults","quantile","0.4",121
"INFLAenza","2026-06-13",-5,"2026-05-09","Adults","quantile","0.45",123
"INFLAenza","2026-06-13",-5,"2026-05-09","Adults","quantile","0.5",126
"INFLAenza","2026-06-13",-5,"2026-05-09","Adults","quantile","0.55",129
"INFLAenza","2026-06-13",-5,"2026-05-09","Adults","quantile","0.6",132
"INFLAenza","2026-06-13",-5,"2026-05-09","Adults","quantile","0.65",135
"INFLAenza","2026-06-13",-5,"2026-05-09","Adults","quantile","0.7",138
"INFLAenza","2026-06-13",-5,"2026-05-09","Adults","quantile","0.75",143
"INFLAenza","2026-06-13",-5,"2026-05-09","Adults","quantile","0.8",147
"INFLAenza","2026-06-13",-5,"2026-05-09","Adults","quantile","0.85",153
"INFLAenza","2026-06-13",-5,"2026-05-09","Adults","quantile","0.9",160
"INFLAenza","2026-06-13",-5,"2026-05-09","Adults","quantile","0.95",171
"INFLAenza","2026-06-13",-5,"2026-05-09","Adults","quantile","0.975",183
"INFLAenza","2026-06-13",-5,"2026-05-09","Adults","quantile","0.99",194
"INFLAenza","2026-06-13",-5,"2026-05-09","Overall","quantile","0.01",241
"INFLAenza","2026-06-13",-5,"2026-05-09","Overall","quantile","0.025",253
"INFLAenza","2026-06-13",-5,"2026-05-09","Overall","quantile","0.05",265
"INFLAenza","2026-06-13",-5,"2026-05-09","Overall","quantile","0.1",281
"INFLAenza","2026-06-13",-5,"2026-05-09","Overall","quantile","0.15",290
"INFLAenza","2026-06-13",-5,"2026-05-09","Overall","quantile","0.2",299
"INFLAenza","2026-06-13",-5,"2026-05-09","Overall","quantile","0.25",307
"INFLAenza","2026-06-13",-5,"2026-05-09","Overall","quantile","0.3",314
"INFLAenza","2026-06-13",-5,"2026-05-09","Overall","quantile","0.35",320
"INFLAenza","2026-06-13",-5,"2026-05-09","Overall","quantile","0.4",326
"INFLAenza","2026-06-13",-5,"2026-05-09","Overall","quantile","0.45",332
"INFLAenza","2026-06-13",-5,"2026-05-09","Overall","quantile","0.5",338
"INFLAenza","2026-06-13",-5,"2026-05-09","Overall","quantile","0.55",344
"INFLAenza","2026-06-13",-5,"2026-05-09","Overall","quantile","0.6",351
"INFLAenza","2026-06-13",-5,"2026-05-09","Overall","quantile","0.65",356
"INFLAenza","2026-06-13",-5,"2026-05-09","Overall","quantile","0.7",363
"INFLAenza","2026-06-13",-5,"2026-05-09","Overall","quantile","0.75",370
"INFLAenza","2026-06-13",-5,"2026-05-09","Overall","quantile","0.8",379
"INFLAenza","2026-06-13",-5,"2026-05-09","Overall","quantile","0.85",389
"INFLAenza","2026-06-13",-5,"2026-05-09","Overall","quantile","0.9",403
"INFLAenza","2026-06-13",-5,"2026-05-09","Overall","quantile","0.95",424
"INFLAenza","2026-06-13",-5,"2026-05-09","Overall","quantile","0.975",444
"INFLAenza","2026-06-13",-5,"2026-05-09","Overall","quantile","0.99",463
"INFLAenza","2026-06-13",-5,"2026-05-09","Pediatrics","quantile","0.01",138
"INFLAenza","2026-06-13",-5,"2026-05-09","Pediatrics","quantile","0.025",148
"INFLAenza","2026-06-13",-5,"2026-05-09","Pediatrics","quantile","0.05",157
"INFLAenza","2026-06-13",-5,"2026-05-09","Pediatrics","quantile","0.1",167
"INFLAenza","2026-06-13",-5,"2026-05-09","Pediatrics","quantile","0.15",175
"INFLAenza","2026-06-13",-5,"2026-05-09","Pediatrics","quantile","0.2",181
"INFLAenza","2026-06-13",-5,"2026-05-09","Pediatrics","quantile","0.25",187
"INFLAenza","2026-06-13",-5,"2026-05-09","Pediatrics","quantile","0.3",191
"INFLAenza","2026-06-13",-5,"2026-05-09","Pediatrics","quantile","0.35",197
"INFLAenza","2026-06-13",-5,"2026-05-09","Pediatrics","quantile","0.4",201
"INFLAenza","2026-06-13",-5,"2026-05-09","Pediatrics","quantile","0.45",206
"INFLAenza","2026-06-13",-5,"2026-05-09","Pediatrics","quantile","0.5",210
"INFLAenza","2026-06-13",-5,"2026-05-09","Pediatrics","quantile","0.55",214
"INFLAenza","2026-06-13",-5,"2026-05-09","Pediatrics","quantile","0.6",219
"INFLAenza","2026-06-13",-5,"2026-05-09","Pediatrics","quantile","0.65",224
"INFLAenza","2026-06-13",-5,"2026-05-09","Pediatrics","quantile","0.7",229
"INFLAenza","2026-06-13",-5,"2026-05-09","Pediatrics","quantile","0.75",236
"INFLAenza","2026-06-13",-5,"2026-05-09","Pediatrics","quantile","0.8",242
"INFLAenza","2026-06-13",-5,"2026-05-09","Pediatrics","quantile","0.85",250
"INFLAenza","2026-06-13",-5,"2026-05-09","Pediatrics","quantile","0.9",260
"INFLAenza","2026-06-13",-5,"2026-05-09","Pediatrics","quantile","0.95",277
"INFLAenza","2026-06-13",-5,"2026-05-09","Pediatrics","quantile","0.975",293
"INFLAenza","2026-06-13",-5,"2026-05-09","Pediatrics","quantile","0.99",312
"INFLAenza","2026-06-13",-4,"2026-05-16","Adults","quantile","0.01",82
"INFLAenza","2026-06-13",-4,"2026-05-16","Adults","quantile","0.025",91
"INFLAenza","2026-06-13",-4,"2026-05-16","Adults","quantile","0.05",99
"INFLAenza","2026-06-13",-4,"2026-05-16","Adults","quantile","0.1",108
"INFLAenza","2026-06-13",-4,"2026-05-16","Adults","quantile","0.15",115
"INFLAenza","2026-06-13",-4,"2026-05-16","Adults","quantile","0.2",120
"INFLAenza","2026-06-13",-4,"2026-05-16","Adults","quantile","0.25",126
"INFLAenza","2026-06-13",-4,"2026-05-16","Adults","quantile","0.3",130
"INFLAenza","2026-06-13",-4,"2026-05-16","Adults","quantile","0.35",135
"INFLAenza","2026-06-13",-4,"2026-05-16","Adults","quantile","0.4",139
"INFLAenza","2026-06-13",-4,"2026-05-16","Adults","quantile","0.45",143
"INFLAenza","2026-06-13",-4,"2026-05-16","Adults","quantile","0.5",148
"INFLAenza","2026-06-13",-4,"2026-05-16","Adults","quantile","0.55",152
"INFLAenza","2026-06-13",-4,"2026-05-16","Adults","quantile","0.6",157
"INFLAenza","2026-06-13",-4,"2026-05-16","Adults","quantile","0.65",162
"INFLAenza","2026-06-13",-4,"2026-05-16","Adults","quantile","0.7",167
"INFLAenza","2026-06-13",-4,"2026-05-16","Adults","quantile","0.75",174
"INFLAenza","2026-06-13",-4,"2026-05-16","Adults","quantile","0.8",181
"INFLAenza","2026-06-13",-4,"2026-05-16","Adults","quantile","0.85",190
"INFLAenza","2026-06-13",-4,"2026-05-16","Adults","quantile","0.9",200
"INFLAenza","2026-06-13",-4,"2026-05-16","Adults","quantile","0.95",217
"INFLAenza","2026-06-13",-4,"2026-05-16","Adults","quantile","0.975",236
"INFLAenza","2026-06-13",-4,"2026-05-16","Adults","quantile","0.99",255
"INFLAenza","2026-06-13",-4,"2026-05-16","Overall","quantile","0.01",251
"INFLAenza","2026-06-13",-4,"2026-05-16","Overall","quantile","0.025",270
"INFLAenza","2026-06-13",-4,"2026-05-16","Overall","quantile","0.05",288
"INFLAenza","2026-06-13",-4,"2026-05-16","Overall","quantile","0.1",311
"INFLAenza","2026-06-13",-4,"2026-05-16","Overall","quantile","0.15",325
"INFLAenza","2026-06-13",-4,"2026-05-16","Overall","quantile","0.2",336
"INFLAenza","2026-06-13",-4,"2026-05-16","Overall","quantile","0.25",346
"INFLAenza","2026-06-13",-4,"2026-05-16","Overall","quantile","0.3",356
"INFLAenza","2026-06-13",-4,"2026-05-16","Overall","quantile","0.35",366
"INFLAenza","2026-06-13",-4,"2026-05-16","Overall","quantile","0.4",375
"INFLAenza","2026-06-13",-4,"2026-05-16","Overall","quantile","0.45",384
"INFLAenza","2026-06-13",-4,"2026-05-16","Overall","quantile","0.5",394
"INFLAenza","2026-06-13",-4,"2026-05-16","Overall","quantile","0.55",403
"INFLAenza","2026-06-13",-4,"2026-05-16","Overall","quantile","0.6",411
"INFLAenza","2026-06-13",-4,"2026-05-16","Overall","quantile","0.65",422
"INFLAenza","2026-06-13",-4,"2026-05-16","Overall","quantile","0.7",431
"INFLAenza","2026-06-13",-4,"2026-05-16","Overall","quantile","0.75",445
"INFLAenza","2026-06-13",-4,"2026-05-16","Overall","quantile","0.8",459
"INFLAenza","2026-06-13",-4,"2026-05-16","Overall","quantile","0.85",477
"INFLAenza","2026-06-13",-4,"2026-05-16","Overall","quantile","0.9",499
"INFLAenza","2026-06-13",-4,"2026-05-16","Overall","quantile","0.95",531
"INFLAenza","2026-06-13",-4,"2026-05-16","Overall","quantile","0.975",565
"INFLAenza","2026-06-13",-4,"2026-05-16","Overall","quantile","0.99",606
"INFLAenza","2026-06-13",-4,"2026-05-16","Pediatrics","quantile","0.01",142
"INFLAenza","2026-06-13",-4,"2026-05-16","Pediatrics","quantile","0.025",154
"INFLAenza","2026-06-13",-4,"2026-05-16","Pediatrics","quantile","0.05",166
"INFLAenza","2026-06-13",-4,"2026-05-16","Pediatrics","quantile","0.1",181
"INFLAenza","2026-06-13",-4,"2026-05-16","Pediatrics","quantile","0.15",192
"INFLAenza","2026-06-13",-4,"2026-05-16","Pediatrics","quantile","0.2",201
"INFLAenza","2026-06-13",-4,"2026-05-16","Pediatrics","quantile","0.25",209
"INFLAenza","2026-06-13",-4,"2026-05-16","Pediatrics","quantile","0.3",216
"INFLAenza","2026-06-13",-4,"2026-05-16","Pediatrics","quantile","0.35",223
"INFLAenza","2026-06-13",-4,"2026-05-16","Pediatrics","quantile","0.4",229
"INFLAenza","2026-06-13",-4,"2026-05-16","Pediatrics","quantile","0.45",236
"INFLAenza","2026-06-13",-4,"2026-05-16","Pediatrics","quantile","0.5",243
"INFLAenza","2026-06-13",-4,"2026-05-16","Pediatrics","quantile","0.55",249
"INFLAenza","2026-06-13",-4,"2026-05-16","Pediatrics","quantile","0.6",256
"INFLAenza","2026-06-13",-4,"2026-05-16","Pediatrics","quantile","0.65",263
"INFLAenza","2026-06-13",-4,"2026-05-16","Pediatrics","quantile","0.7",272
"INFLAenza","2026-06-13",-4,"2026-05-16","Pediatrics","quantile","0.75",281
"INFLAenza","2026-06-13",-4,"2026-05-16","Pediatrics","quantile","0.8",291
"INFLAenza","2026-06-13",-4,"2026-05-16","Pediatrics","quantile","0.85",303
"INFLAenza","2026-06-13",-4,"2026-05-16","Pediatrics","quantile","0.9",321
"INFLAenza","2026-06-13",-4,"2026-05-16","Pediatrics","quantile","0.95",348
"INFLAenza","2026-06-13",-4,"2026-05-16","Pediatrics","quantile","0.975",374
"INFLAenza","2026-06-13",-4,"2026-05-16","Pediatrics","quantile","0.99",408
"INFLAenza","2026-06-13",-3,"2026-05-23","Adults","quantile","0.01",91
"INFLAenza","2026-06-13",-3,"2026-05-23","Adults","quantile","0.025",102
"INFLAenza","2026-06-13",-3,"2026-05-23","Adults","quantile","0.05",112
"INFLAenza","2026-06-13",-3,"2026-05-23","Adults","quantile","0.1",124
"INFLAenza","2026-06-13",-3,"2026-05-23","Adults","quantile","0.15",133
"INFLAenza","2026-06-13",-3,"2026-05-23","Adults","quantile","0.2",141
"INFLAenza","2026-06-13",-3,"2026-05-23","Adults","quantile","0.25",148
"INFLAenza","2026-06-13",-3,"2026-05-23","Adults","quantile","0.3",154
"INFLAenza","2026-06-13",-3,"2026-05-23","Adults","quantile","0.35",160
"INFLAenza","2026-06-13",-3,"2026-05-23","Adults","quantile","0.4",166
"INFLAenza","2026-06-13",-3,"2026-05-23","Adults","quantile","0.45",172
"INFLAenza","2026-06-13",-3,"2026-05-23","Adults","quantile","0.5",178
"INFLAenza","2026-06-13",-3,"2026-05-23","Adults","quantile","0.55",184
"INFLAenza","2026-06-13",-3,"2026-05-23","Adults","quantile","0.6",190
"INFLAenza","2026-06-13",-3,"2026-05-23","Adults","quantile","0.65",197
"INFLAenza","2026-06-13",-3,"2026-05-23","Adults","quantile","0.7",205
"INFLAenza","2026-06-13",-3,"2026-05-23","Adults","quantile","0.75",214
"INFLAenza","2026-06-13",-3,"2026-05-23","Adults","quantile","0.8",224
"INFLAenza","2026-06-13",-3,"2026-05-23","Adults","quantile","0.85",235
"INFLAenza","2026-06-13",-3,"2026-05-23","Adults","quantile","0.9",252
"INFLAenza","2026-06-13",-3,"2026-05-23","Adults","quantile","0.95",277
"INFLAenza","2026-06-13",-3,"2026-05-23","Adults","quantile","0.975",302
"INFLAenza","2026-06-13",-3,"2026-05-23","Adults","quantile","0.99",336
"INFLAenza","2026-06-13",-3,"2026-05-23","Overall","quantile","0.01",279
"INFLAenza","2026-06-13",-3,"2026-05-23","Overall","quantile","0.025",306
"INFLAenza","2026-06-13",-3,"2026-05-23","Overall","quantile","0.05",329
"INFLAenza","2026-06-13",-3,"2026-05-23","Overall","quantile","0.1",356
"INFLAenza","2026-06-13",-3,"2026-05-23","Overall","quantile","0.15",374
"INFLAenza","2026-06-13",-3,"2026-05-23","Overall","quantile","0.2",390
"INFLAenza","2026-06-13",-3,"2026-05-23","Overall","quantile","0.25",404
"INFLAenza","2026-06-13",-3,"2026-05-23","Overall","quantile","0.3",417
"INFLAenza","2026-06-13",-3,"2026-05-23","Overall","quantile","0.35",431
"INFLAenza","2026-06-13",-3,"2026-05-23","Overall","quantile","0.4",444
"INFLAenza","2026-06-13",-3,"2026-05-23","Overall","quantile","0.45",456
"INFLAenza","2026-06-13",-3,"2026-05-23","Overall","quantile","0.5",470
"INFLAenza","2026-06-13",-3,"2026-05-23","Overall","quantile","0.55",481
"INFLAenza","2026-06-13",-3,"2026-05-23","Overall","quantile","0.6",497
"INFLAenza","2026-06-13",-3,"2026-05-23","Overall","quantile","0.65",512
"INFLAenza","2026-06-13",-3,"2026-05-23","Overall","quantile","0.7",529
"INFLAenza","2026-06-13",-3,"2026-05-23","Overall","quantile","0.75",547
"INFLAenza","2026-06-13",-3,"2026-05-23","Overall","quantile","0.8",567
"INFLAenza","2026-06-13",-3,"2026-05-23","Overall","quantile","0.85",592
"INFLAenza","2026-06-13",-3,"2026-05-23","Overall","quantile","0.9",620
"INFLAenza","2026-06-13",-3,"2026-05-23","Overall","quantile","0.95",669
"INFLAenza","2026-06-13",-3,"2026-05-23","Overall","quantile","0.975",713
"INFLAenza","2026-06-13",-3,"2026-05-23","Overall","quantile","0.99",771
"INFLAenza","2026-06-13",-3,"2026-05-23","Pediatrics","quantile","0.01",155
"INFLAenza","2026-06-13",-3,"2026-05-23","Pediatrics","quantile","0.025",171
"INFLAenza","2026-06-13",-3,"2026-05-23","Pediatrics","quantile","0.05",187
"INFLAenza","2026-06-13",-3,"2026-05-23","Pediatrics","quantile","0.1",205
"INFLAenza","2026-06-13",-3,"2026-05-23","Pediatrics","quantile","0.15",219
"INFLAenza","2026-06-13",-3,"2026-05-23","Pediatrics","quantile","0.2",230
"INFLAenza","2026-06-13",-3,"2026-05-23","Pediatrics","quantile","0.25",240
"INFLAenza","2026-06-13",-3,"2026-05-23","Pediatrics","quantile","0.3",250
"INFLAenza","2026-06-13",-3,"2026-05-23","Pediatrics","quantile","0.35",260
"INFLAenza","2026-06-13",-3,"2026-05-23","Pediatrics","quantile","0.4",269
"INFLAenza","2026-06-13",-3,"2026-05-23","Pediatrics","quantile","0.45",278
"INFLAenza","2026-06-13",-3,"2026-05-23","Pediatrics","quantile","0.5",286
"INFLAenza","2026-06-13",-3,"2026-05-23","Pediatrics","quantile","0.55",296
"INFLAenza","2026-06-13",-3,"2026-05-23","Pediatrics","quantile","0.6",306
"INFLAenza","2026-06-13",-3,"2026-05-23","Pediatrics","quantile","0.65",318
"INFLAenza","2026-06-13",-3,"2026-05-23","Pediatrics","quantile","0.7",331
"INFLAenza","2026-06-13",-3,"2026-05-23","Pediatrics","quantile","0.75",344
"INFLAenza","2026-06-13",-3,"2026-05-23","Pediatrics","quantile","0.8",358
"INFLAenza","2026-06-13",-3,"2026-05-23","Pediatrics","quantile","0.85",377
"INFLAenza","2026-06-13",-3,"2026-05-23","Pediatrics","quantile","0.9",399
"INFLAenza","2026-06-13",-3,"2026-05-23","Pediatrics","quantile","0.95",436
"INFLAenza","2026-06-13",-3,"2026-05-23","Pediatrics","quantile","0.975",476
"INFLAenza","2026-06-13",-3,"2026-05-23","Pediatrics","quantile","0.99",523
"INFLAenza","2026-06-13",-2,"2026-05-30","Adults","quantile","0.01",102
"INFLAenza","2026-06-13",-2,"2026-05-30","Adults","quantile","0.025",115
"INFLAenza","2026-06-13",-2,"2026-05-30","Adults","quantile","0.05",127
"INFLAenza","2026-06-13",-2,"2026-05-30","Adults","quantile","0.1",142
"INFLAenza","2026-06-13",-2,"2026-05-30","Adults","quantile","0.15",154
"INFLAenza","2026-06-13",-2,"2026-05-30","Adults","quantile","0.2",164
"INFLAenza","2026-06-13",-2,"2026-05-30","Adults","quantile","0.25",171
"INFLAenza","2026-06-13",-2,"2026-05-30","Adults","quantile","0.3",179
"INFLAenza","2026-06-13",-2,"2026-05-30","Adults","quantile","0.35",188
"INFLAenza","2026-06-13",-2,"2026-05-30","Adults","quantile","0.4",197
"INFLAenza","2026-06-13",-2,"2026-05-30","Adults","quantile","0.45",204
"INFLAenza","2026-06-13",-2,"2026-05-30","Adults","quantile","0.5",211
"INFLAenza","2026-06-13",-2,"2026-05-30","Adults","quantile","0.55",220
"INFLAenza","2026-06-13",-2,"2026-05-30","Adults","quantile","0.6",230
"INFLAenza","2026-06-13",-2,"2026-05-30","Adults","quantile","0.65",240
"INFLAenza","2026-06-13",-2,"2026-05-30","Adults","quantile","0.7",251
"INFLAenza","2026-06-13",-2,"2026-05-30","Adults","quantile","0.75",261
"INFLAenza","2026-06-13",-2,"2026-05-30","Adults","quantile","0.8",275
"INFLAenza","2026-06-13",-2,"2026-05-30","Adults","quantile","0.85",290
"INFLAenza","2026-06-13",-2,"2026-05-30","Adults","quantile","0.9",311
"INFLAenza","2026-06-13",-2,"2026-05-30","Adults","quantile","0.95",347
"INFLAenza","2026-06-13",-2,"2026-05-30","Adults","quantile","0.975",382
"INFLAenza","2026-06-13",-2,"2026-05-30","Adults","quantile","0.99",429
"INFLAenza","2026-06-13",-2,"2026-05-30","Overall","quantile","0.01",316
"INFLAenza","2026-06-13",-2,"2026-05-30","Overall","quantile","0.025",341
"INFLAenza","2026-06-13",-2,"2026-05-30","Overall","quantile","0.05",374
"INFLAenza","2026-06-13",-2,"2026-05-30","Overall","quantile","0.1",409
"INFLAenza","2026-06-13",-2,"2026-05-30","Overall","quantile","0.15",433
"INFLAenza","2026-06-13",-2,"2026-05-30","Overall","quantile","0.2",452
"INFLAenza","2026-06-13",-2,"2026-05-30","Overall","quantile","0.25",470
"INFLAenza","2026-06-13",-2,"2026-05-30","Overall","quantile","0.3",488
"INFLAenza","2026-06-13",-2,"2026-05-30","Overall","quantile","0.35",508
"INFLAenza","2026-06-13",-2,"2026-05-30","Overall","quantile","0.4",524
"INFLAenza","2026-06-13",-2,"2026-05-30","Overall","quantile","0.45",540
"INFLAenza","2026-06-13",-2,"2026-05-30","Overall","quantile","0.5",556
"INFLAenza","2026-06-13",-2,"2026-05-30","Overall","quantile","0.55",574
"INFLAenza","2026-06-13",-2,"2026-05-30","Overall","quantile","0.6",593
"INFLAenza","2026-06-13",-2,"2026-05-30","Overall","quantile","0.65",611
"INFLAenza","2026-06-13",-2,"2026-05-30","Overall","quantile","0.7",634
"INFLAenza","2026-06-13",-2,"2026-05-30","Overall","quantile","0.75",659
"INFLAenza","2026-06-13",-2,"2026-05-30","Overall","quantile","0.8",685
"INFLAenza","2026-06-13",-2,"2026-05-30","Overall","quantile","0.85",722
"INFLAenza","2026-06-13",-2,"2026-05-30","Overall","quantile","0.9",769
"INFLAenza","2026-06-13",-2,"2026-05-30","Overall","quantile","0.95",839
"INFLAenza","2026-06-13",-2,"2026-05-30","Overall","quantile","0.975",912
"INFLAenza","2026-06-13",-2,"2026-05-30","Overall","quantile","0.99",983
"INFLAenza","2026-06-13",-2,"2026-05-30","Pediatrics","quantile","0.01",168
"INFLAenza","2026-06-13",-2,"2026-05-30","Pediatrics","quantile","0.025",189
"INFLAenza","2026-06-13",-2,"2026-05-30","Pediatrics","quantile","0.05",207
"INFLAenza","2026-06-13",-2,"2026-05-30","Pediatrics","quantile","0.1",231
"INFLAenza","2026-06-13",-2,"2026-05-30","Pediatrics","quantile","0.15",249
"INFLAenza","2026-06-13",-2,"2026-05-30","Pediatrics","quantile","0.2",265
"INFLAenza","2026-06-13",-2,"2026-05-30","Pediatrics","quantile","0.25",278
"INFLAenza","2026-06-13",-2,"2026-05-30","Pediatrics","quantile","0.3",290
"INFLAenza","2026-06-13",-2,"2026-05-30","Pediatrics","quantile","0.35",302
"INFLAenza","2026-06-13",-2,"2026-05-30","Pediatrics","quantile","0.4",314
"INFLAenza","2026-06-13",-2,"2026-05-30","Pediatrics","quantile","0.45",326
"INFLAenza","2026-06-13",-2,"2026-05-30","Pediatrics","quantile","0.5",338
"INFLAenza","2026-06-13",-2,"2026-05-30","Pediatrics","quantile","0.55",350
"INFLAenza","2026-06-13",-2,"2026-05-30","Pediatrics","quantile","0.6",362
"INFLAenza","2026-06-13",-2,"2026-05-30","Pediatrics","quantile","0.65",378
"INFLAenza","2026-06-13",-2,"2026-05-30","Pediatrics","quantile","0.7",394
"INFLAenza","2026-06-13",-2,"2026-05-30","Pediatrics","quantile","0.75",412
"INFLAenza","2026-06-13",-2,"2026-05-30","Pediatrics","quantile","0.8",435
"INFLAenza","2026-06-13",-2,"2026-05-30","Pediatrics","quantile","0.85",459
"INFLAenza","2026-06-13",-2,"2026-05-30","Pediatrics","quantile","0.9",492
"INFLAenza","2026-06-13",-2,"2026-05-30","Pediatrics","quantile","0.95",549
"INFLAenza","2026-06-13",-2,"2026-05-30","Pediatrics","quantile","0.975",609
"INFLAenza","2026-06-13",-2,"2026-05-30","Pediatrics","quantile","0.99",682
"INFLAenza","2026-06-13",-1,"2026-06-06","Adults","quantile","0.01",113
"INFLAenza","2026-06-13",-1,"2026-06-06","Adults","quantile","0.025",127
"INFLAenza","2026-06-13",-1,"2026-06-06","Adults","quantile","0.05",143
"INFLAenza","2026-06-13",-1,"2026-06-06","Adults","quantile","0.1",163
"INFLAenza","2026-06-13",-1,"2026-06-06","Adults","quantile","0.15",176
"INFLAenza","2026-06-13",-1,"2026-06-06","Adults","quantile","0.2",188
"INFLAenza","2026-06-13",-1,"2026-06-06","Adults","quantile","0.25",200
"INFLAenza","2026-06-13",-1,"2026-06-06","Adults","quantile","0.3",211
"INFLAenza","2026-06-13",-1,"2026-06-06","Adults","quantile","0.35",221
"INFLAenza","2026-06-13",-1,"2026-06-06","Adults","quantile","0.4",231
"INFLAenza","2026-06-13",-1,"2026-06-06","Adults","quantile","0.45",241
"INFLAenza","2026-06-13",-1,"2026-06-06","Adults","quantile","0.5",251
"INFLAenza","2026-06-13",-1,"2026-06-06","Adults","quantile","0.55",263
"INFLAenza","2026-06-13",-1,"2026-06-06","Adults","quantile","0.6",274
"INFLAenza","2026-06-13",-1,"2026-06-06","Adults","quantile","0.65",286
"INFLAenza","2026-06-13",-1,"2026-06-06","Adults","quantile","0.7",299
"INFLAenza","2026-06-13",-1,"2026-06-06","Adults","quantile","0.75",315
"INFLAenza","2026-06-13",-1,"2026-06-06","Adults","quantile","0.8",331
"INFLAenza","2026-06-13",-1,"2026-06-06","Adults","quantile","0.85",353
"INFLAenza","2026-06-13",-1,"2026-06-06","Adults","quantile","0.9",382
"INFLAenza","2026-06-13",-1,"2026-06-06","Adults","quantile","0.95",428
"INFLAenza","2026-06-13",-1,"2026-06-06","Adults","quantile","0.975",469
"INFLAenza","2026-06-13",-1,"2026-06-06","Adults","quantile","0.99",539
"INFLAenza","2026-06-13",-1,"2026-06-06","Overall","quantile","0.01",346
"INFLAenza","2026-06-13",-1,"2026-06-06","Overall","quantile","0.025",388
"INFLAenza","2026-06-13",-1,"2026-06-06","Overall","quantile","0.05",419
"INFLAenza","2026-06-13",-1,"2026-06-06","Overall","quantile","0.1",464
"INFLAenza","2026-06-13",-1,"2026-06-06","Overall","quantile","0.15",497
"INFLAenza","2026-06-13",-1,"2026-06-06","Overall","quantile","0.2",522
"INFLAenza","2026-06-13",-1,"2026-06-06","Overall","quantile","0.25",548
"INFLAenza","2026-06-13",-1,"2026-06-06","Overall","quantile","0.3",567
"INFLAenza","2026-06-13",-1,"2026-06-06","Overall","quantile","0.35",593
"INFLAenza","2026-06-13",-1,"2026-06-06","Overall","quantile","0.4",610
"INFLAenza","2026-06-13",-1,"2026-06-06","Overall","quantile","0.45",631
"INFLAenza","2026-06-13",-1,"2026-06-06","Overall","quantile","0.5",655
"INFLAenza","2026-06-13",-1,"2026-06-06","Overall","quantile","0.55",677
"INFLAenza","2026-06-13",-1,"2026-06-06","Overall","quantile","0.6",705
"INFLAenza","2026-06-13",-1,"2026-06-06","Overall","quantile","0.65",728
"INFLAenza","2026-06-13",-1,"2026-06-06","Overall","quantile","0.7",755
"INFLAenza","2026-06-13",-1,"2026-06-06","Overall","quantile","0.75",787
"INFLAenza","2026-06-13",-1,"2026-06-06","Overall","quantile","0.8",823
"INFLAenza","2026-06-13",-1,"2026-06-06","Overall","quantile","0.85",865
"INFLAenza","2026-06-13",-1,"2026-06-06","Overall","quantile","0.9",925
"INFLAenza","2026-06-13",-1,"2026-06-06","Overall","quantile","0.95",1019
"INFLAenza","2026-06-13",-1,"2026-06-06","Overall","quantile","0.975",1112
"INFLAenza","2026-06-13",-1,"2026-06-06","Overall","quantile","0.99",1215
"INFLAenza","2026-06-13",-1,"2026-06-06","Pediatrics","quantile","0.01",185
"INFLAenza","2026-06-13",-1,"2026-06-06","Pediatrics","quantile","0.025",211
"INFLAenza","2026-06-13",-1,"2026-06-06","Pediatrics","quantile","0.05",232
"INFLAenza","2026-06-13",-1,"2026-06-06","Pediatrics","quantile","0.1",262
"INFLAenza","2026-06-13",-1,"2026-06-06","Pediatrics","quantile","0.15",283
"INFLAenza","2026-06-13",-1,"2026-06-06","Pediatrics","quantile","0.2",301
"INFLAenza","2026-06-13",-1,"2026-06-06","Pediatrics","quantile","0.25",317
"INFLAenza","2026-06-13",-1,"2026-06-06","Pediatrics","quantile","0.3",333
"INFLAenza","2026-06-13",-1,"2026-06-06","Pediatrics","quantile","0.35",349
"INFLAenza","2026-06-13",-1,"2026-06-06","Pediatrics","quantile","0.4",365
"INFLAenza","2026-06-13",-1,"2026-06-06","Pediatrics","quantile","0.45",380
"INFLAenza","2026-06-13",-1,"2026-06-06","Pediatrics","quantile","0.5",396
"INFLAenza","2026-06-13",-1,"2026-06-06","Pediatrics","quantile","0.55",411
"INFLAenza","2026-06-13",-1,"2026-06-06","Pediatrics","quantile","0.6",428
"INFLAenza","2026-06-13",-1,"2026-06-06","Pediatrics","quantile","0.65",445
"INFLAenza","2026-06-13",-1,"2026-06-06","Pediatrics","quantile","0.7",468
"INFLAenza","2026-06-13",-1,"2026-06-06","Pediatrics","quantile","0.75",490
"INFLAenza","2026-06-13",-1,"2026-06-06","Pediatrics","quantile","0.8",516
"INFLAenza","2026-06-13",-1,"2026-06-06","Pediatrics","quantile","0.85",549
"INFLAenza","2026-06-13",-1,"2026-06-06","Pediatrics","quantile","0.9",592
"INFLAenza","2026-06-13",-1,"2026-06-06","Pediatrics","quantile","0.95",665
"INFLAenza","2026-06-13",-1,"2026-06-06","Pediatrics","quantile","0.975",743
"INFLAenza","2026-06-13",-1,"2026-06-06","Pediatrics","quantile","0.99",847
"INFLAenza","2026-06-13",0,"2026-06-13","Adults","quantile","0.01",120
"INFLAenza","2026-06-13",0,"2026-06-13","Adults","quantile","0.025",140
"INFLAenza","2026-06-13",0,"2026-06-13","Adults","quantile","0.05",156
"INFLAenza","2026-06-13",0,"2026-06-13","Adults","quantile","0.1",179
"INFLAenza","2026-06-13",0,"2026-06-13","Adults","quantile","0.15",197
"INFLAenza","2026-06-13",0,"2026-06-13","Adults","quantile","0.2",211
"INFLAenza","2026-06-13",0,"2026-06-13","Adults","quantile","0.25",223
"INFLAenza","2026-06-13",0,"2026-06-13","Adults","quantile","0.3",236
"INFLAenza","2026-06-13",0,"2026-06-13","Adults","quantile","0.35",248
"INFLAenza","2026-06-13",0,"2026-06-13","Adults","quantile","0.4",260
"INFLAenza","2026-06-13",0,"2026-06-13","Adults","quantile","0.45",270
"INFLAenza","2026-06-13",0,"2026-06-13","Adults","quantile","0.5",283
"INFLAenza","2026-06-13",0,"2026-06-13","Adults","quantile","0.55",295
"INFLAenza","2026-06-13",0,"2026-06-13","Adults","quantile","0.6",309
"INFLAenza","2026-06-13",0,"2026-06-13","Adults","quantile","0.65",324
"INFLAenza","2026-06-13",0,"2026-06-13","Adults","quantile","0.7",339
"INFLAenza","2026-06-13",0,"2026-06-13","Adults","quantile","0.75",359
"INFLAenza","2026-06-13",0,"2026-06-13","Adults","quantile","0.8",382
"INFLAenza","2026-06-13",0,"2026-06-13","Adults","quantile","0.85",408
"INFLAenza","2026-06-13",0,"2026-06-13","Adults","quantile","0.9",444
"INFLAenza","2026-06-13",0,"2026-06-13","Adults","quantile","0.95",504
"INFLAenza","2026-06-13",0,"2026-06-13","Adults","quantile","0.975",563
"INFLAenza","2026-06-13",0,"2026-06-13","Adults","quantile","0.99",648
"INFLAenza","2026-06-13",0,"2026-06-13","Overall","quantile","0.01",373
"INFLAenza","2026-06-13",0,"2026-06-13","Overall","quantile","0.025",413
"INFLAenza","2026-06-13",0,"2026-06-13","Overall","quantile","0.05",456
"INFLAenza","2026-06-13",0,"2026-06-13","Overall","quantile","0.1",511
"INFLAenza","2026-06-13",0,"2026-06-13","Overall","quantile","0.15",548
"INFLAenza","2026-06-13",0,"2026-06-13","Overall","quantile","0.2",580
"INFLAenza","2026-06-13",0,"2026-06-13","Overall","quantile","0.25",605
"INFLAenza","2026-06-13",0,"2026-06-13","Overall","quantile","0.3",632
"INFLAenza","2026-06-13",0,"2026-06-13","Overall","quantile","0.35",657
"INFLAenza","2026-06-13",0,"2026-06-13","Overall","quantile","0.4",684
"INFLAenza","2026-06-13",0,"2026-06-13","Overall","quantile","0.45",708
"INFLAenza","2026-06-13",0,"2026-06-13","Overall","quantile","0.5",736
"INFLAenza","2026-06-13",0,"2026-06-13","Overall","quantile","0.55",761
"INFLAenza","2026-06-13",0,"2026-06-13","Overall","quantile","0.6",791
"INFLAenza","2026-06-13",0,"2026-06-13","Overall","quantile","0.65",819
"INFLAenza","2026-06-13",0,"2026-06-13","Overall","quantile","0.7",852
"INFLAenza","2026-06-13",0,"2026-06-13","Overall","quantile","0.75",897
"INFLAenza","2026-06-13",0,"2026-06-13","Overall","quantile","0.8",943
"INFLAenza","2026-06-13",0,"2026-06-13","Overall","quantile","0.85",994
"INFLAenza","2026-06-13",0,"2026-06-13","Overall","quantile","0.9",1067
"INFLAenza","2026-06-13",0,"2026-06-13","Overall","quantile","0.95",1192
"INFLAenza","2026-06-13",0,"2026-06-13","Overall","quantile","0.975",1297
"INFLAenza","2026-06-13",0,"2026-06-13","Overall","quantile","0.99",1444
"INFLAenza","2026-06-13",0,"2026-06-13","Pediatrics","quantile","0.01",194
"INFLAenza","2026-06-13",0,"2026-06-13","Pediatrics","quantile","0.025",221
"INFLAenza","2026-06-13",0,"2026-06-13","Pediatrics","quantile","0.05",249
"INFLAenza","2026-06-13",0,"2026-06-13","Pediatrics","quantile","0.1",283
"INFLAenza","2026-06-13",0,"2026-06-13","Pediatrics","quantile","0.15",307
"INFLAenza","2026-06-13",0,"2026-06-13","Pediatrics","quantile","0.2",329
"INFLAenza","2026-06-13",0,"2026-06-13","Pediatrics","quantile","0.25",348
"INFLAenza","2026-06-13",0,"2026-06-13","Pediatrics","quantile","0.3",367
"INFLAenza","2026-06-13",0,"2026-06-13","Pediatrics","quantile","0.35",386
"INFLAenza","2026-06-13",0,"2026-06-13","Pediatrics","quantile","0.4",403
"INFLAenza","2026-06-13",0,"2026-06-13","Pediatrics","quantile","0.45",421
"INFLAenza","2026-06-13",0,"2026-06-13","Pediatrics","quantile","0.5",438
"INFLAenza","2026-06-13",0,"2026-06-13","Pediatrics","quantile","0.55",457
"INFLAenza","2026-06-13",0,"2026-06-13","Pediatrics","quantile","0.6",479
"INFLAenza","2026-06-13",0,"2026-06-13","Pediatrics","quantile","0.65",503
"INFLAenza","2026-06-13",0,"2026-06-13","Pediatrics","quantile","0.7",526
"INFLAenza","2026-06-13",0,"2026-06-13","Pediatrics","quantile","0.75",554
"INFLAenza","2026-06-13",0,"2026-06-13","Pediatrics","quantile","0.8",586
"INFLAenza","2026-06-13",0,"2026-06-13","Pediatrics","quantile","0.85",625
"INFLAenza","2026-06-13",0,"2026-06-13","Pediatrics","quantile","0.9",681
"INFLAenza","2026-06-13",0,"2026-06-13","Pediatrics","quantile","0.95",771
"INFLAenza","2026-06-13",0,"2026-06-13","Pediatrics","quantile","0.975",878
"INFLAenza","2026-06-13",0,"2026-06-13","Pediatrics","quantile","0.99",1004
"INFLAenza","2026-06-13",1,"2026-06-20","Adults","quantile","0.01",115
"INFLAenza","2026-06-13",1,"2026-06-20","Adults","quantile","0.025",134
"INFLAenza","2026-06-13",1,"2026-06-20","Adults","quantile","0.05",153
"INFLAenza","2026-06-13",1,"2026-06-20","Adults","quantile","0.1",176
"INFLAenza","2026-06-13",1,"2026-06-20","Adults","quantile","0.15",195
"INFLAenza","2026-06-13",1,"2026-06-20","Adults","quantile","0.2",209
"INFLAenza","2026-06-13",1,"2026-06-20","Adults","quantile","0.25",222
"INFLAenza","2026-06-13",1,"2026-06-20","Adults","quantile","0.3",236
"INFLAenza","2026-06-13",1,"2026-06-20","Adults","quantile","0.35",249
"INFLAenza","2026-06-13",1,"2026-06-20","Adults","quantile","0.4",261
"INFLAenza","2026-06-13",1,"2026-06-20","Adults","quantile","0.45",274
"INFLAenza","2026-06-13",1,"2026-06-20","Adults","quantile","0.5",288
"INFLAenza","2026-06-13",1,"2026-06-20","Adults","quantile","0.55",301
"INFLAenza","2026-06-13",1,"2026-06-20","Adults","quantile","0.6",316
"INFLAenza","2026-06-13",1,"2026-06-20","Adults","quantile","0.65",331
"INFLAenza","2026-06-13",1,"2026-06-20","Adults","quantile","0.7",350
"INFLAenza","2026-06-13",1,"2026-06-20","Adults","quantile","0.75",370
"INFLAenza","2026-06-13",1,"2026-06-20","Adults","quantile","0.8",396
"INFLAenza","2026-06-13",1,"2026-06-20","Adults","quantile","0.85",425
"INFLAenza","2026-06-13",1,"2026-06-20","Adults","quantile","0.9",465
"INFLAenza","2026-06-13",1,"2026-06-20","Adults","quantile","0.95",534
"INFLAenza","2026-06-13",1,"2026-06-20","Adults","quantile","0.975",600
"INFLAenza","2026-06-13",1,"2026-06-20","Adults","quantile","0.99",686
"INFLAenza","2026-06-13",1,"2026-06-20","Overall","quantile","0.01",352
"INFLAenza","2026-06-13",1,"2026-06-20","Overall","quantile","0.025",403
"INFLAenza","2026-06-13",1,"2026-06-20","Overall","quantile","0.05",444
"INFLAenza","2026-06-13",1,"2026-06-20","Overall","quantile","0.1",498
"INFLAenza","2026-06-13",1,"2026-06-20","Overall","quantile","0.15",538
"INFLAenza","2026-06-13",1,"2026-06-20","Overall","quantile","0.2",575
"INFLAenza","2026-06-13",1,"2026-06-20","Overall","quantile","0.25",603
"INFLAenza","2026-06-13",1,"2026-06-20","Overall","quantile","0.3",633
"INFLAenza","2026-06-13",1,"2026-06-20","Overall","quantile","0.35",661
"INFLAenza","2026-06-13",1,"2026-06-20","Overall","quantile","0.4",687
"INFLAenza","2026-06-13",1,"2026-06-20","Overall","quantile","0.45",712
"INFLAenza","2026-06-13",1,"2026-06-20","Overall","quantile","0.5",740
"INFLAenza","2026-06-13",1,"2026-06-20","Overall","quantile","0.55",772
"INFLAenza","2026-06-13",1,"2026-06-20","Overall","quantile","0.6",803
"INFLAenza","2026-06-13",1,"2026-06-20","Overall","quantile","0.65",836
"INFLAenza","2026-06-13",1,"2026-06-20","Overall","quantile","0.7",875
"INFLAenza","2026-06-13",1,"2026-06-20","Overall","quantile","0.75",917
"INFLAenza","2026-06-13",1,"2026-06-20","Overall","quantile","0.8",962
"INFLAenza","2026-06-13",1,"2026-06-20","Overall","quantile","0.85",1024
"INFLAenza","2026-06-13",1,"2026-06-20","Overall","quantile","0.9",1102
"INFLAenza","2026-06-13",1,"2026-06-20","Overall","quantile","0.95",1232
"INFLAenza","2026-06-13",1,"2026-06-20","Overall","quantile","0.975",1357
"INFLAenza","2026-06-13",1,"2026-06-20","Overall","quantile","0.99",1505
"INFLAenza","2026-06-13",1,"2026-06-20","Pediatrics","quantile","0.01",185
"INFLAenza","2026-06-13",1,"2026-06-20","Pediatrics","quantile","0.025",211
"INFLAenza","2026-06-13",1,"2026-06-20","Pediatrics","quantile","0.05",240
"INFLAenza","2026-06-13",1,"2026-06-20","Pediatrics","quantile","0.1",273
"INFLAenza","2026-06-13",1,"2026-06-20","Pediatrics","quantile","0.15",301
"INFLAenza","2026-06-13",1,"2026-06-20","Pediatrics","quantile","0.2",323
"INFLAenza","2026-06-13",1,"2026-06-20","Pediatrics","quantile","0.25",345
"INFLAenza","2026-06-13",1,"2026-06-20","Pediatrics","quantile","0.3",365
"INFLAenza","2026-06-13",1,"2026-06-20","Pediatrics","quantile","0.35",383
"INFLAenza","2026-06-13",1,"2026-06-20","Pediatrics","quantile","0.4",403
"INFLAenza","2026-06-13",1,"2026-06-20","Pediatrics","quantile","0.45",420
"INFLAenza","2026-06-13",1,"2026-06-20","Pediatrics","quantile","0.5",439
"INFLAenza","2026-06-13",1,"2026-06-20","Pediatrics","quantile","0.55",461
"INFLAenza","2026-06-13",1,"2026-06-20","Pediatrics","quantile","0.6",482
"INFLAenza","2026-06-13",1,"2026-06-20","Pediatrics","quantile","0.65",506
"INFLAenza","2026-06-13",1,"2026-06-20","Pediatrics","quantile","0.7",532
"INFLAenza","2026-06-13",1,"2026-06-20","Pediatrics","quantile","0.75",564
"INFLAenza","2026-06-13",1,"2026-06-20","Pediatrics","quantile","0.8",600
"INFLAenza","2026-06-13",1,"2026-06-20","Pediatrics","quantile","0.85",641
"INFLAenza","2026-06-13",1,"2026-06-20","Pediatrics","quantile","0.9",698
"INFLAenza","2026-06-13",1,"2026-06-20","Pediatrics","quantile","0.95",802
"INFLAenza","2026-06-13",1,"2026-06-20","Pediatrics","quantile","0.975",895
"INFLAenza","2026-06-13",1,"2026-06-20","Pediatrics","quantile","0.99",1058
"INFLAenza","2026-06-13",2,"2026-06-27","Adults","quantile","0.01",107
"INFLAenza","2026-06-13",2,"2026-06-27","Adults","quantile","0.025",127
"INFLAenza","2026-06-13",2,"2026-06-27","Adults","quantile","0.05",147
"INFLAenza","2026-06-13",2,"2026-06-27","Adults","quantile","0.1",168
"INFLAenza","2026-06-13",2,"2026-06-27","Adults","quantile","0.15",187
"INFLAenza","2026-06-13",2,"2026-06-27","Adults","quantile","0.2",201
"INFLAenza","2026-06-13",2,"2026-06-27","Adults","quantile","0.25",215
"INFLAenza","2026-06-13",2,"2026-06-27","Adults","quantile","0.3",228
"INFLAenza","2026-06-13",2,"2026-06-27","Adults","quantile","0.35",241
"INFLAenza","2026-06-13",2,"2026-06-27","Adults","quantile","0.4",255
"INFLAenza","2026-06-13",2,"2026-06-27","Adults","quantile","0.45",270
"INFLAenza","2026-06-13",2,"2026-06-27","Adults","quantile","0.5",284
"INFLAenza","2026-06-13",2,"2026-06-27","Adults","quantile","0.55",298
"INFLAenza","2026-06-13",2,"2026-06-27","Adults","quantile","0.6",313
"INFLAenza","2026-06-13",2,"2026-06-27","Adults","quantile","0.65",330
"INFLAenza","2026-06-13",2,"2026-06-27","Adults","quantile","0.7",349
"INFLAenza","2026-06-13",2,"2026-06-27","Adults","quantile","0.75",372
"INFLAenza","2026-06-13",2,"2026-06-27","Adults","quantile","0.8",394
"INFLAenza","2026-06-13",2,"2026-06-27","Adults","quantile","0.85",422
"INFLAenza","2026-06-13",2,"2026-06-27","Adults","quantile","0.9",461
"INFLAenza","2026-06-13",2,"2026-06-27","Adults","quantile","0.95",537
"INFLAenza","2026-06-13",2,"2026-06-27","Adults","quantile","0.975",612
"INFLAenza","2026-06-13",2,"2026-06-27","Adults","quantile","0.99",709
"INFLAenza","2026-06-13",2,"2026-06-27","Overall","quantile","0.01",331
"INFLAenza","2026-06-13",2,"2026-06-27","Overall","quantile","0.025",378
"INFLAenza","2026-06-13",2,"2026-06-27","Overall","quantile","0.05",422
"INFLAenza","2026-06-13",2,"2026-06-27","Overall","quantile","0.1",473
"INFLAenza","2026-06-13",2,"2026-06-27","Overall","quantile","0.15",511
"INFLAenza","2026-06-13",2,"2026-06-27","Overall","quantile","0.2",550
"INFLAenza","2026-06-13",2,"2026-06-27","Overall","quantile","0.25",582
"INFLAenza","2026-06-13",2,"2026-06-27","Overall","quantile","0.3",614
"INFLAenza","2026-06-13",2,"2026-06-27","Overall","quantile","0.35",642
"INFLAenza","2026-06-13",2,"2026-06-27","Overall","quantile","0.4",671
"INFLAenza","2026-06-13",2,"2026-06-27","Overall","quantile","0.45",699
"INFLAenza","2026-06-13",2,"2026-06-27","Overall","quantile","0.5",728
"INFLAenza","2026-06-13",2,"2026-06-27","Overall","quantile","0.55",758
"INFLAenza","2026-06-13",2,"2026-06-27","Overall","quantile","0.6",786
"INFLAenza","2026-06-13",2,"2026-06-27","Overall","quantile","0.65",821
"INFLAenza","2026-06-13",2,"2026-06-27","Overall","quantile","0.7",865
"INFLAenza","2026-06-13",2,"2026-06-27","Overall","quantile","0.75",908
"INFLAenza","2026-06-13",2,"2026-06-27","Overall","quantile","0.8",962
"INFLAenza","2026-06-13",2,"2026-06-27","Overall","quantile","0.85",1014
"INFLAenza","2026-06-13",2,"2026-06-27","Overall","quantile","0.9",1100
"INFLAenza","2026-06-13",2,"2026-06-27","Overall","quantile","0.95",1228
"INFLAenza","2026-06-13",2,"2026-06-27","Overall","quantile","0.975",1368
"INFLAenza","2026-06-13",2,"2026-06-27","Overall","quantile","0.99",1542
"INFLAenza","2026-06-13",2,"2026-06-27","Pediatrics","quantile","0.01",171
"INFLAenza","2026-06-13",2,"2026-06-27","Pediatrics","quantile","0.025",196
"INFLAenza","2026-06-13",2,"2026-06-27","Pediatrics","quantile","0.05",223
"INFLAenza","2026-06-13",2,"2026-06-27","Pediatrics","quantile","0.1",257
"INFLAenza","2026-06-13",2,"2026-06-27","Pediatrics","quantile","0.15",283
"INFLAenza","2026-06-13",2,"2026-06-27","Pediatrics","quantile","0.2",308
"INFLAenza","2026-06-13",2,"2026-06-27","Pediatrics","quantile","0.25",328
"INFLAenza","2026-06-13",2,"2026-06-27","Pediatrics","quantile","0.3",347
"INFLAenza","2026-06-13",2,"2026-06-27","Pediatrics","quantile","0.35",367
"INFLAenza","2026-06-13",2,"2026-06-27","Pediatrics","quantile","0.4",388
"INFLAenza","2026-06-13",2,"2026-06-27","Pediatrics","quantile","0.45",407
"INFLAenza","2026-06-13",2,"2026-06-27","Pediatrics","quantile","0.5",427
"INFLAenza","2026-06-13",2,"2026-06-27","Pediatrics","quantile","0.55",450
"INFLAenza","2026-06-13",2,"2026-06-27","Pediatrics","quantile","0.6",472
"INFLAenza","2026-06-13",2,"2026-06-27","Pediatrics","quantile","0.65",495
"INFLAenza","2026-06-13",2,"2026-06-27","Pediatrics","quantile","0.7",525
"INFLAenza","2026-06-13",2,"2026-06-27","Pediatrics","quantile","0.75",555
"INFLAenza","2026-06-13",2,"2026-06-27","Pediatrics","quantile","0.8",593
"INFLAenza","2026-06-13",2,"2026-06-27","Pediatrics","quantile","0.85",638
"INFLAenza","2026-06-13",2,"2026-06-27","Pediatrics","quantile","0.9",704
"INFLAenza","2026-06-13",2,"2026-06-27","Pediatrics","quantile","0.95",814
"INFLAenza","2026-06-13",2,"2026-06-27","Pediatrics","quantile","0.975",913
"INFLAenza","2026-06-13",2,"2026-06-27","Pediatrics","quantile","0.99",1066
"INFLAenza","2026-06-13",3,"2026-07-04","Adults","quantile","0.01",104
"INFLAenza","2026-06-13",3,"2026-07-04","Adults","quantile","0.025",122
"INFLAenza","2026-06-13",3,"2026-07-04","Adults","quantile","0.05",139
"INFLAenza","2026-06-13",3,"2026-07-04","Adults","quantile","0.1",163
"INFLAenza","2026-06-13",3,"2026-07-04","Adults","quantile","0.15",180
"INFLAenza","2026-06-13",3,"2026-07-04","Adults","quantile","0.2",194
"INFLAenza","2026-06-13",3,"2026-07-04","Adults","quantile","0.25",209
"INFLAenza","2026-06-13",3,"2026-07-04","Adults","quantile","0.3",222
"INFLAenza","2026-06-13",3,"2026-07-04","Adults","quantile","0.35",235
"INFLAenza","2026-06-13",3,"2026-07-04","Adults","quantile","0.4",248
"INFLAenza","2026-06-13",3,"2026-07-04","Adults","quantile","0.45",263
"INFLAenza","2026-06-13",3,"2026-07-04","Adults","quantile","0.5",277
"INFLAenza","2026-06-13",3,"2026-07-04","Adults","quantile","0.55",291
"INFLAenza","2026-06-13",3,"2026-07-04","Adults","quantile","0.6",309
"INFLAenza","2026-06-13",3,"2026-07-04","Adults","quantile","0.65",326
"INFLAenza","2026-06-13",3,"2026-07-04","Adults","quantile","0.7",346
"INFLAenza","2026-06-13",3,"2026-07-04","Adults","quantile","0.75",370
"INFLAenza","2026-06-13",3,"2026-07-04","Adults","quantile","0.8",397
"INFLAenza","2026-06-13",3,"2026-07-04","Adults","quantile","0.85",427
"INFLAenza","2026-06-13",3,"2026-07-04","Adults","quantile","0.9",468
"INFLAenza","2026-06-13",3,"2026-07-04","Adults","quantile","0.95",538
"INFLAenza","2026-06-13",3,"2026-07-04","Adults","quantile","0.975",612
"INFLAenza","2026-06-13",3,"2026-07-04","Adults","quantile","0.99",737
"INFLAenza","2026-06-13",3,"2026-07-04","Overall","quantile","0.01",317
"INFLAenza","2026-06-13",3,"2026-07-04","Overall","quantile","0.025",358
"INFLAenza","2026-06-13",3,"2026-07-04","Overall","quantile","0.05",401
"INFLAenza","2026-06-13",3,"2026-07-04","Overall","quantile","0.1",453
"INFLAenza","2026-06-13",3,"2026-07-04","Overall","quantile","0.15",495
"INFLAenza","2026-06-13",3,"2026-07-04","Overall","quantile","0.2",533
"INFLAenza","2026-06-13",3,"2026-07-04","Overall","quantile","0.25",565
"INFLAenza","2026-06-13",3,"2026-07-04","Overall","quantile","0.3",595
"INFLAenza","2026-06-13",3,"2026-07-04","Overall","quantile","0.35",627
"INFLAenza","2026-06-13",3,"2026-07-04","Overall","quantile","0.4",655
"INFLAenza","2026-06-13",3,"2026-07-04","Overall","quantile","0.45",684
"INFLAenza","2026-06-13",3,"2026-07-04","Overall","quantile","0.5",712
"INFLAenza","2026-06-13",3,"2026-07-04","Overall","quantile","0.55",745
"INFLAenza","2026-06-13",3,"2026-07-04","Overall","quantile","0.6",782
"INFLAenza","2026-06-13",3,"2026-07-04","Overall","quantile","0.65",815
"INFLAenza","2026-06-13",3,"2026-07-04","Overall","quantile","0.7",852
"INFLAenza","2026-06-13",3,"2026-07-04","Overall","quantile","0.75",896
"INFLAenza","2026-06-13",3,"2026-07-04","Overall","quantile","0.8",952
"INFLAenza","2026-06-13",3,"2026-07-04","Overall","quantile","0.85",1013
"INFLAenza","2026-06-13",3,"2026-07-04","Overall","quantile","0.9",1099
"INFLAenza","2026-06-13",3,"2026-07-04","Overall","quantile","0.95",1253
"INFLAenza","2026-06-13",3,"2026-07-04","Overall","quantile","0.975",1403
"INFLAenza","2026-06-13",3,"2026-07-04","Overall","quantile","0.99",1580
"INFLAenza","2026-06-13",3,"2026-07-04","Pediatrics","quantile","0.01",158
"INFLAenza","2026-06-13",3,"2026-07-04","Pediatrics","quantile","0.025",184
"INFLAenza","2026-06-13",3,"2026-07-04","Pediatrics","quantile","0.05",210
"INFLAenza","2026-06-13",3,"2026-07-04","Pediatrics","quantile","0.1",245
"INFLAenza","2026-06-13",3,"2026-07-04","Pediatrics","quantile","0.15",272
"INFLAenza","2026-06-13",3,"2026-07-04","Pediatrics","quantile","0.2",293
"INFLAenza","2026-06-13",3,"2026-07-04","Pediatrics","quantile","0.25",313
"INFLAenza","2026-06-13",3,"2026-07-04","Pediatrics","quantile","0.3",337
"INFLAenza","2026-06-13",3,"2026-07-04","Pediatrics","quantile","0.35",357
"INFLAenza","2026-06-13",3,"2026-07-04","Pediatrics","quantile","0.4",377
"INFLAenza","2026-06-13",3,"2026-07-04","Pediatrics","quantile","0.45",398
"INFLAenza","2026-06-13",3,"2026-07-04","Pediatrics","quantile","0.5",419
"INFLAenza","2026-06-13",3,"2026-07-04","Pediatrics","quantile","0.55",441
"INFLAenza","2026-06-13",3,"2026-07-04","Pediatrics","quantile","0.6",463
"INFLAenza","2026-06-13",3,"2026-07-04","Pediatrics","quantile","0.65",488
"INFLAenza","2026-06-13",3,"2026-07-04","Pediatrics","quantile","0.7",520
"INFLAenza","2026-06-13",3,"2026-07-04","Pediatrics","quantile","0.75",551
"INFLAenza","2026-06-13",3,"2026-07-04","Pediatrics","quantile","0.8",588
"INFLAenza","2026-06-13",3,"2026-07-04","Pediatrics","quantile","0.85",636
"INFLAenza","2026-06-13",3,"2026-07-04","Pediatrics","quantile","0.9",701
"INFLAenza","2026-06-13",3,"2026-07-04","Pediatrics","quantile","0.95",826
"INFLAenza","2026-06-13",3,"2026-07-04","Pediatrics","quantile","0.975",931
"INFLAenza","2026-06-13",3,"2026-07-04","Pediatrics","quantile","0.99",1073
"Copycat","2026-06-13",-5,"2026-05-09","Adults","quantile","0.01",87
"Copycat","2026-06-13",-5,"2026-05-09","Adults","quantile","0.025",93
"Copycat","2026-06-13",-5,"2026-05-09","Adults","quantile","0.05",97
"Copycat","2026-06-13",-5,"2026-05-09","Adults","quantile","0.1",101
"Copycat","2026-06-13",-5,"2026-05-09","Adults","quantile","0.15",104
"Copycat","2026-06-13",-5,"2026-05-09","Adults","quantile","0.2",107
"Copycat","2026-06-13",-5,"2026-05-09","Adults","quantile","0.25",109
"Copycat","2026-06-13",-5,"2026-05-09","Adults","quantile","0.3",112
"Copycat","2026-06-13",-5,"2026-05-09","Adults","quantile","0.35",114
"Copycat","2026-06-13",-5,"2026-05-09","Adults","quantile","0.4",116
"Copycat","2026-06-13",-5,"2026-05-09","Adults","quantile","0.45",117
"Copycat","2026-06-13",-5,"2026-05-09","Adults","quantile","0.5",119
"Copycat","2026-06-13",-5,"2026-05-09","Adults","quantile","0.55",121
"Copycat","2026-06-13",-5,"2026-05-09","Adults","quantile","0.6",124
"Copycat","2026-06-13",-5,"2026-05-09","Adults","quantile","0.65",125
"Copycat","2026-06-13",-5,"2026-05-09","Adults","quantile","0.7",127
"Copycat","2026-06-13",-5,"2026-05-09","Adults","quantile","0.75",130
"Copycat","2026-06-13",-5,"2026-05-09","Adults","quantile","0.8",132
"Copycat","2026-06-13",-5,"2026-05-09","Adults","quantile","0.85",136
"Copycat","2026-06-13",-5,"2026-05-09","Adults","quantile","0.9",139
"Copycat","2026-06-13",-5,"2026-05-09","Adults","quantile","0.95",145
"Copycat","2026-06-13",-5,"2026-05-09","Adults","quantile","0.975",148
"Copycat","2026-06-13",-5,"2026-05-09","Adults","quantile","0.99",154
"Copycat","2026-06-13",-4,"2026-05-16","Adults","quantile","0.01",92
"Copycat","2026-06-13",-4,"2026-05-16","Adults","quantile","0.025",97
"Copycat","2026-06-13",-4,"2026-05-16","Adults","quantile","0.05",102
"Copycat","2026-06-13",-4,"2026-05-16","Adults","quantile","0.1",109
"Copycat","2026-06-13",-4,"2026-05-16","Adults","quantile","0.15",113
"Copycat","2026-06-13",-4,"2026-05-16","Adults","quantile","0.2",117
"Copycat","2026-06-13",-4,"2026-05-16","Adults","quantile","0.25",120
"Copycat","2026-06-13",-4,"2026-05-16","Adults","quantile","0.3",123
"Copycat","2026-06-13",-4,"2026-05-16","Adults","quantile","0.35",126
"Copycat","2026-06-13",-4,"2026-05-16","Adults","quantile","0.4",129
"Copycat","2026-06-13",-4,"2026-05-16","Adults","quantile","0.45",132
"Copycat","2026-06-13",-4,"2026-05-16","Adults","quantile","0.5",134
"Copycat","2026-06-13",-4,"2026-05-16","Adults","quantile","0.55",137
"Copycat","2026-06-13",-4,"2026-05-16","Adults","quantile","0.6",141
"Copycat","2026-06-13",-4,"2026-05-16","Adults","quantile","0.65",144
"Copycat","2026-06-13",-4,"2026-05-16","Adults","quantile","0.7",148
"Copycat","2026-06-13",-4,"2026-05-16","Adults","quantile","0.75",151
"Copycat","2026-06-13",-4,"2026-05-16","Adults","quantile","0.8",155
"Copycat","2026-06-13",-4,"2026-05-16","Adults","quantile","0.85",160
"Copycat","2026-06-13",-4,"2026-05-16","Adults","quantile","0.9",167
"Copycat","2026-06-13",-4,"2026-05-16","Adults","quantile","0.95",177
"Copycat","2026-06-13",-4,"2026-05-16","Adults","quantile","0.975",193
"Copycat","2026-06-13",-4,"2026-05-16","Adults","quantile","0.99",201
"Copycat","2026-06-13",-3,"2026-05-23","Adults","quantile","0.01",93
"Copycat","2026-06-13",-3,"2026-05-23","Adults","quantile","0.025",100
"Copycat","2026-06-13",-3,"2026-05-23","Adults","quantile","0.05",108
"Copycat","2026-06-13",-3,"2026-05-23","Adults","quantile","0.1",117
"Copycat","2026-06-13",-3,"2026-05-23","Adults","quantile","0.15",122
"Copycat","2026-06-13",-3,"2026-05-23","Adults","quantile","0.2",128
"Copycat","2026-06-13",-3,"2026-05-23","Adults","quantile","0.25",132
"Copycat","2026-06-13",-3,"2026-05-23","Adults","quantile","0.3",136
"Copycat","2026-06-13",-3,"2026-05-23","Adults","quantile","0.35",141
"Copycat","2026-06-13",-3,"2026-05-23","Adults","quantile","0.4",144
"Copycat","2026-06-13",-3,"2026-05-23","Adults","quantile","0.45",149
"Copycat","2026-06-13",-3,"2026-05-23","Adults","quantile","0.5",152
"Copycat","2026-06-13",-3,"2026-05-23","Adults","quantile","0.55",157
"Copycat","2026-06-13",-3,"2026-05-23","Adults","quantile","0.6",161
"Copycat","2026-06-13",-3,"2026-05-23","Adults","quantile","0.65",165
"Copycat","2026-06-13",-3,"2026-05-23","Adults","quantile","0.7",171
"Copycat","2026-06-13",-3,"2026-05-23","Adults","quantile","0.75",176
"Copycat","2026-06-13",-3,"2026-05-23","Adults","quantile","0.8",183
"Copycat","2026-06-13",-3,"2026-05-23","Adults","quantile","0.85",192
"Copycat","2026-06-13",-3,"2026-05-23","Adults","quantile","0.9",201
"Copycat","2026-06-13",-3,"2026-05-23","Adults","quantile","0.95",219
"Copycat","2026-06-13",-3,"2026-05-23","Adults","quantile","0.975",234
"Copycat","2026-06-13",-3,"2026-05-23","Adults","quantile","0.99",245
"Copycat","2026-06-13",-2,"2026-05-30","Adults","quantile","0.01",100
"Copycat","2026-06-13",-2,"2026-05-30","Adults","quantile","0.025",108
"Copycat","2026-06-13",-2,"2026-05-30","Adults","quantile","0.05",114
"Copycat","2026-06-13",-2,"2026-05-30","Adults","quantile","0.1",125
"Copycat","2026-06-13",-2,"2026-05-30","Adults","quantile","0.15",131
"Copycat","2026-06-13",-2,"2026-05-30","Adults","quantile","0.2",136
"Copycat","2026-06-13",-2,"2026-05-30","Adults","quantile","0.25",142
"Copycat","2026-06-13",-2,"2026-05-30","Adults","quantile","0.3",148
"Copycat","2026-06-13",-2,"2026-05-30","Adults","quantile","0.35",153
"Copycat","2026-06-13",-2,"2026-05-30","Adults","quantile","0.4",159
"Copycat","2026-06-13",-2,"2026-05-30","Adults","quantile","0.45",164
"Copycat","2026-06-13",-2,"2026-05-30","Adults","quantile","0.5",170
"Copycat","2026-06-13",-2,"2026-05-30","Adults","quantile","0.55",176
"Copycat","2026-06-13",-2,"2026-05-30","Adults","quantile","0.6",182
"Copycat","2026-06-13",-2,"2026-05-30","Adults","quantile","0.65",190
"Copycat","2026-06-13",-2,"2026-05-30","Adults","quantile","0.7",197
"Copycat","2026-06-13",-2,"2026-05-30","Adults","quantile","0.75",206
"Copycat","2026-06-13",-2,"2026-05-30","Adults","quantile","0.8",217
"Copycat","2026-06-13",-2,"2026-05-30","Adults","quantile","0.85",229
"Copycat","2026-06-13",-2,"2026-05-30","Adults","quantile","0.9",245
"Copycat","2026-06-13",-2,"2026-05-30","Adults","quantile","0.95",267
"Copycat","2026-06-13",-2,"2026-05-30","Adults","quantile","0.975",279
"Copycat","2026-06-13",-2,"2026-05-30","Adults","quantile","0.99",297
"Copycat","2026-06-13",-1,"2026-06-06","Adults","quantile","0.01",100
"Copycat","2026-06-13",-1,"2026-06-06","Adults","quantile","0.025",108
"Copycat","2026-06-13",-1,"2026-06-06","Adults","quantile","0.05",120
"Copycat","2026-06-13",-1,"2026-06-06","Adults","quantile","0.1",132
"Copycat","2026-06-13",-1,"2026-06-06","Adults","quantile","0.15",141
"Copycat","2026-06-13",-1,"2026-06-06","Adults","quantile","0.2",148
"Copycat","2026-06-13",-1,"2026-06-06","Adults","quantile","0.25",155
"Copycat","2026-06-13",-1,"2026-06-06","Adults","quantile","0.3",162
"Copycat","2026-06-13",-1,"2026-06-06","Adults","quantile","0.35",168
"Copycat","2026-06-13",-1,"2026-06-06","Adults","quantile","0.4",174
"Copycat","2026-06-13",-1,"2026-06-06","Adults","quantile","0.45",178
"Copycat","2026-06-13",-1,"2026-06-06","Adults","quantile","0.5",186
"Copycat","2026-06-13",-1,"2026-06-06","Adults","quantile","0.55",191
"Copycat","2026-06-13",-1,"2026-06-06","Adults","quantile","0.6",200
"Copycat","2026-06-13",-1,"2026-06-06","Adults","quantile","0.65",211
"Copycat","2026-06-13",-1,"2026-06-06","Adults","quantile","0.7",222
"Copycat","2026-06-13",-1,"2026-06-06","Adults","quantile","0.75",234
"Copycat","2026-06-13",-1,"2026-06-06","Adults","quantile","0.8",248
"Copycat","2026-06-13",-1,"2026-06-06","Adults","quantile","0.85",265
"Copycat","2026-06-13",-1,"2026-06-06","Adults","quantile","0.9",292
"Copycat","2026-06-13",-1,"2026-06-06","Adults","quantile","0.95",317
"Copycat","2026-06-13",-1,"2026-06-06","Adults","quantile","0.975",341
"Copycat","2026-06-13",-1,"2026-06-06","Adults","quantile","0.99",367
"Copycat","2026-06-13",0,"2026-06-13","Adults","quantile","0.01",96
"Copycat","2026-06-13",0,"2026-06-13","Adults","quantile","0.025",106
"Copycat","2026-06-13",0,"2026-06-13","Adults","quantile","0.05",118
"Copycat","2026-06-13",0,"2026-06-13","Adults","quantile","0.1",135
"Copycat","2026-06-13",0,"2026-06-13","Adults","quantile","0.15",144
"Copycat","2026-06-13",0,"2026-06-13","Adults","quantile","0.2",154
"Copycat","2026-06-13",0,"2026-06-13","Adults","quantile","0.25",162
"Copycat","2026-06-13",0,"2026-06-13","Adults","quantile","0.3",171
"Copycat","2026-06-13",0,"2026-06-13","Adults","quantile","0.35",178
"Copycat","2026-06-13",0,"2026-06-13","Adults","quantile","0.4",185
"Copycat","2026-06-13",0,"2026-06-13","Adults","quantile","0.45",193
"Copycat","2026-06-13",0,"2026-06-13","Adults","quantile","0.5",202
"Copycat","2026-06-13",0,"2026-06-13","Adults","quantile","0.55",209
"Copycat","2026-06-13",0,"2026-06-13","Adults","quantile","0.6",220
"Copycat","2026-06-13",0,"2026-06-13","Adults","quantile","0.65",232
"Copycat","2026-06-13",0,"2026-06-13","Adults","quantile","0.7",245
"Copycat","2026-06-13",0,"2026-06-13","Adults","quantile","0.75",258
"Copycat","2026-06-13",0,"2026-06-13","Adults","quantile","0.8",278
"Copycat","2026-06-13",0,"2026-06-13","Adults","quantile","0.85",299
"Copycat","2026-06-13",0,"2026-06-13","Adults","quantile","0.9",333
"Copycat","2026-06-13",0,"2026-06-13","Adults","quantile","0.95",374
"Copycat","2026-06-13",0,"2026-06-13","Adults","quantile","0.975",418
"Copycat","2026-06-13",0,"2026-06-13","Adults","quantile","0.99",447
"Copycat","2026-06-13",1,"2026-06-20","Adults","quantile","0.01",90
"Copycat","2026-06-13",1,"2026-06-20","Adults","quantile","0.025",102
"Copycat","2026-06-13",1,"2026-06-20","Adults","quantile","0.05",117
"Copycat","2026-06-13",1,"2026-06-20","Adults","quantile","0.1",134
"Copycat","2026-06-13",1,"2026-06-20","Adults","quantile","0.15",144
"Copycat","2026-06-13",1,"2026-06-20","Adults","quantile","0.2",155
"Copycat","2026-06-13",1,"2026-06-20","Adults","quantile","0.25",163
"Copycat","2026-06-13",1,"2026-06-20","Adults","quantile","0.3",172
"Copycat","2026-06-13",1,"2026-06-20","Adults","quantile","0.35",181
"Copycat","2026-06-13",1,"2026-06-20","Adults","quantile","0.4",192
"Copycat","2026-06-13",1,"2026-06-20","Adults","quantile","0.45",201
"Copycat","2026-06-13",1,"2026-06-20","Adults","quantile","0.5",214
"Copycat","2026-06-13",1,"2026-06-20","Adults","quantile","0.55",224
"Copycat","2026-06-13",1,"2026-06-20","Adults","quantile","0.6",235
"Copycat","2026-06-13",1,"2026-06-20","Adults","quantile","0.65",246
"Copycat","2026-06-13",1,"2026-06-20","Adults","quantile","0.7",260
"Copycat","2026-06-13",1,"2026-06-20","Adults","quantile","0.75",276
"Copycat","2026-06-13",1,"2026-06-20","Adults","quantile","0.8",296
"Copycat","2026-06-13",1,"2026-06-20","Adults","quantile","0.85",322
"Copycat","2026-06-13",1,"2026-06-20","Adults","quantile","0.9",358
"Copycat","2026-06-13",1,"2026-06-20","Adults","quantile","0.95",418
"Copycat","2026-06-13",1,"2026-06-20","Adults","quantile","0.975",452
"Copycat","2026-06-13",1,"2026-06-20","Adults","quantile","0.99",513
"Copycat","2026-06-13",2,"2026-06-27","Adults","quantile","0.01",77
"Copycat","2026-06-13",2,"2026-06-27","Adults","quantile","0.025",95
"Copycat","2026-06-13",2,"2026-06-27","Adults","quantile","0.05",109
"Copycat","2026-06-13",2,"2026-06-27","Adults","quantile","0.1",125
"Copycat","2026-06-13",2,"2026-06-27","Adults","quantile","0.15",141
"Copycat","2026-06-13",2,"2026-06-27","Adults","quantile","0.2",152
"Copycat","2026-06-13",2,"2026-06-27","Adults","quantile","0.25",162
"Copycat","2026-06-13",2,"2026-06-27","Adults","quantile","0.3",170
"Copycat","2026-06-13",2,"2026-06-27","Adults","quantile","0.35",181
"Copycat","2026-06-13",2,"2026-06-27","Adults","quantile","0.4",192
"Copycat","2026-06-13",2,"2026-06-27","Adults","quantile","0.45",203
"Copycat","2026-06-13",2,"2026-06-27","Adults","quantile","0.5",217
"Copycat","2026-06-13",2,"2026-06-27","Adults","quantile","0.55",230
"Copycat","2026-06-13",2,"2026-06-27","Adults","quantile","0.6",245
"Copycat","2026-06-13",2,"2026-06-27","Adults","quantile","0.65",258
"Copycat","2026-06-13",2,"2026-06-27","Adults","quantile","0.7",271
"Copycat","2026-06-13",2,"2026-06-27","Adults","quantile","0.75",290
"Copycat","2026-06-13",2,"2026-06-27","Adults","quantile","0.8",313
"Copycat","2026-06-13",2,"2026-06-27","Adults","quantile","0.85",343
"Copycat","2026-06-13",2,"2026-06-27","Adults","quantile","0.9",386
"Copycat","2026-06-13",2,"2026-06-27","Adults","quantile","0.95",452
"Copycat","2026-06-13",2,"2026-06-27","Adults","quantile","0.975",507
"Copycat","2026-06-13",2,"2026-06-27","Adults","quantile","0.99",570
"Copycat","2026-06-13",3,"2026-07-04","Adults","quantile","0.01",66
"Copycat","2026-06-13",3,"2026-07-04","Adults","quantile","0.025",88
"Copycat","2026-06-13",3,"2026-07-04","Adults","quantile","0.05",103
"Copycat","2026-06-13",3,"2026-07-04","Adults","quantile","0.1",119
"Copycat","2026-06-13",3,"2026-07-04","Adults","quantile","0.15",131
"Copycat","2026-06-13",3,"2026-07-04","Adults","quantile","0.2",143
"Copycat","2026-06-13",3,"2026-07-04","Adults","quantile","0.25",154
"Copycat","2026-06-13",3,"2026-07-04","Adults","quantile","0.3",164
"Copycat","2026-06-13",3,"2026-07-04","Adults","quantile","0.35",176
"Copycat","2026-06-13",3,"2026-07-04","Adults","quantile","0.4",186
"Copycat","2026-06-13",3,"2026-07-04","Adults","quantile","0.45",199
"Copycat","2026-06-13",3,"2026-07-04","Adults","quantile","0.5",215
"Copycat","2026-06-13",3,"2026-07-04","Adults","quantile","0.55",230
"Copycat","2026-06-13",3,"2026-07-04","Adults","quantile","0.6",242
"Copycat","2026-06-13",3,"2026-07-04","Adults","quantile","0.65",254
"Copycat","2026-06-13",3,"2026-07-04","Adults","quantile","0.7",274
"Copycat","2026-06-13",3,"2026-07-04","Adults","quantile","0.75",294
"Copycat","2026-06-13",3,"2026-07-04","Adults","quantile","0.8",316
"Copycat","2026-06-13",3,"2026-07-04","Adults","quantile","0.85",346
"Copycat","2026-06-13",3,"2026-07-04","Adults","quantile","0.9",397
"Copycat","2026-06-13",3,"2026-07-04","Adults","quantile","0.95",467
"Copycat","2026-06-13",3,"2026-07-04","Adults","quantile","0.975",530
"Copycat","2026-06-13",3,"2026-07-04","Adults","quantile","0.99",625
"Copycat","2026-06-13",-5,"2026-05-09","Overall","quantile","0.01",258
"Copycat","2026-06-13",-5,"2026-05-09","Overall","quantile","0.025",271
"Copycat","2026-06-13",-5,"2026-05-09","Overall","quantile","0.05",279
"Copycat","2026-06-13",-5,"2026-05-09","Overall","quantile","0.1",288
"Copycat","2026-06-13",-5,"2026-05-09","Overall","quantile","0.15",296
"Copycat","2026-06-13",-5,"2026-05-09","Overall","quantile","0.2",302
"Copycat","2026-06-13",-5,"2026-05-09","Overall","quantile","0.25",308
"Copycat","2026-06-13",-5,"2026-05-09","Overall","quantile","0.3",313
"Copycat","2026-06-13",-5,"2026-05-09","Overall","quantile","0.35",316
"Copycat","2026-06-13",-5,"2026-05-09","Overall","quantile","0.4",321
"Copycat","2026-06-13",-5,"2026-05-09","Overall","quantile","0.45",324
"Copycat","2026-06-13",-5,"2026-05-09","Overall","quantile","0.5",329
"Copycat","2026-06-13",-5,"2026-05-09","Overall","quantile","0.55",332
"Copycat","2026-06-13",-5,"2026-05-09","Overall","quantile","0.6",336
"Copycat","2026-06-13",-5,"2026-05-09","Overall","quantile","0.65",341
"Copycat","2026-06-13",-5,"2026-05-09","Overall","quantile","0.7",344
"Copycat","2026-06-13",-5,"2026-05-09","Overall","quantile","0.75",350
"Copycat","2026-06-13",-5,"2026-05-09","Overall","quantile","0.8",354
"Copycat","2026-06-13",-5,"2026-05-09","Overall","quantile","0.85",363
"Copycat","2026-06-13",-5,"2026-05-09","Overall","quantile","0.9",373
"Copycat","2026-06-13",-5,"2026-05-09","Overall","quantile","0.95",385
"Copycat","2026-06-13",-5,"2026-05-09","Overall","quantile","0.975",400
"Copycat","2026-06-13",-5,"2026-05-09","Overall","quantile","0.99",420
"Copycat","2026-06-13",-4,"2026-05-16","Overall","quantile","0.01",263
"Copycat","2026-06-13",-4,"2026-05-16","Overall","quantile","0.025",284
"Copycat","2026-06-13",-4,"2026-05-16","Overall","quantile","0.05",295
"Copycat","2026-06-13",-4,"2026-05-16","Overall","quantile","0.1",311
"Copycat","2026-06-13",-4,"2026-05-16","Overall","quantile","0.15",322
"Copycat","2026-06-13",-4,"2026-05-16","Overall","quantile","0.2",329
"Copycat","2026-06-13",-4,"2026-05-16","Overall","quantile","0.25",337
"Copycat","2026-06-13",-4,"2026-05-16","Overall","quantile","0.3",344
"Copycat","2026-06-13",-4,"2026-05-16","Overall","quantile","0.35",350
"Copycat","2026-06-13",-4,"2026-05-16","Overall","quantile","0.4",357
"Copycat","2026-06-13",-4,"2026-05-16","Overall","quantile","0.45",364
"Copycat","2026-06-13",-4,"2026-05-16","Overall","quantile","0.5",372
"Copycat","2026-06-13",-4,"2026-05-16","Overall","quantile","0.55",379
"Copycat","2026-06-13",-4,"2026-05-16","Overall","quantile","0.6",385
"Copycat","2026-06-13",-4,"2026-05-16","Overall","quantile","0.65",391
"Copycat","2026-06-13",-4,"2026-05-16","Overall","quantile","0.7",399
"Copycat","2026-06-13",-4,"2026-05-16","Overall","quantile","0.75",408
"Copycat","2026-06-13",-4,"2026-05-16","Overall","quantile","0.8",418
"Copycat","2026-06-13",-4,"2026-05-16","Overall","quantile","0.85",429
"Copycat","2026-06-13",-4,"2026-05-16","Overall","quantile","0.9",449
"Copycat","2026-06-13",-4,"2026-05-16","Overall","quantile","0.95",479
"Copycat","2026-06-13",-4,"2026-05-16","Overall","quantile","0.975",498
"Copycat","2026-06-13",-4,"2026-05-16","Overall","quantile","0.99",529
"Copycat","2026-06-13",-3,"2026-05-23","Overall","quantile","0.01",284
"Copycat","2026-06-13",-3,"2026-05-23","Overall","quantile","0.025",305
"Copycat","2026-06-13",-3,"2026-05-23","Overall","quantile","0.05",315
"Copycat","2026-06-13",-3,"2026-05-23","Overall","quantile","0.1",336
"Copycat","2026-06-13",-3,"2026-05-23","Overall","quantile","0.15",347
"Copycat","2026-06-13",-3,"2026-05-23","Overall","quantile","0.2",359
"Copycat","2026-06-13",-3,"2026-05-23","Overall","quantile","0.25",371
"Copycat","2026-06-13",-3,"2026-05-23","Overall","quantile","0.3",382
"Copycat","2026-06-13",-3,"2026-05-23","Overall","quantile","0.35",389
"Copycat","2026-06-13",-3,"2026-05-23","Overall","quantile","0.4",399
"Copycat","2026-06-13",-3,"2026-05-23","Overall","quantile","0.45",407
"Copycat","2026-06-13",-3,"2026-05-23","Overall","quantile","0.5",416
"Copycat","2026-06-13",-3,"2026-05-23","Overall","quantile","0.55",426
"Copycat","2026-06-13",-3,"2026-05-23","Overall","quantile","0.6",435
"Copycat","2026-06-13",-3,"2026-05-23","Overall","quantile","0.65",446
"Copycat","2026-06-13",-3,"2026-05-23","Overall","quantile","0.7",459
"Copycat","2026-06-13",-3,"2026-05-23","Overall","quantile","0.75",469
"Copycat","2026-06-13",-3,"2026-05-23","Overall","quantile","0.8",486
"Copycat","2026-06-13",-3,"2026-05-23","Overall","quantile","0.85",508
"Copycat","2026-06-13",-3,"2026-05-23","Overall","quantile","0.9",539
"Copycat","2026-06-13",-3,"2026-05-23","Overall","quantile","0.95",581
"Copycat","2026-06-13",-3,"2026-05-23","Overall","quantile","0.975",625
"Copycat","2026-06-13",-3,"2026-05-23","Overall","quantile","0.99",698
"Copycat","2026-06-13",-2,"2026-05-30","Overall","quantile","0.01",291
"Copycat","2026-06-13",-2,"2026-05-30","Overall","quantile","0.025",312
"Copycat","2026-06-13",-2,"2026-05-30","Overall","quantile","0.05",337
"Copycat","2026-06-13",-2,"2026-05-30","Overall","quantile","0.1",359
"Copycat","2026-06-13",-2,"2026-05-30","Overall","quantile","0.15",376
"Copycat","2026-06-13",-2,"2026-05-30","Overall","quantile","0.2",389
"Copycat","2026-06-13",-2,"2026-05-30","Overall","quantile","0.25",402
"Copycat","2026-06-13",-2,"2026-05-30","Overall","quantile","0.3",416
"Copycat","2026-06-13",-2,"2026-05-30","Overall","quantile","0.35",429
"Copycat","2026-06-13",-2,"2026-05-30","Overall","quantile","0.4",441
"Copycat","2026-06-13",-2,"2026-05-30","Overall","quantile","0.45",455
"Copycat","2026-06-13",-2,"2026-05-30","Overall","quantile","0.5",471
"Copycat","2026-06-13",-2,"2026-05-30","Overall","quantile","0.55",485
"Copycat","2026-06-13",-2,"2026-05-30","Overall","quantile","0.6",499
"Copycat","2026-06-13",-2,"2026-05-30","Overall","quantile","0.65",513
"Copycat","2026-06-13",-2,"2026-05-30","Overall","quantile","0.7",531
"Copycat","2026-06-13",-2,"2026-05-30","Overall","quantile","0.75",552
"Copycat","2026-06-13",-2,"2026-05-30","Overall","quantile","0.8",571
"Copycat","2026-06-13",-2,"2026-05-30","Overall","quantile","0.85",597
"Copycat","2026-06-13",-2,"2026-05-30","Overall","quantile","0.9",642
"Copycat","2026-06-13",-2,"2026-05-30","Overall","quantile","0.95",722
"Copycat","2026-06-13",-2,"2026-05-30","Overall","quantile","0.975",752
"Copycat","2026-06-13",-2,"2026-05-30","Overall","quantile","0.99",840
"Copycat","2026-06-13",-1,"2026-06-06","Overall","quantile","0.01",287
"Copycat","2026-06-13",-1,"2026-06-06","Overall","quantile","0.025",314
"Copycat","2026-06-13",-1,"2026-06-06","Overall","quantile","0.05",333
"Copycat","2026-06-13",-1,"2026-06-06","Overall","quantile","0.1",371
"Copycat","2026-06-13",-1,"2026-06-06","Overall","quantile","0.15",391
"Copycat","2026-06-13",-1,"2026-06-06","Overall","quantile","0.2",410
"Copycat","2026-06-13",-1,"2026-06-06","Overall","quantile","0.25",429
"Copycat","2026-06-13",-1,"2026-06-06","Overall","quantile","0.3",447
"Copycat","2026-06-13",-1,"2026-06-06","Overall","quantile","0.35",461
"Copycat","2026-06-13",-1,"2026-06-06","Overall","quantile","0.4",479
"Copycat","2026-06-13",-1,"2026-06-06","Overall","quantile","0.45",498
"Copycat","2026-06-13",-1,"2026-06-06","Overall","quantile","0.5",513
"Copycat","2026-06-13",-1,"2026-06-06","Overall","quantile","0.55",530
"Copycat","2026-06-13",-1,"2026-06-06","Overall","quantile","0.6",553
"Copycat","2026-06-13",-1,"2026-06-06","Overall","quantile","0.65",571
"Copycat","2026-06-13",-1,"2026-06-06","Overall","quantile","0.7",588
"Copycat","2026-06-13",-1,"2026-06-06","Overall","quantile","0.75",619
"Copycat","2026-06-13",-1,"2026-06-06","Overall","quantile","0.8",656
"Copycat","2026-06-13",-1,"2026-06-06","Overall","quantile","0.85",700
"Copycat","2026-06-13",-1,"2026-06-06","Overall","quantile","0.9",746
"Copycat","2026-06-13",-1,"2026-06-06","Overall","quantile","0.95",843
"Copycat","2026-06-13",-1,"2026-06-06","Overall","quantile","0.975",925
"Copycat","2026-06-13",-1,"2026-06-06","Overall","quantile","0.99",991
"Copycat","2026-06-13",0,"2026-06-13","Overall","quantile","0.01",286
"Copycat","2026-06-13",0,"2026-06-13","Overall","quantile","0.025",313
"Copycat","2026-06-13",0,"2026-06-13","Overall","quantile","0.05",336
"Copycat","2026-06-13",0,"2026-06-13","Overall","quantile","0.1",371
"Copycat","2026-06-13",0,"2026-06-13","Overall","quantile","0.15",400
"Copycat","2026-06-13",0,"2026-06-13","Overall","quantile","0.2",423
"Copycat","2026-06-13",0,"2026-06-13","Overall","quantile","0.25",441
"Copycat","2026-06-13",0,"2026-06-13","Overall","quantile","0.3",467
"Copycat","2026-06-13",0,"2026-06-13","Overall","quantile","0.35",486
"Copycat","2026-06-13",0,"2026-06-13","Overall","quantile","0.4",510
"Copycat","2026-06-13",0,"2026-06-13","Overall","quantile","0.45",532
"Copycat","2026-06-13",0,"2026-06-13","Overall","quantile","0.5",553
"Copycat","2026-06-13",0,"2026-06-13","Overall","quantile","0.55",570
"Copycat","2026-06-13",0,"2026-06-13","Overall","quantile","0.6",595
"Copycat","2026-06-13",0,"2026-06-13","Overall","quantile","0.65",628
"Copycat","2026-06-13",0,"2026-06-13","Overall","quantile","0.7",656
"Copycat","2026-06-13",0,"2026-06-13","Overall","quantile","0.75",693
"Copycat","2026-06-13",0,"2026-06-13","Overall","quantile","0.8",731
"Copycat","2026-06-13",0,"2026-06-13","Overall","quantile","0.85",785
"Copycat","2026-06-13",0,"2026-06-13","Overall","quantile","0.9",869
"Copycat","2026-06-13",0,"2026-06-13","Overall","quantile","0.95",973
"Copycat","2026-06-13",0,"2026-06-13","Overall","quantile","0.975",1033
"Copycat","2026-06-13",0,"2026-06-13","Overall","quantile","0.99",1139
"Copycat","2026-06-13",1,"2026-06-20","Overall","quantile","0.01",257
"Copycat","2026-06-13",1,"2026-06-20","Overall","quantile","0.025",291
"Copycat","2026-06-13",1,"2026-06-20","Overall","quantile","0.05",318
"Copycat","2026-06-13",1,"2026-06-20","Overall","quantile","0.1",362
"Copycat","2026-06-13",1,"2026-06-20","Overall","quantile","0.15",395
"Copycat","2026-06-13",1,"2026-06-20","Overall","quantile","0.2",419
"Copycat","2026-06-13",1,"2026-06-20","Overall","quantile","0.25",445
"Copycat","2026-06-13",1,"2026-06-20","Overall","quantile","0.3",473
"Copycat","2026-06-13",1,"2026-06-20","Overall","quantile","0.35",498
"Copycat","2026-06-13",1,"2026-06-20","Overall","quantile","0.4",526
"Copycat","2026-06-13",1,"2026-06-20","Overall","quantile","0.45",549
"Copycat","2026-06-13",1,"2026-06-20","Overall","quantile","0.5",584
"Copycat","2026-06-13",1,"2026-06-20","Overall","quantile","0.55",608
"Copycat","2026-06-13",1,"2026-06-20","Overall","quantile","0.6",637
"Copycat","2026-06-13",1,"2026-06-20","Overall","quantile","0.65",668
"Copycat","2026-06-13",1,"2026-06-20","Overall","quantile","0.7",698
"Copycat","2026-06-13",1,"2026-06-20","Overall","quantile","0.75",744
"Copycat","2026-06-13",1,"2026-06-20","Overall","quantile","0.8",795
"Copycat","2026-06-13",1,"2026-06-20","Overall","quantile","0.85",869
"Copycat","2026-06-13",1,"2026-06-20","Overall","quantile","0.9",956
"Copycat","2026-06-13",1,"2026-06-20","Overall","quantile","0.95",1092
"Copycat","2026-06-13",1,"2026-06-20","Overall","quantile","0.975",1230
"Copycat","2026-06-13",1,"2026-06-20","Overall","quantile","0.99",1312
"Copycat","2026-06-13",2,"2026-06-27","Overall","quantile","0.01",230
"Copycat","2026-06-13",2,"2026-06-27","Overall","quantile","0.025",271
"Copycat","2026-06-13",2,"2026-06-27","Overall","quantile","0.05",293
"Copycat","2026-06-13",2,"2026-06-27","Overall","quantile","0.1",341
"Copycat","2026-06-13",2,"2026-06-27","Overall","quantile","0.15",375
"Copycat","2026-06-13",2,"2026-06-27","Overall","quantile","0.2",403
"Copycat","2026-06-13",2,"2026-06-27","Overall","quantile","0.25",432
"Copycat","2026-06-13",2,"2026-06-27","Overall","quantile","0.3",462
"Copycat","2026-06-13",2,"2026-06-27","Overall","quantile","0.35",495
"Copycat","2026-06-13",2,"2026-06-27","Overall","quantile","0.4",523
"Copycat","2026-06-13",2,"2026-06-27","Overall","quantile","0.45",556
"Copycat","2026-06-13",2,"2026-06-27","Overall","quantile","0.5",590
"Copycat","2026-06-13",2,"2026-06-27","Overall","quantile","0.55",622
"Copycat","2026-06-13",2,"2026-06-27","Overall","quantile","0.6",653
"Copycat","2026-06-13",2,"2026-06-27","Overall","quantile","0.65",680
"Copycat","2026-06-13",2,"2026-06-27","Overall","quantile","0.7",725
"Copycat","2026-06-13",2,"2026-06-27","Overall","quantile","0.75",771
"Copycat","2026-06-13",2,"2026-06-27","Overall","quantile","0.8",834
"Copycat","2026-06-13",2,"2026-06-27","Overall","quantile","0.85",915
"Copycat","2026-06-13",2,"2026-06-27","Overall","quantile","0.9",1005
"Copycat","2026-06-13",2,"2026-06-27","Overall","quantile","0.95",1161
"Copycat","2026-06-13",2,"2026-06-27","Overall","quantile","0.975",1302
"Copycat","2026-06-13",2,"2026-06-27","Overall","quantile","0.99",1493
"Copycat","2026-06-13",3,"2026-07-04","Overall","quantile","0.01",199
"Copycat","2026-06-13",3,"2026-07-04","Overall","quantile","0.025",244
"Copycat","2026-06-13",3,"2026-07-04","Overall","quantile","0.05",272
"Copycat","2026-06-13",3,"2026-07-04","Overall","quantile","0.1",321
"Copycat","2026-06-13",3,"2026-07-04","Overall","quantile","0.15",358
"Copycat","2026-06-13",3,"2026-07-04","Overall","quantile","0.2",393
"Copycat","2026-06-13",3,"2026-07-04","Overall","quantile","0.25",418
"Copycat","2026-06-13",3,"2026-07-04","Overall","quantile","0.3",448
"Copycat","2026-06-13",3,"2026-07-04","Overall","quantile","0.35",477
"Copycat","2026-06-13",3,"2026-07-04","Overall","quantile","0.4",513
"Copycat","2026-06-13",3,"2026-07-04","Overall","quantile","0.45",542
"Copycat","2026-06-13",3,"2026-07-04","Overall","quantile","0.5",572
"Copycat","2026-06-13",3,"2026-07-04","Overall","quantile","0.55",609
"Copycat","2026-06-13",3,"2026-07-04","Overall","quantile","0.6",643
"Copycat","2026-06-13",3,"2026-07-04","Overall","quantile","0.65",681
"Copycat","2026-06-13",3,"2026-07-04","Overall","quantile","0.7",739
"Copycat","2026-06-13",3,"2026-07-04","Overall","quantile","0.75",780
"Copycat","2026-06-13",3,"2026-07-04","Overall","quantile","0.8",855
"Copycat","2026-06-13",3,"2026-07-04","Overall","quantile","0.85",939
"Copycat","2026-06-13",3,"2026-07-04","Overall","quantile","0.9",1043
"Copycat","2026-06-13",3,"2026-07-04","Overall","quantile","0.95",1217
"Copycat","2026-06-13",3,"2026-07-04","Overall","quantile","0.975",1367
"Copycat","2026-06-13",3,"2026-07-04","Overall","quantile","0.99",1493
"Copycat","2026-06-13",-5,"2026-05-09","Pediatrics","quantile","0.01",163
"Copycat","2026-06-13",-5,"2026-05-09","Pediatrics","quantile","0.025",169
"Copycat","2026-06-13",-5,"2026-05-09","Pediatrics","quantile","0.05",175
"Copycat","2026-06-13",-5,"2026-05-09","Pediatrics","quantile","0.1",181
"Copycat","2026-06-13",-5,"2026-05-09","Pediatrics","quantile","0.15",187
"Copycat","2026-06-13",-5,"2026-05-09","Pediatrics","quantile","0.2",191
"Copycat","2026-06-13",-5,"2026-05-09","Pediatrics","quantile","0.25",195
"Copycat","2026-06-13",-5,"2026-05-09","Pediatrics","quantile","0.3",198
"Copycat","2026-06-13",-5,"2026-05-09","Pediatrics","quantile","0.35",200
"Copycat","2026-06-13",-5,"2026-05-09","Pediatrics","quantile","0.4",203
"Copycat","2026-06-13",-5,"2026-05-09","Pediatrics","quantile","0.45",205
"Copycat","2026-06-13",-5,"2026-05-09","Pediatrics","quantile","0.5",207
"Copycat","2026-06-13",-5,"2026-05-09","Pediatrics","quantile","0.55",210
"Copycat","2026-06-13",-5,"2026-05-09","Pediatrics","quantile","0.6",213
"Copycat","2026-06-13",-5,"2026-05-09","Pediatrics","quantile","0.65",216
"Copycat","2026-06-13",-5,"2026-05-09","Pediatrics","quantile","0.7",219
"Copycat","2026-06-13",-5,"2026-05-09","Pediatrics","quantile","0.75",223
"Copycat","2026-06-13",-5,"2026-05-09","Pediatrics","quantile","0.8",227
"Copycat","2026-06-13",-5,"2026-05-09","Pediatrics","quantile","0.85",232
"Copycat","2026-06-13",-5,"2026-05-09","Pediatrics","quantile","0.9",238
"Copycat","2026-06-13",-5,"2026-05-09","Pediatrics","quantile","0.95",247
"Copycat","2026-06-13",-5,"2026-05-09","Pediatrics","quantile","0.975",255
"Copycat","2026-06-13",-5,"2026-05-09","Pediatrics","quantile","0.99",270
"Copycat","2026-06-13",-4,"2026-05-16","Pediatrics","quantile","0.01",167
"Copycat","2026-06-13",-4,"2026-05-16","Pediatrics","quantile","0.025",179
"Copycat","2026-06-13",-4,"2026-05-16","Pediatrics","quantile","0.05",186
"Copycat","2026-06-13",-4,"2026-05-16","Pediatrics","quantile","0.1",195
"Copycat","2026-06-13",-4,"2026-05-16","Pediatrics","quantile","0.15",201
"Copycat","2026-06-13",-4,"2026-05-16","Pediatrics","quantile","0.2",207
"Copycat","2026-06-13",-4,"2026-05-16","Pediatrics","quantile","0.25",212
"Copycat","2026-06-13",-4,"2026-05-16","Pediatrics","quantile","0.3",217
"Copycat","2026-06-13",-4,"2026-05-16","Pediatrics","quantile","0.35",222
"Copycat","2026-06-13",-4,"2026-05-16","Pediatrics","quantile","0.4",227
"Copycat","2026-06-13",-4,"2026-05-16","Pediatrics","quantile","0.45",233
"Copycat","2026-06-13",-4,"2026-05-16","Pediatrics","quantile","0.5",237
"Copycat","2026-06-13",-4,"2026-05-16","Pediatrics","quantile","0.55",241
"Copycat","2026-06-13",-4,"2026-05-16","Pediatrics","quantile","0.6",246
"Copycat","2026-06-13",-4,"2026-05-16","Pediatrics","quantile","0.65",250
"Copycat","2026-06-13",-4,"2026-05-16","Pediatrics","quantile","0.7",256
"Copycat","2026-06-13",-4,"2026-05-16","Pediatrics","quantile","0.75",262
"Copycat","2026-06-13",-4,"2026-05-16","Pediatrics","quantile","0.8",268
"Copycat","2026-06-13",-4,"2026-05-16","Pediatrics","quantile","0.85",275
"Copycat","2026-06-13",-4,"2026-05-16","Pediatrics","quantile","0.9",284
"Copycat","2026-06-13",-4,"2026-05-16","Pediatrics","quantile","0.95",301
"Copycat","2026-06-13",-4,"2026-05-16","Pediatrics","quantile","0.975",321
"Copycat","2026-06-13",-4,"2026-05-16","Pediatrics","quantile","0.99",340
"Copycat","2026-06-13",-3,"2026-05-23","Pediatrics","quantile","0.01",169
"Copycat","2026-06-13",-3,"2026-05-23","Pediatrics","quantile","0.025",180
"Copycat","2026-06-13",-3,"2026-05-23","Pediatrics","quantile","0.05",192
"Copycat","2026-06-13",-3,"2026-05-23","Pediatrics","quantile","0.1",206
"Copycat","2026-06-13",-3,"2026-05-23","Pediatrics","quantile","0.15",219
"Copycat","2026-06-13",-3,"2026-05-23","Pediatrics","quantile","0.2",227
"Copycat","2026-06-13",-3,"2026-05-23","Pediatrics","quantile","0.25",235
"Copycat","2026-06-13",-3,"2026-05-23","Pediatrics","quantile","0.3",242
"Copycat","2026-06-13",-3,"2026-05-23","Pediatrics","quantile","0.35",247
"Copycat","2026-06-13",-3,"2026-05-23","Pediatrics","quantile","0.4",254
"Copycat","2026-06-13",-3,"2026-05-23","Pediatrics","quantile","0.45",259
"Copycat","2026-06-13",-3,"2026-05-23","Pediatrics","quantile","0.5",265
"Copycat","2026-06-13",-3,"2026-05-23","Pediatrics","quantile","0.55",272
"Copycat","2026-06-13",-3,"2026-05-23","Pediatrics","quantile","0.6",278
"Copycat","2026-06-13",-3,"2026-05-23","Pediatrics","quantile","0.65",285
"Copycat","2026-06-13",-3,"2026-05-23","Pediatrics","quantile","0.7",294
"Copycat","2026-06-13",-3,"2026-05-23","Pediatrics","quantile","0.75",303
"Copycat","2026-06-13",-3,"2026-05-23","Pediatrics","quantile","0.8",312
"Copycat","2026-06-13",-3,"2026-05-23","Pediatrics","quantile","0.85",326
"Copycat","2026-06-13",-3,"2026-05-23","Pediatrics","quantile","0.9",343
"Copycat","2026-06-13",-3,"2026-05-23","Pediatrics","quantile","0.95",369
"Copycat","2026-06-13",-3,"2026-05-23","Pediatrics","quantile","0.975",400
"Copycat","2026-06-13",-3,"2026-05-23","Pediatrics","quantile","0.99",424
"Copycat","2026-06-13",-2,"2026-05-30","Pediatrics","quantile","0.01",179
"Copycat","2026-06-13",-2,"2026-05-30","Pediatrics","quantile","0.025",193
"Copycat","2026-06-13",-2,"2026-05-30","Pediatrics","quantile","0.05",207
"Copycat","2026-06-13",-2,"2026-05-30","Pediatrics","quantile","0.1",223
"Copycat","2026-06-13",-2,"2026-05-30","Pediatrics","quantile","0.15",233
"Copycat","2026-06-13",-2,"2026-05-30","Pediatrics","quantile","0.2",243
"Copycat","2026-06-13",-2,"2026-05-30","Pediatrics","quantile","0.25",253
"Copycat","2026-06-13",-2,"2026-05-30","Pediatrics","quantile","0.3",261
"Copycat","2026-06-13",-2,"2026-05-30","Pediatrics","quantile","0.35",271
"Copycat","2026-06-13",-2,"2026-05-30","Pediatrics","quantile","0.4",280
"Copycat","2026-06-13",-2,"2026-05-30","Pediatrics","quantile","0.45",288
"Copycat","2026-06-13",-2,"2026-05-30","Pediatrics","quantile","0.5",296
"Copycat","2026-06-13",-2,"2026-05-30","Pediatrics","quantile","0.55",304
"Copycat","2026-06-13",-2,"2026-05-30","Pediatrics","quantile","0.6",313
"Copycat","2026-06-13",-2,"2026-05-30","Pediatrics","quantile","0.65",324
"Copycat","2026-06-13",-2,"2026-05-30","Pediatrics","quantile","0.7",334
"Copycat","2026-06-13",-2,"2026-05-30","Pediatrics","quantile","0.75",346
"Copycat","2026-06-13",-2,"2026-05-30","Pediatrics","quantile","0.8",365
"Copycat","2026-06-13",-2,"2026-05-30","Pediatrics","quantile","0.85",386
"Copycat","2026-06-13",-2,"2026-05-30","Pediatrics","quantile","0.9",410
"Copycat","2026-06-13",-2,"2026-05-30","Pediatrics","quantile","0.95",440
"Copycat","2026-06-13",-2,"2026-05-30","Pediatrics","quantile","0.975",495
"Copycat","2026-06-13",-2,"2026-05-30","Pediatrics","quantile","0.99",531
"Copycat","2026-06-13",-1,"2026-06-06","Pediatrics","quantile","0.01",178
"Copycat","2026-06-13",-1,"2026-06-06","Pediatrics","quantile","0.025",196
"Copycat","2026-06-13",-1,"2026-06-06","Pediatrics","quantile","0.05",210
"Copycat","2026-06-13",-1,"2026-06-06","Pediatrics","quantile","0.1",226
"Copycat","2026-06-13",-1,"2026-06-06","Pediatrics","quantile","0.15",243
"Copycat","2026-06-13",-1,"2026-06-06","Pediatrics","quantile","0.2",258
"Copycat","2026-06-13",-1,"2026-06-06","Pediatrics","quantile","0.25",268
"Copycat","2026-06-13",-1,"2026-06-06","Pediatrics","quantile","0.3",281
"Copycat","2026-06-13",-1,"2026-06-06","Pediatrics","quantile","0.35",290
"Copycat","2026-06-13",-1,"2026-06-06","Pediatrics","quantile","0.4",301
"Copycat","2026-06-13",-1,"2026-06-06","Pediatrics","quantile","0.45",312
"Copycat","2026-06-13",-1,"2026-06-06","Pediatrics","quantile","0.5",326
"Copycat","2026-06-13",-1,"2026-06-06","Pediatrics","quantile","0.55",336
"Copycat","2026-06-13",-1,"2026-06-06","Pediatrics","quantile","0.6",348
"Copycat","2026-06-13",-1,"2026-06-06","Pediatrics","quantile","0.65",362
"Copycat","2026-06-13",-1,"2026-06-06","Pediatrics","quantile","0.7",378
"Copycat","2026-06-13",-1,"2026-06-06","Pediatrics","quantile","0.75",393
"Copycat","2026-06-13",-1,"2026-06-06","Pediatrics","quantile","0.8",418
"Copycat","2026-06-13",-1,"2026-06-06","Pediatrics","quantile","0.85",450
"Copycat","2026-06-13",-1,"2026-06-06","Pediatrics","quantile","0.9",485
"Copycat","2026-06-13",-1,"2026-06-06","Pediatrics","quantile","0.95",531
"Copycat","2026-06-13",-1,"2026-06-06","Pediatrics","quantile","0.975",581
"Copycat","2026-06-13",-1,"2026-06-06","Pediatrics","quantile","0.99",654
"Copycat","2026-06-13",0,"2026-06-13","Pediatrics","quantile","0.01",173
"Copycat","2026-06-13",0,"2026-06-13","Pediatrics","quantile","0.025",187
"Copycat","2026-06-13",0,"2026-06-13","Pediatrics","quantile","0.05",206
"Copycat","2026-06-13",0,"2026-06-13","Pediatrics","quantile","0.1",229
"Copycat","2026-06-13",0,"2026-06-13","Pediatrics","quantile","0.15",243
"Copycat","2026-06-13",0,"2026-06-13","Pediatrics","quantile","0.2",258
"Copycat","2026-06-13",0,"2026-06-13","Pediatrics","quantile","0.25",273
"Copycat","2026-06-13",0,"2026-06-13","Pediatrics","quantile","0.3",289
"Copycat","2026-06-13",0,"2026-06-13","Pediatrics","quantile","0.35",305
"Copycat","2026-06-13",0,"2026-06-13","Pediatrics","quantile","0.4",321
"Copycat","2026-06-13",0,"2026-06-13","Pediatrics","quantile","0.45",336
"Copycat","2026-06-13",0,"2026-06-13","Pediatrics","quantile","0.5",347
"Copycat","2026-06-13",0,"2026-06-13","Pediatrics","quantile","0.55",360
"Copycat","2026-06-13",0,"2026-06-13","Pediatrics","quantile","0.6",377
"Copycat","2026-06-13",0,"2026-06-13","Pediatrics","quantile","0.65",392
"Copycat","2026-06-13",0,"2026-06-13","Pediatrics","quantile","0.7",411
"Copycat","2026-06-13",0,"2026-06-13","Pediatrics","quantile","0.75",434
"Copycat","2026-06-13",0,"2026-06-13","Pediatrics","quantile","0.8",465
"Copycat","2026-06-13",0,"2026-06-13","Pediatrics","quantile","0.85",498
"Copycat","2026-06-13",0,"2026-06-13","Pediatrics","quantile","0.9",549
"Copycat","2026-06-13",0,"2026-06-13","Pediatrics","quantile","0.95",628
"Copycat","2026-06-13",0,"2026-06-13","Pediatrics","quantile","0.975",692
"Copycat","2026-06-13",0,"2026-06-13","Pediatrics","quantile","0.99",752
"Copycat","2026-06-13",1,"2026-06-20","Pediatrics","quantile","0.01",159
"Copycat","2026-06-13",1,"2026-06-20","Pediatrics","quantile","0.025",180
"Copycat","2026-06-13",1,"2026-06-20","Pediatrics","quantile","0.05",198
"Copycat","2026-06-13",1,"2026-06-20","Pediatrics","quantile","0.1",226
"Copycat","2026-06-13",1,"2026-06-20","Pediatrics","quantile","0.15",243
"Copycat","2026-06-13",1,"2026-06-20","Pediatrics","quantile","0.2",259
"Copycat","2026-06-13",1,"2026-06-20","Pediatrics","quantile","0.25",277
"Copycat","2026-06-13",1,"2026-06-20","Pediatrics","quantile","0.3",293
"Copycat","2026-06-13",1,"2026-06-20","Pediatrics","quantile","0.35",308
"Copycat","2026-06-13",1,"2026-06-20","Pediatrics","quantile","0.4",329
"Copycat","2026-06-13",1,"2026-06-20","Pediatrics","quantile","0.45",345
"Copycat","2026-06-13",1,"2026-06-20","Pediatrics","quantile","0.5",363
"Copycat","2026-06-13",1,"2026-06-20","Pediatrics","quantile","0.55",377
"Copycat","2026-06-13",1,"2026-06-20","Pediatrics","quantile","0.6",392
"Copycat","2026-06-13",1,"2026-06-20","Pediatrics","quantile","0.65",412
"Copycat","2026-06-13",1,"2026-06-20","Pediatrics","quantile","0.7",441
"Copycat","2026-06-13",1,"2026-06-20","Pediatrics","quantile","0.75",466
"Copycat","2026-06-13",1,"2026-06-20","Pediatrics","quantile","0.8",497
"Copycat","2026-06-13",1,"2026-06-20","Pediatrics","quantile","0.85",542
"Copycat","2026-06-13",1,"2026-06-20","Pediatrics","quantile","0.9",616
"Copycat","2026-06-13",1,"2026-06-20","Pediatrics","quantile","0.95",696
"Copycat","2026-06-13",1,"2026-06-20","Pediatrics","quantile","0.975",771
"Copycat","2026-06-13",1,"2026-06-20","Pediatrics","quantile","0.99",886
"Copycat","2026-06-13",2,"2026-06-27","Pediatrics","quantile","0.01",142
"Copycat","2026-06-13",2,"2026-06-27","Pediatrics","quantile","0.025",159
"Copycat","2026-06-13",2,"2026-06-27","Pediatrics","quantile","0.05",183
"Copycat","2026-06-13",2,"2026-06-27","Pediatrics","quantile","0.1",213
"Copycat","2026-06-13",2,"2026-06-27","Pediatrics","quantile","0.15",231
"Copycat","2026-06-13",2,"2026-06-27","Pediatrics","quantile","0.2",250
"Copycat","2026-06-13",2,"2026-06-27","Pediatrics","quantile","0.25",267
"Copycat","2026-06-13",2,"2026-06-27","Pediatrics","quantile","0.3",283
"Copycat","2026-06-13",2,"2026-06-27","Pediatrics","quantile","0.35",303
"Copycat","2026-06-13",2,"2026-06-27","Pediatrics","quantile","0.4",326
"Copycat","2026-06-13",2,"2026-06-27","Pediatrics","quantile","0.45",343
"Copycat","2026-06-13",2,"2026-06-27","Pediatrics","quantile","0.5",364
"Copycat","2026-06-13",2,"2026-06-27","Pediatrics","quantile","0.55",381
"Copycat","2026-06-13",2,"2026-06-27","Pediatrics","quantile","0.6",405
"Copycat","2026-06-13",2,"2026-06-27","Pediatrics","quantile","0.65",431
"Copycat","2026-06-13",2,"2026-06-27","Pediatrics","quantile","0.7",455
"Copycat","2026-06-13",2,"2026-06-27","Pediatrics","quantile","0.75",481
"Copycat","2026-06-13",2,"2026-06-27","Pediatrics","quantile","0.8",514
"Copycat","2026-06-13",2,"2026-06-27","Pediatrics","quantile","0.85",561
"Copycat","2026-06-13",2,"2026-06-27","Pediatrics","quantile","0.9",641
"Copycat","2026-06-13",2,"2026-06-27","Pediatrics","quantile","0.95",767
"Copycat","2026-06-13",2,"2026-06-27","Pediatrics","quantile","0.975",853
"Copycat","2026-06-13",2,"2026-06-27","Pediatrics","quantile","0.99",981
"Copycat","2026-06-13",3,"2026-07-04","Pediatrics","quantile","0.01",126
"Copycat","2026-06-13",3,"2026-07-04","Pediatrics","quantile","0.025",145
"Copycat","2026-06-13",3,"2026-07-04","Pediatrics","quantile","0.05",170
"Copycat","2026-06-13",3,"2026-07-04","Pediatrics","quantile","0.1",194
"Copycat","2026-06-13",3,"2026-07-04","Pediatrics","quantile","0.15",216
"Copycat","2026-06-13",3,"2026-07-04","Pediatrics","quantile","0.2",232
"Copycat","2026-06-13",3,"2026-07-04","Pediatrics","quantile","0.25",253
"Copycat","2026-06-13",3,"2026-07-04","Pediatrics","quantile","0.3",271
"Copycat","2026-06-13",3,"2026-07-04","Pediatrics","quantile","0.35",291
"Copycat","2026-06-13",3,"2026-07-04","Pediatrics","quantile","0.4",312
"Copycat","2026-06-13",3,"2026-07-04","Pediatrics","quantile","0.45",335
"Copycat","2026-06-13",3,"2026-07-04","Pediatrics","quantile","0.5",354
"Copycat","2026-06-13",3,"2026-07-04","Pediatrics","quantile","0.55",379
"Copycat","2026-06-13",3,"2026-07-04","Pediatrics","quantile","0.6",408
"Copycat","2026-06-13",3,"2026-07-04","Pediatrics","quantile","0.65",438
"Copycat","2026-06-13",3,"2026-07-04","Pediatrics","quantile","0.7",467
"Copycat","2026-06-13",3,"2026-07-04","Pediatrics","quantile","0.75",490
"Copycat","2026-06-13",3,"2026-07-04","Pediatrics","quantile","0.8",523
"Copycat","2026-06-13",3,"2026-07-04","Pediatrics","quantile","0.85",570
"Copycat","2026-06-13",3,"2026-07-04","Pediatrics","quantile","0.9",652
"Copycat","2026-06-13",3,"2026-07-04","Pediatrics","quantile","0.95",770
"Copycat","2026-06-13",3,"2026-07-04","Pediatrics","quantile","0.975",879
"Copycat","2026-06-13",3,"2026-07-04","Pediatrics","quantile","0.99",1045
"newGBQR","2026-06-13",-5,"2026-05-09","Adults","quantile","0.01",18
"newGBQR","2026-06-13",-5,"2026-05-09","Adults","quantile","0.025",69
"newGBQR","2026-06-13",-5,"2026-05-09","Adults","quantile","0.05",93
"newGBQR","2026-06-13",-5,"2026-05-09","Adults","quantile","0.1",110
"newGBQR","2026-06-13",-5,"2026-05-09","Adults","quantile","0.15",120
"newGBQR","2026-06-13",-5,"2026-05-09","Adults","quantile","0.2",128
"newGBQR","2026-06-13",-5,"2026-05-09","Adults","quantile","0.25",130
"newGBQR","2026-06-13",-5,"2026-05-09","Adults","quantile","0.3",133
"newGBQR","2026-06-13",-5,"2026-05-09","Adults","quantile","0.35",134
"newGBQR","2026-06-13",-5,"2026-05-09","Adults","quantile","0.4",138
"newGBQR","2026-06-13",-5,"2026-05-09","Adults","quantile","0.45",141
"newGBQR","2026-06-13",-5,"2026-05-09","Adults","quantile","0.5",142
"newGBQR","2026-06-13",-5,"2026-05-09","Adults","quantile","0.55",144
"newGBQR","2026-06-13",-5,"2026-05-09","Adults","quantile","0.6",147
"newGBQR","2026-06-13",-5,"2026-05-09","Adults","quantile","0.65",149
"newGBQR","2026-06-13",-5,"2026-05-09","Adults","quantile","0.7",151
"newGBQR","2026-06-13",-5,"2026-05-09","Adults","quantile","0.75",154
"newGBQR","2026-06-13",-5,"2026-05-09","Adults","quantile","0.8",158
"newGBQR","2026-06-13",-5,"2026-05-09","Adults","quantile","0.85",166
"newGBQR","2026-06-13",-5,"2026-05-09","Adults","quantile","0.9",193
"newGBQR","2026-06-13",-5,"2026-05-09","Adults","quantile","0.95",251
"newGBQR","2026-06-13",-5,"2026-05-09","Adults","quantile","0.975",318
"newGBQR","2026-06-13",-5,"2026-05-09","Adults","quantile","0.99",378
"newGBQR","2026-06-13",-4,"2026-05-16","Adults","quantile","0.01",18
"newGBQR","2026-06-13",-4,"2026-05-16","Adults","quantile","0.025",69
"newGBQR","2026-06-13",-4,"2026-05-16","Adults","quantile","0.05",93
"newGBQR","2026-06-13",-4,"2026-05-16","Adults","quantile","0.1",111
"newGBQR","2026-06-13",-4,"2026-05-16","Adults","quantile","0.15",123
"newGBQR","2026-06-13",-4,"2026-05-16","Adults","quantile","0.2",131
"newGBQR","2026-06-13",-4,"2026-05-16","Adults","quantile","0.25",138
"newGBQR","2026-06-13",-4,"2026-05-16","Adults","quantile","0.3",145
"newGBQR","2026-06-13",-4,"2026-05-16","Adults","quantile","0.35",149
"newGBQR","2026-06-13",-4,"2026-05-16","Adults","quantile","0.4",154
"newGBQR","2026-06-13",-4,"2026-05-16","Adults","quantile","0.45",158
"newGBQR","2026-06-13",-4,"2026-05-16","Adults","quantile","0.5",161
"newGBQR","2026-06-13",-4,"2026-05-16","Adults","quantile","0.55",162
"newGBQR","2026-06-13",-4,"2026-05-16","Adults","quantile","0.6",167
"newGBQR","2026-06-13",-4,"2026-05-16","Adults","quantile","0.65",170
"newGBQR","2026-06-13",-4,"2026-05-16","Adults","quantile","0.7",171
"newGBQR","2026-06-13",-4,"2026-05-16","Adults","quantile","0.75",175
"newGBQR","2026-06-13",-4,"2026-05-16","Adults","quantile","0.8",176
"newGBQR","2026-06-13",-4,"2026-05-16","Adults","quantile","0.85",178
"newGBQR","2026-06-13",-4,"2026-05-16","Adults","quantile","0.9",199
"newGBQR","2026-06-13",-4,"2026-05-16","Adults","quantile","0.95",254
"newGBQR","2026-06-13",-4,"2026-05-16","Adults","quantile","0.975",333
"newGBQR","2026-06-13",-4,"2026-05-16","Adults","quantile","0.99",389
"newGBQR","2026-06-13",-3,"2026-05-23","Adults","quantile","0.01",18
"newGBQR","2026-06-13",-3,"2026-05-23","Adults","quantile","0.025",69
"newGBQR","2026-06-13",-3,"2026-05-23","Adults","quantile","0.05",93
"newGBQR","2026-06-13",-3,"2026-05-23","Adults","quantile","0.1",113
"newGBQR","2026-06-13",-3,"2026-05-23","Adults","quantile","0.15",127
"newGBQR","2026-06-13",-3,"2026-05-23","Adults","quantile","0.2",141
"newGBQR","2026-06-13",-3,"2026-05-23","Adults","quantile","0.25",155
"newGBQR","2026-06-13",-3,"2026-05-23","Adults","quantile","0.3",162
"newGBQR","2026-06-13",-3,"2026-05-23","Adults","quantile","0.35",173
"newGBQR","2026-06-13",-3,"2026-05-23","Adults","quantile","0.4",178
"newGBQR","2026-06-13",-3,"2026-05-23","Adults","quantile","0.45",189
"newGBQR","2026-06-13",-3,"2026-05-23","Adults","quantile","0.5",192
"newGBQR","2026-06-13",-3,"2026-05-23","Adults","quantile","0.55",203
"newGBQR","2026-06-13",-3,"2026-05-23","Adults","quantile","0.6",207
"newGBQR","2026-06-13",-3,"2026-05-23","Adults","quantile","0.65",219
"newGBQR","2026-06-13",-3,"2026-05-23","Adults","quantile","0.7",224
"newGBQR","2026-06-13",-3,"2026-05-23","Adults","quantile","0.75",227
"newGBQR","2026-06-13",-3,"2026-05-23","Adults","quantile","0.8",232
"newGBQR","2026-06-13",-3,"2026-05-23","Adults","quantile","0.85",244
"newGBQR","2026-06-13",-3,"2026-05-23","Adults","quantile","0.9",247
"newGBQR","2026-06-13",-3,"2026-05-23","Adults","quantile","0.95",297
"newGBQR","2026-06-13",-3,"2026-05-23","Adults","quantile","0.975",350
"newGBQR","2026-06-13",-3,"2026-05-23","Adults","quantile","0.99",397
"newGBQR","2026-06-13",-2,"2026-05-30","Adults","quantile","0.01",18
"newGBQR","2026-06-13",-2,"2026-05-30","Adults","quantile","0.025",69
"newGBQR","2026-06-13",-2,"2026-05-30","Adults","quantile","0.05",93
"newGBQR","2026-06-13",-2,"2026-05-30","Adults","quantile","0.1",115
"newGBQR","2026-06-13",-2,"2026-05-30","Adults","quantile","0.15",133
"newGBQR","2026-06-13",-2,"2026-05-30","Adults","quantile","0.2",147
"newGBQR","2026-06-13",-2,"2026-05-30","Adults","quantile","0.25",165
"newGBQR","2026-06-13",-2,"2026-05-30","Adults","quantile","0.3",180
"newGBQR","2026-06-13",-2,"2026-05-30","Adults","quantile","0.35",190
"newGBQR","2026-06-13",-2,"2026-05-30","Adults","quantile","0.4",206
"newGBQR","2026-06-13",-2,"2026-05-30","Adults","quantile","0.45",218
"newGBQR","2026-06-13",-2,"2026-05-30","Adults","quantile","0.5",231
"newGBQR","2026-06-13",-2,"2026-05-30","Adults","quantile","0.55",237
"newGBQR","2026-06-13",-2,"2026-05-30","Adults","quantile","0.6",245
"newGBQR","2026-06-13",-2,"2026-05-30","Adults","quantile","0.65",259
"newGBQR","2026-06-13",-2,"2026-05-30","Adults","quantile","0.7",269
"newGBQR","2026-06-13",-2,"2026-05-30","Adults","quantile","0.75",276
"newGBQR","2026-06-13",-2,"2026-05-30","Adults","quantile","0.8",317
"newGBQR","2026-06-13",-2,"2026-05-30","Adults","quantile","0.85",332
"newGBQR","2026-06-13",-2,"2026-05-30","Adults","quantile","0.9",337
"newGBQR","2026-06-13",-2,"2026-05-30","Adults","quantile","0.95",368
"newGBQR","2026-06-13",-2,"2026-05-30","Adults","quantile","0.975",412
"newGBQR","2026-06-13",-2,"2026-05-30","Adults","quantile","0.99",433
"newGBQR","2026-06-13",-1,"2026-06-06","Adults","quantile","0.01",18
"newGBQR","2026-06-13",-1,"2026-06-06","Adults","quantile","0.025",69
"newGBQR","2026-06-13",-1,"2026-06-06","Adults","quantile","0.05",93
"newGBQR","2026-06-13",-1,"2026-06-06","Adults","quantile","0.1",117
"newGBQR","2026-06-13",-1,"2026-06-06","Adults","quantile","0.15",135
"newGBQR","2026-06-13",-1,"2026-06-06","Adults","quantile","0.2",152
"newGBQR","2026-06-13",-1,"2026-06-06","Adults","quantile","0.25",174
"newGBQR","2026-06-13",-1,"2026-06-06","Adults","quantile","0.3",187
"newGBQR","2026-06-13",-1,"2026-06-06","Adults","quantile","0.35",199
"newGBQR","2026-06-13",-1,"2026-06-06","Adults","quantile","0.4",216
"newGBQR","2026-06-13",-1,"2026-06-06","Adults","quantile","0.45",229
"newGBQR","2026-06-13",-1,"2026-06-06","Adults","quantile","0.5",248
"newGBQR","2026-06-13",-1,"2026-06-06","Adults","quantile","0.55",253
"newGBQR","2026-06-13",-1,"2026-06-06","Adults","quantile","0.6",268
"newGBQR","2026-06-13",-1,"2026-06-06","Adults","quantile","0.65",275
"newGBQR","2026-06-13",-1,"2026-06-06","Adults","quantile","0.7",292
"newGBQR","2026-06-13",-1,"2026-06-06","Adults","quantile","0.75",306
"newGBQR","2026-06-13",-1,"2026-06-06","Adults","quantile","0.8",358
"newGBQR","2026-06-13",-1,"2026-06-06","Adults","quantile","0.85",386
"newGBQR","2026-06-13",-1,"2026-06-06","Adults","quantile","0.9",403
"newGBQR","2026-06-13",-1,"2026-06-06","Adults","quantile","0.95",463
"newGBQR","2026-06-13",-1,"2026-06-06","Adults","quantile","0.975",466
"newGBQR","2026-06-13",-1,"2026-06-06","Adults","quantile","0.99",470
"newGBQR","2026-06-13",0,"2026-06-13","Adults","quantile","0.01",18
"newGBQR","2026-06-13",0,"2026-06-13","Adults","quantile","0.025",69
"newGBQR","2026-06-13",0,"2026-06-13","Adults","quantile","0.05",93
"newGBQR","2026-06-13",0,"2026-06-13","Adults","quantile","0.1",117
"newGBQR","2026-06-13",0,"2026-06-13","Adults","quantile","0.15",135
"newGBQR","2026-06-13",0,"2026-06-13","Adults","quantile","0.2",154
"newGBQR","2026-06-13",0,"2026-06-13","Adults","quantile","0.25",177
"newGBQR","2026-06-13",0,"2026-06-13","Adults","quantile","0.3",188
"newGBQR","2026-06-13",0,"2026-06-13","Adults","quantile","0.35",203
"newGBQR","2026-06-13",0,"2026-06-13","Adults","quantile","0.4",220
"newGBQR","2026-06-13",0,"2026-06-13","Adults","quantile","0.45",237
"newGBQR","2026-06-13",0,"2026-06-13","Adults","quantile","0.5",253
"newGBQR","2026-06-13",0,"2026-06-13","Adults","quantile","0.55",262
"newGBQR","2026-06-13",0,"2026-06-13","Adults","quantile","0.6",281
"newGBQR","2026-06-13",0,"2026-06-13","Adults","quantile","0.65",290
"newGBQR","2026-06-13",0,"2026-06-13","Adults","quantile","0.7",303
"newGBQR","2026-06-13",0,"2026-06-13","Adults","quantile","0.75",313
"newGBQR","2026-06-13",0,"2026-06-13","Adults","quantile","0.8",362
"newGBQR","2026-06-13",0,"2026-06-13","Adults","quantile","0.85",370
"newGBQR","2026-06-13",0,"2026-06-13","Adults","quantile","0.9",442
"newGBQR","2026-06-13",0,"2026-06-13","Adults","quantile","0.95",478
"newGBQR","2026-06-13",0,"2026-06-13","Adults","quantile","0.975",498
"newGBQR","2026-06-13",0,"2026-06-13","Adults","quantile","0.99",508
"newGBQR","2026-06-13",1,"2026-06-20","Adults","quantile","0.01",14
"newGBQR","2026-06-13",1,"2026-06-20","Adults","quantile","0.025",67
"newGBQR","2026-06-13",1,"2026-06-20","Adults","quantile","0.05",94
"newGBQR","2026-06-13",1,"2026-06-20","Adults","quantile","0.1",117
"newGBQR","2026-06-13",1,"2026-06-20","Adults","quantile","0.15",135
"newGBQR","2026-06-13",1,"2026-06-20","Adults","quantile","0.2",154
"newGBQR","2026-06-13",1,"2026-06-20","Adults","quantile","0.25",179
"newGBQR","2026-06-13",1,"2026-06-20","Adults","quantile","0.3",191
"newGBQR","2026-06-13",1,"2026-06-20","Adults","quantile","0.35",205
"newGBQR","2026-06-13",1,"2026-06-20","Adults","quantile","0.4",222
"newGBQR","2026-06-13",1,"2026-06-20","Adults","quantile","0.45",242
"newGBQR","2026-06-13",1,"2026-06-20","Adults","quantile","0.5",258
"newGBQR","2026-06-13",1,"2026-06-20","Adults","quantile","0.55",273
"newGBQR","2026-06-13",1,"2026-06-20","Adults","quantile","0.6",289
"newGBQR","2026-06-13",1,"2026-06-20","Adults","quantile","0.65",298
"newGBQR","2026-06-13",1,"2026-06-20","Adults","quantile","0.7",307
"newGBQR","2026-06-13",1,"2026-06-20","Adults","quantile","0.75",320
"newGBQR","2026-06-13",1,"2026-06-20","Adults","quantile","0.8",361
"newGBQR","2026-06-13",1,"2026-06-20","Adults","quantile","0.85",365
"newGBQR","2026-06-13",1,"2026-06-20","Adults","quantile","0.9",435
"newGBQR","2026-06-13",1,"2026-06-20","Adults","quantile","0.95",467
"newGBQR","2026-06-13",1,"2026-06-20","Adults","quantile","0.975",485
"newGBQR","2026-06-13",1,"2026-06-20","Adults","quantile","0.99",502
"newGBQR","2026-06-13",2,"2026-06-27","Adults","quantile","0.01",13
"newGBQR","2026-06-13",2,"2026-06-27","Adults","quantile","0.025",66
"newGBQR","2026-06-13",2,"2026-06-27","Adults","quantile","0.05",93
"newGBQR","2026-06-13",2,"2026-06-27","Adults","quantile","0.1",118
"newGBQR","2026-06-13",2,"2026-06-27","Adults","quantile","0.15",137
"newGBQR","2026-06-13",2,"2026-06-27","Adults","quantile","0.2",157
"newGBQR","2026-06-13",2,"2026-06-27","Adults","quantile","0.25",181
"newGBQR","2026-06-13",2,"2026-06-27","Adults","quantile","0.3",193
"newGBQR","2026-06-13",2,"2026-06-27","Adults","quantile","0.35",207
"newGBQR","2026-06-13",2,"2026-06-27","Adults","quantile","0.4",229
"newGBQR","2026-06-13",2,"2026-06-27","Adults","quantile","0.45",250
"newGBQR","2026-06-13",2,"2026-06-27","Adults","quantile","0.5",266
"newGBQR","2026-06-13",2,"2026-06-27","Adults","quantile","0.55",284
"newGBQR","2026-06-13",2,"2026-06-27","Adults","quantile","0.6",307
"newGBQR","2026-06-13",2,"2026-06-27","Adults","quantile","0.65",319
"newGBQR","2026-06-13",2,"2026-06-27","Adults","quantile","0.7",327
"newGBQR","2026-06-13",2,"2026-06-27","Adults","quantile","0.75",331
"newGBQR","2026-06-13",2,"2026-06-27","Adults","quantile","0.8",362
"newGBQR","2026-06-13",2,"2026-06-27","Adults","quantile","0.85",362
"newGBQR","2026-06-13",2,"2026-06-27","Adults","quantile","0.9",434
"newGBQR","2026-06-13",2,"2026-06-27","Adults","quantile","0.95",466
"newGBQR","2026-06-13",2,"2026-06-27","Adults","quantile","0.975",497
"newGBQR","2026-06-13",2,"2026-06-27","Adults","quantile","0.99",509
"newGBQR","2026-06-13",3,"2026-07-04","Adults","quantile","0.01",12
"newGBQR","2026-06-13",3,"2026-07-04","Adults","quantile","0.025",66
"newGBQR","2026-06-13",3,"2026-07-04","Adults","quantile","0.05",93
"newGBQR","2026-06-13",3,"2026-07-04","Adults","quantile","0.1",119
"newGBQR","2026-06-13",3,"2026-07-04","Adults","quantile","0.15",138
"newGBQR","2026-06-13",3,"2026-07-04","Adults","quantile","0.2",158
"newGBQR","2026-06-13",3,"2026-07-04","Adults","quantile","0.25",182
"newGBQR","2026-06-13",3,"2026-07-04","Adults","quantile","0.3",194
"newGBQR","2026-06-13",3,"2026-07-04","Adults","quantile","0.35",206
"newGBQR","2026-06-13",3,"2026-07-04","Adults","quantile","0.4",228
"newGBQR","2026-06-13",3,"2026-07-04","Adults","quantile","0.45",252
"newGBQR","2026-06-13",3,"2026-07-04","Adults","quantile","0.5",278
"newGBQR","2026-06-13",3,"2026-07-04","Adults","quantile","0.55",298
"newGBQR","2026-06-13",3,"2026-07-04","Adults","quantile","0.6",322
"newGBQR","2026-06-13",3,"2026-07-04","Adults","quantile","0.65",329
"newGBQR","2026-06-13",3,"2026-07-04","Adults","quantile","0.7",336
"newGBQR","2026-06-13",3,"2026-07-04","Adults","quantile","0.75",340
"newGBQR","2026-06-13",3,"2026-07-04","Adults","quantile","0.8",363
"newGBQR","2026-06-13",3,"2026-07-04","Adults","quantile","0.85",365
"newGBQR","2026-06-13",3,"2026-07-04","Adults","quantile","0.9",436
"newGBQR","2026-06-13",3,"2026-07-04","Adults","quantile","0.95",461
"newGBQR","2026-06-13",3,"2026-07-04","Adults","quantile","0.975",497
"newGBQR","2026-06-13",3,"2026-07-04","Adults","quantile","0.99",499
"newGBQR","2026-06-13",-5,"2026-05-09","Overall","quantile","0.01",141
"newGBQR","2026-06-13",-5,"2026-05-09","Overall","quantile","0.025",228
"newGBQR","2026-06-13",-5,"2026-05-09","Overall","quantile","0.05",268
"newGBQR","2026-06-13",-5,"2026-05-09","Overall","quantile","0.1",296
"newGBQR","2026-06-13",-5,"2026-05-09","Overall","quantile","0.15",317
"newGBQR","2026-06-13",-5,"2026-05-09","Overall","quantile","0.2",331
"newGBQR","2026-06-13",-5,"2026-05-09","Overall","quantile","0.25",337
"newGBQR","2026-06-13",-5,"2026-05-09","Overall","quantile","0.3",342
"newGBQR","2026-06-13",-5,"2026-05-09","Overall","quantile","0.35",349
"newGBQR","2026-06-13",-5,"2026-05-09","Overall","quantile","0.4",354
"newGBQR","2026-06-13",-5,"2026-05-09","Overall","quantile","0.45",363
"newGBQR","2026-06-13",-5,"2026-05-09","Overall","quantile","0.5",368
"newGBQR","2026-06-13",-5,"2026-05-09","Overall","quantile","0.55",368
"newGBQR","2026-06-13",-5,"2026-05-09","Overall","quantile","0.6",378
"newGBQR","2026-06-13",-5,"2026-05-09","Overall","quantile","0.65",381
"newGBQR","2026-06-13",-5,"2026-05-09","Overall","quantile","0.7",389
"newGBQR","2026-06-13",-5,"2026-05-09","Overall","quantile","0.75",396
"newGBQR","2026-06-13",-5,"2026-05-09","Overall","quantile","0.8",396
"newGBQR","2026-06-13",-5,"2026-05-09","Overall","quantile","0.85",405
"newGBQR","2026-06-13",-5,"2026-05-09","Overall","quantile","0.9",450
"newGBQR","2026-06-13",-5,"2026-05-09","Overall","quantile","0.95",538
"newGBQR","2026-06-13",-5,"2026-05-09","Overall","quantile","0.975",636
"newGBQR","2026-06-13",-5,"2026-05-09","Overall","quantile","0.99",739
"newGBQR","2026-06-13",-4,"2026-05-16","Overall","quantile","0.01",141
"newGBQR","2026-06-13",-4,"2026-05-16","Overall","quantile","0.025",228
"newGBQR","2026-06-13",-4,"2026-05-16","Overall","quantile","0.05",267
"newGBQR","2026-06-13",-4,"2026-05-16","Overall","quantile","0.1",296
"newGBQR","2026-06-13",-4,"2026-05-16","Overall","quantile","0.15",321
"newGBQR","2026-06-13",-4,"2026-05-16","Overall","quantile","0.2",335
"newGBQR","2026-06-13",-4,"2026-05-16","Overall","quantile","0.25",346
"newGBQR","2026-06-13",-4,"2026-05-16","Overall","quantile","0.3",356
"newGBQR","2026-06-13",-4,"2026-05-16","Overall","quantile","0.35",367
"newGBQR","2026-06-13",-4,"2026-05-16","Overall","quantile","0.4",375
"newGBQR","2026-06-13",-4,"2026-05-16","Overall","quantile","0.45",386
"newGBQR","2026-06-13",-4,"2026-05-16","Overall","quantile","0.5",390
"newGBQR","2026-06-13",-4,"2026-05-16","Overall","quantile","0.55",394
"newGBQR","2026-06-13",-4,"2026-05-16","Overall","quantile","0.6",401
"newGBQR","2026-06-13",-4,"2026-05-16","Overall","quantile","0.65",407
"newGBQR","2026-06-13",-4,"2026-05-16","Overall","quantile","0.7",415
"newGBQR","2026-06-13",-4,"2026-05-16","Overall","quantile","0.75",420
"newGBQR","2026-06-13",-4,"2026-05-16","Overall","quantile","0.8",420
"newGBQR","2026-06-13",-4,"2026-05-16","Overall","quantile","0.85",420
"newGBQR","2026-06-13",-4,"2026-05-16","Overall","quantile","0.9",457
"newGBQR","2026-06-13",-4,"2026-05-16","Overall","quantile","0.95",539
"newGBQR","2026-06-13",-4,"2026-05-16","Overall","quantile","0.975",638
"newGBQR","2026-06-13",-4,"2026-05-16","Overall","quantile","0.99",734
"newGBQR","2026-06-13",-3,"2026-05-23","Overall","quantile","0.01",141
"newGBQR","2026-06-13",-3,"2026-05-23","Overall","quantile","0.025",228
"newGBQR","2026-06-13",-3,"2026-05-23","Overall","quantile","0.05",267
"newGBQR","2026-06-13",-3,"2026-05-23","Overall","quantile","0.1",300
"newGBQR","2026-06-13",-3,"2026-05-23","Overall","quantile","0.15",325
"newGBQR","2026-06-13",-3,"2026-05-23","Overall","quantile","0.2",345
"newGBQR","2026-06-13",-3,"2026-05-23","Overall","quantile","0.25",361
"newGBQR","2026-06-13",-3,"2026-05-23","Overall","quantile","0.3",376
"newGBQR","2026-06-13",-3,"2026-05-23","Overall","quantile","0.35",392
"newGBQR","2026-06-13",-3,"2026-05-23","Overall","quantile","0.4",403
"newGBQR","2026-06-13",-3,"2026-05-23","Overall","quantile","0.45",425
"newGBQR","2026-06-13",-3,"2026-05-23","Overall","quantile","0.5",429
"newGBQR","2026-06-13",-3,"2026-05-23","Overall","quantile","0.55",438
"newGBQR","2026-06-13",-3,"2026-05-23","Overall","quantile","0.6",448
"newGBQR","2026-06-13",-3,"2026-05-23","Overall","quantile","0.65",458
"newGBQR","2026-06-13",-3,"2026-05-23","Overall","quantile","0.7",466
"newGBQR","2026-06-13",-3,"2026-05-23","Overall","quantile","0.75",469
"newGBQR","2026-06-13",-3,"2026-05-23","Overall","quantile","0.8",470
"newGBQR","2026-06-13",-3,"2026-05-23","Overall","quantile","0.85",470
"newGBQR","2026-06-13",-3,"2026-05-23","Overall","quantile","0.9",501
"newGBQR","2026-06-13",-3,"2026-05-23","Overall","quantile","0.95",571
"newGBQR","2026-06-13",-3,"2026-05-23","Overall","quantile","0.975",662
"newGBQR","2026-06-13",-3,"2026-05-23","Overall","quantile","0.99",753
"newGBQR","2026-06-13",-2,"2026-05-30","Overall","quantile","0.01",141
"newGBQR","2026-06-13",-2,"2026-05-30","Overall","quantile","0.025",228
"newGBQR","2026-06-13",-2,"2026-05-30","Overall","quantile","0.05",268
"newGBQR","2026-06-13",-2,"2026-05-30","Overall","quantile","0.1",304
"newGBQR","2026-06-13",-2,"2026-05-30","Overall","quantile","0.15",334
"newGBQR","2026-06-13",-2,"2026-05-30","Overall","quantile","0.2",360
"newGBQR","2026-06-13",-2,"2026-05-30","Overall","quantile","0.25",389
"newGBQR","2026-06-13",-2,"2026-05-30","Overall","quantile","0.3",412
"newGBQR","2026-06-13",-2,"2026-05-30","Overall","quantile","0.35",436
"newGBQR","2026-06-13",-2,"2026-05-30","Overall","quantile","0.4",446
"newGBQR","2026-06-13",-2,"2026-05-30","Overall","quantile","0.45",484
"newGBQR","2026-06-13",-2,"2026-05-30","Overall","quantile","0.5",496
"newGBQR","2026-06-13",-2,"2026-05-30","Overall","quantile","0.55",520
"newGBQR","2026-06-13",-2,"2026-05-30","Overall","quantile","0.6",522
"newGBQR","2026-06-13",-2,"2026-05-30","Overall","quantile","0.65",545
"newGBQR","2026-06-13",-2,"2026-05-30","Overall","quantile","0.7",545
"newGBQR","2026-06-13",-2,"2026-05-30","Overall","quantile","0.75",565
"newGBQR","2026-06-13",-2,"2026-05-30","Overall","quantile","0.8",580
"newGBQR","2026-06-13",-2,"2026-05-30","Overall","quantile","0.85",587
"newGBQR","2026-06-13",-2,"2026-05-30","Overall","quantile","0.9",607
"newGBQR","2026-06-13",-2,"2026-05-30","Overall","quantile","0.95",647
"newGBQR","2026-06-13",-2,"2026-05-30","Overall","quantile","0.975",682
"newGBQR","2026-06-13",-2,"2026-05-30","Overall","quantile","0.99",776
"newGBQR","2026-06-13",-1,"2026-06-06","Overall","quantile","0.01",141
"newGBQR","2026-06-13",-1,"2026-06-06","Overall","quantile","0.025",228
"newGBQR","2026-06-13",-1,"2026-06-06","Overall","quantile","0.05",267
"newGBQR","2026-06-13",-1,"2026-06-06","Overall","quantile","0.1",310
"newGBQR","2026-06-13",-1,"2026-06-06","Overall","quantile","0.15",342
"newGBQR","2026-06-13",-1,"2026-06-06","Overall","quantile","0.2",367
"newGBQR","2026-06-13",-1,"2026-06-06","Overall","quantile","0.25",399
"newGBQR","2026-06-13",-1,"2026-06-06","Overall","quantile","0.3",424
"newGBQR","2026-06-13",-1,"2026-06-06","Overall","quantile","0.35",453
"newGBQR","2026-06-13",-1,"2026-06-06","Overall","quantile","0.4",474
"newGBQR","2026-06-13",-1,"2026-06-06","Overall","quantile","0.45",511
"newGBQR","2026-06-13",-1,"2026-06-06","Overall","quantile","0.5",546
"newGBQR","2026-06-13",-1,"2026-06-06","Overall","quantile","0.55",583
"newGBQR","2026-06-13",-1,"2026-06-06","Overall","quantile","0.6",608
"newGBQR","2026-06-13",-1,"2026-06-06","Overall","quantile","0.65",645
"newGBQR","2026-06-13",-1,"2026-06-06","Overall","quantile","0.7",666
"newGBQR","2026-06-13",-1,"2026-06-06","Overall","quantile","0.75",686
"newGBQR","2026-06-13",-1,"2026-06-06","Overall","quantile","0.8",721
"newGBQR","2026-06-13",-1,"2026-06-06","Overall","quantile","0.85",721
"newGBQR","2026-06-13",-1,"2026-06-06","Overall","quantile","0.9",728
"newGBQR","2026-06-13",-1,"2026-06-06","Overall","quantile","0.95",740
"newGBQR","2026-06-13",-1,"2026-06-06","Overall","quantile","0.975",758
"newGBQR","2026-06-13",-1,"2026-06-06","Overall","quantile","0.99",801
"newGBQR","2026-06-13",0,"2026-06-13","Overall","quantile","0.01",141
"newGBQR","2026-06-13",0,"2026-06-13","Overall","quantile","0.025",228
"newGBQR","2026-06-13",0,"2026-06-13","Overall","quantile","0.05",268
"newGBQR","2026-06-13",0,"2026-06-13","Overall","quantile","0.1",310
"newGBQR","2026-06-13",0,"2026-06-13","Overall","quantile","0.15",342
"newGBQR","2026-06-13",0,"2026-06-13","Overall","quantile","0.2",371
"newGBQR","2026-06-13",0,"2026-06-13","Overall","quantile","0.25",409
"newGBQR","2026-06-13",0,"2026-06-13","Overall","quantile","0.3",433
"newGBQR","2026-06-13",0,"2026-06-13","Overall","quantile","0.35",465
"newGBQR","2026-06-13",0,"2026-06-13","Overall","quantile","0.4",491
"newGBQR","2026-06-13",0,"2026-06-13","Overall","quantile","0.45",539
"newGBQR","2026-06-13",0,"2026-06-13","Overall","quantile","0.5",576
"newGBQR","2026-06-13",0,"2026-06-13","Overall","quantile","0.55",605
"newGBQR","2026-06-13",0,"2026-06-13","Overall","quantile","0.6",648
"newGBQR","2026-06-13",0,"2026-06-13","Overall","quantile","0.65",701
"newGBQR","2026-06-13",0,"2026-06-13","Overall","quantile","0.7",736
"newGBQR","2026-06-13",0,"2026-06-13","Overall","quantile","0.75",747
"newGBQR","2026-06-13",0,"2026-06-13","Overall","quantile","0.8",798
"newGBQR","2026-06-13",0,"2026-06-13","Overall","quantile","0.85",808
"newGBQR","2026-06-13",0,"2026-06-13","Overall","quantile","0.9",822
"newGBQR","2026-06-13",0,"2026-06-13","Overall","quantile","0.95",836
"newGBQR","2026-06-13",0,"2026-06-13","Overall","quantile","0.975",853
"newGBQR","2026-06-13",0,"2026-06-13","Overall","quantile","0.99",857
"newGBQR","2026-06-13",1,"2026-06-20","Overall","quantile","0.01",134
"newGBQR","2026-06-13",1,"2026-06-20","Overall","quantile","0.025",226
"newGBQR","2026-06-13",1,"2026-06-20","Overall","quantile","0.05",268
"newGBQR","2026-06-13",1,"2026-06-20","Overall","quantile","0.1",310
"newGBQR","2026-06-13",1,"2026-06-20","Overall","quantile","0.15",343
"newGBQR","2026-06-13",1,"2026-06-20","Overall","quantile","0.2",371
"newGBQR","2026-06-13",1,"2026-06-20","Overall","quantile","0.25",413
"newGBQR","2026-06-13",1,"2026-06-20","Overall","quantile","0.3",439
"newGBQR","2026-06-13",1,"2026-06-20","Overall","quantile","0.35",474
"newGBQR","2026-06-13",1,"2026-06-20","Overall","quantile","0.4",503
"newGBQR","2026-06-13",1,"2026-06-20","Overall","quantile","0.45",555
"newGBQR","2026-06-13",1,"2026-06-20","Overall","quantile","0.5",606
"newGBQR","2026-06-13",1,"2026-06-20","Overall","quantile","0.55",629
"newGBQR","2026-06-13",1,"2026-06-20","Overall","quantile","0.6",682
"newGBQR","2026-06-13",1,"2026-06-20","Overall","quantile","0.65",735
"newGBQR","2026-06-13",1,"2026-06-20","Overall","quantile","0.7",773
"newGBQR","2026-06-13",1,"2026-06-20","Overall","quantile","0.75",775
"newGBQR","2026-06-13",1,"2026-06-20","Overall","quantile","0.8",786
"newGBQR","2026-06-13",1,"2026-06-20","Overall","quantile","0.85",819
"newGBQR","2026-06-13",1,"2026-06-20","Overall","quantile","0.9",846
"newGBQR","2026-06-13",1,"2026-06-20","Overall","quantile","0.95",880
"newGBQR","2026-06-13",1,"2026-06-20","Overall","quantile","0.975",904
"newGBQR","2026-06-13",1,"2026-06-20","Overall","quantile","0.99",908
"newGBQR","2026-06-13",2,"2026-06-27","Overall","quantile","0.01",133
"newGBQR","2026-06-13",2,"2026-06-27","Overall","quantile","0.025",225
"newGBQR","2026-06-13",2,"2026-06-27","Overall","quantile","0.05",268
"newGBQR","2026-06-13",2,"2026-06-27","Overall","quantile","0.1",310
"newGBQR","2026-06-13",2,"2026-06-27","Overall","quantile","0.15",344
"newGBQR","2026-06-13",2,"2026-06-27","Overall","quantile","0.2",376
"newGBQR","2026-06-13",2,"2026-06-27","Overall","quantile","0.25",417
"newGBQR","2026-06-13",2,"2026-06-27","Overall","quantile","0.3",444
"newGBQR","2026-06-13",2,"2026-06-27","Overall","quantile","0.35",476
"newGBQR","2026-06-13",2,"2026-06-27","Overall","quantile","0.4",516
"newGBQR","2026-06-13",2,"2026-06-27","Overall","quantile","0.45",571
"newGBQR","2026-06-13",2,"2026-06-27","Overall","quantile","0.5",606
"newGBQR","2026-06-13",2,"2026-06-27","Overall","quantile","0.55",640
"newGBQR","2026-06-13",2,"2026-06-27","Overall","quantile","0.6",692
"newGBQR","2026-06-13",2,"2026-06-27","Overall","quantile","0.65",764
"newGBQR","2026-06-13",2,"2026-06-27","Overall","quantile","0.7",779
"newGBQR","2026-06-13",2,"2026-06-27","Overall","quantile","0.75",785
"newGBQR","2026-06-13",2,"2026-06-27","Overall","quantile","0.8",787
"newGBQR","2026-06-13",2,"2026-06-27","Overall","quantile","0.85",809
"newGBQR","2026-06-13",2,"2026-06-27","Overall","quantile","0.9",856
"newGBQR","2026-06-13",2,"2026-06-27","Overall","quantile","0.95",875
"newGBQR","2026-06-13",2,"2026-06-27","Overall","quantile","0.975",899
"newGBQR","2026-06-13",2,"2026-06-27","Overall","quantile","0.99",912
"newGBQR","2026-06-13",3,"2026-07-04","Overall","quantile","0.01",131
"newGBQR","2026-06-13",3,"2026-07-04","Overall","quantile","0.025",224
"newGBQR","2026-06-13",3,"2026-07-04","Overall","quantile","0.05",268
"newGBQR","2026-06-13",3,"2026-07-04","Overall","quantile","0.1",311
"newGBQR","2026-06-13",3,"2026-07-04","Overall","quantile","0.15",345
"newGBQR","2026-06-13",3,"2026-07-04","Overall","quantile","0.2",377
"newGBQR","2026-06-13",3,"2026-07-04","Overall","quantile","0.25",423
"newGBQR","2026-06-13",3,"2026-07-04","Overall","quantile","0.3",452
"newGBQR","2026-06-13",3,"2026-07-04","Overall","quantile","0.35",488
"newGBQR","2026-06-13",3,"2026-07-04","Overall","quantile","0.4",524
"newGBQR","2026-06-13",3,"2026-07-04","Overall","quantile","0.45",576
"newGBQR","2026-06-13",3,"2026-07-04","Overall","quantile","0.5",624
"newGBQR","2026-06-13",3,"2026-07-04","Overall","quantile","0.55",658
"newGBQR","2026-06-13",3,"2026-07-04","Overall","quantile","0.6",722
"newGBQR","2026-06-13",3,"2026-07-04","Overall","quantile","0.65",797
"newGBQR","2026-06-13",3,"2026-07-04","Overall","quantile","0.7",817
"newGBQR","2026-06-13",3,"2026-07-04","Overall","quantile","0.75",823
"newGBQR","2026-06-13",3,"2026-07-04","Overall","quantile","0.8",833
"newGBQR","2026-06-13",3,"2026-07-04","Overall","quantile","0.85",839
"newGBQR","2026-06-13",3,"2026-07-04","Overall","quantile","0.9",866
"newGBQR","2026-06-13",3,"2026-07-04","Overall","quantile","0.95",915
"newGBQR","2026-06-13",3,"2026-07-04","Overall","quantile","0.975",941
"newGBQR","2026-06-13",3,"2026-07-04","Overall","quantile","0.99",970
"newGBQR","2026-06-13",-5,"2026-05-09","Pediatrics","quantile","0.01",75
"newGBQR","2026-06-13",-5,"2026-05-09","Pediatrics","quantile","0.025",135
"newGBQR","2026-06-13",-5,"2026-05-09","Pediatrics","quantile","0.05",162
"newGBQR","2026-06-13",-5,"2026-05-09","Pediatrics","quantile","0.1",181
"newGBQR","2026-06-13",-5,"2026-05-09","Pediatrics","quantile","0.15",197
"newGBQR","2026-06-13",-5,"2026-05-09","Pediatrics","quantile","0.2",209
"newGBQR","2026-06-13",-5,"2026-05-09","Pediatrics","quantile","0.25",215
"newGBQR","2026-06-13",-5,"2026-05-09","Pediatrics","quantile","0.3",221
"newGBQR","2026-06-13",-5,"2026-05-09","Pediatrics","quantile","0.35",225
"newGBQR","2026-06-13",-5,"2026-05-09","Pediatrics","quantile","0.4",230
"newGBQR","2026-06-13",-5,"2026-05-09","Pediatrics","quantile","0.45",234
"newGBQR","2026-06-13",-5,"2026-05-09","Pediatrics","quantile","0.5",235
"newGBQR","2026-06-13",-5,"2026-05-09","Pediatrics","quantile","0.55",238
"newGBQR","2026-06-13",-5,"2026-05-09","Pediatrics","quantile","0.6",245
"newGBQR","2026-06-13",-5,"2026-05-09","Pediatrics","quantile","0.65",247
"newGBQR","2026-06-13",-5,"2026-05-09","Pediatrics","quantile","0.7",249
"newGBQR","2026-06-13",-5,"2026-05-09","Pediatrics","quantile","0.75",253
"newGBQR","2026-06-13",-5,"2026-05-09","Pediatrics","quantile","0.8",261
"newGBQR","2026-06-13",-5,"2026-05-09","Pediatrics","quantile","0.85",267
"newGBQR","2026-06-13",-5,"2026-05-09","Pediatrics","quantile","0.9",294
"newGBQR","2026-06-13",-5,"2026-05-09","Pediatrics","quantile","0.95",343
"newGBQR","2026-06-13",-5,"2026-05-09","Pediatrics","quantile","0.975",410
"newGBQR","2026-06-13",-5,"2026-05-09","Pediatrics","quantile","0.99",470
"newGBQR","2026-06-13",-4,"2026-05-16","Pediatrics","quantile","0.01",75
"newGBQR","2026-06-13",-4,"2026-05-16","Pediatrics","quantile","0.025",135
"newGBQR","2026-06-13",-4,"2026-05-16","Pediatrics","quantile","0.05",161
"newGBQR","2026-06-13",-4,"2026-05-16","Pediatrics","quantile","0.1",180
"newGBQR","2026-06-13",-4,"2026-05-16","Pediatrics","quantile","0.15",199
"newGBQR","2026-06-13",-4,"2026-05-16","Pediatrics","quantile","0.2",213
"newGBQR","2026-06-13",-4,"2026-05-16","Pediatrics","quantile","0.25",226
"newGBQR","2026-06-13",-4,"2026-05-16","Pediatrics","quantile","0.3",235
"newGBQR","2026-06-13",-4,"2026-05-16","Pediatrics","quantile","0.35",247
"newGBQR","2026-06-13",-4,"2026-05-16","Pediatrics","quantile","0.4",254
"newGBQR","2026-06-13",-4,"2026-05-16","Pediatrics","quantile","0.45",259
"newGBQR","2026-06-13",-4,"2026-05-16","Pediatrics","quantile","0.5",261
"newGBQR","2026-06-13",-4,"2026-05-16","Pediatrics","quantile","0.55",267
"newGBQR","2026-06-13",-4,"2026-05-16","Pediatrics","quantile","0.6",277
"newGBQR","2026-06-13",-4,"2026-05-16","Pediatrics","quantile","0.65",283
"newGBQR","2026-06-13",-4,"2026-05-16","Pediatrics","quantile","0.7",288
"newGBQR","2026-06-13",-4,"2026-05-16","Pediatrics","quantile","0.75",288
"newGBQR","2026-06-13",-4,"2026-05-16","Pediatrics","quantile","0.8",299
"newGBQR","2026-06-13",-4,"2026-05-16","Pediatrics","quantile","0.85",302
"newGBQR","2026-06-13",-4,"2026-05-16","Pediatrics","quantile","0.9",311
"newGBQR","2026-06-13",-4,"2026-05-16","Pediatrics","quantile","0.95",347
"newGBQR","2026-06-13",-4,"2026-05-16","Pediatrics","quantile","0.975",416
"newGBQR","2026-06-13",-4,"2026-05-16","Pediatrics","quantile","0.99",470
"newGBQR","2026-06-13",-3,"2026-05-23","Pediatrics","quantile","0.01",75
"newGBQR","2026-06-13",-3,"2026-05-23","Pediatrics","quantile","0.025",135
"newGBQR","2026-06-13",-3,"2026-05-23","Pediatrics","quantile","0.05",161
"newGBQR","2026-06-13",-3,"2026-05-23","Pediatrics","quantile","0.1",181
"newGBQR","2026-06-13",-3,"2026-05-23","Pediatrics","quantile","0.15",200
"newGBQR","2026-06-13",-3,"2026-05-23","Pediatrics","quantile","0.2",218
"newGBQR","2026-06-13",-3,"2026-05-23","Pediatrics","quantile","0.25",233
"newGBQR","2026-06-13",-3,"2026-05-23","Pediatrics","quantile","0.3",245
"newGBQR","2026-06-13",-3,"2026-05-23","Pediatrics","quantile","0.35",257
"newGBQR","2026-06-13",-3,"2026-05-23","Pediatrics","quantile","0.4",271
"newGBQR","2026-06-13",-3,"2026-05-23","Pediatrics","quantile","0.45",279
"newGBQR","2026-06-13",-3,"2026-05-23","Pediatrics","quantile","0.5",288
"newGBQR","2026-06-13",-3,"2026-05-23","Pediatrics","quantile","0.55",302
"newGBQR","2026-06-13",-3,"2026-05-23","Pediatrics","quantile","0.6",310
"newGBQR","2026-06-13",-3,"2026-05-23","Pediatrics","quantile","0.65",325
"newGBQR","2026-06-13",-3,"2026-05-23","Pediatrics","quantile","0.7",336
"newGBQR","2026-06-13",-3,"2026-05-23","Pediatrics","quantile","0.75",344
"newGBQR","2026-06-13",-3,"2026-05-23","Pediatrics","quantile","0.8",353
"newGBQR","2026-06-13",-3,"2026-05-23","Pediatrics","quantile","0.85",371
"newGBQR","2026-06-13",-3,"2026-05-23","Pediatrics","quantile","0.9",388
"newGBQR","2026-06-13",-3,"2026-05-23","Pediatrics","quantile","0.95",401
"newGBQR","2026-06-13",-3,"2026-05-23","Pediatrics","quantile","0.975",431
"newGBQR","2026-06-13",-3,"2026-05-23","Pediatrics","quantile","0.99",474
"newGBQR","2026-06-13",-2,"2026-05-30","Pediatrics","quantile","0.01",75
"newGBQR","2026-06-13",-2,"2026-05-30","Pediatrics","quantile","0.025",135
"newGBQR","2026-06-13",-2,"2026-05-30","Pediatrics","quantile","0.05",160
"newGBQR","2026-06-13",-2,"2026-05-30","Pediatrics","quantile","0.1",183
"newGBQR","2026-06-13",-2,"2026-05-30","Pediatrics","quantile","0.15",205
"newGBQR","2026-06-13",-2,"2026-05-30","Pediatrics","quantile","0.2",221
"newGBQR","2026-06-13",-2,"2026-05-30","Pediatrics","quantile","0.25",236
"newGBQR","2026-06-13",-2,"2026-05-30","Pediatrics","quantile","0.3",252
"newGBQR","2026-06-13",-2,"2026-05-30","Pediatrics","quantile","0.35",264
"newGBQR","2026-06-13",-2,"2026-05-30","Pediatrics","quantile","0.4",282
"newGBQR","2026-06-13",-2,"2026-05-30","Pediatrics","quantile","0.45",300
"newGBQR","2026-06-13",-2,"2026-05-30","Pediatrics","quantile","0.5",313
"newGBQR","2026-06-13",-2,"2026-05-30","Pediatrics","quantile","0.55",334
"newGBQR","2026-06-13",-2,"2026-05-30","Pediatrics","quantile","0.6",338
"newGBQR","2026-06-13",-2,"2026-05-30","Pediatrics","quantile","0.65",351
"newGBQR","2026-06-13",-2,"2026-05-30","Pediatrics","quantile","0.7",364
"newGBQR","2026-06-13",-2,"2026-05-30","Pediatrics","quantile","0.75",375
"newGBQR","2026-06-13",-2,"2026-05-30","Pediatrics","quantile","0.8",394
"newGBQR","2026-06-13",-2,"2026-05-30","Pediatrics","quantile","0.85",423
"newGBQR","2026-06-13",-2,"2026-05-30","Pediatrics","quantile","0.9",438
"newGBQR","2026-06-13",-2,"2026-05-30","Pediatrics","quantile","0.95",455
"newGBQR","2026-06-13",-2,"2026-05-30","Pediatrics","quantile","0.975",480
"newGBQR","2026-06-13",-2,"2026-05-30","Pediatrics","quantile","0.99",480
"newGBQR","2026-06-13",-1,"2026-06-06","Pediatrics","quantile","0.01",75
"newGBQR","2026-06-13",-1,"2026-06-06","Pediatrics","quantile","0.025",133
"newGBQR","2026-06-13",-1,"2026-06-06","Pediatrics","quantile","0.05",160
"newGBQR","2026-06-13",-1,"2026-06-06","Pediatrics","quantile","0.1",185
"newGBQR","2026-06-13",-1,"2026-06-06","Pediatrics","quantile","0.15",207
"newGBQR","2026-06-13",-1,"2026-06-06","Pediatrics","quantile","0.2",224
"newGBQR","2026-06-13",-1,"2026-06-06","Pediatrics","quantile","0.25",240
"newGBQR","2026-06-13",-1,"2026-06-06","Pediatrics","quantile","0.3",256
"newGBQR","2026-06-13",-1,"2026-06-06","Pediatrics","quantile","0.35",273
"newGBQR","2026-06-13",-1,"2026-06-06","Pediatrics","quantile","0.4",291
"newGBQR","2026-06-13",-1,"2026-06-06","Pediatrics","quantile","0.45",308
"newGBQR","2026-06-13",-1,"2026-06-06","Pediatrics","quantile","0.5",330
"newGBQR","2026-06-13",-1,"2026-06-06","Pediatrics","quantile","0.55",353
"newGBQR","2026-06-13",-1,"2026-06-06","Pediatrics","quantile","0.6",362
"newGBQR","2026-06-13",-1,"2026-06-06","Pediatrics","quantile","0.65",375
"newGBQR","2026-06-13",-1,"2026-06-06","Pediatrics","quantile","0.7",390
"newGBQR","2026-06-13",-1,"2026-06-06","Pediatrics","quantile","0.75",406
"newGBQR","2026-06-13",-1,"2026-06-06","Pediatrics","quantile","0.8",434
"newGBQR","2026-06-13",-1,"2026-06-06","Pediatrics","quantile","0.85",471
"newGBQR","2026-06-13",-1,"2026-06-06","Pediatrics","quantile","0.9",475
"newGBQR","2026-06-13",-1,"2026-06-06","Pediatrics","quantile","0.95",478
"newGBQR","2026-06-13",-1,"2026-06-06","Pediatrics","quantile","0.975",495
"newGBQR","2026-06-13",-1,"2026-06-06","Pediatrics","quantile","0.99",496
"newGBQR","2026-06-13",0,"2026-06-13","Pediatrics","quantile","0.01",75
"newGBQR","2026-06-13",0,"2026-06-13","Pediatrics","quantile","0.025",133
"newGBQR","2026-06-13",0,"2026-06-13","Pediatrics","quantile","0.05",160
"newGBQR","2026-06-13",0,"2026-06-13","Pediatrics","quantile","0.1",185
"newGBQR","2026-06-13",0,"2026-06-13","Pediatrics","quantile","0.15",208
"newGBQR","2026-06-13",0,"2026-06-13","Pediatrics","quantile","0.2",225
"newGBQR","2026-06-13",0,"2026-06-13","Pediatrics","quantile","0.25",244
"newGBQR","2026-06-13",0,"2026-06-13","Pediatrics","quantile","0.3",261
"newGBQR","2026-06-13",0,"2026-06-13","Pediatrics","quantile","0.35",277
"newGBQR","2026-06-13",0,"2026-06-13","Pediatrics","quantile","0.4",295
"newGBQR","2026-06-13",0,"2026-06-13","Pediatrics","quantile","0.45",317
"newGBQR","2026-06-13",0,"2026-06-13","Pediatrics","quantile","0.5",338
"newGBQR","2026-06-13",0,"2026-06-13","Pediatrics","quantile","0.55",366
"newGBQR","2026-06-13",0,"2026-06-13","Pediatrics","quantile","0.6",369
"newGBQR","2026-06-13",0,"2026-06-13","Pediatrics","quantile","0.65",390
"newGBQR","2026-06-13",0,"2026-06-13","Pediatrics","quantile","0.7",407
"newGBQR","2026-06-13",0,"2026-06-13","Pediatrics","quantile","0.75",427
"newGBQR","2026-06-13",0,"2026-06-13","Pediatrics","quantile","0.8",445
"newGBQR","2026-06-13",0,"2026-06-13","Pediatrics","quantile","0.85",486
"newGBQR","2026-06-13",0,"2026-06-13","Pediatrics","quantile","0.9",492
"newGBQR","2026-06-13",0,"2026-06-13","Pediatrics","quantile","0.95",499
"newGBQR","2026-06-13",0,"2026-06-13","Pediatrics","quantile","0.975",499
"newGBQR","2026-06-13",0,"2026-06-13","Pediatrics","quantile","0.99",503
"newGBQR","2026-06-13",1,"2026-06-20","Pediatrics","quantile","0.01",70
"newGBQR","2026-06-13",1,"2026-06-20","Pediatrics","quantile","0.025",132
"newGBQR","2026-06-13",1,"2026-06-20","Pediatrics","quantile","0.05",160
"newGBQR","2026-06-13",1,"2026-06-20","Pediatrics","quantile","0.1",185
"newGBQR","2026-06-13",1,"2026-06-20","Pediatrics","quantile","0.15",209
"newGBQR","2026-06-13",1,"2026-06-20","Pediatrics","quantile","0.2",228
"newGBQR","2026-06-13",1,"2026-06-20","Pediatrics","quantile","0.25",246
"newGBQR","2026-06-13",1,"2026-06-20","Pediatrics","quantile","0.3",264
"newGBQR","2026-06-13",1,"2026-06-20","Pediatrics","quantile","0.35",281
"newGBQR","2026-06-13",1,"2026-06-20","Pediatrics","quantile","0.4",300
"newGBQR","2026-06-13",1,"2026-06-20","Pediatrics","quantile","0.45",317
"newGBQR","2026-06-13",1,"2026-06-20","Pediatrics","quantile","0.5",347
"newGBQR","2026-06-13",1,"2026-06-20","Pediatrics","quantile","0.55",373
"newGBQR","2026-06-13",1,"2026-06-20","Pediatrics","quantile","0.6",381
"newGBQR","2026-06-13",1,"2026-06-20","Pediatrics","quantile","0.65",398
"newGBQR","2026-06-13",1,"2026-06-20","Pediatrics","quantile","0.7",413
"newGBQR","2026-06-13",1,"2026-06-20","Pediatrics","quantile","0.75",437
"newGBQR","2026-06-13",1,"2026-06-20","Pediatrics","quantile","0.8",455
"newGBQR","2026-06-13",1,"2026-06-20","Pediatrics","quantile","0.85",483
"newGBQR","2026-06-13",1,"2026-06-20","Pediatrics","quantile","0.9",484
"newGBQR","2026-06-13",1,"2026-06-20","Pediatrics","quantile","0.95",491
"newGBQR","2026-06-13",1,"2026-06-20","Pediatrics","quantile","0.975",505
"newGBQR","2026-06-13",1,"2026-06-20","Pediatrics","quantile","0.99",505
"newGBQR","2026-06-13",2,"2026-06-27","Pediatrics","quantile","0.01",69
"newGBQR","2026-06-13",2,"2026-06-27","Pediatrics","quantile","0.025",130
"newGBQR","2026-06-13",2,"2026-06-27","Pediatrics","quantile","0.05",159
"newGBQR","2026-06-13",2,"2026-06-27","Pediatrics","quantile","0.1",184
"newGBQR","2026-06-13",2,"2026-06-27","Pediatrics","quantile","0.15",210
"newGBQR","2026-06-13",2,"2026-06-27","Pediatrics","quantile","0.2",231
"newGBQR","2026-06-13",2,"2026-06-27","Pediatrics","quantile","0.25",251
"newGBQR","2026-06-13",2,"2026-06-27","Pediatrics","quantile","0.3",267
"newGBQR","2026-06-13",2,"2026-06-27","Pediatrics","quantile","0.35",283
"newGBQR","2026-06-13",2,"2026-06-27","Pediatrics","quantile","0.4",301
"newGBQR","2026-06-13",2,"2026-06-27","Pediatrics","quantile","0.45",320
"newGBQR","2026-06-13",2,"2026-06-27","Pediatrics","quantile","0.5",348
"newGBQR","2026-06-13",2,"2026-06-27","Pediatrics","quantile","0.55",378
"newGBQR","2026-06-13",2,"2026-06-27","Pediatrics","quantile","0.6",384
"newGBQR","2026-06-13",2,"2026-06-27","Pediatrics","quantile","0.65",406
"newGBQR","2026-06-13",2,"2026-06-27","Pediatrics","quantile","0.7",417
"newGBQR","2026-06-13",2,"2026-06-27","Pediatrics","quantile","0.75",436
"newGBQR","2026-06-13",2,"2026-06-27","Pediatrics","quantile","0.8",453
"newGBQR","2026-06-13",2,"2026-06-27","Pediatrics","quantile","0.85",477
"newGBQR","2026-06-13",2,"2026-06-27","Pediatrics","quantile","0.9",482
"newGBQR","2026-06-13",2,"2026-06-27","Pediatrics","quantile","0.95",493
"newGBQR","2026-06-13",2,"2026-06-27","Pediatrics","quantile","0.975",495
"newGBQR","2026-06-13",2,"2026-06-27","Pediatrics","quantile","0.99",503
"newGBQR","2026-06-13",3,"2026-07-04","Pediatrics","quantile","0.01",67
"newGBQR","2026-06-13",3,"2026-07-04","Pediatrics","quantile","0.025",130
"newGBQR","2026-06-13",3,"2026-07-04","Pediatrics","quantile","0.05",159
"newGBQR","2026-06-13",3,"2026-07-04","Pediatrics","quantile","0.1",184
"newGBQR","2026-06-13",3,"2026-07-04","Pediatrics","quantile","0.15",209
"newGBQR","2026-06-13",3,"2026-07-04","Pediatrics","quantile","0.2",231
"newGBQR","2026-06-13",3,"2026-07-04","Pediatrics","quantile","0.25",254
"newGBQR","2026-06-13",3,"2026-07-04","Pediatrics","quantile","0.3",276
"newGBQR","2026-06-13",3,"2026-07-04","Pediatrics","quantile","0.35",293
"newGBQR","2026-06-13",3,"2026-07-04","Pediatrics","quantile","0.4",311
"newGBQR","2026-06-13",3,"2026-07-04","Pediatrics","quantile","0.45",324
"newGBQR","2026-06-13",3,"2026-07-04","Pediatrics","quantile","0.5",351
"newGBQR","2026-06-13",3,"2026-07-04","Pediatrics","quantile","0.55",381
"newGBQR","2026-06-13",3,"2026-07-04","Pediatrics","quantile","0.6",389
"newGBQR","2026-06-13",3,"2026-07-04","Pediatrics","quantile","0.65",406
"newGBQR","2026-06-13",3,"2026-07-04","Pediatrics","quantile","0.7",420
"newGBQR","2026-06-13",3,"2026-07-04","Pediatrics","quantile","0.75",442
"newGBQR","2026-06-13",3,"2026-07-04","Pediatrics","quantile","0.8",457
"newGBQR","2026-06-13",3,"2026-07-04","Pediatrics","quantile","0.85",479
"newGBQR","2026-06-13",3,"2026-07-04","Pediatrics","quantile","0.9",487
"newGBQR","2026-06-13",3,"2026-07-04","Pediatrics","quantile","0.95",494
"newGBQR","2026-06-13",3,"2026-07-04","Pediatrics","quantile","0.975",500
"newGBQR","2026-06-13",3,"2026-07-04","Pediatrics","quantile","0.99",507
"Ensemble","2026-06-13",-5,"2026-05-09","Adults","quantile","0.01",79
"Ensemble","2026-06-13",-5,"2026-05-09","Adults","quantile","0.025",85
"Ensemble","2026-06-13",-5,"2026-05-09","Adults","quantile","0.05",93
"Ensemble","2026-06-13",-5,"2026-05-09","Adults","quantile","0.1",101
"Ensemble","2026-06-13",-5,"2026-05-09","Adults","quantile","0.15",104
"Ensemble","2026-06-13",-5,"2026-05-09","Adults","quantile","0.2",108
"Ensemble","2026-06-13",-5,"2026-05-09","Adults","quantile","0.25",111
"Ensemble","2026-06-13",-5,"2026-05-09","Adults","quantile","0.3",115
"Ensemble","2026-06-13",-5,"2026-05-09","Adults","quantile","0.35",118
"Ensemble","2026-06-13",-5,"2026-05-09","Adults","quantile","0.4",121
"Ensemble","2026-06-13",-5,"2026-05-09","Adults","quantile","0.45",123
"Ensemble","2026-06-13",-5,"2026-05-09","Adults","quantile","0.5",126
"Ensemble","2026-06-13",-5,"2026-05-09","Adults","quantile","0.55",129
"Ensemble","2026-06-13",-5,"2026-05-09","Adults","quantile","0.6",132
"Ensemble","2026-06-13",-5,"2026-05-09","Adults","quantile","0.65",135
"Ensemble","2026-06-13",-5,"2026-05-09","Adults","quantile","0.7",138
"Ensemble","2026-06-13",-5,"2026-05-09","Adults","quantile","0.75",143
"Ensemble","2026-06-13",-5,"2026-05-09","Adults","quantile","0.8",147
"Ensemble","2026-06-13",-5,"2026-05-09","Adults","quantile","0.85",153
"Ensemble","2026-06-13",-5,"2026-05-09","Adults","quantile","0.9",160
"Ensemble","2026-06-13",-5,"2026-05-09","Adults","quantile","0.95",171
"Ensemble","2026-06-13",-5,"2026-05-09","Adults","quantile","0.975",183
"Ensemble","2026-06-13",-5,"2026-05-09","Adults","quantile","0.99",194
"Ensemble","2026-06-13",-5,"2026-05-09","Overall","quantile","0.01",241
"Ensemble","2026-06-13",-5,"2026-05-09","Overall","quantile","0.025",253
"Ensemble","2026-06-13",-5,"2026-05-09","Overall","quantile","0.05",268
"Ensemble","2026-06-13",-5,"2026-05-09","Overall","quantile","0.1",288
"Ensemble","2026-06-13",-5,"2026-05-09","Overall","quantile","0.15",296
"Ensemble","2026-06-13",-5,"2026-05-09","Overall","quantile","0.2",302
"Ensemble","2026-06-13",-5,"2026-05-09","Overall","quantile","0.25",308
"Ensemble","2026-06-13",-5,"2026-05-09","Overall","quantile","0.3",314
"Ensemble","2026-06-13",-5,"2026-05-09","Overall","quantile","0.35",320
"Ensemble","2026-06-13",-5,"2026-05-09","Overall","quantile","0.4",326
"Ensemble","2026-06-13",-5,"2026-05-09","Overall","quantile","0.45",332
"Ensemble","2026-06-13",-5,"2026-05-09","Overall","quantile","0.5",338
"Ensemble","2026-06-13",-5,"2026-05-09","Overall","quantile","0.55",344
"Ensemble","2026-06-13",-5,"2026-05-09","Overall","quantile","0.6",351
"Ensemble","2026-06-13",-5,"2026-05-09","Overall","quantile","0.65",356
"Ensemble","2026-06-13",-5,"2026-05-09","Overall","quantile","0.7",363
"Ensemble","2026-06-13",-5,"2026-05-09","Overall","quantile","0.75",370
"Ensemble","2026-06-13",-5,"2026-05-09","Overall","quantile","0.8",379
"Ensemble","2026-06-13",-5,"2026-05-09","Overall","quantile","0.85",389
"Ensemble","2026-06-13",-5,"2026-05-09","Overall","quantile","0.9",403
"Ensemble","2026-06-13",-5,"2026-05-09","Overall","quantile","0.95",424
"Ensemble","2026-06-13",-5,"2026-05-09","Overall","quantile","0.975",444
"Ensemble","2026-06-13",-5,"2026-05-09","Overall","quantile","0.99",463
"Ensemble","2026-06-13",-5,"2026-05-09","Pediatrics","quantile","0.01",138
"Ensemble","2026-06-13",-5,"2026-05-09","Pediatrics","quantile","0.025",148
"Ensemble","2026-06-13",-5,"2026-05-09","Pediatrics","quantile","0.05",162
"Ensemble","2026-06-13",-5,"2026-05-09","Pediatrics","quantile","0.1",181
"Ensemble","2026-06-13",-5,"2026-05-09","Pediatrics","quantile","0.15",187
"Ensemble","2026-06-13",-5,"2026-05-09","Pediatrics","quantile","0.2",191
"Ensemble","2026-06-13",-5,"2026-05-09","Pediatrics","quantile","0.25",195
"Ensemble","2026-06-13",-5,"2026-05-09","Pediatrics","quantile","0.3",198
"Ensemble","2026-06-13",-5,"2026-05-09","Pediatrics","quantile","0.35",200
"Ensemble","2026-06-13",-5,"2026-05-09","Pediatrics","quantile","0.4",203
"Ensemble","2026-06-13",-5,"2026-05-09","Pediatrics","quantile","0.45",206
"Ensemble","2026-06-13",-5,"2026-05-09","Pediatrics","quantile","0.5",210
"Ensemble","2026-06-13",-5,"2026-05-09","Pediatrics","quantile","0.55",214
"Ensemble","2026-06-13",-5,"2026-05-09","Pediatrics","quantile","0.6",219
"Ensemble","2026-06-13",-5,"2026-05-09","Pediatrics","quantile","0.65",224
"Ensemble","2026-06-13",-5,"2026-05-09","Pediatrics","quantile","0.7",229
"Ensemble","2026-06-13",-5,"2026-05-09","Pediatrics","quantile","0.75",236
"Ensemble","2026-06-13",-5,"2026-05-09","Pediatrics","quantile","0.8",242
"Ensemble","2026-06-13",-5,"2026-05-09","Pediatrics","quantile","0.85",250
"Ensemble","2026-06-13",-5,"2026-05-09","Pediatrics","quantile","0.9",260
"Ensemble","2026-06-13",-5,"2026-05-09","Pediatrics","quantile","0.95",277
"Ensemble","2026-06-13",-5,"2026-05-09","Pediatrics","quantile","0.975",293
"Ensemble","2026-06-13",-5,"2026-05-09","Pediatrics","quantile","0.99",312
"Ensemble","2026-06-13",-4,"2026-05-16","Adults","quantile","0.01",82
"Ensemble","2026-06-13",-4,"2026-05-16","Adults","quantile","0.025",91
"Ensemble","2026-06-13",-4,"2026-05-16","Adults","quantile","0.05",99
"Ensemble","2026-06-13",-4,"2026-05-16","Adults","quantile","0.1",109
"Ensemble","2026-06-13",-4,"2026-05-16","Adults","quantile","0.15",115
"Ensemble","2026-06-13",-4,"2026-05-16","Adults","quantile","0.2",120
"Ensemble","2026-06-13",-4,"2026-05-16","Adults","quantile","0.25",126
"Ensemble","2026-06-13",-4,"2026-05-16","Adults","quantile","0.3",130
"Ensemble","2026-06-13",-4,"2026-05-16","Adults","quantile","0.35",135
"Ensemble","2026-06-13",-4,"2026-05-16","Adults","quantile","0.4",139
"Ensemble","2026-06-13",-4,"2026-05-16","Adults","quantile","0.45",143
"Ensemble","2026-06-13",-4,"2026-05-16","Adults","quantile","0.5",148
"Ensemble","2026-06-13",-4,"2026-05-16","Adults","quantile","0.55",152
"Ensemble","2026-06-13",-4,"2026-05-16","Adults","quantile","0.6",157
"Ensemble","2026-06-13",-4,"2026-05-16","Adults","quantile","0.65",162
"Ensemble","2026-06-13",-4,"2026-05-16","Adults","quantile","0.7",167
"Ensemble","2026-06-13",-4,"2026-05-16","Adults","quantile","0.75",174
"Ensemble","2026-06-13",-4,"2026-05-16","Adults","quantile","0.8",176
"Ensemble","2026-06-13",-4,"2026-05-16","Adults","quantile","0.85",178
"Ensemble","2026-06-13",-4,"2026-05-16","Adults","quantile","0.9",199
"Ensemble","2026-06-13",-4,"2026-05-16","Adults","quantile","0.95",217
"Ensemble","2026-06-13",-4,"2026-05-16","Adults","quantile","0.975",236
"Ensemble","2026-06-13",-4,"2026-05-16","Adults","quantile","0.99",255
"Ensemble","2026-06-13",-4,"2026-05-16","Overall","quantile","0.01",251
"Ensemble","2026-06-13",-4,"2026-05-16","Overall","quantile","0.025",270
"Ensemble","2026-06-13",-4,"2026-05-16","Overall","quantile","0.05",288
"Ensemble","2026-06-13",-4,"2026-05-16","Overall","quantile","0.1",311
"Ensemble","2026-06-13",-4,"2026-05-16","Overall","quantile","0.15",322
"Ensemble","2026-06-13",-4,"2026-05-16","Overall","quantile","0.2",335
"Ensemble","2026-06-13",-4,"2026-05-16","Overall","quantile","0.25",346
"Ensemble","2026-06-13",-4,"2026-05-16","Overall","quantile","0.3",356
"Ensemble","2026-06-13",-4,"2026-05-16","Overall","quantile","0.35",366
"Ensemble","2026-06-13",-4,"2026-05-16","Overall","quantile","0.4",375
"Ensemble","2026-06-13",-4,"2026-05-16","Overall","quantile","0.45",384
"Ensemble","2026-06-13",-4,"2026-05-16","Overall","quantile","0.5",390
"Ensemble","2026-06-13",-4,"2026-05-16","Overall","quantile","0.55",394
"Ensemble","2026-06-13",-4,"2026-05-16","Overall","quantile","0.6",401
"Ensemble","2026-06-13",-4,"2026-05-16","Overall","quantile","0.65",407
"Ensemble","2026-06-13",-4,"2026-05-16","Overall","quantile","0.7",415
"Ensemble","2026-06-13",-4,"2026-05-16","Overall","quantile","0.75",420
"Ensemble","2026-06-13",-4,"2026-05-16","Overall","quantile","0.8",420
"Ensemble","2026-06-13",-4,"2026-05-16","Overall","quantile","0.85",429
"Ensemble","2026-06-13",-4,"2026-05-16","Overall","quantile","0.9",457
"Ensemble","2026-06-13",-4,"2026-05-16","Overall","quantile","0.95",531
"Ensemble","2026-06-13",-4,"2026-05-16","Overall","quantile","0.975",565
"Ensemble","2026-06-13",-4,"2026-05-16","Overall","quantile","0.99",606
"Ensemble","2026-06-13",-4,"2026-05-16","Pediatrics","quantile","0.01",142
"Ensemble","2026-06-13",-4,"2026-05-16","Pediatrics","quantile","0.025",154
"Ensemble","2026-06-13",-4,"2026-05-16","Pediatrics","quantile","0.05",166
"Ensemble","2026-06-13",-4,"2026-05-16","Pediatrics","quantile","0.1",181
"Ensemble","2026-06-13",-4,"2026-05-16","Pediatrics","quantile","0.15",199
"Ensemble","2026-06-13",-4,"2026-05-16","Pediatrics","quantile","0.2",207
"Ensemble","2026-06-13",-4,"2026-05-16","Pediatrics","quantile","0.25",212
"Ensemble","2026-06-13",-4,"2026-05-16","Pediatrics","quantile","0.3",217
"Ensemble","2026-06-13",-4,"2026-05-16","Pediatrics","quantile","0.35",223
"Ensemble","2026-06-13",-4,"2026-05-16","Pediatrics","quantile","0.4",229
"Ensemble","2026-06-13",-4,"2026-05-16","Pediatrics","quantile","0.45",236
"Ensemble","2026-06-13",-4,"2026-05-16","Pediatrics","quantile","0.5",243
"Ensemble","2026-06-13",-4,"2026-05-16","Pediatrics","quantile","0.55",249
"Ensemble","2026-06-13",-4,"2026-05-16","Pediatrics","quantile","0.6",256
"Ensemble","2026-06-13",-4,"2026-05-16","Pediatrics","quantile","0.65",263
"Ensemble","2026-06-13",-4,"2026-05-16","Pediatrics","quantile","0.7",272
"Ensemble","2026-06-13",-4,"2026-05-16","Pediatrics","quantile","0.75",281
"Ensemble","2026-06-13",-4,"2026-05-16","Pediatrics","quantile","0.8",291
"Ensemble","2026-06-13",-4,"2026-05-16","Pediatrics","quantile","0.85",302
"Ensemble","2026-06-13",-4,"2026-05-16","Pediatrics","quantile","0.9",311
"Ensemble","2026-06-13",-4,"2026-05-16","Pediatrics","quantile","0.95",347
"Ensemble","2026-06-13",-4,"2026-05-16","Pediatrics","quantile","0.975",374
"Ensemble","2026-06-13",-4,"2026-05-16","Pediatrics","quantile","0.99",408
"Ensemble","2026-06-13",-3,"2026-05-23","Adults","quantile","0.01",91
"Ensemble","2026-06-13",-3,"2026-05-23","Adults","quantile","0.025",100
"Ensemble","2026-06-13",-3,"2026-05-23","Adults","quantile","0.05",108
"Ensemble","2026-06-13",-3,"2026-05-23","Adults","quantile","0.1",117
"Ensemble","2026-06-13",-3,"2026-05-23","Adults","quantile","0.15",127
"Ensemble","2026-06-13",-3,"2026-05-23","Adults","quantile","0.2",141
"Ensemble","2026-06-13",-3,"2026-05-23","Adults","quantile","0.25",148
"Ensemble","2026-06-13",-3,"2026-05-23","Adults","quantile","0.3",154
"Ensemble","2026-06-13",-3,"2026-05-23","Adults","quantile","0.35",160
"Ensemble","2026-06-13",-3,"2026-05-23","Adults","quantile","0.4",166
"Ensemble","2026-06-13",-3,"2026-05-23","Adults","quantile","0.45",172
"Ensemble","2026-06-13",-3,"2026-05-23","Adults","quantile","0.5",178
"Ensemble","2026-06-13",-3,"2026-05-23","Adults","quantile","0.55",184
"Ensemble","2026-06-13",-3,"2026-05-23","Adults","quantile","0.6",190
"Ensemble","2026-06-13",-3,"2026-05-23","Adults","quantile","0.65",197
"Ensemble","2026-06-13",-3,"2026-05-23","Adults","quantile","0.7",205
"Ensemble","2026-06-13",-3,"2026-05-23","Adults","quantile","0.75",214
"Ensemble","2026-06-13",-3,"2026-05-23","Adults","quantile","0.8",224
"Ensemble","2026-06-13",-3,"2026-05-23","Adults","quantile","0.85",235
"Ensemble","2026-06-13",-3,"2026-05-23","Adults","quantile","0.9",247
"Ensemble","2026-06-13",-3,"2026-05-23","Adults","quantile","0.95",277
"Ensemble","2026-06-13",-3,"2026-05-23","Adults","quantile","0.975",302
"Ensemble","2026-06-13",-3,"2026-05-23","Adults","quantile","0.99",336
"Ensemble","2026-06-13",-3,"2026-05-23","Overall","quantile","0.01",279
"Ensemble","2026-06-13",-3,"2026-05-23","Overall","quantile","0.025",305
"Ensemble","2026-06-13",-3,"2026-05-23","Overall","quantile","0.05",315
"Ensemble","2026-06-13",-3,"2026-05-23","Overall","quantile","0.1",336
"Ensemble","2026-06-13",-3,"2026-05-23","Overall","quantile","0.15",347
"Ensemble","2026-06-13",-3,"2026-05-23","Overall","quantile","0.2",359
"Ensemble","2026-06-13",-3,"2026-05-23","Overall","quantile","0.25",371
"Ensemble","2026-06-13",-3,"2026-05-23","Overall","quantile","0.3",382
"Ensemble","2026-06-13",-3,"2026-05-23","Overall","quantile","0.35",392
"Ensemble","2026-06-13",-3,"2026-05-23","Overall","quantile","0.4",403
"Ensemble","2026-06-13",-3,"2026-05-23","Overall","quantile","0.45",425
"Ensemble","2026-06-13",-3,"2026-05-23","Overall","quantile","0.5",429
"Ensemble","2026-06-13",-3,"2026-05-23","Overall","quantile","0.55",438
"Ensemble","2026-06-13",-3,"2026-05-23","Overall","quantile","0.6",448
"Ensemble","2026-06-13",-3,"2026-05-23","Overall","quantile","0.65",458
"Ensemble","2026-06-13",-3,"2026-05-23","Overall","quantile","0.7",466
"Ensemble","2026-06-13",-3,"2026-05-23","Overall","quantile","0.75",469
"Ensemble","2026-06-13",-3,"2026-05-23","Overall","quantile","0.8",486
"Ensemble","2026-06-13",-3,"2026-05-23","Overall","quantile","0.85",508
"Ensemble","2026-06-13",-3,"2026-05-23","Overall","quantile","0.9",539
"Ensemble","2026-06-13",-3,"2026-05-23","Overall","quantile","0.95",581
"Ensemble","2026-06-13",-3,"2026-05-23","Overall","quantile","0.975",662
"Ensemble","2026-06-13",-3,"2026-05-23","Overall","quantile","0.99",753
"Ensemble","2026-06-13",-3,"2026-05-23","Pediatrics","quantile","0.01",155
"Ensemble","2026-06-13",-3,"2026-05-23","Pediatrics","quantile","0.025",171
"Ensemble","2026-06-13",-3,"2026-05-23","Pediatrics","quantile","0.05",187
"Ensemble","2026-06-13",-3,"2026-05-23","Pediatrics","quantile","0.1",205
"Ensemble","2026-06-13",-3,"2026-05-23","Pediatrics","quantile","0.15",219
"Ensemble","2026-06-13",-3,"2026-05-23","Pediatrics","quantile","0.2",227
"Ensemble","2026-06-13",-3,"2026-05-23","Pediatrics","quantile","0.25",235
"Ensemble","2026-06-13",-3,"2026-05-23","Pediatrics","quantile","0.3",245
"Ensemble","2026-06-13",-3,"2026-05-23","Pediatrics","quantile","0.35",257
"Ensemble","2026-06-13",-3,"2026-05-23","Pediatrics","quantile","0.4",269
"Ensemble","2026-06-13",-3,"2026-05-23","Pediatrics","quantile","0.45",278
"Ensemble","2026-06-13",-3,"2026-05-23","Pediatrics","quantile","0.5",286
"Ensemble","2026-06-13",-3,"2026-05-23","Pediatrics","quantile","0.55",296
"Ensemble","2026-06-13",-3,"2026-05-23","Pediatrics","quantile","0.6",306
"Ensemble","2026-06-13",-3,"2026-05-23","Pediatrics","quantile","0.65",318
"Ensemble","2026-06-13",-3,"2026-05-23","Pediatrics","quantile","0.7",331
"Ensemble","2026-06-13",-3,"2026-05-23","Pediatrics","quantile","0.75",344
"Ensemble","2026-06-13",-3,"2026-05-23","Pediatrics","quantile","0.8",353
"Ensemble","2026-06-13",-3,"2026-05-23","Pediatrics","quantile","0.85",371
"Ensemble","2026-06-13",-3,"2026-05-23","Pediatrics","quantile","0.9",388
"Ensemble","2026-06-13",-3,"2026-05-23","Pediatrics","quantile","0.95",401
"Ensemble","2026-06-13",-3,"2026-05-23","Pediatrics","quantile","0.975",431
"Ensemble","2026-06-13",-3,"2026-05-23","Pediatrics","quantile","0.99",474
"Ensemble","2026-06-13",-2,"2026-05-30","Adults","quantile","0.01",100
"Ensemble","2026-06-13",-2,"2026-05-30","Adults","quantile","0.025",108
"Ensemble","2026-06-13",-2,"2026-05-30","Adults","quantile","0.05",114
"Ensemble","2026-06-13",-2,"2026-05-30","Adults","quantile","0.1",125
"Ensemble","2026-06-13",-2,"2026-05-30","Adults","quantile","0.15",133
"Ensemble","2026-06-13",-2,"2026-05-30","Adults","quantile","0.2",147
"Ensemble","2026-06-13",-2,"2026-05-30","Adults","quantile","0.25",165
"Ensemble","2026-06-13",-2,"2026-05-30","Adults","quantile","0.3",179
"Ensemble","2026-06-13",-2,"2026-05-30","Adults","quantile","0.35",188
"Ensemble","2026-06-13",-2,"2026-05-30","Adults","quantile","0.4",197
"Ensemble","2026-06-13",-2,"2026-05-30","Adults","quantile","0.45",204
"Ensemble","2026-06-13",-2,"2026-05-30","Adults","quantile","0.5",211
"Ensemble","2026-06-13",-2,"2026-05-30","Adults","quantile","0.55",220
"Ensemble","2026-06-13",-2,"2026-05-30","Adults","quantile","0.6",230
"Ensemble","2026-06-13",-2,"2026-05-30","Adults","quantile","0.65",240
"Ensemble","2026-06-13",-2,"2026-05-30","Adults","quantile","0.7",251
"Ensemble","2026-06-13",-2,"2026-05-30","Adults","quantile","0.75",261
"Ensemble","2026-06-13",-2,"2026-05-30","Adults","quantile","0.8",275
"Ensemble","2026-06-13",-2,"2026-05-30","Adults","quantile","0.85",290
"Ensemble","2026-06-13",-2,"2026-05-30","Adults","quantile","0.9",311
"Ensemble","2026-06-13",-2,"2026-05-30","Adults","quantile","0.95",347
"Ensemble","2026-06-13",-2,"2026-05-30","Adults","quantile","0.975",382
"Ensemble","2026-06-13",-2,"2026-05-30","Adults","quantile","0.99",429
"Ensemble","2026-06-13",-2,"2026-05-30","Overall","quantile","0.01",291
"Ensemble","2026-06-13",-2,"2026-05-30","Overall","quantile","0.025",312
"Ensemble","2026-06-13",-2,"2026-05-30","Overall","quantile","0.05",337
"Ensemble","2026-06-13",-2,"2026-05-30","Overall","quantile","0.1",359
"Ensemble","2026-06-13",-2,"2026-05-30","Overall","quantile","0.15",376
"Ensemble","2026-06-13",-2,"2026-05-30","Overall","quantile","0.2",389
"Ensemble","2026-06-13",-2,"2026-05-30","Overall","quantile","0.25",402
"Ensemble","2026-06-13",-2,"2026-05-30","Overall","quantile","0.3",416
"Ensemble","2026-06-13",-2,"2026-05-30","Overall","quantile","0.35",436
"Ensemble","2026-06-13",-2,"2026-05-30","Overall","quantile","0.4",446
"Ensemble","2026-06-13",-2,"2026-05-30","Overall","quantile","0.45",484
"Ensemble","2026-06-13",-2,"2026-05-30","Overall","quantile","0.5",496
"Ensemble","2026-06-13",-2,"2026-05-30","Overall","quantile","0.55",520
"Ensemble","2026-06-13",-2,"2026-05-30","Overall","quantile","0.6",522
"Ensemble","2026-06-13",-2,"2026-05-30","Overall","quantile","0.65",545
"Ensemble","2026-06-13",-2,"2026-05-30","Overall","quantile","0.7",545
"Ensemble","2026-06-13",-2,"2026-05-30","Overall","quantile","0.75",565
"Ensemble","2026-06-13",-2,"2026-05-30","Overall","quantile","0.8",580
"Ensemble","2026-06-13",-2,"2026-05-30","Overall","quantile","0.85",597
"Ensemble","2026-06-13",-2,"2026-05-30","Overall","quantile","0.9",642
"Ensemble","2026-06-13",-2,"2026-05-30","Overall","quantile","0.95",722
"Ensemble","2026-06-13",-2,"2026-05-30","Overall","quantile","0.975",752
"Ensemble","2026-06-13",-2,"2026-05-30","Overall","quantile","0.99",840
"Ensemble","2026-06-13",-2,"2026-05-30","Pediatrics","quantile","0.01",168
"Ensemble","2026-06-13",-2,"2026-05-30","Pediatrics","quantile","0.025",189
"Ensemble","2026-06-13",-2,"2026-05-30","Pediatrics","quantile","0.05",207
"Ensemble","2026-06-13",-2,"2026-05-30","Pediatrics","quantile","0.1",223
"Ensemble","2026-06-13",-2,"2026-05-30","Pediatrics","quantile","0.15",233
"Ensemble","2026-06-13",-2,"2026-05-30","Pediatrics","quantile","0.2",243
"Ensemble","2026-06-13",-2,"2026-05-30","Pediatrics","quantile","0.25",253
"Ensemble","2026-06-13",-2,"2026-05-30","Pediatrics","quantile","0.3",261
"Ensemble","2026-06-13",-2,"2026-05-30","Pediatrics","quantile","0.35",271
"Ensemble","2026-06-13",-2,"2026-05-30","Pediatrics","quantile","0.4",282
"Ensemble","2026-06-13",-2,"2026-05-30","Pediatrics","quantile","0.45",300
"Ensemble","2026-06-13",-2,"2026-05-30","Pediatrics","quantile","0.5",313
"Ensemble","2026-06-13",-2,"2026-05-30","Pediatrics","quantile","0.55",334
"Ensemble","2026-06-13",-2,"2026-05-30","Pediatrics","quantile","0.6",338
"Ensemble","2026-06-13",-2,"2026-05-30","Pediatrics","quantile","0.65",351
"Ensemble","2026-06-13",-2,"2026-05-30","Pediatrics","quantile","0.7",364
"Ensemble","2026-06-13",-2,"2026-05-30","Pediatrics","quantile","0.75",375
"Ensemble","2026-06-13",-2,"2026-05-30","Pediatrics","quantile","0.8",394
"Ensemble","2026-06-13",-2,"2026-05-30","Pediatrics","quantile","0.85",423
"Ensemble","2026-06-13",-2,"2026-05-30","Pediatrics","quantile","0.9",438
"Ensemble","2026-06-13",-2,"2026-05-30","Pediatrics","quantile","0.95",455
"Ensemble","2026-06-13",-2,"2026-05-30","Pediatrics","quantile","0.975",495
"Ensemble","2026-06-13",-2,"2026-05-30","Pediatrics","quantile","0.99",531
"Ensemble","2026-06-13",-1,"2026-06-06","Adults","quantile","0.01",100
"Ensemble","2026-06-13",-1,"2026-06-06","Adults","quantile","0.025",108
"Ensemble","2026-06-13",-1,"2026-06-06","Adults","quantile","0.05",120
"Ensemble","2026-06-13",-1,"2026-06-06","Adults","quantile","0.1",132
"Ensemble","2026-06-13",-1,"2026-06-06","Adults","quantile","0.15",141
"Ensemble","2026-06-13",-1,"2026-06-06","Adults","quantile","0.2",152
"Ensemble","2026-06-13",-1,"2026-06-06","Adults","quantile","0.25",174
"Ensemble","2026-06-13",-1,"2026-06-06","Adults","quantile","0.3",187
"Ensemble","2026-06-13",-1,"2026-06-06","Adults","quantile","0.35",199
"Ensemble","2026-06-13",-1,"2026-06-06","Adults","quantile","0.4",216
"Ensemble","2026-06-13",-1,"2026-06-06","Adults","quantile","0.45",229
"Ensemble","2026-06-13",-1,"2026-06-06","Adults","quantile","0.5",248
"Ensemble","2026-06-13",-1,"2026-06-06","Adults","quantile","0.55",253
"Ensemble","2026-06-13",-1,"2026-06-06","Adults","quantile","0.6",268
"Ensemble","2026-06-13",-1,"2026-06-06","Adults","quantile","0.65",275
"Ensemble","2026-06-13",-1,"2026-06-06","Adults","quantile","0.7",292
"Ensemble","2026-06-13",-1,"2026-06-06","Adults","quantile","0.75",306
"Ensemble","2026-06-13",-1,"2026-06-06","Adults","quantile","0.8",331
"Ensemble","2026-06-13",-1,"2026-06-06","Adults","quantile","0.85",353
"Ensemble","2026-06-13",-1,"2026-06-06","Adults","quantile","0.9",382
"Ensemble","2026-06-13",-1,"2026-06-06","Adults","quantile","0.95",428
"Ensemble","2026-06-13",-1,"2026-06-06","Adults","quantile","0.975",466
"Ensemble","2026-06-13",-1,"2026-06-06","Adults","quantile","0.99",470
"Ensemble","2026-06-13",-1,"2026-06-06","Overall","quantile","0.01",287
"Ensemble","2026-06-13",-1,"2026-06-06","Overall","quantile","0.025",314
"Ensemble","2026-06-13",-1,"2026-06-06","Overall","quantile","0.05",333
"Ensemble","2026-06-13",-1,"2026-06-06","Overall","quantile","0.1",371
"Ensemble","2026-06-13",-1,"2026-06-06","Overall","quantile","0.15",391
"Ensemble","2026-06-13",-1,"2026-06-06","Overall","quantile","0.2",410
"Ensemble","2026-06-13",-1,"2026-06-06","Overall","quantile","0.25",429
"Ensemble","2026-06-13",-1,"2026-06-06","Overall","quantile","0.3",447
"Ensemble","2026-06-13",-1,"2026-06-06","Overall","quantile","0.35",461
"Ensemble","2026-06-13",-1,"2026-06-06","Overall","quantile","0.4",479
"Ensemble","2026-06-13",-1,"2026-06-06","Overall","quantile","0.45",511
"Ensemble","2026-06-13",-1,"2026-06-06","Overall","quantile","0.5",546
"Ensemble","2026-06-13",-1,"2026-06-06","Overall","quantile","0.55",583
"Ensemble","2026-06-13",-1,"2026-06-06","Overall","quantile","0.6",608
"Ensemble","2026-06-13",-1,"2026-06-06","Overall","quantile","0.65",645
"Ensemble","2026-06-13",-1,"2026-06-06","Overall","quantile","0.7",666
"Ensemble","2026-06-13",-1,"2026-06-06","Overall","quantile","0.75",686
"Ensemble","2026-06-13",-1,"2026-06-06","Overall","quantile","0.8",721
"Ensemble","2026-06-13",-1,"2026-06-06","Overall","quantile","0.85",721
"Ensemble","2026-06-13",-1,"2026-06-06","Overall","quantile","0.9",746
"Ensemble","2026-06-13",-1,"2026-06-06","Overall","quantile","0.95",843
"Ensemble","2026-06-13",-1,"2026-06-06","Overall","quantile","0.975",925
"Ensemble","2026-06-13",-1,"2026-06-06","Overall","quantile","0.99",991
"Ensemble","2026-06-13",-1,"2026-06-06","Pediatrics","quantile","0.01",178
"Ensemble","2026-06-13",-1,"2026-06-06","Pediatrics","quantile","0.025",196
"Ensemble","2026-06-13",-1,"2026-06-06","Pediatrics","quantile","0.05",210
"Ensemble","2026-06-13",-1,"2026-06-06","Pediatrics","quantile","0.1",226
"Ensemble","2026-06-13",-1,"2026-06-06","Pediatrics","quantile","0.15",243
"Ensemble","2026-06-13",-1,"2026-06-06","Pediatrics","quantile","0.2",258
"Ensemble","2026-06-13",-1,"2026-06-06","Pediatrics","quantile","0.25",268
"Ensemble","2026-06-13",-1,"2026-06-06","Pediatrics","quantile","0.3",281
"Ensemble","2026-06-13",-1,"2026-06-06","Pediatrics","quantile","0.35",290
"Ensemble","2026-06-13",-1,"2026-06-06","Pediatrics","quantile","0.4",301
"Ensemble","2026-06-13",-1,"2026-06-06","Pediatrics","quantile","0.45",312
"Ensemble","2026-06-13",-1,"2026-06-06","Pediatrics","quantile","0.5",330
"Ensemble","2026-06-13",-1,"2026-06-06","Pediatrics","quantile","0.55",353
"Ensemble","2026-06-13",-1,"2026-06-06","Pediatrics","quantile","0.6",362
"Ensemble","2026-06-13",-1,"2026-06-06","Pediatrics","quantile","0.65",375
"Ensemble","2026-06-13",-1,"2026-06-06","Pediatrics","quantile","0.7",390
"Ensemble","2026-06-13",-1,"2026-06-06","Pediatrics","quantile","0.75",406
"Ensemble","2026-06-13",-1,"2026-06-06","Pediatrics","quantile","0.8",434
"Ensemble","2026-06-13",-1,"2026-06-06","Pediatrics","quantile","0.85",471
"Ensemble","2026-06-13",-1,"2026-06-06","Pediatrics","quantile","0.9",485
"Ensemble","2026-06-13",-1,"2026-06-06","Pediatrics","quantile","0.95",531
"Ensemble","2026-06-13",-1,"2026-06-06","Pediatrics","quantile","0.975",581
"Ensemble","2026-06-13",-1,"2026-06-06","Pediatrics","quantile","0.99",654
"Ensemble","2026-06-13",0,"2026-06-13","Adults","quantile","0.01",96
"Ensemble","2026-06-13",0,"2026-06-13","Adults","quantile","0.025",106
"Ensemble","2026-06-13",0,"2026-06-13","Adults","quantile","0.05",118
"Ensemble","2026-06-13",0,"2026-06-13","Adults","quantile","0.1",135
"Ensemble","2026-06-13",0,"2026-06-13","Adults","quantile","0.15",144
"Ensemble","2026-06-13",0,"2026-06-13","Adults","quantile","0.2",154
"Ensemble","2026-06-13",0,"2026-06-13","Adults","quantile","0.25",177
"Ensemble","2026-06-13",0,"2026-06-13","Adults","quantile","0.3",188
"Ensemble","2026-06-13",0,"2026-06-13","Adults","quantile","0.35",203
"Ensemble","2026-06-13",0,"2026-06-13","Adults","quantile","0.4",220
"Ensemble","2026-06-13",0,"2026-06-13","Adults","quantile","0.45",237
"Ensemble","2026-06-13",0,"2026-06-13","Adults","quantile","0.5",253
"Ensemble","2026-06-13",0,"2026-06-13","Adults","quantile","0.55",262
"Ensemble","2026-06-13",0,"2026-06-13","Adults","quantile","0.6",281
"Ensemble","2026-06-13",0,"2026-06-13","Adults","quantile","0.65",290
"Ensemble","2026-06-13",0,"2026-06-13","Adults","quantile","0.7",303
"Ensemble","2026-06-13",0,"2026-06-13","Adults","quantile","0.75",313
"Ensemble","2026-06-13",0,"2026-06-13","Adults","quantile","0.8",362
"Ensemble","2026-06-13",0,"2026-06-13","Adults","quantile","0.85",370
"Ensemble","2026-06-13",0,"2026-06-13","Adults","quantile","0.9",442
"Ensemble","2026-06-13",0,"2026-06-13","Adults","quantile","0.95",478
"Ensemble","2026-06-13",0,"2026-06-13","Adults","quantile","0.975",498
"Ensemble","2026-06-13",0,"2026-06-13","Adults","quantile","0.99",508
"Ensemble","2026-06-13",0,"2026-06-13","Overall","quantile","0.01",286
"Ensemble","2026-06-13",0,"2026-06-13","Overall","quantile","0.025",313
"Ensemble","2026-06-13",0,"2026-06-13","Overall","quantile","0.05",336
"Ensemble","2026-06-13",0,"2026-06-13","Overall","quantile","0.1",371
"Ensemble","2026-06-13",0,"2026-06-13","Overall","quantile","0.15",400
"Ensemble","2026-06-13",0,"2026-06-13","Overall","quantile","0.2",423
"Ensemble","2026-06-13",0,"2026-06-13","Overall","quantile","0.25",441
"Ensemble","2026-06-13",0,"2026-06-13","Overall","quantile","0.3",467
"Ensemble","2026-06-13",0,"2026-06-13","Overall","quantile","0.35",486
"Ensemble","2026-06-13",0,"2026-06-13","Overall","quantile","0.4",510
"Ensemble","2026-06-13",0,"2026-06-13","Overall","quantile","0.45",539
"Ensemble","2026-06-13",0,"2026-06-13","Overall","quantile","0.5",576
"Ensemble","2026-06-13",0,"2026-06-13","Overall","quantile","0.55",605
"Ensemble","2026-06-13",0,"2026-06-13","Overall","quantile","0.6",648
"Ensemble","2026-06-13",0,"2026-06-13","Overall","quantile","0.65",701
"Ensemble","2026-06-13",0,"2026-06-13","Overall","quantile","0.7",736
"Ensemble","2026-06-13",0,"2026-06-13","Overall","quantile","0.75",747
"Ensemble","2026-06-13",0,"2026-06-13","Overall","quantile","0.8",798
"Ensemble","2026-06-13",0,"2026-06-13","Overall","quantile","0.85",808
"Ensemble","2026-06-13",0,"2026-06-13","Overall","quantile","0.9",869
"Ensemble","2026-06-13",0,"2026-06-13","Overall","quantile","0.95",973
"Ensemble","2026-06-13",0,"2026-06-13","Overall","quantile","0.975",1033
"Ensemble","2026-06-13",0,"2026-06-13","Overall","quantile","0.99",1139
"Ensemble","2026-06-13",0,"2026-06-13","Pediatrics","quantile","0.01",173
"Ensemble","2026-06-13",0,"2026-06-13","Pediatrics","quantile","0.025",187
"Ensemble","2026-06-13",0,"2026-06-13","Pediatrics","quantile","0.05",206
"Ensemble","2026-06-13",0,"2026-06-13","Pediatrics","quantile","0.1",229
"Ensemble","2026-06-13",0,"2026-06-13","Pediatrics","quantile","0.15",243
"Ensemble","2026-06-13",0,"2026-06-13","Pediatrics","quantile","0.2",258
"Ensemble","2026-06-13",0,"2026-06-13","Pediatrics","quantile","0.25",273
"Ensemble","2026-06-13",0,"2026-06-13","Pediatrics","quantile","0.3",289
"Ensemble","2026-06-13",0,"2026-06-13","Pediatrics","quantile","0.35",305
"Ensemble","2026-06-13",0,"2026-06-13","Pediatrics","quantile","0.4",321
"Ensemble","2026-06-13",0,"2026-06-13","Pediatrics","quantile","0.45",336
"Ensemble","2026-06-13",0,"2026-06-13","Pediatrics","quantile","0.5",347
"Ensemble","2026-06-13",0,"2026-06-13","Pediatrics","quantile","0.55",366
"Ensemble","2026-06-13",0,"2026-06-13","Pediatrics","quantile","0.6",377
"Ensemble","2026-06-13",0,"2026-06-13","Pediatrics","quantile","0.65",392
"Ensemble","2026-06-13",0,"2026-06-13","Pediatrics","quantile","0.7",411
"Ensemble","2026-06-13",0,"2026-06-13","Pediatrics","quantile","0.75",434
"Ensemble","2026-06-13",0,"2026-06-13","Pediatrics","quantile","0.8",465
"Ensemble","2026-06-13",0,"2026-06-13","Pediatrics","quantile","0.85",498
"Ensemble","2026-06-13",0,"2026-06-13","Pediatrics","quantile","0.9",549
"Ensemble","2026-06-13",0,"2026-06-13","Pediatrics","quantile","0.95",628
"Ensemble","2026-06-13",0,"2026-06-13","Pediatrics","quantile","0.975",692
"Ensemble","2026-06-13",0,"2026-06-13","Pediatrics","quantile","0.99",752
"Ensemble","2026-06-13",1,"2026-06-20","Adults","quantile","0.01",90
"Ensemble","2026-06-13",1,"2026-06-20","Adults","quantile","0.025",102
"Ensemble","2026-06-13",1,"2026-06-20","Adults","quantile","0.05",117
"Ensemble","2026-06-13",1,"2026-06-20","Adults","quantile","0.1",134
"Ensemble","2026-06-13",1,"2026-06-20","Adults","quantile","0.15",144
"Ensemble","2026-06-13",1,"2026-06-20","Adults","quantile","0.2",155
"Ensemble","2026-06-13",1,"2026-06-20","Adults","quantile","0.25",179
"Ensemble","2026-06-13",1,"2026-06-20","Adults","quantile","0.3",191
"Ensemble","2026-06-13",1,"2026-06-20","Adults","quantile","0.35",205
"Ensemble","2026-06-13",1,"2026-06-20","Adults","quantile","0.4",222
"Ensemble","2026-06-13",1,"2026-06-20","Adults","quantile","0.45",242
"Ensemble","2026-06-13",1,"2026-06-20","Adults","quantile","0.5",258
"Ensemble","2026-06-13",1,"2026-06-20","Adults","quantile","0.55",273
"Ensemble","2026-06-13",1,"2026-06-20","Adults","quantile","0.6",289
"Ensemble","2026-06-13",1,"2026-06-20","Adults","quantile","0.65",298
"Ensemble","2026-06-13",1,"2026-06-20","Adults","quantile","0.7",307
"Ensemble","2026-06-13",1,"2026-06-20","Adults","quantile","0.75",320
"Ensemble","2026-06-13",1,"2026-06-20","Adults","quantile","0.8",361
"Ensemble","2026-06-13",1,"2026-06-20","Adults","quantile","0.85",365
"Ensemble","2026-06-13",1,"2026-06-20","Adults","quantile","0.9",435
"Ensemble","2026-06-13",1,"2026-06-20","Adults","quantile","0.95",467
"Ensemble","2026-06-13",1,"2026-06-20","Adults","quantile","0.975",485
"Ensemble","2026-06-13",1,"2026-06-20","Adults","quantile","0.99",513
"Ensemble","2026-06-13",1,"2026-06-20","Overall","quantile","0.01",257
"Ensemble","2026-06-13",1,"2026-06-20","Overall","quantile","0.025",291
"Ensemble","2026-06-13",1,"2026-06-20","Overall","quantile","0.05",318
"Ensemble","2026-06-13",1,"2026-06-20","Overall","quantile","0.1",362
"Ensemble","2026-06-13",1,"2026-06-20","Overall","quantile","0.15",395
"Ensemble","2026-06-13",1,"2026-06-20","Overall","quantile","0.2",419
"Ensemble","2026-06-13",1,"2026-06-20","Overall","quantile","0.25",445
"Ensemble","2026-06-13",1,"2026-06-20","Overall","quantile","0.3",473
"Ensemble","2026-06-13",1,"2026-06-20","Overall","quantile","0.35",498
"Ensemble","2026-06-13",1,"2026-06-20","Overall","quantile","0.4",526
"Ensemble","2026-06-13",1,"2026-06-20","Overall","quantile","0.45",555
"Ensemble","2026-06-13",1,"2026-06-20","Overall","quantile","0.5",606
"Ensemble","2026-06-13",1,"2026-06-20","Overall","quantile","0.55",629
"Ensemble","2026-06-13",1,"2026-06-20","Overall","quantile","0.6",682
"Ensemble","2026-06-13",1,"2026-06-20","Overall","quantile","0.65",735
"Ensemble","2026-06-13",1,"2026-06-20","Overall","quantile","0.7",773
"Ensemble","2026-06-13",1,"2026-06-20","Overall","quantile","0.75",775
"Ensemble","2026-06-13",1,"2026-06-20","Overall","quantile","0.8",795
"Ensemble","2026-06-13",1,"2026-06-20","Overall","quantile","0.85",869
"Ensemble","2026-06-13",1,"2026-06-20","Overall","quantile","0.9",956
"Ensemble","2026-06-13",1,"2026-06-20","Overall","quantile","0.95",1092
"Ensemble","2026-06-13",1,"2026-06-20","Overall","quantile","0.975",1230
"Ensemble","2026-06-13",1,"2026-06-20","Overall","quantile","0.99",1312
"Ensemble","2026-06-13",1,"2026-06-20","Pediatrics","quantile","0.01",159
"Ensemble","2026-06-13",1,"2026-06-20","Pediatrics","quantile","0.025",180
"Ensemble","2026-06-13",1,"2026-06-20","Pediatrics","quantile","0.05",198
"Ensemble","2026-06-13",1,"2026-06-20","Pediatrics","quantile","0.1",226
"Ensemble","2026-06-13",1,"2026-06-20","Pediatrics","quantile","0.15",243
"Ensemble","2026-06-13",1,"2026-06-20","Pediatrics","quantile","0.2",259
"Ensemble","2026-06-13",1,"2026-06-20","Pediatrics","quantile","0.25",277
"Ensemble","2026-06-13",1,"2026-06-20","Pediatrics","quantile","0.3",293
"Ensemble","2026-06-13",1,"2026-06-20","Pediatrics","quantile","0.35",308
"Ensemble","2026-06-13",1,"2026-06-20","Pediatrics","quantile","0.4",329
"Ensemble","2026-06-13",1,"2026-06-20","Pediatrics","quantile","0.45",345
"Ensemble","2026-06-13",1,"2026-06-20","Pediatrics","quantile","0.5",363
"Ensemble","2026-06-13",1,"2026-06-20","Pediatrics","quantile","0.55",377
"Ensemble","2026-06-13",1,"2026-06-20","Pediatrics","quantile","0.6",392
"Ensemble","2026-06-13",1,"2026-06-20","Pediatrics","quantile","0.65",412
"Ensemble","2026-06-13",1,"2026-06-20","Pediatrics","quantile","0.7",441
"Ensemble","2026-06-13",1,"2026-06-20","Pediatrics","quantile","0.75",466
"Ensemble","2026-06-13",1,"2026-06-20","Pediatrics","quantile","0.8",497
"Ensemble","2026-06-13",1,"2026-06-20","Pediatrics","quantile","0.85",542
"Ensemble","2026-06-13",1,"2026-06-20","Pediatrics","quantile","0.9",616
"Ensemble","2026-06-13",1,"2026-06-20","Pediatrics","quantile","0.95",696
"Ensemble","2026-06-13",1,"2026-06-20","Pediatrics","quantile","0.975",771
"Ensemble","2026-06-13",1,"2026-06-20","Pediatrics","quantile","0.99",886
"Ensemble","2026-06-13",2,"2026-06-27","Adults","quantile","0.01",77
"Ensemble","2026-06-13",2,"2026-06-27","Adults","quantile","0.025",95
"Ensemble","2026-06-13",2,"2026-06-27","Adults","quantile","0.05",109
"Ensemble","2026-06-13",2,"2026-06-27","Adults","quantile","0.1",125
"Ensemble","2026-06-13",2,"2026-06-27","Adults","quantile","0.15",141
"Ensemble","2026-06-13",2,"2026-06-27","Adults","quantile","0.2",157
"Ensemble","2026-06-13",2,"2026-06-27","Adults","quantile","0.25",181
"Ensemble","2026-06-13",2,"2026-06-27","Adults","quantile","0.3",193
"Ensemble","2026-06-13",2,"2026-06-27","Adults","quantile","0.35",207
"Ensemble","2026-06-13",2,"2026-06-27","Adults","quantile","0.4",229
"Ensemble","2026-06-13",2,"2026-06-27","Adults","quantile","0.45",250
"Ensemble","2026-06-13",2,"2026-06-27","Adults","quantile","0.5",266
"Ensemble","2026-06-13",2,"2026-06-27","Adults","quantile","0.55",284
"Ensemble","2026-06-13",2,"2026-06-27","Adults","quantile","0.6",307
"Ensemble","2026-06-13",2,"2026-06-27","Adults","quantile","0.65",319
"Ensemble","2026-06-13",2,"2026-06-27","Adults","quantile","0.7",327
"Ensemble","2026-06-13",2,"2026-06-27","Adults","quantile","0.75",331
"Ensemble","2026-06-13",2,"2026-06-27","Adults","quantile","0.8",362
"Ensemble","2026-06-13",2,"2026-06-27","Adults","quantile","0.85",362
"Ensemble","2026-06-13",2,"2026-06-27","Adults","quantile","0.9",434
"Ensemble","2026-06-13",2,"2026-06-27","Adults","quantile","0.95",466
"Ensemble","2026-06-13",2,"2026-06-27","Adults","quantile","0.975",507
"Ensemble","2026-06-13",2,"2026-06-27","Adults","quantile","0.99",570
"Ensemble","2026-06-13",2,"2026-06-27","Overall","quantile","0.01",230
"Ensemble","2026-06-13",2,"2026-06-27","Overall","quantile","0.025",271
"Ensemble","2026-06-13",2,"2026-06-27","Overall","quantile","0.05",293
"Ensemble","2026-06-13",2,"2026-06-27","Overall","quantile","0.1",341
"Ensemble","2026-06-13",2,"2026-06-27","Overall","quantile","0.15",375
"Ensemble","2026-06-13",2,"2026-06-27","Overall","quantile","0.2",403
"Ensemble","2026-06-13",2,"2026-06-27","Overall","quantile","0.25",432
"Ensemble","2026-06-13",2,"2026-06-27","Overall","quantile","0.3",462
"Ensemble","2026-06-13",2,"2026-06-27","Overall","quantile","0.35",495
"Ensemble","2026-06-13",2,"2026-06-27","Overall","quantile","0.4",523
"Ensemble","2026-06-13",2,"2026-06-27","Overall","quantile","0.45",571
"Ensemble","2026-06-13",2,"2026-06-27","Overall","quantile","0.5",606
"Ensemble","2026-06-13",2,"2026-06-27","Overall","quantile","0.55",640
"Ensemble","2026-06-13",2,"2026-06-27","Overall","quantile","0.6",692
"Ensemble","2026-06-13",2,"2026-06-27","Overall","quantile","0.65",764
"Ensemble","2026-06-13",2,"2026-06-27","Overall","quantile","0.7",779
"Ensemble","2026-06-13",2,"2026-06-27","Overall","quantile","0.75",785
"Ensemble","2026-06-13",2,"2026-06-27","Overall","quantile","0.8",834
"Ensemble","2026-06-13",2,"2026-06-27","Overall","quantile","0.85",915
"Ensemble","2026-06-13",2,"2026-06-27","Overall","quantile","0.9",1005
"Ensemble","2026-06-13",2,"2026-06-27","Overall","quantile","0.95",1161
"Ensemble","2026-06-13",2,"2026-06-27","Overall","quantile","0.975",1302
"Ensemble","2026-06-13",2,"2026-06-27","Overall","quantile","0.99",1493
"Ensemble","2026-06-13",2,"2026-06-27","Pediatrics","quantile","0.01",142
"Ensemble","2026-06-13",2,"2026-06-27","Pediatrics","quantile","0.025",159
"Ensemble","2026-06-13",2,"2026-06-27","Pediatrics","quantile","0.05",183
"Ensemble","2026-06-13",2,"2026-06-27","Pediatrics","quantile","0.1",213
"Ensemble","2026-06-13",2,"2026-06-27","Pediatrics","quantile","0.15",231
"Ensemble","2026-06-13",2,"2026-06-27","Pediatrics","quantile","0.2",250
"Ensemble","2026-06-13",2,"2026-06-27","Pediatrics","quantile","0.25",267
"Ensemble","2026-06-13",2,"2026-06-27","Pediatrics","quantile","0.3",283
"Ensemble","2026-06-13",2,"2026-06-27","Pediatrics","quantile","0.35",303
"Ensemble","2026-06-13",2,"2026-06-27","Pediatrics","quantile","0.4",326
"Ensemble","2026-06-13",2,"2026-06-27","Pediatrics","quantile","0.45",343
"Ensemble","2026-06-13",2,"2026-06-27","Pediatrics","quantile","0.5",364
"Ensemble","2026-06-13",2,"2026-06-27","Pediatrics","quantile","0.55",381
"Ensemble","2026-06-13",2,"2026-06-27","Pediatrics","quantile","0.6",405
"Ensemble","2026-06-13",2,"2026-06-27","Pediatrics","quantile","0.65",431
"Ensemble","2026-06-13",2,"2026-06-27","Pediatrics","quantile","0.7",455
"Ensemble","2026-06-13",2,"2026-06-27","Pediatrics","quantile","0.75",481
"Ensemble","2026-06-13",2,"2026-06-27","Pediatrics","quantile","0.8",514
"Ensemble","2026-06-13",2,"2026-06-27","Pediatrics","quantile","0.85",561
"Ensemble","2026-06-13",2,"2026-06-27","Pediatrics","quantile","0.9",641
"Ensemble","2026-06-13",2,"2026-06-27","Pediatrics","quantile","0.95",767
"Ensemble","2026-06-13",2,"2026-06-27","Pediatrics","quantile","0.975",853
"Ensemble","2026-06-13",2,"2026-06-27","Pediatrics","quantile","0.99",981
"Ensemble","2026-06-13",3,"2026-07-04","Adults","quantile","0.01",66
"Ensemble","2026-06-13",3,"2026-07-04","Adults","quantile","0.025",88
"Ensemble","2026-06-13",3,"2026-07-04","Adults","quantile","0.05",103
"Ensemble","2026-06-13",3,"2026-07-04","Adults","quantile","0.1",119
"Ensemble","2026-06-13",3,"2026-07-04","Adults","quantile","0.15",138
"Ensemble","2026-06-13",3,"2026-07-04","Adults","quantile","0.2",158
"Ensemble","2026-06-13",3,"2026-07-04","Adults","quantile","0.25",182
"Ensemble","2026-06-13",3,"2026-07-04","Adults","quantile","0.3",194
"Ensemble","2026-06-13",3,"2026-07-04","Adults","quantile","0.35",206
"Ensemble","2026-06-13",3,"2026-07-04","Adults","quantile","0.4",228
"Ensemble","2026-06-13",3,"2026-07-04","Adults","quantile","0.45",252
"Ensemble","2026-06-13",3,"2026-07-04","Adults","quantile","0.5",277
"Ensemble","2026-06-13",3,"2026-07-04","Adults","quantile","0.55",291
"Ensemble","2026-06-13",3,"2026-07-04","Adults","quantile","0.6",309
"Ensemble","2026-06-13",3,"2026-07-04","Adults","quantile","0.65",326
"Ensemble","2026-06-13",3,"2026-07-04","Adults","quantile","0.7",336
"Ensemble","2026-06-13",3,"2026-07-04","Adults","quantile","0.75",340
"Ensemble","2026-06-13",3,"2026-07-04","Adults","quantile","0.8",363
"Ensemble","2026-06-13",3,"2026-07-04","Adults","quantile","0.85",365
"Ensemble","2026-06-13",3,"2026-07-04","Adults","quantile","0.9",436
"Ensemble","2026-06-13",3,"2026-07-04","Adults","quantile","0.95",467
"Ensemble","2026-06-13",3,"2026-07-04","Adults","quantile","0.975",530
"Ensemble","2026-06-13",3,"2026-07-04","Adults","quantile","0.99",625
"Ensemble","2026-06-13",3,"2026-07-04","Overall","quantile","0.01",199
"Ensemble","2026-06-13",3,"2026-07-04","Overall","quantile","0.025",244
"Ensemble","2026-06-13",3,"2026-07-04","Overall","quantile","0.05",272
"Ensemble","2026-06-13",3,"2026-07-04","Overall","quantile","0.1",321
"Ensemble","2026-06-13",3,"2026-07-04","Overall","quantile","0.15",358
"Ensemble","2026-06-13",3,"2026-07-04","Overall","quantile","0.2",393
"Ensemble","2026-06-13",3,"2026-07-04","Overall","quantile","0.25",423
"Ensemble","2026-06-13",3,"2026-07-04","Overall","quantile","0.3",452
"Ensemble","2026-06-13",3,"2026-07-04","Overall","quantile","0.35",488
"Ensemble","2026-06-13",3,"2026-07-04","Overall","quantile","0.4",524
"Ensemble","2026-06-13",3,"2026-07-04","Overall","quantile","0.45",576
"Ensemble","2026-06-13",3,"2026-07-04","Overall","quantile","0.5",624
"Ensemble","2026-06-13",3,"2026-07-04","Overall","quantile","0.55",658
"Ensemble","2026-06-13",3,"2026-07-04","Overall","quantile","0.6",722
"Ensemble","2026-06-13",3,"2026-07-04","Overall","quantile","0.65",797
"Ensemble","2026-06-13",3,"2026-07-04","Overall","quantile","0.7",817
"Ensemble","2026-06-13",3,"2026-07-04","Overall","quantile","0.75",823
"Ensemble","2026-06-13",3,"2026-07-04","Overall","quantile","0.8",855
"Ensemble","2026-06-13",3,"2026-07-04","Overall","quantile","0.85",939
"Ensemble","2026-06-13",3,"2026-07-04","Overall","quantile","0.9",1043
"Ensemble","2026-06-13",3,"2026-07-04","Overall","quantile","0.95",1217
"Ensemble","2026-06-13",3,"2026-07-04","Overall","quantile","0.975",1367
"Ensemble","2026-06-13",3,"2026-07-04","Overall","quantile","0.99",1493
"Ensemble","2026-06-13",3,"2026-07-04","Pediatrics","quantile","0.01",126
"Ensemble","2026-06-13",3,"2026-07-04","Pediatrics","quantile","0.025",145
"Ensemble","2026-06-13",3,"2026-07-04","Pediatrics","quantile","0.05",170
"Ensemble","2026-06-13",3,"2026-07-04","Pediatrics","quantile","0.1",194
"Ensemble","2026-06-13",3,"2026-07-04","Pediatrics","quantile","0.15",216
"Ensemble","2026-06-13",3,"2026-07-04","Pediatrics","quantile","0.2",232
"Ensemble","2026-06-13",3,"2026-07-04","Pediatrics","quantile","0.25",254
"Ensemble","2026-06-13",3,"2026-07-04","Pediatrics","quantile","0.3",276
"Ensemble","2026-06-13",3,"2026-07-04","Pediatrics","quantile","0.35",293
"Ensemble","2026-06-13",3,"2026-07-04","Pediatrics","quantile","0.4",312
"Ensemble","2026-06-13",3,"2026-07-04","Pediatrics","quantile","0.45",335
"Ensemble","2026-06-13",3,"2026-07-04","Pediatrics","quantile","0.5",354
"Ensemble","2026-06-13",3,"2026-07-04","Pediatrics","quantile","0.55",381
"Ensemble","2026-06-13",3,"2026-07-04","Pediatrics","quantile","0.6",408
"Ensemble","2026-06-13",3,"2026-07-04","Pediatrics","quantile","0.65",438
"Ensemble","2026-06-13",3,"2026-07-04","Pediatrics","quantile","0.7",467
"Ensemble","2026-06-13",3,"2026-07-04","Pediatrics","quantile","0.75",490
"Ensemble","2026-06-13",3,"2026-07-04","Pediatrics","quantile","0.8",523
"Ensemble","2026-06-13",3,"2026-07-04","Pediatrics","quantile","0.85",570
"Ensemble","2026-06-13",3,"2026-07-04","Pediatrics","quantile","0.9",652
"Ensemble","2026-06-13",3,"2026-07-04","Pediatrics","quantile","0.95",770
"Ensemble","2026-06-13",3,"2026-07-04","Pediatrics","quantile","0.975",879
"Ensemble","2026-06-13",3,"2026-07-04","Pediatrics","quantile","0.99",1045
