"model","reference_date","horizon","target_end_date","target_group","output_type","output_type_id","value"
"Regular Baseline","2026-06-06",-4,"2026-05-09","Adults","quantile","0.01",45
"Regular Baseline","2026-06-06",-4,"2026-05-09","Adults","quantile","0.025",55
"Regular Baseline","2026-06-06",-4,"2026-05-09","Adults","quantile","0.05",66
"Regular Baseline","2026-06-06",-4,"2026-05-09","Adults","quantile","0.1",77
"Regular Baseline","2026-06-06",-4,"2026-05-09","Adults","quantile","0.15",80
"Regular Baseline","2026-06-06",-4,"2026-05-09","Adults","quantile","0.2",87
"Regular Baseline","2026-06-06",-4,"2026-05-09","Adults","quantile","0.25",91
"Regular Baseline","2026-06-06",-4,"2026-05-09","Adults","quantile","0.3",94
"Regular Baseline","2026-06-06",-4,"2026-05-09","Adults","quantile","0.35",98
"Regular Baseline","2026-06-06",-4,"2026-05-09","Adults","quantile","0.4",101
"Regular Baseline","2026-06-06",-4,"2026-05-09","Adults","quantile","0.45",103
"Regular Baseline","2026-06-06",-4,"2026-05-09","Adults","quantile","0.5",106
"Regular Baseline","2026-06-06",-4,"2026-05-09","Adults","quantile","0.55",109
"Regular Baseline","2026-06-06",-4,"2026-05-09","Adults","quantile","0.6",111
"Regular Baseline","2026-06-06",-4,"2026-05-09","Adults","quantile","0.65",115
"Regular Baseline","2026-06-06",-4,"2026-05-09","Adults","quantile","0.7",119
"Regular Baseline","2026-06-06",-4,"2026-05-09","Adults","quantile","0.75",122
"Regular Baseline","2026-06-06",-4,"2026-05-09","Adults","quantile","0.8",127
"Regular Baseline","2026-06-06",-4,"2026-05-09","Adults","quantile","0.85",135
"Regular Baseline","2026-06-06",-4,"2026-05-09","Adults","quantile","0.9",140
"Regular Baseline","2026-06-06",-4,"2026-05-09","Adults","quantile","0.95",156
"Regular Baseline","2026-06-06",-4,"2026-05-09","Adults","quantile","0.975",173
"Regular Baseline","2026-06-06",-4,"2026-05-09","Adults","quantile","0.99",191
"Regular Baseline","2026-06-06",-3,"2026-05-16","Adults","quantile","0.01",32
"Regular Baseline","2026-06-06",-3,"2026-05-16","Adults","quantile","0.025",42
"Regular Baseline","2026-06-06",-3,"2026-05-16","Adults","quantile","0.05",51
"Regular Baseline","2026-06-06",-3,"2026-05-16","Adults","quantile","0.1",63
"Regular Baseline","2026-06-06",-3,"2026-05-16","Adults","quantile","0.15",71
"Regular Baseline","2026-06-06",-3,"2026-05-16","Adults","quantile","0.2",77
"Regular Baseline","2026-06-06",-3,"2026-05-16","Adults","quantile","0.25",83
"Regular Baseline","2026-06-06",-3,"2026-05-16","Adults","quantile","0.3",88
"Regular Baseline","2026-06-06",-3,"2026-05-16","Adults","quantile","0.35",93
"Regular Baseline","2026-06-06",-3,"2026-05-16","Adults","quantile","0.4",97
"Regular Baseline","2026-06-06",-3,"2026-05-16","Adults","quantile","0.45",102
"Regular Baseline","2026-06-06",-3,"2026-05-16","Adults","quantile","0.5",106
"Regular Baseline","2026-06-06",-3,"2026-05-16","Adults","quantile","0.55",110
"Regular Baseline","2026-06-06",-3,"2026-05-16","Adults","quantile","0.6",115
"Regular Baseline","2026-06-06",-3,"2026-05-16","Adults","quantile","0.65",120
"Regular Baseline","2026-06-06",-3,"2026-05-16","Adults","quantile","0.7",126
"Regular Baseline","2026-06-06",-3,"2026-05-16","Adults","quantile","0.75",132
"Regular Baseline","2026-06-06",-3,"2026-05-16","Adults","quantile","0.8",139
"Regular Baseline","2026-06-06",-3,"2026-05-16","Adults","quantile","0.85",148
"Regular Baseline","2026-06-06",-3,"2026-05-16","Adults","quantile","0.9",159
"Regular Baseline","2026-06-06",-3,"2026-05-16","Adults","quantile","0.95",179
"Regular Baseline","2026-06-06",-3,"2026-05-16","Adults","quantile","0.975",198
"Regular Baseline","2026-06-06",-3,"2026-05-16","Adults","quantile","0.99",225
"Regular Baseline","2026-06-06",-2,"2026-05-23","Adults","quantile","0.01",21
"Regular Baseline","2026-06-06",-2,"2026-05-23","Adults","quantile","0.025",32
"Regular Baseline","2026-06-06",-2,"2026-05-23","Adults","quantile","0.05",42
"Regular Baseline","2026-06-06",-2,"2026-05-23","Adults","quantile","0.1",54
"Regular Baseline","2026-06-06",-2,"2026-05-23","Adults","quantile","0.15",63
"Regular Baseline","2026-06-06",-2,"2026-05-23","Adults","quantile","0.2",70
"Regular Baseline","2026-06-06",-2,"2026-05-23","Adults","quantile","0.25",77
"Regular Baseline","2026-06-06",-2,"2026-05-23","Adults","quantile","0.3",83
"Regular Baseline","2026-06-06",-2,"2026-05-23","Adults","quantile","0.35",89
"Regular Baseline","2026-06-06",-2,"2026-05-23","Adults","quantile","0.4",95
"Regular Baseline","2026-06-06",-2,"2026-05-23","Adults","quantile","0.45",100
"Regular Baseline","2026-06-06",-2,"2026-05-23","Adults","quantile","0.5",106
"Regular Baseline","2026-06-06",-2,"2026-05-23","Adults","quantile","0.55",111
"Regular Baseline","2026-06-06",-2,"2026-05-23","Adults","quantile","0.6",117
"Regular Baseline","2026-06-06",-2,"2026-05-23","Adults","quantile","0.65",124
"Regular Baseline","2026-06-06",-2,"2026-05-23","Adults","quantile","0.7",131
"Regular Baseline","2026-06-06",-2,"2026-05-23","Adults","quantile","0.75",139
"Regular Baseline","2026-06-06",-2,"2026-05-23","Adults","quantile","0.8",148
"Regular Baseline","2026-06-06",-2,"2026-05-23","Adults","quantile","0.85",158
"Regular Baseline","2026-06-06",-2,"2026-05-23","Adults","quantile","0.9",174
"Regular Baseline","2026-06-06",-2,"2026-05-23","Adults","quantile","0.95",201
"Regular Baseline","2026-06-06",-2,"2026-05-23","Adults","quantile","0.975",224
"Regular Baseline","2026-06-06",-2,"2026-05-23","Adults","quantile","0.99",254
"Regular Baseline","2026-06-06",-1,"2026-05-30","Adults","quantile","0.01",14
"Regular Baseline","2026-06-06",-1,"2026-05-30","Adults","quantile","0.025",24
"Regular Baseline","2026-06-06",-1,"2026-05-30","Adults","quantile","0.05",34
"Regular Baseline","2026-06-06",-1,"2026-05-30","Adults","quantile","0.1",48
"Regular Baseline","2026-06-06",-1,"2026-05-30","Adults","quantile","0.15",58
"Regular Baseline","2026-06-06",-1,"2026-05-30","Adults","quantile","0.2",66
"Regular Baseline","2026-06-06",-1,"2026-05-30","Adults","quantile","0.25",73
"Regular Baseline","2026-06-06",-1,"2026-05-30","Adults","quantile","0.3",79
"Regular Baseline","2026-06-06",-1,"2026-05-30","Adults","quantile","0.35",87
"Regular Baseline","2026-06-06",-1,"2026-05-30","Adults","quantile","0.4",93
"Regular Baseline","2026-06-06",-1,"2026-05-30","Adults","quantile","0.45",99
"Regular Baseline","2026-06-06",-1,"2026-05-30","Adults","quantile","0.5",106
"Regular Baseline","2026-06-06",-1,"2026-05-30","Adults","quantile","0.55",113
"Regular Baseline","2026-06-06",-1,"2026-05-30","Adults","quantile","0.6",120
"Regular Baseline","2026-06-06",-1,"2026-05-30","Adults","quantile","0.65",128
"Regular Baseline","2026-06-06",-1,"2026-05-30","Adults","quantile","0.7",136
"Regular Baseline","2026-06-06",-1,"2026-05-30","Adults","quantile","0.75",145
"Regular Baseline","2026-06-06",-1,"2026-05-30","Adults","quantile","0.8",156
"Regular Baseline","2026-06-06",-1,"2026-05-30","Adults","quantile","0.85",169
"Regular Baseline","2026-06-06",-1,"2026-05-30","Adults","quantile","0.9",187
"Regular Baseline","2026-06-06",-1,"2026-05-30","Adults","quantile","0.95",217
"Regular Baseline","2026-06-06",-1,"2026-05-30","Adults","quantile","0.975",244
"Regular Baseline","2026-06-06",-1,"2026-05-30","Adults","quantile","0.99",278
"Regular Baseline","2026-06-06",0,"2026-06-06","Adults","quantile","0.01",8
"Regular Baseline","2026-06-06",0,"2026-06-06","Adults","quantile","0.025",18
"Regular Baseline","2026-06-06",0,"2026-06-06","Adults","quantile","0.05",28
"Regular Baseline","2026-06-06",0,"2026-06-06","Adults","quantile","0.1",41
"Regular Baseline","2026-06-06",0,"2026-06-06","Adults","quantile","0.15",52
"Regular Baseline","2026-06-06",0,"2026-06-06","Adults","quantile","0.2",61
"Regular Baseline","2026-06-06",0,"2026-06-06","Adults","quantile","0.25",69
"Regular Baseline","2026-06-06",0,"2026-06-06","Adults","quantile","0.3",77
"Regular Baseline","2026-06-06",0,"2026-06-06","Adults","quantile","0.35",84
"Regular Baseline","2026-06-06",0,"2026-06-06","Adults","quantile","0.4",92
"Regular Baseline","2026-06-06",0,"2026-06-06","Adults","quantile","0.45",98
"Regular Baseline","2026-06-06",0,"2026-06-06","Adults","quantile","0.5",106
"Regular Baseline","2026-06-06",0,"2026-06-06","Adults","quantile","0.55",113
"Regular Baseline","2026-06-06",0,"2026-06-06","Adults","quantile","0.6",121
"Regular Baseline","2026-06-06",0,"2026-06-06","Adults","quantile","0.65",130
"Regular Baseline","2026-06-06",0,"2026-06-06","Adults","quantile","0.7",139
"Regular Baseline","2026-06-06",0,"2026-06-06","Adults","quantile","0.75",150
"Regular Baseline","2026-06-06",0,"2026-06-06","Adults","quantile","0.8",163
"Regular Baseline","2026-06-06",0,"2026-06-06","Adults","quantile","0.85",177
"Regular Baseline","2026-06-06",0,"2026-06-06","Adults","quantile","0.9",197
"Regular Baseline","2026-06-06",0,"2026-06-06","Adults","quantile","0.95",232
"Regular Baseline","2026-06-06",0,"2026-06-06","Adults","quantile","0.975",262
"Regular Baseline","2026-06-06",0,"2026-06-06","Adults","quantile","0.99",304
"Regular Baseline","2026-06-06",1,"2026-06-13","Adults","quantile","0.01",5
"Regular Baseline","2026-06-06",1,"2026-06-13","Adults","quantile","0.025",14
"Regular Baseline","2026-06-06",1,"2026-06-13","Adults","quantile","0.05",23
"Regular Baseline","2026-06-06",1,"2026-06-13","Adults","quantile","0.1",37
"Regular Baseline","2026-06-06",1,"2026-06-13","Adults","quantile","0.15",48
"Regular Baseline","2026-06-06",1,"2026-06-13","Adults","quantile","0.2",57
"Regular Baseline","2026-06-06",1,"2026-06-13","Adults","quantile","0.25",66
"Regular Baseline","2026-06-06",1,"2026-06-13","Adults","quantile","0.3",75
"Regular Baseline","2026-06-06",1,"2026-06-13","Adults","quantile","0.35",82
"Regular Baseline","2026-06-06",1,"2026-06-13","Adults","quantile","0.4",90
"Regular Baseline","2026-06-06",1,"2026-06-13","Adults","quantile","0.45",98
"Regular Baseline","2026-06-06",1,"2026-06-13","Adults","quantile","0.5",106
"Regular Baseline","2026-06-06",1,"2026-06-13","Adults","quantile","0.55",114
"Regular Baseline","2026-06-06",1,"2026-06-13","Adults","quantile","0.6",123
"Regular Baseline","2026-06-06",1,"2026-06-13","Adults","quantile","0.65",133
"Regular Baseline","2026-06-06",1,"2026-06-13","Adults","quantile","0.7",143
"Regular Baseline","2026-06-06",1,"2026-06-13","Adults","quantile","0.75",154
"Regular Baseline","2026-06-06",1,"2026-06-13","Adults","quantile","0.8",169
"Regular Baseline","2026-06-06",1,"2026-06-13","Adults","quantile","0.85",185
"Regular Baseline","2026-06-06",1,"2026-06-13","Adults","quantile","0.9",207
"Regular Baseline","2026-06-06",1,"2026-06-13","Adults","quantile","0.95",249
"Regular Baseline","2026-06-06",1,"2026-06-13","Adults","quantile","0.975",283
"Regular Baseline","2026-06-06",1,"2026-06-13","Adults","quantile","0.99",330
"Regular Baseline","2026-06-06",2,"2026-06-20","Adults","quantile","0.01",2
"Regular Baseline","2026-06-06",2,"2026-06-20","Adults","quantile","0.025",10
"Regular Baseline","2026-06-06",2,"2026-06-20","Adults","quantile","0.05",19
"Regular Baseline","2026-06-06",2,"2026-06-20","Adults","quantile","0.1",33
"Regular Baseline","2026-06-06",2,"2026-06-20","Adults","quantile","0.15",44
"Regular Baseline","2026-06-06",2,"2026-06-20","Adults","quantile","0.2",54
"Regular Baseline","2026-06-06",2,"2026-06-20","Adults","quantile","0.25",63
"Regular Baseline","2026-06-06",2,"2026-06-20","Adults","quantile","0.3",71
"Regular Baseline","2026-06-06",2,"2026-06-20","Adults","quantile","0.35",80
"Regular Baseline","2026-06-06",2,"2026-06-20","Adults","quantile","0.4",88
"Regular Baseline","2026-06-06",2,"2026-06-20","Adults","quantile","0.45",97
"Regular Baseline","2026-06-06",2,"2026-06-20","Adults","quantile","0.5",106
"Regular Baseline","2026-06-06",2,"2026-06-20","Adults","quantile","0.55",114
"Regular Baseline","2026-06-06",2,"2026-06-20","Adults","quantile","0.6",123
"Regular Baseline","2026-06-06",2,"2026-06-20","Adults","quantile","0.65",134
"Regular Baseline","2026-06-06",2,"2026-06-20","Adults","quantile","0.7",146
"Regular Baseline","2026-06-06",2,"2026-06-20","Adults","quantile","0.75",158
"Regular Baseline","2026-06-06",2,"2026-06-20","Adults","quantile","0.8",174
"Regular Baseline","2026-06-06",2,"2026-06-20","Adults","quantile","0.85",193
"Regular Baseline","2026-06-06",2,"2026-06-20","Adults","quantile","0.9",218
"Regular Baseline","2026-06-06",2,"2026-06-20","Adults","quantile","0.95",262
"Regular Baseline","2026-06-06",2,"2026-06-20","Adults","quantile","0.975",300
"Regular Baseline","2026-06-06",2,"2026-06-20","Adults","quantile","0.99",358
"Regular Baseline","2026-06-06",3,"2026-06-27","Adults","quantile","0.01",1
"Regular Baseline","2026-06-06",3,"2026-06-27","Adults","quantile","0.025",7
"Regular Baseline","2026-06-06",3,"2026-06-27","Adults","quantile","0.05",15
"Regular Baseline","2026-06-06",3,"2026-06-27","Adults","quantile","0.1",29
"Regular Baseline","2026-06-06",3,"2026-06-27","Adults","quantile","0.15",41
"Regular Baseline","2026-06-06",3,"2026-06-27","Adults","quantile","0.2",51
"Regular Baseline","2026-06-06",3,"2026-06-27","Adults","quantile","0.25",61
"Regular Baseline","2026-06-06",3,"2026-06-27","Adults","quantile","0.3",69
"Regular Baseline","2026-06-06",3,"2026-06-27","Adults","quantile","0.35",78
"Regular Baseline","2026-06-06",3,"2026-06-27","Adults","quantile","0.4",87
"Regular Baseline","2026-06-06",3,"2026-06-27","Adults","quantile","0.45",97
"Regular Baseline","2026-06-06",3,"2026-06-27","Adults","quantile","0.5",106
"Regular Baseline","2026-06-06",3,"2026-06-27","Adults","quantile","0.55",116
"Regular Baseline","2026-06-06",3,"2026-06-27","Adults","quantile","0.6",126
"Regular Baseline","2026-06-06",3,"2026-06-27","Adults","quantile","0.65",137
"Regular Baseline","2026-06-06",3,"2026-06-27","Adults","quantile","0.7",148
"Regular Baseline","2026-06-06",3,"2026-06-27","Adults","quantile","0.75",162
"Regular Baseline","2026-06-06",3,"2026-06-27","Adults","quantile","0.8",178
"Regular Baseline","2026-06-06",3,"2026-06-27","Adults","quantile","0.85",199
"Regular Baseline","2026-06-06",3,"2026-06-27","Adults","quantile","0.9",227
"Regular Baseline","2026-06-06",3,"2026-06-27","Adults","quantile","0.95",271
"Regular Baseline","2026-06-06",3,"2026-06-27","Adults","quantile","0.975",318
"Regular Baseline","2026-06-06",3,"2026-06-27","Adults","quantile","0.99",381
"Regular Baseline","2026-06-06",-4,"2026-05-09","Overall","quantile","0.01",176
"Regular Baseline","2026-06-06",-4,"2026-05-09","Overall","quantile","0.025",191
"Regular Baseline","2026-06-06",-4,"2026-05-09","Overall","quantile","0.05",207
"Regular Baseline","2026-06-06",-4,"2026-05-09","Overall","quantile","0.1",228
"Regular Baseline","2026-06-06",-4,"2026-05-09","Overall","quantile","0.15",241
"Regular Baseline","2026-06-06",-4,"2026-05-09","Overall","quantile","0.2",250
"Regular Baseline","2026-06-06",-4,"2026-05-09","Overall","quantile","0.25",260
"Regular Baseline","2026-06-06",-4,"2026-05-09","Overall","quantile","0.3",266
"Regular Baseline","2026-06-06",-4,"2026-05-09","Overall","quantile","0.35",274
"Regular Baseline","2026-06-06",-4,"2026-05-09","Overall","quantile","0.4",280
"Regular Baseline","2026-06-06",-4,"2026-05-09","Overall","quantile","0.45",287
"Regular Baseline","2026-06-06",-4,"2026-05-09","Overall","quantile","0.5",292
"Regular Baseline","2026-06-06",-4,"2026-05-09","Overall","quantile","0.55",297
"Regular Baseline","2026-06-06",-4,"2026-05-09","Overall","quantile","0.6",304
"Regular Baseline","2026-06-06",-4,"2026-05-09","Overall","quantile","0.65",310
"Regular Baseline","2026-06-06",-4,"2026-05-09","Overall","quantile","0.7",319
"Regular Baseline","2026-06-06",-4,"2026-05-09","Overall","quantile","0.75",326
"Regular Baseline","2026-06-06",-4,"2026-05-09","Overall","quantile","0.8",338
"Regular Baseline","2026-06-06",-4,"2026-05-09","Overall","quantile","0.85",347
"Regular Baseline","2026-06-06",-4,"2026-05-09","Overall","quantile","0.9",364
"Regular Baseline","2026-06-06",-4,"2026-05-09","Overall","quantile","0.95",391
"Regular Baseline","2026-06-06",-4,"2026-05-09","Overall","quantile","0.975",414
"Regular Baseline","2026-06-06",-4,"2026-05-09","Overall","quantile","0.99",437
"Regular Baseline","2026-06-06",-3,"2026-05-16","Overall","quantile","0.01",129
"Regular Baseline","2026-06-06",-3,"2026-05-16","Overall","quantile","0.025",155
"Regular Baseline","2026-06-06",-3,"2026-05-16","Overall","quantile","0.05",178
"Regular Baseline","2026-06-06",-3,"2026-05-16","Overall","quantile","0.1",203
"Regular Baseline","2026-06-06",-3,"2026-05-16","Overall","quantile","0.15",220
"Regular Baseline","2026-06-06",-3,"2026-05-16","Overall","quantile","0.2",233
"Regular Baseline","2026-06-06",-3,"2026-05-16","Overall","quantile","0.25",244
"Regular Baseline","2026-06-06",-3,"2026-05-16","Overall","quantile","0.3",254
"Regular Baseline","2026-06-06",-3,"2026-05-16","Overall","quantile","0.35",264
"Regular Baseline","2026-06-06",-3,"2026-05-16","Overall","quantile","0.4",273
"Regular Baseline","2026-06-06",-3,"2026-05-16","Overall","quantile","0.45",283
"Regular Baseline","2026-06-06",-3,"2026-05-16","Overall","quantile","0.5",292
"Regular Baseline","2026-06-06",-3,"2026-05-16","Overall","quantile","0.55",302
"Regular Baseline","2026-06-06",-3,"2026-05-16","Overall","quantile","0.6",311
"Regular Baseline","2026-06-06",-3,"2026-05-16","Overall","quantile","0.65",321
"Regular Baseline","2026-06-06",-3,"2026-05-16","Overall","quantile","0.7",332
"Regular Baseline","2026-06-06",-3,"2026-05-16","Overall","quantile","0.75",344
"Regular Baseline","2026-06-06",-3,"2026-05-16","Overall","quantile","0.8",359
"Regular Baseline","2026-06-06",-3,"2026-05-16","Overall","quantile","0.85",376
"Regular Baseline","2026-06-06",-3,"2026-05-16","Overall","quantile","0.9",398
"Regular Baseline","2026-06-06",-3,"2026-05-16","Overall","quantile","0.95",435
"Regular Baseline","2026-06-06",-3,"2026-05-16","Overall","quantile","0.975",469
"Regular Baseline","2026-06-06",-3,"2026-05-16","Overall","quantile","0.99",519
"Regular Baseline","2026-06-06",-2,"2026-05-23","Overall","quantile","0.01",105
"Regular Baseline","2026-06-06",-2,"2026-05-23","Overall","quantile","0.025",130
"Regular Baseline","2026-06-06",-2,"2026-05-23","Overall","quantile","0.05",154
"Regular Baseline","2026-06-06",-2,"2026-05-23","Overall","quantile","0.1",184
"Regular Baseline","2026-06-06",-2,"2026-05-23","Overall","quantile","0.15",203
"Regular Baseline","2026-06-06",-2,"2026-05-23","Overall","quantile","0.2",220
"Regular Baseline","2026-06-06",-2,"2026-05-23","Overall","quantile","0.25",233
"Regular Baseline","2026-06-06",-2,"2026-05-23","Overall","quantile","0.3",245
"Regular Baseline","2026-06-06",-2,"2026-05-23","Overall","quantile","0.35",257
"Regular Baseline","2026-06-06",-2,"2026-05-23","Overall","quantile","0.4",269
"Regular Baseline","2026-06-06",-2,"2026-05-23","Overall","quantile","0.45",280
"Regular Baseline","2026-06-06",-2,"2026-05-23","Overall","quantile","0.5",292
"Regular Baseline","2026-06-06",-2,"2026-05-23","Overall","quantile","0.55",304
"Regular Baseline","2026-06-06",-2,"2026-05-23","Overall","quantile","0.6",316
"Regular Baseline","2026-06-06",-2,"2026-05-23","Overall","quantile","0.65",329
"Regular Baseline","2026-06-06",-2,"2026-05-23","Overall","quantile","0.7",343
"Regular Baseline","2026-06-06",-2,"2026-05-23","Overall","quantile","0.75",359
"Regular Baseline","2026-06-06",-2,"2026-05-23","Overall","quantile","0.8",377
"Regular Baseline","2026-06-06",-2,"2026-05-23","Overall","quantile","0.85",399
"Regular Baseline","2026-06-06",-2,"2026-05-23","Overall","quantile","0.9",428
"Regular Baseline","2026-06-06",-2,"2026-05-23","Overall","quantile","0.95",471
"Regular Baseline","2026-06-06",-2,"2026-05-23","Overall","quantile","0.975",513
"Regular Baseline","2026-06-06",-2,"2026-05-23","Overall","quantile","0.99",569
"Regular Baseline","2026-06-06",-1,"2026-05-30","Overall","quantile","0.01",87
"Regular Baseline","2026-06-06",-1,"2026-05-30","Overall","quantile","0.025",111
"Regular Baseline","2026-06-06",-1,"2026-05-30","Overall","quantile","0.05",136
"Regular Baseline","2026-06-06",-1,"2026-05-30","Overall","quantile","0.1",168
"Regular Baseline","2026-06-06",-1,"2026-05-30","Overall","quantile","0.15",190
"Regular Baseline","2026-06-06",-1,"2026-05-30","Overall","quantile","0.2",207
"Regular Baseline","2026-06-06",-1,"2026-05-30","Overall","quantile","0.25",222
"Regular Baseline","2026-06-06",-1,"2026-05-30","Overall","quantile","0.3",237
"Regular Baseline","2026-06-06",-1,"2026-05-30","Overall","quantile","0.35",250
"Regular Baseline","2026-06-06",-1,"2026-05-30","Overall","quantile","0.4",264
"Regular Baseline","2026-06-06",-1,"2026-05-30","Overall","quantile","0.45",278
"Regular Baseline","2026-06-06",-1,"2026-05-30","Overall","quantile","0.5",292
"Regular Baseline","2026-06-06",-1,"2026-05-30","Overall","quantile","0.55",305
"Regular Baseline","2026-06-06",-1,"2026-05-30","Overall","quantile","0.6",319
"Regular Baseline","2026-06-06",-1,"2026-05-30","Overall","quantile","0.65",334
"Regular Baseline","2026-06-06",-1,"2026-05-30","Overall","quantile","0.7",350
"Regular Baseline","2026-06-06",-1,"2026-05-30","Overall","quantile","0.75",368
"Regular Baseline","2026-06-06",-1,"2026-05-30","Overall","quantile","0.8",386
"Regular Baseline","2026-06-06",-1,"2026-05-30","Overall","quantile","0.85",412
"Regular Baseline","2026-06-06",-1,"2026-05-30","Overall","quantile","0.9",447
"Regular Baseline","2026-06-06",-1,"2026-05-30","Overall","quantile","0.95",498
"Regular Baseline","2026-06-06",-1,"2026-05-30","Overall","quantile","0.975",551
"Regular Baseline","2026-06-06",-1,"2026-05-30","Overall","quantile","0.99",612
"Regular Baseline","2026-06-06",0,"2026-06-06","Overall","quantile","0.01",73
"Regular Baseline","2026-06-06",0,"2026-06-06","Overall","quantile","0.025",100
"Regular Baseline","2026-06-06",0,"2026-06-06","Overall","quantile","0.05",126
"Regular Baseline","2026-06-06",0,"2026-06-06","Overall","quantile","0.1",158
"Regular Baseline","2026-06-06",0,"2026-06-06","Overall","quantile","0.15",180
"Regular Baseline","2026-06-06",0,"2026-06-06","Overall","quantile","0.2",199
"Regular Baseline","2026-06-06",0,"2026-06-06","Overall","quantile","0.25",216
"Regular Baseline","2026-06-06",0,"2026-06-06","Overall","quantile","0.3",232
"Regular Baseline","2026-06-06",0,"2026-06-06","Overall","quantile","0.35",248
"Regular Baseline","2026-06-06",0,"2026-06-06","Overall","quantile","0.4",263
"Regular Baseline","2026-06-06",0,"2026-06-06","Overall","quantile","0.45",277
"Regular Baseline","2026-06-06",0,"2026-06-06","Overall","quantile","0.5",292
"Regular Baseline","2026-06-06",0,"2026-06-06","Overall","quantile","0.55",308
"Regular Baseline","2026-06-06",0,"2026-06-06","Overall","quantile","0.6",324
"Regular Baseline","2026-06-06",0,"2026-06-06","Overall","quantile","0.65",341
"Regular Baseline","2026-06-06",0,"2026-06-06","Overall","quantile","0.7",360
"Regular Baseline","2026-06-06",0,"2026-06-06","Overall","quantile","0.75",379
"Regular Baseline","2026-06-06",0,"2026-06-06","Overall","quantile","0.8",404
"Regular Baseline","2026-06-06",0,"2026-06-06","Overall","quantile","0.85",431
"Regular Baseline","2026-06-06",0,"2026-06-06","Overall","quantile","0.9",468
"Regular Baseline","2026-06-06",0,"2026-06-06","Overall","quantile","0.95",530
"Regular Baseline","2026-06-06",0,"2026-06-06","Overall","quantile","0.975",584
"Regular Baseline","2026-06-06",0,"2026-06-06","Overall","quantile","0.99",666
"Regular Baseline","2026-06-06",1,"2026-06-13","Overall","quantile","0.01",64
"Regular Baseline","2026-06-06",1,"2026-06-13","Overall","quantile","0.025",88
"Regular Baseline","2026-06-06",1,"2026-06-13","Overall","quantile","0.05",112
"Regular Baseline","2026-06-06",1,"2026-06-13","Overall","quantile","0.1",146
"Regular Baseline","2026-06-06",1,"2026-06-13","Overall","quantile","0.15",172
"Regular Baseline","2026-06-06",1,"2026-06-13","Overall","quantile","0.2",192
"Regular Baseline","2026-06-06",1,"2026-06-13","Overall","quantile","0.25",210
"Regular Baseline","2026-06-06",1,"2026-06-13","Overall","quantile","0.3",226
"Regular Baseline","2026-06-06",1,"2026-06-13","Overall","quantile","0.35",242
"Regular Baseline","2026-06-06",1,"2026-06-13","Overall","quantile","0.4",258
"Regular Baseline","2026-06-06",1,"2026-06-13","Overall","quantile","0.45",274
"Regular Baseline","2026-06-06",1,"2026-06-13","Overall","quantile","0.5",292
"Regular Baseline","2026-06-06",1,"2026-06-13","Overall","quantile","0.55",309
"Regular Baseline","2026-06-06",1,"2026-06-13","Overall","quantile","0.6",329
"Regular Baseline","2026-06-06",1,"2026-06-13","Overall","quantile","0.65",348
"Regular Baseline","2026-06-06",1,"2026-06-13","Overall","quantile","0.7",369
"Regular Baseline","2026-06-06",1,"2026-06-13","Overall","quantile","0.75",390
"Regular Baseline","2026-06-06",1,"2026-06-13","Overall","quantile","0.8",415
"Regular Baseline","2026-06-06",1,"2026-06-13","Overall","quantile","0.85",447
"Regular Baseline","2026-06-06",1,"2026-06-13","Overall","quantile","0.9",488
"Regular Baseline","2026-06-06",1,"2026-06-13","Overall","quantile","0.95",555
"Regular Baseline","2026-06-06",1,"2026-06-13","Overall","quantile","0.975",618
"Regular Baseline","2026-06-06",1,"2026-06-13","Overall","quantile","0.99",712
"Regular Baseline","2026-06-06",2,"2026-06-20","Overall","quantile","0.01",53
"Regular Baseline","2026-06-06",2,"2026-06-20","Overall","quantile","0.025",77
"Regular Baseline","2026-06-06",2,"2026-06-20","Overall","quantile","0.05",101
"Regular Baseline","2026-06-06",2,"2026-06-20","Overall","quantile","0.1",138
"Regular Baseline","2026-06-06",2,"2026-06-20","Overall","quantile","0.15",163
"Regular Baseline","2026-06-06",2,"2026-06-20","Overall","quantile","0.2",186
"Regular Baseline","2026-06-06",2,"2026-06-20","Overall","quantile","0.25",204
"Regular Baseline","2026-06-06",2,"2026-06-20","Overall","quantile","0.3",222
"Regular Baseline","2026-06-06",2,"2026-06-20","Overall","quantile","0.35",239
"Regular Baseline","2026-06-06",2,"2026-06-20","Overall","quantile","0.4",257
"Regular Baseline","2026-06-06",2,"2026-06-20","Overall","quantile","0.45",274
"Regular Baseline","2026-06-06",2,"2026-06-20","Overall","quantile","0.5",292
"Regular Baseline","2026-06-06",2,"2026-06-20","Overall","quantile","0.55",312
"Regular Baseline","2026-06-06",2,"2026-06-20","Overall","quantile","0.6",331
"Regular Baseline","2026-06-06",2,"2026-06-20","Overall","quantile","0.65",352
"Regular Baseline","2026-06-06",2,"2026-06-20","Overall","quantile","0.7",374
"Regular Baseline","2026-06-06",2,"2026-06-20","Overall","quantile","0.75",400
"Regular Baseline","2026-06-06",2,"2026-06-20","Overall","quantile","0.8",427
"Regular Baseline","2026-06-06",2,"2026-06-20","Overall","quantile","0.85",465
"Regular Baseline","2026-06-06",2,"2026-06-20","Overall","quantile","0.9",511
"Regular Baseline","2026-06-06",2,"2026-06-20","Overall","quantile","0.95",585
"Regular Baseline","2026-06-06",2,"2026-06-20","Overall","quantile","0.975",664
"Regular Baseline","2026-06-06",2,"2026-06-20","Overall","quantile","0.99",747
"Regular Baseline","2026-06-06",3,"2026-06-27","Overall","quantile","0.01",43
"Regular Baseline","2026-06-06",3,"2026-06-27","Overall","quantile","0.025",68
"Regular Baseline","2026-06-06",3,"2026-06-27","Overall","quantile","0.05",92
"Regular Baseline","2026-06-06",3,"2026-06-27","Overall","quantile","0.1",129
"Regular Baseline","2026-06-06",3,"2026-06-27","Overall","quantile","0.15",155
"Regular Baseline","2026-06-06",3,"2026-06-27","Overall","quantile","0.2",175
"Regular Baseline","2026-06-06",3,"2026-06-27","Overall","quantile","0.25",197
"Regular Baseline","2026-06-06",3,"2026-06-27","Overall","quantile","0.3",216
"Regular Baseline","2026-06-06",3,"2026-06-27","Overall","quantile","0.35",234
"Regular Baseline","2026-06-06",3,"2026-06-27","Overall","quantile","0.4",254
"Regular Baseline","2026-06-06",3,"2026-06-27","Overall","quantile","0.45",272
"Regular Baseline","2026-06-06",3,"2026-06-27","Overall","quantile","0.5",292
"Regular Baseline","2026-06-06",3,"2026-06-27","Overall","quantile","0.55",312
"Regular Baseline","2026-06-06",3,"2026-06-27","Overall","quantile","0.6",332
"Regular Baseline","2026-06-06",3,"2026-06-27","Overall","quantile","0.65",354
"Regular Baseline","2026-06-06",3,"2026-06-27","Overall","quantile","0.7",377
"Regular Baseline","2026-06-06",3,"2026-06-27","Overall","quantile","0.75",405
"Regular Baseline","2026-06-06",3,"2026-06-27","Overall","quantile","0.8",436
"Regular Baseline","2026-06-06",3,"2026-06-27","Overall","quantile","0.85",476
"Regular Baseline","2026-06-06",3,"2026-06-27","Overall","quantile","0.9",527
"Regular Baseline","2026-06-06",3,"2026-06-27","Overall","quantile","0.95",603
"Regular Baseline","2026-06-06",3,"2026-06-27","Overall","quantile","0.975",687
"Regular Baseline","2026-06-06",3,"2026-06-27","Overall","quantile","0.99",779
"Regular Baseline","2026-06-06",-4,"2026-05-09","Pediatrics","quantile","0.01",113
"Regular Baseline","2026-06-06",-4,"2026-05-09","Pediatrics","quantile","0.025",122
"Regular Baseline","2026-06-06",-4,"2026-05-09","Pediatrics","quantile","0.05",133
"Regular Baseline","2026-06-06",-4,"2026-05-09","Pediatrics","quantile","0.1",141
"Regular Baseline","2026-06-06",-4,"2026-05-09","Pediatrics","quantile","0.15",148
"Regular Baseline","2026-06-06",-4,"2026-05-09","Pediatrics","quantile","0.2",157
"Regular Baseline","2026-06-06",-4,"2026-05-09","Pediatrics","quantile","0.25",164
"Regular Baseline","2026-06-06",-4,"2026-05-09","Pediatrics","quantile","0.3",170
"Regular Baseline","2026-06-06",-4,"2026-05-09","Pediatrics","quantile","0.35",173
"Regular Baseline","2026-06-06",-4,"2026-05-09","Pediatrics","quantile","0.4",177
"Regular Baseline","2026-06-06",-4,"2026-05-09","Pediatrics","quantile","0.45",182
"Regular Baseline","2026-06-06",-4,"2026-05-09","Pediatrics","quantile","0.5",186
"Regular Baseline","2026-06-06",-4,"2026-05-09","Pediatrics","quantile","0.55",190
"Regular Baseline","2026-06-06",-4,"2026-05-09","Pediatrics","quantile","0.6",196
"Regular Baseline","2026-06-06",-4,"2026-05-09","Pediatrics","quantile","0.65",200
"Regular Baseline","2026-06-06",-4,"2026-05-09","Pediatrics","quantile","0.7",203
"Regular Baseline","2026-06-06",-4,"2026-05-09","Pediatrics","quantile","0.75",210
"Regular Baseline","2026-06-06",-4,"2026-05-09","Pediatrics","quantile","0.8",218
"Regular Baseline","2026-06-06",-4,"2026-05-09","Pediatrics","quantile","0.85",228
"Regular Baseline","2026-06-06",-4,"2026-05-09","Pediatrics","quantile","0.9",237
"Regular Baseline","2026-06-06",-4,"2026-05-09","Pediatrics","quantile","0.95",248
"Regular Baseline","2026-06-06",-4,"2026-05-09","Pediatrics","quantile","0.975",264
"Regular Baseline","2026-06-06",-4,"2026-05-09","Pediatrics","quantile","0.99",276
"Regular Baseline","2026-06-06",-3,"2026-05-16","Pediatrics","quantile","0.01",85
"Regular Baseline","2026-06-06",-3,"2026-05-16","Pediatrics","quantile","0.025",98
"Regular Baseline","2026-06-06",-3,"2026-05-16","Pediatrics","quantile","0.05",110
"Regular Baseline","2026-06-06",-3,"2026-05-16","Pediatrics","quantile","0.1",126
"Regular Baseline","2026-06-06",-3,"2026-05-16","Pediatrics","quantile","0.15",136
"Regular Baseline","2026-06-06",-3,"2026-05-16","Pediatrics","quantile","0.2",145
"Regular Baseline","2026-06-06",-3,"2026-05-16","Pediatrics","quantile","0.25",153
"Regular Baseline","2026-06-06",-3,"2026-05-16","Pediatrics","quantile","0.3",160
"Regular Baseline","2026-06-06",-3,"2026-05-16","Pediatrics","quantile","0.35",167
"Regular Baseline","2026-06-06",-3,"2026-05-16","Pediatrics","quantile","0.4",173
"Regular Baseline","2026-06-06",-3,"2026-05-16","Pediatrics","quantile","0.45",180
"Regular Baseline","2026-06-06",-3,"2026-05-16","Pediatrics","quantile","0.5",186
"Regular Baseline","2026-06-06",-3,"2026-05-16","Pediatrics","quantile","0.55",192
"Regular Baseline","2026-06-06",-3,"2026-05-16","Pediatrics","quantile","0.6",199
"Regular Baseline","2026-06-06",-3,"2026-05-16","Pediatrics","quantile","0.65",206
"Regular Baseline","2026-06-06",-3,"2026-05-16","Pediatrics","quantile","0.7",213
"Regular Baseline","2026-06-06",-3,"2026-05-16","Pediatrics","quantile","0.75",223
"Regular Baseline","2026-06-06",-3,"2026-05-16","Pediatrics","quantile","0.8",232
"Regular Baseline","2026-06-06",-3,"2026-05-16","Pediatrics","quantile","0.85",243
"Regular Baseline","2026-06-06",-3,"2026-05-16","Pediatrics","quantile","0.9",256
"Regular Baseline","2026-06-06",-3,"2026-05-16","Pediatrics","quantile","0.95",280
"Regular Baseline","2026-06-06",-3,"2026-05-16","Pediatrics","quantile","0.975",301
"Regular Baseline","2026-06-06",-3,"2026-05-16","Pediatrics","quantile","0.99",328
"Regular Baseline","2026-06-06",-2,"2026-05-23","Pediatrics","quantile","0.01",68
"Regular Baseline","2026-06-06",-2,"2026-05-23","Pediatrics","quantile","0.025",84
"Regular Baseline","2026-06-06",-2,"2026-05-23","Pediatrics","quantile","0.05",98
"Regular Baseline","2026-06-06",-2,"2026-05-23","Pediatrics","quantile","0.1",115
"Regular Baseline","2026-06-06",-2,"2026-05-23","Pediatrics","quantile","0.15",127
"Regular Baseline","2026-06-06",-2,"2026-05-23","Pediatrics","quantile","0.2",137
"Regular Baseline","2026-06-06",-2,"2026-05-23","Pediatrics","quantile","0.25",146
"Regular Baseline","2026-06-06",-2,"2026-05-23","Pediatrics","quantile","0.3",154
"Regular Baseline","2026-06-06",-2,"2026-05-23","Pediatrics","quantile","0.35",162
"Regular Baseline","2026-06-06",-2,"2026-05-23","Pediatrics","quantile","0.4",171
"Regular Baseline","2026-06-06",-2,"2026-05-23","Pediatrics","quantile","0.45",178
"Regular Baseline","2026-06-06",-2,"2026-05-23","Pediatrics","quantile","0.5",186
"Regular Baseline","2026-06-06",-2,"2026-05-23","Pediatrics","quantile","0.55",194
"Regular Baseline","2026-06-06",-2,"2026-05-23","Pediatrics","quantile","0.6",202
"Regular Baseline","2026-06-06",-2,"2026-05-23","Pediatrics","quantile","0.65",211
"Regular Baseline","2026-06-06",-2,"2026-05-23","Pediatrics","quantile","0.7",220
"Regular Baseline","2026-06-06",-2,"2026-05-23","Pediatrics","quantile","0.75",231
"Regular Baseline","2026-06-06",-2,"2026-05-23","Pediatrics","quantile","0.8",243
"Regular Baseline","2026-06-06",-2,"2026-05-23","Pediatrics","quantile","0.85",257
"Regular Baseline","2026-06-06",-2,"2026-05-23","Pediatrics","quantile","0.9",277
"Regular Baseline","2026-06-06",-2,"2026-05-23","Pediatrics","quantile","0.95",305
"Regular Baseline","2026-06-06",-2,"2026-05-23","Pediatrics","quantile","0.975",333
"Regular Baseline","2026-06-06",-2,"2026-05-23","Pediatrics","quantile","0.99",374
"Regular Baseline","2026-06-06",-1,"2026-05-30","Pediatrics","quantile","0.01",56
"Regular Baseline","2026-06-06",-1,"2026-05-30","Pediatrics","quantile","0.025",72
"Regular Baseline","2026-06-06",-1,"2026-05-30","Pediatrics","quantile","0.05",88
"Regular Baseline","2026-06-06",-1,"2026-05-30","Pediatrics","quantile","0.1",106
"Regular Baseline","2026-06-06",-1,"2026-05-30","Pediatrics","quantile","0.15",119
"Regular Baseline","2026-06-06",-1,"2026-05-30","Pediatrics","quantile","0.2",130
"Regular Baseline","2026-06-06",-1,"2026-05-30","Pediatrics","quantile","0.25",140
"Regular Baseline","2026-06-06",-1,"2026-05-30","Pediatrics","quantile","0.3",150
"Regular Baseline","2026-06-06",-1,"2026-05-30","Pediatrics","quantile","0.35",159
"Regular Baseline","2026-06-06",-1,"2026-05-30","Pediatrics","quantile","0.4",168
"Regular Baseline","2026-06-06",-1,"2026-05-30","Pediatrics","quantile","0.45",177
"Regular Baseline","2026-06-06",-1,"2026-05-30","Pediatrics","quantile","0.5",186
"Regular Baseline","2026-06-06",-1,"2026-05-30","Pediatrics","quantile","0.55",195
"Regular Baseline","2026-06-06",-1,"2026-05-30","Pediatrics","quantile","0.6",204
"Regular Baseline","2026-06-06",-1,"2026-05-30","Pediatrics","quantile","0.65",215
"Regular Baseline","2026-06-06",-1,"2026-05-30","Pediatrics","quantile","0.7",226
"Regular Baseline","2026-06-06",-1,"2026-05-30","Pediatrics","quantile","0.75",238
"Regular Baseline","2026-06-06",-1,"2026-05-30","Pediatrics","quantile","0.8",252
"Regular Baseline","2026-06-06",-1,"2026-05-30","Pediatrics","quantile","0.85",271
"Regular Baseline","2026-06-06",-1,"2026-05-30","Pediatrics","quantile","0.9",294
"Regular Baseline","2026-06-06",-1,"2026-05-30","Pediatrics","quantile","0.95",328
"Regular Baseline","2026-06-06",-1,"2026-05-30","Pediatrics","quantile","0.975",362
"Regular Baseline","2026-06-06",-1,"2026-05-30","Pediatrics","quantile","0.99",402
"Regular Baseline","2026-06-06",0,"2026-06-06","Pediatrics","quantile","0.01",44
"Regular Baseline","2026-06-06",0,"2026-06-06","Pediatrics","quantile","0.025",62
"Regular Baseline","2026-06-06",0,"2026-06-06","Pediatrics","quantile","0.05",78
"Regular Baseline","2026-06-06",0,"2026-06-06","Pediatrics","quantile","0.1",98
"Regular Baseline","2026-06-06",0,"2026-06-06","Pediatrics","quantile","0.15",113
"Regular Baseline","2026-06-06",0,"2026-06-06","Pediatrics","quantile","0.2",125
"Regular Baseline","2026-06-06",0,"2026-06-06","Pediatrics","quantile","0.25",136
"Regular Baseline","2026-06-06",0,"2026-06-06","Pediatrics","quantile","0.3",146
"Regular Baseline","2026-06-06",0,"2026-06-06","Pediatrics","quantile","0.35",157
"Regular Baseline","2026-06-06",0,"2026-06-06","Pediatrics","quantile","0.4",166
"Regular Baseline","2026-06-06",0,"2026-06-06","Pediatrics","quantile","0.45",176
"Regular Baseline","2026-06-06",0,"2026-06-06","Pediatrics","quantile","0.5",186
"Regular Baseline","2026-06-06",0,"2026-06-06","Pediatrics","quantile","0.55",196
"Regular Baseline","2026-06-06",0,"2026-06-06","Pediatrics","quantile","0.6",207
"Regular Baseline","2026-06-06",0,"2026-06-06","Pediatrics","quantile","0.65",218
"Regular Baseline","2026-06-06",0,"2026-06-06","Pediatrics","quantile","0.7",232
"Regular Baseline","2026-06-06",0,"2026-06-06","Pediatrics","quantile","0.75",247
"Regular Baseline","2026-06-06",0,"2026-06-06","Pediatrics","quantile","0.8",263
"Regular Baseline","2026-06-06",0,"2026-06-06","Pediatrics","quantile","0.85",281
"Regular Baseline","2026-06-06",0,"2026-06-06","Pediatrics","quantile","0.9",306
"Regular Baseline","2026-06-06",0,"2026-06-06","Pediatrics","quantile","0.95",347
"Regular Baseline","2026-06-06",0,"2026-06-06","Pediatrics","quantile","0.975",387
"Regular Baseline","2026-06-06",0,"2026-06-06","Pediatrics","quantile","0.99",432
"Regular Baseline","2026-06-06",1,"2026-06-13","Pediatrics","quantile","0.01",37
"Regular Baseline","2026-06-06",1,"2026-06-13","Pediatrics","quantile","0.025",54
"Regular Baseline","2026-06-06",1,"2026-06-13","Pediatrics","quantile","0.05",69
"Regular Baseline","2026-06-06",1,"2026-06-13","Pediatrics","quantile","0.1",91
"Regular Baseline","2026-06-06",1,"2026-06-13","Pediatrics","quantile","0.15",107
"Regular Baseline","2026-06-06",1,"2026-06-13","Pediatrics","quantile","0.2",121
"Regular Baseline","2026-06-06",1,"2026-06-13","Pediatrics","quantile","0.25",132
"Regular Baseline","2026-06-06",1,"2026-06-13","Pediatrics","quantile","0.3",144
"Regular Baseline","2026-06-06",1,"2026-06-13","Pediatrics","quantile","0.35",154
"Regular Baseline","2026-06-06",1,"2026-06-13","Pediatrics","quantile","0.4",164
"Regular Baseline","2026-06-06",1,"2026-06-13","Pediatrics","quantile","0.45",175
"Regular Baseline","2026-06-06",1,"2026-06-13","Pediatrics","quantile","0.5",186
"Regular Baseline","2026-06-06",1,"2026-06-13","Pediatrics","quantile","0.55",197
"Regular Baseline","2026-06-06",1,"2026-06-13","Pediatrics","quantile","0.6",209
"Regular Baseline","2026-06-06",1,"2026-06-13","Pediatrics","quantile","0.65",221
"Regular Baseline","2026-06-06",1,"2026-06-13","Pediatrics","quantile","0.7",236
"Regular Baseline","2026-06-06",1,"2026-06-13","Pediatrics","quantile","0.75",250
"Regular Baseline","2026-06-06",1,"2026-06-13","Pediatrics","quantile","0.8",269
"Regular Baseline","2026-06-06",1,"2026-06-13","Pediatrics","quantile","0.85",291
"Regular Baseline","2026-06-06",1,"2026-06-13","Pediatrics","quantile","0.9",321
"Regular Baseline","2026-06-06",1,"2026-06-13","Pediatrics","quantile","0.95",367
"Regular Baseline","2026-06-06",1,"2026-06-13","Pediatrics","quantile","0.975",404
"Regular Baseline","2026-06-06",1,"2026-06-13","Pediatrics","quantile","0.99",452
"Regular Baseline","2026-06-06",2,"2026-06-20","Pediatrics","quantile","0.01",30
"Regular Baseline","2026-06-06",2,"2026-06-20","Pediatrics","quantile","0.025",44
"Regular Baseline","2026-06-06",2,"2026-06-20","Pediatrics","quantile","0.05",61
"Regular Baseline","2026-06-06",2,"2026-06-20","Pediatrics","quantile","0.1",82
"Regular Baseline","2026-06-06",2,"2026-06-20","Pediatrics","quantile","0.15",100
"Regular Baseline","2026-06-06",2,"2026-06-20","Pediatrics","quantile","0.2",115
"Regular Baseline","2026-06-06",2,"2026-06-20","Pediatrics","quantile","0.25",128
"Regular Baseline","2026-06-06",2,"2026-06-20","Pediatrics","quantile","0.3",140
"Regular Baseline","2026-06-06",2,"2026-06-20","Pediatrics","quantile","0.35",151
"Regular Baseline","2026-06-06",2,"2026-06-20","Pediatrics","quantile","0.4",163
"Regular Baseline","2026-06-06",2,"2026-06-20","Pediatrics","quantile","0.45",174
"Regular Baseline","2026-06-06",2,"2026-06-20","Pediatrics","quantile","0.5",186
"Regular Baseline","2026-06-06",2,"2026-06-20","Pediatrics","quantile","0.55",198
"Regular Baseline","2026-06-06",2,"2026-06-20","Pediatrics","quantile","0.6",210
"Regular Baseline","2026-06-06",2,"2026-06-20","Pediatrics","quantile","0.65",224
"Regular Baseline","2026-06-06",2,"2026-06-20","Pediatrics","quantile","0.7",240
"Regular Baseline","2026-06-06",2,"2026-06-20","Pediatrics","quantile","0.75",258
"Regular Baseline","2026-06-06",2,"2026-06-20","Pediatrics","quantile","0.8",278
"Regular Baseline","2026-06-06",2,"2026-06-20","Pediatrics","quantile","0.85",300
"Regular Baseline","2026-06-06",2,"2026-06-20","Pediatrics","quantile","0.9",332
"Regular Baseline","2026-06-06",2,"2026-06-20","Pediatrics","quantile","0.95",381
"Regular Baseline","2026-06-06",2,"2026-06-20","Pediatrics","quantile","0.975",426
"Regular Baseline","2026-06-06",2,"2026-06-20","Pediatrics","quantile","0.99",475
"Regular Baseline","2026-06-06",3,"2026-06-27","Pediatrics","quantile","0.01",24
"Regular Baseline","2026-06-06",3,"2026-06-27","Pediatrics","quantile","0.025",39
"Regular Baseline","2026-06-06",3,"2026-06-27","Pediatrics","quantile","0.05",56
"Regular Baseline","2026-06-06",3,"2026-06-27","Pediatrics","quantile","0.1",77
"Regular Baseline","2026-06-06",3,"2026-06-27","Pediatrics","quantile","0.15",95
"Regular Baseline","2026-06-06",3,"2026-06-27","Pediatrics","quantile","0.2",108
"Regular Baseline","2026-06-06",3,"2026-06-27","Pediatrics","quantile","0.25",123
"Regular Baseline","2026-06-06",3,"2026-06-27","Pediatrics","quantile","0.3",136
"Regular Baseline","2026-06-06",3,"2026-06-27","Pediatrics","quantile","0.35",149
"Regular Baseline","2026-06-06",3,"2026-06-27","Pediatrics","quantile","0.4",162
"Regular Baseline","2026-06-06",3,"2026-06-27","Pediatrics","quantile","0.45",174
"Regular Baseline","2026-06-06",3,"2026-06-27","Pediatrics","quantile","0.5",186
"Regular Baseline","2026-06-06",3,"2026-06-27","Pediatrics","quantile","0.55",198
"Regular Baseline","2026-06-06",3,"2026-06-27","Pediatrics","quantile","0.6",213
"Regular Baseline","2026-06-06",3,"2026-06-27","Pediatrics","quantile","0.65",228
"Regular Baseline","2026-06-06",3,"2026-06-27","Pediatrics","quantile","0.7",244
"Regular Baseline","2026-06-06",3,"2026-06-27","Pediatrics","quantile","0.75",263
"Regular Baseline","2026-06-06",3,"2026-06-27","Pediatrics","quantile","0.8",284
"Regular Baseline","2026-06-06",3,"2026-06-27","Pediatrics","quantile","0.85",309
"Regular Baseline","2026-06-06",3,"2026-06-27","Pediatrics","quantile","0.9",344
"Regular Baseline","2026-06-06",3,"2026-06-27","Pediatrics","quantile","0.95",395
"Regular Baseline","2026-06-06",3,"2026-06-27","Pediatrics","quantile","0.975",448
"Regular Baseline","2026-06-06",3,"2026-06-27","Pediatrics","quantile","0.99",500
"Seasonal Baseline","2026-06-06",-4,"2026-05-09","Adults","quantile","0.01",50
"Seasonal Baseline","2026-06-06",-4,"2026-05-09","Adults","quantile","0.025",62
"Seasonal Baseline","2026-06-06",-4,"2026-05-09","Adults","quantile","0.05",73
"Seasonal Baseline","2026-06-06",-4,"2026-05-09","Adults","quantile","0.1",91
"Seasonal Baseline","2026-06-06",-4,"2026-05-09","Adults","quantile","0.15",104
"Seasonal Baseline","2026-06-06",-4,"2026-05-09","Adults","quantile","0.2",116
"Seasonal Baseline","2026-06-06",-4,"2026-05-09","Adults","quantile","0.25",127
"Seasonal Baseline","2026-06-06",-4,"2026-05-09","Adults","quantile","0.3",138
"Seasonal Baseline","2026-06-06",-4,"2026-05-09","Adults","quantile","0.35",149
"Seasonal Baseline","2026-06-06",-4,"2026-05-09","Adults","quantile","0.4",160
"Seasonal Baseline","2026-06-06",-4,"2026-05-09","Adults","quantile","0.45",172
"Seasonal Baseline","2026-06-06",-4,"2026-05-09","Adults","quantile","0.5",184
"Seasonal Baseline","2026-06-06",-4,"2026-05-09","Adults","quantile","0.55",197
"Seasonal Baseline","2026-06-06",-4,"2026-05-09","Adults","quantile","0.6",211
"Seasonal Baseline","2026-06-06",-4,"2026-05-09","Adults","quantile","0.65",227
"Seasonal Baseline","2026-06-06",-4,"2026-05-09","Adults","quantile","0.7",246
"Seasonal Baseline","2026-06-06",-4,"2026-05-09","Adults","quantile","0.75",267
"Seasonal Baseline","2026-06-06",-4,"2026-05-09","Adults","quantile","0.8",289
"Seasonal Baseline","2026-06-06",-4,"2026-05-09","Adults","quantile","0.85",322
"Seasonal Baseline","2026-06-06",-4,"2026-05-09","Adults","quantile","0.9",370
"Seasonal Baseline","2026-06-06",-4,"2026-05-09","Adults","quantile","0.95",455
"Seasonal Baseline","2026-06-06",-4,"2026-05-09","Adults","quantile","0.975",553
"Seasonal Baseline","2026-06-06",-4,"2026-05-09","Adults","quantile","0.99",680
"Seasonal Baseline","2026-06-06",-3,"2026-05-16","Adults","quantile","0.01",57
"Seasonal Baseline","2026-06-06",-3,"2026-05-16","Adults","quantile","0.025",70
"Seasonal Baseline","2026-06-06",-3,"2026-05-16","Adults","quantile","0.05",83
"Seasonal Baseline","2026-06-06",-3,"2026-05-16","Adults","quantile","0.1",102
"Seasonal Baseline","2026-06-06",-3,"2026-05-16","Adults","quantile","0.15",116
"Seasonal Baseline","2026-06-06",-3,"2026-05-16","Adults","quantile","0.2",129
"Seasonal Baseline","2026-06-06",-3,"2026-05-16","Adults","quantile","0.25",141
"Seasonal Baseline","2026-06-06",-3,"2026-05-16","Adults","quantile","0.3",154
"Seasonal Baseline","2026-06-06",-3,"2026-05-16","Adults","quantile","0.35",167
"Seasonal Baseline","2026-06-06",-3,"2026-05-16","Adults","quantile","0.4",178
"Seasonal Baseline","2026-06-06",-3,"2026-05-16","Adults","quantile","0.45",192
"Seasonal Baseline","2026-06-06",-3,"2026-05-16","Adults","quantile","0.5",205
"Seasonal Baseline","2026-06-06",-3,"2026-05-16","Adults","quantile","0.55",220
"Seasonal Baseline","2026-06-06",-3,"2026-05-16","Adults","quantile","0.6",235
"Seasonal Baseline","2026-06-06",-3,"2026-05-16","Adults","quantile","0.65",251
"Seasonal Baseline","2026-06-06",-3,"2026-05-16","Adults","quantile","0.7",271
"Seasonal Baseline","2026-06-06",-3,"2026-05-16","Adults","quantile","0.75",294
"Seasonal Baseline","2026-06-06",-3,"2026-05-16","Adults","quantile","0.8",319
"Seasonal Baseline","2026-06-06",-3,"2026-05-16","Adults","quantile","0.85",358
"Seasonal Baseline","2026-06-06",-3,"2026-05-16","Adults","quantile","0.9",410
"Seasonal Baseline","2026-06-06",-3,"2026-05-16","Adults","quantile","0.95",496
"Seasonal Baseline","2026-06-06",-3,"2026-05-16","Adults","quantile","0.975",598
"Seasonal Baseline","2026-06-06",-3,"2026-05-16","Adults","quantile","0.99",726
"Seasonal Baseline","2026-06-06",-2,"2026-05-23","Adults","quantile","0.01",65
"Seasonal Baseline","2026-06-06",-2,"2026-05-23","Adults","quantile","0.025",79
"Seasonal Baseline","2026-06-06",-2,"2026-05-23","Adults","quantile","0.05",96
"Seasonal Baseline","2026-06-06",-2,"2026-05-23","Adults","quantile","0.1",116
"Seasonal Baseline","2026-06-06",-2,"2026-05-23","Adults","quantile","0.15",134
"Seasonal Baseline","2026-06-06",-2,"2026-05-23","Adults","quantile","0.2",148
"Seasonal Baseline","2026-06-06",-2,"2026-05-23","Adults","quantile","0.25",162
"Seasonal Baseline","2026-06-06",-2,"2026-05-23","Adults","quantile","0.3",176
"Seasonal Baseline","2026-06-06",-2,"2026-05-23","Adults","quantile","0.35",190
"Seasonal Baseline","2026-06-06",-2,"2026-05-23","Adults","quantile","0.4",204
"Seasonal Baseline","2026-06-06",-2,"2026-05-23","Adults","quantile","0.45",219
"Seasonal Baseline","2026-06-06",-2,"2026-05-23","Adults","quantile","0.5",235
"Seasonal Baseline","2026-06-06",-2,"2026-05-23","Adults","quantile","0.55",250
"Seasonal Baseline","2026-06-06",-2,"2026-05-23","Adults","quantile","0.6",268
"Seasonal Baseline","2026-06-06",-2,"2026-05-23","Adults","quantile","0.65",288
"Seasonal Baseline","2026-06-06",-2,"2026-05-23","Adults","quantile","0.7",311
"Seasonal Baseline","2026-06-06",-2,"2026-05-23","Adults","quantile","0.75",336
"Seasonal Baseline","2026-06-06",-2,"2026-05-23","Adults","quantile","0.8",370
"Seasonal Baseline","2026-06-06",-2,"2026-05-23","Adults","quantile","0.85",412
"Seasonal Baseline","2026-06-06",-2,"2026-05-23","Adults","quantile","0.9",470
"Seasonal Baseline","2026-06-06",-2,"2026-05-23","Adults","quantile","0.95",569
"Seasonal Baseline","2026-06-06",-2,"2026-05-23","Adults","quantile","0.975",677
"Seasonal Baseline","2026-06-06",-2,"2026-05-23","Adults","quantile","0.99",832
"Seasonal Baseline","2026-06-06",-1,"2026-05-30","Adults","quantile","0.01",74
"Seasonal Baseline","2026-06-06",-1,"2026-05-30","Adults","quantile","0.025",91
"Seasonal Baseline","2026-06-06",-1,"2026-05-30","Adults","quantile","0.05",108
"Seasonal Baseline","2026-06-06",-1,"2026-05-30","Adults","quantile","0.1",131
"Seasonal Baseline","2026-06-06",-1,"2026-05-30","Adults","quantile","0.15",149
"Seasonal Baseline","2026-06-06",-1,"2026-05-30","Adults","quantile","0.2",166
"Seasonal Baseline","2026-06-06",-1,"2026-05-30","Adults","quantile","0.25",180
"Seasonal Baseline","2026-06-06",-1,"2026-05-30","Adults","quantile","0.3",195
"Seasonal Baseline","2026-06-06",-1,"2026-05-30","Adults","quantile","0.35",211
"Seasonal Baseline","2026-06-06",-1,"2026-05-30","Adults","quantile","0.4",226
"Seasonal Baseline","2026-06-06",-1,"2026-05-30","Adults","quantile","0.45",242
"Seasonal Baseline","2026-06-06",-1,"2026-05-30","Adults","quantile","0.5",260
"Seasonal Baseline","2026-06-06",-1,"2026-05-30","Adults","quantile","0.55",279
"Seasonal Baseline","2026-06-06",-1,"2026-05-30","Adults","quantile","0.6",299
"Seasonal Baseline","2026-06-06",-1,"2026-05-30","Adults","quantile","0.65",322
"Seasonal Baseline","2026-06-06",-1,"2026-05-30","Adults","quantile","0.7",349
"Seasonal Baseline","2026-06-06",-1,"2026-05-30","Adults","quantile","0.75",381
"Seasonal Baseline","2026-06-06",-1,"2026-05-30","Adults","quantile","0.8",418
"Seasonal Baseline","2026-06-06",-1,"2026-05-30","Adults","quantile","0.85",466
"Seasonal Baseline","2026-06-06",-1,"2026-05-30","Adults","quantile","0.9",535
"Seasonal Baseline","2026-06-06",-1,"2026-05-30","Adults","quantile","0.95",658
"Seasonal Baseline","2026-06-06",-1,"2026-05-30","Adults","quantile","0.975",789
"Seasonal Baseline","2026-06-06",-1,"2026-05-30","Adults","quantile","0.99",974
"Seasonal Baseline","2026-06-06",0,"2026-06-06","Adults","quantile","0.01",78
"Seasonal Baseline","2026-06-06",0,"2026-06-06","Adults","quantile","0.025",99
"Seasonal Baseline","2026-06-06",0,"2026-06-06","Adults","quantile","0.05",118
"Seasonal Baseline","2026-06-06",0,"2026-06-06","Adults","quantile","0.1",144
"Seasonal Baseline","2026-06-06",0,"2026-06-06","Adults","quantile","0.15",167
"Seasonal Baseline","2026-06-06",0,"2026-06-06","Adults","quantile","0.2",185
"Seasonal Baseline","2026-06-06",0,"2026-06-06","Adults","quantile","0.25",203
"Seasonal Baseline","2026-06-06",0,"2026-06-06","Adults","quantile","0.3",220
"Seasonal Baseline","2026-06-06",0,"2026-06-06","Adults","quantile","0.35",237
"Seasonal Baseline","2026-06-06",0,"2026-06-06","Adults","quantile","0.4",255
"Seasonal Baseline","2026-06-06",0,"2026-06-06","Adults","quantile","0.45",274
"Seasonal Baseline","2026-06-06",0,"2026-06-06","Adults","quantile","0.5",295
"Seasonal Baseline","2026-06-06",0,"2026-06-06","Adults","quantile","0.55",315
"Seasonal Baseline","2026-06-06",0,"2026-06-06","Adults","quantile","0.6",338
"Seasonal Baseline","2026-06-06",0,"2026-06-06","Adults","quantile","0.65",361
"Seasonal Baseline","2026-06-06",0,"2026-06-06","Adults","quantile","0.7",390
"Seasonal Baseline","2026-06-06",0,"2026-06-06","Adults","quantile","0.75",422
"Seasonal Baseline","2026-06-06",0,"2026-06-06","Adults","quantile","0.8",464
"Seasonal Baseline","2026-06-06",0,"2026-06-06","Adults","quantile","0.85",516
"Seasonal Baseline","2026-06-06",0,"2026-06-06","Adults","quantile","0.9",586
"Seasonal Baseline","2026-06-06",0,"2026-06-06","Adults","quantile","0.95",718
"Seasonal Baseline","2026-06-06",0,"2026-06-06","Adults","quantile","0.975",850
"Seasonal Baseline","2026-06-06",0,"2026-06-06","Adults","quantile","0.99",1068
"Seasonal Baseline","2026-06-06",1,"2026-06-13","Adults","quantile","0.01",89
"Seasonal Baseline","2026-06-06",1,"2026-06-13","Adults","quantile","0.025",106
"Seasonal Baseline","2026-06-06",1,"2026-06-13","Adults","quantile","0.05",125
"Seasonal Baseline","2026-06-06",1,"2026-06-13","Adults","quantile","0.1",154
"Seasonal Baseline","2026-06-06",1,"2026-06-13","Adults","quantile","0.15",176
"Seasonal Baseline","2026-06-06",1,"2026-06-13","Adults","quantile","0.2",196
"Seasonal Baseline","2026-06-06",1,"2026-06-13","Adults","quantile","0.25",216
"Seasonal Baseline","2026-06-06",1,"2026-06-13","Adults","quantile","0.3",236
"Seasonal Baseline","2026-06-06",1,"2026-06-13","Adults","quantile","0.35",255
"Seasonal Baseline","2026-06-06",1,"2026-06-13","Adults","quantile","0.4",273
"Seasonal Baseline","2026-06-06",1,"2026-06-13","Adults","quantile","0.45",294
"Seasonal Baseline","2026-06-06",1,"2026-06-13","Adults","quantile","0.5",315
"Seasonal Baseline","2026-06-06",1,"2026-06-13","Adults","quantile","0.55",338
"Seasonal Baseline","2026-06-06",1,"2026-06-13","Adults","quantile","0.6",363
"Seasonal Baseline","2026-06-06",1,"2026-06-13","Adults","quantile","0.65",390
"Seasonal Baseline","2026-06-06",1,"2026-06-13","Adults","quantile","0.7",419
"Seasonal Baseline","2026-06-06",1,"2026-06-13","Adults","quantile","0.75",454
"Seasonal Baseline","2026-06-06",1,"2026-06-13","Adults","quantile","0.8",495
"Seasonal Baseline","2026-06-06",1,"2026-06-13","Adults","quantile","0.85",551
"Seasonal Baseline","2026-06-06",1,"2026-06-13","Adults","quantile","0.9",630
"Seasonal Baseline","2026-06-06",1,"2026-06-13","Adults","quantile","0.95",773
"Seasonal Baseline","2026-06-06",1,"2026-06-13","Adults","quantile","0.975",913
"Seasonal Baseline","2026-06-06",1,"2026-06-13","Adults","quantile","0.99",1109
"Seasonal Baseline","2026-06-06",2,"2026-06-20","Adults","quantile","0.01",95
"Seasonal Baseline","2026-06-06",2,"2026-06-20","Adults","quantile","0.025",115
"Seasonal Baseline","2026-06-06",2,"2026-06-20","Adults","quantile","0.05",136
"Seasonal Baseline","2026-06-06",2,"2026-06-20","Adults","quantile","0.1",165
"Seasonal Baseline","2026-06-06",2,"2026-06-20","Adults","quantile","0.15",187
"Seasonal Baseline","2026-06-06",2,"2026-06-20","Adults","quantile","0.2",208
"Seasonal Baseline","2026-06-06",2,"2026-06-20","Adults","quantile","0.25",227
"Seasonal Baseline","2026-06-06",2,"2026-06-20","Adults","quantile","0.3",246
"Seasonal Baseline","2026-06-06",2,"2026-06-20","Adults","quantile","0.35",266
"Seasonal Baseline","2026-06-06",2,"2026-06-20","Adults","quantile","0.4",287
"Seasonal Baseline","2026-06-06",2,"2026-06-20","Adults","quantile","0.45",308
"Seasonal Baseline","2026-06-06",2,"2026-06-20","Adults","quantile","0.5",330
"Seasonal Baseline","2026-06-06",2,"2026-06-20","Adults","quantile","0.55",355
"Seasonal Baseline","2026-06-06",2,"2026-06-20","Adults","quantile","0.6",379
"Seasonal Baseline","2026-06-06",2,"2026-06-20","Adults","quantile","0.65",407
"Seasonal Baseline","2026-06-06",2,"2026-06-20","Adults","quantile","0.7",439
"Seasonal Baseline","2026-06-06",2,"2026-06-20","Adults","quantile","0.75",479
"Seasonal Baseline","2026-06-06",2,"2026-06-20","Adults","quantile","0.8",522
"Seasonal Baseline","2026-06-06",2,"2026-06-20","Adults","quantile","0.85",582
"Seasonal Baseline","2026-06-06",2,"2026-06-20","Adults","quantile","0.9",672
"Seasonal Baseline","2026-06-06",2,"2026-06-20","Adults","quantile","0.95",816
"Seasonal Baseline","2026-06-06",2,"2026-06-20","Adults","quantile","0.975",954
"Seasonal Baseline","2026-06-06",2,"2026-06-20","Adults","quantile","0.99",1168
"Seasonal Baseline","2026-06-06",3,"2026-06-27","Adults","quantile","0.01",93
"Seasonal Baseline","2026-06-06",3,"2026-06-27","Adults","quantile","0.025",114
"Seasonal Baseline","2026-06-06",3,"2026-06-27","Adults","quantile","0.05",135
"Seasonal Baseline","2026-06-06",3,"2026-06-27","Adults","quantile","0.1",166
"Seasonal Baseline","2026-06-06",3,"2026-06-27","Adults","quantile","0.15",192
"Seasonal Baseline","2026-06-06",3,"2026-06-27","Adults","quantile","0.2",215
"Seasonal Baseline","2026-06-06",3,"2026-06-27","Adults","quantile","0.25",235
"Seasonal Baseline","2026-06-06",3,"2026-06-27","Adults","quantile","0.3",255
"Seasonal Baseline","2026-06-06",3,"2026-06-27","Adults","quantile","0.35",276
"Seasonal Baseline","2026-06-06",3,"2026-06-27","Adults","quantile","0.4",295
"Seasonal Baseline","2026-06-06",3,"2026-06-27","Adults","quantile","0.45",316
"Seasonal Baseline","2026-06-06",3,"2026-06-27","Adults","quantile","0.5",338
"Seasonal Baseline","2026-06-06",3,"2026-06-27","Adults","quantile","0.55",363
"Seasonal Baseline","2026-06-06",3,"2026-06-27","Adults","quantile","0.6",388
"Seasonal Baseline","2026-06-06",3,"2026-06-27","Adults","quantile","0.65",417
"Seasonal Baseline","2026-06-06",3,"2026-06-27","Adults","quantile","0.7",449
"Seasonal Baseline","2026-06-06",3,"2026-06-27","Adults","quantile","0.75",488
"Seasonal Baseline","2026-06-06",3,"2026-06-27","Adults","quantile","0.8",536
"Seasonal Baseline","2026-06-06",3,"2026-06-27","Adults","quantile","0.85",596
"Seasonal Baseline","2026-06-06",3,"2026-06-27","Adults","quantile","0.9",683
"Seasonal Baseline","2026-06-06",3,"2026-06-27","Adults","quantile","0.95",832
"Seasonal Baseline","2026-06-06",3,"2026-06-27","Adults","quantile","0.975",984
"Seasonal Baseline","2026-06-06",3,"2026-06-27","Adults","quantile","0.99",1217
"Seasonal Baseline","2026-06-06",-4,"2026-05-09","Overall","quantile","0.01",171
"Seasonal Baseline","2026-06-06",-4,"2026-05-09","Overall","quantile","0.025",200
"Seasonal Baseline","2026-06-06",-4,"2026-05-09","Overall","quantile","0.05",227
"Seasonal Baseline","2026-06-06",-4,"2026-05-09","Overall","quantile","0.1",264
"Seasonal Baseline","2026-06-06",-4,"2026-05-09","Overall","quantile","0.15",292
"Seasonal Baseline","2026-06-06",-4,"2026-05-09","Overall","quantile","0.2",318
"Seasonal Baseline","2026-06-06",-4,"2026-05-09","Overall","quantile","0.25",340
"Seasonal Baseline","2026-06-06",-4,"2026-05-09","Overall","quantile","0.3",362
"Seasonal Baseline","2026-06-06",-4,"2026-05-09","Overall","quantile","0.35",384
"Seasonal Baseline","2026-06-06",-4,"2026-05-09","Overall","quantile","0.4",407
"Seasonal Baseline","2026-06-06",-4,"2026-05-09","Overall","quantile","0.45",430
"Seasonal Baseline","2026-06-06",-4,"2026-05-09","Overall","quantile","0.5",453
"Seasonal Baseline","2026-06-06",-4,"2026-05-09","Overall","quantile","0.55",477
"Seasonal Baseline","2026-06-06",-4,"2026-05-09","Overall","quantile","0.6",505
"Seasonal Baseline","2026-06-06",-4,"2026-05-09","Overall","quantile","0.65",531
"Seasonal Baseline","2026-06-06",-4,"2026-05-09","Overall","quantile","0.7",564
"Seasonal Baseline","2026-06-06",-4,"2026-05-09","Overall","quantile","0.75",601
"Seasonal Baseline","2026-06-06",-4,"2026-05-09","Overall","quantile","0.8",646
"Seasonal Baseline","2026-06-06",-4,"2026-05-09","Overall","quantile","0.85",700
"Seasonal Baseline","2026-06-06",-4,"2026-05-09","Overall","quantile","0.9",775
"Seasonal Baseline","2026-06-06",-4,"2026-05-09","Overall","quantile","0.95",897
"Seasonal Baseline","2026-06-06",-4,"2026-05-09","Overall","quantile","0.975",1017
"Seasonal Baseline","2026-06-06",-4,"2026-05-09","Overall","quantile","0.99",1155
"Seasonal Baseline","2026-06-06",-3,"2026-05-16","Overall","quantile","0.01",191
"Seasonal Baseline","2026-06-06",-3,"2026-05-16","Overall","quantile","0.025",223
"Seasonal Baseline","2026-06-06",-3,"2026-05-16","Overall","quantile","0.05",257
"Seasonal Baseline","2026-06-06",-3,"2026-05-16","Overall","quantile","0.1",303
"Seasonal Baseline","2026-06-06",-3,"2026-05-16","Overall","quantile","0.15",336
"Seasonal Baseline","2026-06-06",-3,"2026-05-16","Overall","quantile","0.2",364
"Seasonal Baseline","2026-06-06",-3,"2026-05-16","Overall","quantile","0.25",390
"Seasonal Baseline","2026-06-06",-3,"2026-05-16","Overall","quantile","0.3",414
"Seasonal Baseline","2026-06-06",-3,"2026-05-16","Overall","quantile","0.35",439
"Seasonal Baseline","2026-06-06",-3,"2026-05-16","Overall","quantile","0.4",463
"Seasonal Baseline","2026-06-06",-3,"2026-05-16","Overall","quantile","0.45",489
"Seasonal Baseline","2026-06-06",-3,"2026-05-16","Overall","quantile","0.5",516
"Seasonal Baseline","2026-06-06",-3,"2026-05-16","Overall","quantile","0.55",545
"Seasonal Baseline","2026-06-06",-3,"2026-05-16","Overall","quantile","0.6",575
"Seasonal Baseline","2026-06-06",-3,"2026-05-16","Overall","quantile","0.65",608
"Seasonal Baseline","2026-06-06",-3,"2026-05-16","Overall","quantile","0.7",648
"Seasonal Baseline","2026-06-06",-3,"2026-05-16","Overall","quantile","0.75",685
"Seasonal Baseline","2026-06-06",-3,"2026-05-16","Overall","quantile","0.8",731
"Seasonal Baseline","2026-06-06",-3,"2026-05-16","Overall","quantile","0.85",789
"Seasonal Baseline","2026-06-06",-3,"2026-05-16","Overall","quantile","0.9",875
"Seasonal Baseline","2026-06-06",-3,"2026-05-16","Overall","quantile","0.95",1031
"Seasonal Baseline","2026-06-06",-3,"2026-05-16","Overall","quantile","0.975",1185
"Seasonal Baseline","2026-06-06",-3,"2026-05-16","Overall","quantile","0.99",1389
"Seasonal Baseline","2026-06-06",-2,"2026-05-23","Overall","quantile","0.01",221
"Seasonal Baseline","2026-06-06",-2,"2026-05-23","Overall","quantile","0.025",258
"Seasonal Baseline","2026-06-06",-2,"2026-05-23","Overall","quantile","0.05",297
"Seasonal Baseline","2026-06-06",-2,"2026-05-23","Overall","quantile","0.1",349
"Seasonal Baseline","2026-06-06",-2,"2026-05-23","Overall","quantile","0.15",384
"Seasonal Baseline","2026-06-06",-2,"2026-05-23","Overall","quantile","0.2",416
"Seasonal Baseline","2026-06-06",-2,"2026-05-23","Overall","quantile","0.25",445
"Seasonal Baseline","2026-06-06",-2,"2026-05-23","Overall","quantile","0.3",474
"Seasonal Baseline","2026-06-06",-2,"2026-05-23","Overall","quantile","0.35",503
"Seasonal Baseline","2026-06-06",-2,"2026-05-23","Overall","quantile","0.4",532
"Seasonal Baseline","2026-06-06",-2,"2026-05-23","Overall","quantile","0.45",561
"Seasonal Baseline","2026-06-06",-2,"2026-05-23","Overall","quantile","0.5",592
"Seasonal Baseline","2026-06-06",-2,"2026-05-23","Overall","quantile","0.55",626
"Seasonal Baseline","2026-06-06",-2,"2026-05-23","Overall","quantile","0.6",660
"Seasonal Baseline","2026-06-06",-2,"2026-05-23","Overall","quantile","0.65",693
"Seasonal Baseline","2026-06-06",-2,"2026-05-23","Overall","quantile","0.7",733
"Seasonal Baseline","2026-06-06",-2,"2026-05-23","Overall","quantile","0.75",780
"Seasonal Baseline","2026-06-06",-2,"2026-05-23","Overall","quantile","0.8",835
"Seasonal Baseline","2026-06-06",-2,"2026-05-23","Overall","quantile","0.85",904
"Seasonal Baseline","2026-06-06",-2,"2026-05-23","Overall","quantile","0.9",1001
"Seasonal Baseline","2026-06-06",-2,"2026-05-23","Overall","quantile","0.95",1171
"Seasonal Baseline","2026-06-06",-2,"2026-05-23","Overall","quantile","0.975",1340
"Seasonal Baseline","2026-06-06",-2,"2026-05-23","Overall","quantile","0.99",1550
"Seasonal Baseline","2026-06-06",-1,"2026-05-30","Overall","quantile","0.01",258
"Seasonal Baseline","2026-06-06",-1,"2026-05-30","Overall","quantile","0.025",298
"Seasonal Baseline","2026-06-06",-1,"2026-05-30","Overall","quantile","0.05",341
"Seasonal Baseline","2026-06-06",-1,"2026-05-30","Overall","quantile","0.1",395
"Seasonal Baseline","2026-06-06",-1,"2026-05-30","Overall","quantile","0.15",436
"Seasonal Baseline","2026-06-06",-1,"2026-05-30","Overall","quantile","0.2",473
"Seasonal Baseline","2026-06-06",-1,"2026-05-30","Overall","quantile","0.25",508
"Seasonal Baseline","2026-06-06",-1,"2026-05-30","Overall","quantile","0.3",543
"Seasonal Baseline","2026-06-06",-1,"2026-05-30","Overall","quantile","0.35",574
"Seasonal Baseline","2026-06-06",-1,"2026-05-30","Overall","quantile","0.4",608
"Seasonal Baseline","2026-06-06",-1,"2026-05-30","Overall","quantile","0.45",642
"Seasonal Baseline","2026-06-06",-1,"2026-05-30","Overall","quantile","0.5",675
"Seasonal Baseline","2026-06-06",-1,"2026-05-30","Overall","quantile","0.55",709
"Seasonal Baseline","2026-06-06",-1,"2026-05-30","Overall","quantile","0.6",747
"Seasonal Baseline","2026-06-06",-1,"2026-05-30","Overall","quantile","0.65",790
"Seasonal Baseline","2026-06-06",-1,"2026-05-30","Overall","quantile","0.7",837
"Seasonal Baseline","2026-06-06",-1,"2026-05-30","Overall","quantile","0.75",892
"Seasonal Baseline","2026-06-06",-1,"2026-05-30","Overall","quantile","0.8",953
"Seasonal Baseline","2026-06-06",-1,"2026-05-30","Overall","quantile","0.85",1037
"Seasonal Baseline","2026-06-06",-1,"2026-05-30","Overall","quantile","0.9",1158
"Seasonal Baseline","2026-06-06",-1,"2026-05-30","Overall","quantile","0.95",1361
"Seasonal Baseline","2026-06-06",-1,"2026-05-30","Overall","quantile","0.975",1554
"Seasonal Baseline","2026-06-06",-1,"2026-05-30","Overall","quantile","0.99",1808
"Seasonal Baseline","2026-06-06",0,"2026-06-06","Overall","quantile","0.01",276
"Seasonal Baseline","2026-06-06",0,"2026-06-06","Overall","quantile","0.025",324
"Seasonal Baseline","2026-06-06",0,"2026-06-06","Overall","quantile","0.05",377
"Seasonal Baseline","2026-06-06",0,"2026-06-06","Overall","quantile","0.1",435
"Seasonal Baseline","2026-06-06",0,"2026-06-06","Overall","quantile","0.15",482
"Seasonal Baseline","2026-06-06",0,"2026-06-06","Overall","quantile","0.2",521
"Seasonal Baseline","2026-06-06",0,"2026-06-06","Overall","quantile","0.25",559
"Seasonal Baseline","2026-06-06",0,"2026-06-06","Overall","quantile","0.3",600
"Seasonal Baseline","2026-06-06",0,"2026-06-06","Overall","quantile","0.35",638
"Seasonal Baseline","2026-06-06",0,"2026-06-06","Overall","quantile","0.4",673
"Seasonal Baseline","2026-06-06",0,"2026-06-06","Overall","quantile","0.45",710
"Seasonal Baseline","2026-06-06",0,"2026-06-06","Overall","quantile","0.5",748
"Seasonal Baseline","2026-06-06",0,"2026-06-06","Overall","quantile","0.55",791
"Seasonal Baseline","2026-06-06",0,"2026-06-06","Overall","quantile","0.6",835
"Seasonal Baseline","2026-06-06",0,"2026-06-06","Overall","quantile","0.65",883
"Seasonal Baseline","2026-06-06",0,"2026-06-06","Overall","quantile","0.7",937
"Seasonal Baseline","2026-06-06",0,"2026-06-06","Overall","quantile","0.75",994
"Seasonal Baseline","2026-06-06",0,"2026-06-06","Overall","quantile","0.8",1065
"Seasonal Baseline","2026-06-06",0,"2026-06-06","Overall","quantile","0.85",1161
"Seasonal Baseline","2026-06-06",0,"2026-06-06","Overall","quantile","0.9",1282
"Seasonal Baseline","2026-06-06",0,"2026-06-06","Overall","quantile","0.95",1501
"Seasonal Baseline","2026-06-06",0,"2026-06-06","Overall","quantile","0.975",1701
"Seasonal Baseline","2026-06-06",0,"2026-06-06","Overall","quantile","0.99",1958
"Seasonal Baseline","2026-06-06",1,"2026-06-13","Overall","quantile","0.01",306
"Seasonal Baseline","2026-06-06",1,"2026-06-13","Overall","quantile","0.025",356
"Seasonal Baseline","2026-06-06",1,"2026-06-13","Overall","quantile","0.05",403
"Seasonal Baseline","2026-06-06",1,"2026-06-13","Overall","quantile","0.1",469
"Seasonal Baseline","2026-06-06",1,"2026-06-13","Overall","quantile","0.15",519
"Seasonal Baseline","2026-06-06",1,"2026-06-13","Overall","quantile","0.2",563
"Seasonal Baseline","2026-06-06",1,"2026-06-13","Overall","quantile","0.25",604
"Seasonal Baseline","2026-06-06",1,"2026-06-13","Overall","quantile","0.3",642
"Seasonal Baseline","2026-06-06",1,"2026-06-13","Overall","quantile","0.35",680
"Seasonal Baseline","2026-06-06",1,"2026-06-13","Overall","quantile","0.4",716
"Seasonal Baseline","2026-06-06",1,"2026-06-13","Overall","quantile","0.45",758
"Seasonal Baseline","2026-06-06",1,"2026-06-13","Overall","quantile","0.5",798
"Seasonal Baseline","2026-06-06",1,"2026-06-13","Overall","quantile","0.55",842
"Seasonal Baseline","2026-06-06",1,"2026-06-13","Overall","quantile","0.6",889
"Seasonal Baseline","2026-06-06",1,"2026-06-13","Overall","quantile","0.65",940
"Seasonal Baseline","2026-06-06",1,"2026-06-13","Overall","quantile","0.7",992
"Seasonal Baseline","2026-06-06",1,"2026-06-13","Overall","quantile","0.75",1054
"Seasonal Baseline","2026-06-06",1,"2026-06-13","Overall","quantile","0.8",1129
"Seasonal Baseline","2026-06-06",1,"2026-06-13","Overall","quantile","0.85",1231
"Seasonal Baseline","2026-06-06",1,"2026-06-13","Overall","quantile","0.9",1365
"Seasonal Baseline","2026-06-06",1,"2026-06-13","Overall","quantile","0.95",1598
"Seasonal Baseline","2026-06-06",1,"2026-06-13","Overall","quantile","0.975",1803
"Seasonal Baseline","2026-06-06",1,"2026-06-13","Overall","quantile","0.99",2123
"Seasonal Baseline","2026-06-06",2,"2026-06-20","Overall","quantile","0.01",310
"Seasonal Baseline","2026-06-06",2,"2026-06-20","Overall","quantile","0.025",364
"Seasonal Baseline","2026-06-06",2,"2026-06-20","Overall","quantile","0.05",420
"Seasonal Baseline","2026-06-06",2,"2026-06-20","Overall","quantile","0.1",490
"Seasonal Baseline","2026-06-06",2,"2026-06-20","Overall","quantile","0.15",542
"Seasonal Baseline","2026-06-06",2,"2026-06-20","Overall","quantile","0.2",583
"Seasonal Baseline","2026-06-06",2,"2026-06-20","Overall","quantile","0.25",625
"Seasonal Baseline","2026-06-06",2,"2026-06-20","Overall","quantile","0.3",664
"Seasonal Baseline","2026-06-06",2,"2026-06-20","Overall","quantile","0.35",708
"Seasonal Baseline","2026-06-06",2,"2026-06-20","Overall","quantile","0.4",749
"Seasonal Baseline","2026-06-06",2,"2026-06-20","Overall","quantile","0.45",790
"Seasonal Baseline","2026-06-06",2,"2026-06-20","Overall","quantile","0.5",834
"Seasonal Baseline","2026-06-06",2,"2026-06-20","Overall","quantile","0.55",879
"Seasonal Baseline","2026-06-06",2,"2026-06-20","Overall","quantile","0.6",928
"Seasonal Baseline","2026-06-06",2,"2026-06-20","Overall","quantile","0.65",979
"Seasonal Baseline","2026-06-06",2,"2026-06-20","Overall","quantile","0.7",1042
"Seasonal Baseline","2026-06-06",2,"2026-06-20","Overall","quantile","0.75",1109
"Seasonal Baseline","2026-06-06",2,"2026-06-20","Overall","quantile","0.8",1188
"Seasonal Baseline","2026-06-06",2,"2026-06-20","Overall","quantile","0.85",1283
"Seasonal Baseline","2026-06-06",2,"2026-06-20","Overall","quantile","0.9",1415
"Seasonal Baseline","2026-06-06",2,"2026-06-20","Overall","quantile","0.95",1669
"Seasonal Baseline","2026-06-06",2,"2026-06-20","Overall","quantile","0.975",1872
"Seasonal Baseline","2026-06-06",2,"2026-06-20","Overall","quantile","0.99",2213
"Seasonal Baseline","2026-06-06",3,"2026-06-27","Overall","quantile","0.01",315
"Seasonal Baseline","2026-06-06",3,"2026-06-27","Overall","quantile","0.025",365
"Seasonal Baseline","2026-06-06",3,"2026-06-27","Overall","quantile","0.05",415
"Seasonal Baseline","2026-06-06",3,"2026-06-27","Overall","quantile","0.1",489
"Seasonal Baseline","2026-06-06",3,"2026-06-27","Overall","quantile","0.15",540
"Seasonal Baseline","2026-06-06",3,"2026-06-27","Overall","quantile","0.2",588
"Seasonal Baseline","2026-06-06",3,"2026-06-27","Overall","quantile","0.25",629
"Seasonal Baseline","2026-06-06",3,"2026-06-27","Overall","quantile","0.3",672
"Seasonal Baseline","2026-06-06",3,"2026-06-27","Overall","quantile","0.35",712
"Seasonal Baseline","2026-06-06",3,"2026-06-27","Overall","quantile","0.4",752
"Seasonal Baseline","2026-06-06",3,"2026-06-27","Overall","quantile","0.45",794
"Seasonal Baseline","2026-06-06",3,"2026-06-27","Overall","quantile","0.5",839
"Seasonal Baseline","2026-06-06",3,"2026-06-27","Overall","quantile","0.55",881
"Seasonal Baseline","2026-06-06",3,"2026-06-27","Overall","quantile","0.6",930
"Seasonal Baseline","2026-06-06",3,"2026-06-27","Overall","quantile","0.65",984
"Seasonal Baseline","2026-06-06",3,"2026-06-27","Overall","quantile","0.7",1043
"Seasonal Baseline","2026-06-06",3,"2026-06-27","Overall","quantile","0.75",1107
"Seasonal Baseline","2026-06-06",3,"2026-06-27","Overall","quantile","0.8",1188
"Seasonal Baseline","2026-06-06",3,"2026-06-27","Overall","quantile","0.85",1291
"Seasonal Baseline","2026-06-06",3,"2026-06-27","Overall","quantile","0.9",1435
"Seasonal Baseline","2026-06-06",3,"2026-06-27","Overall","quantile","0.95",1666
"Seasonal Baseline","2026-06-06",3,"2026-06-27","Overall","quantile","0.975",1889
"Seasonal Baseline","2026-06-06",3,"2026-06-27","Overall","quantile","0.99",2169
"Seasonal Baseline","2026-06-06",-4,"2026-05-09","Pediatrics","quantile","0.01",124
"Seasonal Baseline","2026-06-06",-4,"2026-05-09","Pediatrics","quantile","0.025",141
"Seasonal Baseline","2026-06-06",-4,"2026-05-09","Pediatrics","quantile","0.05",155
"Seasonal Baseline","2026-06-06",-4,"2026-05-09","Pediatrics","quantile","0.1",173
"Seasonal Baseline","2026-06-06",-4,"2026-05-09","Pediatrics","quantile","0.15",186
"Seasonal Baseline","2026-06-06",-4,"2026-05-09","Pediatrics","quantile","0.2",197
"Seasonal Baseline","2026-06-06",-4,"2026-05-09","Pediatrics","quantile","0.25",207
"Seasonal Baseline","2026-06-06",-4,"2026-05-09","Pediatrics","quantile","0.3",217
"Seasonal Baseline","2026-06-06",-4,"2026-05-09","Pediatrics","quantile","0.35",227
"Seasonal Baseline","2026-06-06",-4,"2026-05-09","Pediatrics","quantile","0.4",236
"Seasonal Baseline","2026-06-06",-4,"2026-05-09","Pediatrics","quantile","0.45",244
"Seasonal Baseline","2026-06-06",-4,"2026-05-09","Pediatrics","quantile","0.5",254
"Seasonal Baseline","2026-06-06",-4,"2026-05-09","Pediatrics","quantile","0.55",264
"Seasonal Baseline","2026-06-06",-4,"2026-05-09","Pediatrics","quantile","0.6",274
"Seasonal Baseline","2026-06-06",-4,"2026-05-09","Pediatrics","quantile","0.65",286
"Seasonal Baseline","2026-06-06",-4,"2026-05-09","Pediatrics","quantile","0.7",299
"Seasonal Baseline","2026-06-06",-4,"2026-05-09","Pediatrics","quantile","0.75",312
"Seasonal Baseline","2026-06-06",-4,"2026-05-09","Pediatrics","quantile","0.8",329
"Seasonal Baseline","2026-06-06",-4,"2026-05-09","Pediatrics","quantile","0.85",349
"Seasonal Baseline","2026-06-06",-4,"2026-05-09","Pediatrics","quantile","0.9",375
"Seasonal Baseline","2026-06-06",-4,"2026-05-09","Pediatrics","quantile","0.95",419
"Seasonal Baseline","2026-06-06",-4,"2026-05-09","Pediatrics","quantile","0.975",459
"Seasonal Baseline","2026-06-06",-4,"2026-05-09","Pediatrics","quantile","0.99",518
"Seasonal Baseline","2026-06-06",-3,"2026-05-16","Pediatrics","quantile","0.01",144
"Seasonal Baseline","2026-06-06",-3,"2026-05-16","Pediatrics","quantile","0.025",164
"Seasonal Baseline","2026-06-06",-3,"2026-05-16","Pediatrics","quantile","0.05",182
"Seasonal Baseline","2026-06-06",-3,"2026-05-16","Pediatrics","quantile","0.1",203
"Seasonal Baseline","2026-06-06",-3,"2026-05-16","Pediatrics","quantile","0.15",219
"Seasonal Baseline","2026-06-06",-3,"2026-05-16","Pediatrics","quantile","0.2",232
"Seasonal Baseline","2026-06-06",-3,"2026-05-16","Pediatrics","quantile","0.25",244
"Seasonal Baseline","2026-06-06",-3,"2026-05-16","Pediatrics","quantile","0.3",256
"Seasonal Baseline","2026-06-06",-3,"2026-05-16","Pediatrics","quantile","0.35",267
"Seasonal Baseline","2026-06-06",-3,"2026-05-16","Pediatrics","quantile","0.4",278
"Seasonal Baseline","2026-06-06",-3,"2026-05-16","Pediatrics","quantile","0.45",289
"Seasonal Baseline","2026-06-06",-3,"2026-05-16","Pediatrics","quantile","0.5",301
"Seasonal Baseline","2026-06-06",-3,"2026-05-16","Pediatrics","quantile","0.55",313
"Seasonal Baseline","2026-06-06",-3,"2026-05-16","Pediatrics","quantile","0.6",325
"Seasonal Baseline","2026-06-06",-3,"2026-05-16","Pediatrics","quantile","0.65",338
"Seasonal Baseline","2026-06-06",-3,"2026-05-16","Pediatrics","quantile","0.7",352
"Seasonal Baseline","2026-06-06",-3,"2026-05-16","Pediatrics","quantile","0.75",369
"Seasonal Baseline","2026-06-06",-3,"2026-05-16","Pediatrics","quantile","0.8",387
"Seasonal Baseline","2026-06-06",-3,"2026-05-16","Pediatrics","quantile","0.85",411
"Seasonal Baseline","2026-06-06",-3,"2026-05-16","Pediatrics","quantile","0.9",443
"Seasonal Baseline","2026-06-06",-3,"2026-05-16","Pediatrics","quantile","0.95",497
"Seasonal Baseline","2026-06-06",-3,"2026-05-16","Pediatrics","quantile","0.975",540
"Seasonal Baseline","2026-06-06",-3,"2026-05-16","Pediatrics","quantile","0.99",607
"Seasonal Baseline","2026-06-06",-2,"2026-05-23","Pediatrics","quantile","0.01",178
"Seasonal Baseline","2026-06-06",-2,"2026-05-23","Pediatrics","quantile","0.025",198
"Seasonal Baseline","2026-06-06",-2,"2026-05-23","Pediatrics","quantile","0.05",215
"Seasonal Baseline","2026-06-06",-2,"2026-05-23","Pediatrics","quantile","0.1",239
"Seasonal Baseline","2026-06-06",-2,"2026-05-23","Pediatrics","quantile","0.15",257
"Seasonal Baseline","2026-06-06",-2,"2026-05-23","Pediatrics","quantile","0.2",273
"Seasonal Baseline","2026-06-06",-2,"2026-05-23","Pediatrics","quantile","0.25",288
"Seasonal Baseline","2026-06-06",-2,"2026-05-23","Pediatrics","quantile","0.3",300
"Seasonal Baseline","2026-06-06",-2,"2026-05-23","Pediatrics","quantile","0.35",313
"Seasonal Baseline","2026-06-06",-2,"2026-05-23","Pediatrics","quantile","0.4",325
"Seasonal Baseline","2026-06-06",-2,"2026-05-23","Pediatrics","quantile","0.45",337
"Seasonal Baseline","2026-06-06",-2,"2026-05-23","Pediatrics","quantile","0.5",351
"Seasonal Baseline","2026-06-06",-2,"2026-05-23","Pediatrics","quantile","0.55",364
"Seasonal Baseline","2026-06-06",-2,"2026-05-23","Pediatrics","quantile","0.6",379
"Seasonal Baseline","2026-06-06",-2,"2026-05-23","Pediatrics","quantile","0.65",394
"Seasonal Baseline","2026-06-06",-2,"2026-05-23","Pediatrics","quantile","0.7",411
"Seasonal Baseline","2026-06-06",-2,"2026-05-23","Pediatrics","quantile","0.75",432
"Seasonal Baseline","2026-06-06",-2,"2026-05-23","Pediatrics","quantile","0.8",455
"Seasonal Baseline","2026-06-06",-2,"2026-05-23","Pediatrics","quantile","0.85",483
"Seasonal Baseline","2026-06-06",-2,"2026-05-23","Pediatrics","quantile","0.9",521
"Seasonal Baseline","2026-06-06",-2,"2026-05-23","Pediatrics","quantile","0.95",582
"Seasonal Baseline","2026-06-06",-2,"2026-05-23","Pediatrics","quantile","0.975",643
"Seasonal Baseline","2026-06-06",-2,"2026-05-23","Pediatrics","quantile","0.99",721
"Seasonal Baseline","2026-06-06",-1,"2026-05-30","Pediatrics","quantile","0.01",201
"Seasonal Baseline","2026-06-06",-1,"2026-05-30","Pediatrics","quantile","0.025",222
"Seasonal Baseline","2026-06-06",-1,"2026-05-30","Pediatrics","quantile","0.05",246
"Seasonal Baseline","2026-06-06",-1,"2026-05-30","Pediatrics","quantile","0.1",274
"Seasonal Baseline","2026-06-06",-1,"2026-05-30","Pediatrics","quantile","0.15",295
"Seasonal Baseline","2026-06-06",-1,"2026-05-30","Pediatrics","quantile","0.2",313
"Seasonal Baseline","2026-06-06",-1,"2026-05-30","Pediatrics","quantile","0.25",331
"Seasonal Baseline","2026-06-06",-1,"2026-05-30","Pediatrics","quantile","0.3",346
"Seasonal Baseline","2026-06-06",-1,"2026-05-30","Pediatrics","quantile","0.35",362
"Seasonal Baseline","2026-06-06",-1,"2026-05-30","Pediatrics","quantile","0.4",376
"Seasonal Baseline","2026-06-06",-1,"2026-05-30","Pediatrics","quantile","0.45",390
"Seasonal Baseline","2026-06-06",-1,"2026-05-30","Pediatrics","quantile","0.5",405
"Seasonal Baseline","2026-06-06",-1,"2026-05-30","Pediatrics","quantile","0.55",420
"Seasonal Baseline","2026-06-06",-1,"2026-05-30","Pediatrics","quantile","0.6",437
"Seasonal Baseline","2026-06-06",-1,"2026-05-30","Pediatrics","quantile","0.65",455
"Seasonal Baseline","2026-06-06",-1,"2026-05-30","Pediatrics","quantile","0.7",474
"Seasonal Baseline","2026-06-06",-1,"2026-05-30","Pediatrics","quantile","0.75",498
"Seasonal Baseline","2026-06-06",-1,"2026-05-30","Pediatrics","quantile","0.8",523
"Seasonal Baseline","2026-06-06",-1,"2026-05-30","Pediatrics","quantile","0.85",556
"Seasonal Baseline","2026-06-06",-1,"2026-05-30","Pediatrics","quantile","0.9",603
"Seasonal Baseline","2026-06-06",-1,"2026-05-30","Pediatrics","quantile","0.95",672
"Seasonal Baseline","2026-06-06",-1,"2026-05-30","Pediatrics","quantile","0.975",738
"Seasonal Baseline","2026-06-06",-1,"2026-05-30","Pediatrics","quantile","0.99",817
"Seasonal Baseline","2026-06-06",0,"2026-06-06","Pediatrics","quantile","0.01",221
"Seasonal Baseline","2026-06-06",0,"2026-06-06","Pediatrics","quantile","0.025",248
"Seasonal Baseline","2026-06-06",0,"2026-06-06","Pediatrics","quantile","0.05",274
"Seasonal Baseline","2026-06-06",0,"2026-06-06","Pediatrics","quantile","0.1",308
"Seasonal Baseline","2026-06-06",0,"2026-06-06","Pediatrics","quantile","0.15",330
"Seasonal Baseline","2026-06-06",0,"2026-06-06","Pediatrics","quantile","0.2",350
"Seasonal Baseline","2026-06-06",0,"2026-06-06","Pediatrics","quantile","0.25",367
"Seasonal Baseline","2026-06-06",0,"2026-06-06","Pediatrics","quantile","0.3",385
"Seasonal Baseline","2026-06-06",0,"2026-06-06","Pediatrics","quantile","0.35",402
"Seasonal Baseline","2026-06-06",0,"2026-06-06","Pediatrics","quantile","0.4",418
"Seasonal Baseline","2026-06-06",0,"2026-06-06","Pediatrics","quantile","0.45",434
"Seasonal Baseline","2026-06-06",0,"2026-06-06","Pediatrics","quantile","0.5",451
"Seasonal Baseline","2026-06-06",0,"2026-06-06","Pediatrics","quantile","0.55",469
"Seasonal Baseline","2026-06-06",0,"2026-06-06","Pediatrics","quantile","0.6",489
"Seasonal Baseline","2026-06-06",0,"2026-06-06","Pediatrics","quantile","0.65",508
"Seasonal Baseline","2026-06-06",0,"2026-06-06","Pediatrics","quantile","0.7",529
"Seasonal Baseline","2026-06-06",0,"2026-06-06","Pediatrics","quantile","0.75",555
"Seasonal Baseline","2026-06-06",0,"2026-06-06","Pediatrics","quantile","0.8",587
"Seasonal Baseline","2026-06-06",0,"2026-06-06","Pediatrics","quantile","0.85",624
"Seasonal Baseline","2026-06-06",0,"2026-06-06","Pediatrics","quantile","0.9",670
"Seasonal Baseline","2026-06-06",0,"2026-06-06","Pediatrics","quantile","0.95",747
"Seasonal Baseline","2026-06-06",0,"2026-06-06","Pediatrics","quantile","0.975",818
"Seasonal Baseline","2026-06-06",0,"2026-06-06","Pediatrics","quantile","0.99",915
"Seasonal Baseline","2026-06-06",1,"2026-06-13","Pediatrics","quantile","0.01",241
"Seasonal Baseline","2026-06-06",1,"2026-06-13","Pediatrics","quantile","0.025",266
"Seasonal Baseline","2026-06-06",1,"2026-06-13","Pediatrics","quantile","0.05",293
"Seasonal Baseline","2026-06-06",1,"2026-06-13","Pediatrics","quantile","0.1",329
"Seasonal Baseline","2026-06-06",1,"2026-06-13","Pediatrics","quantile","0.15",352
"Seasonal Baseline","2026-06-06",1,"2026-06-13","Pediatrics","quantile","0.2",373
"Seasonal Baseline","2026-06-06",1,"2026-06-13","Pediatrics","quantile","0.25",392
"Seasonal Baseline","2026-06-06",1,"2026-06-13","Pediatrics","quantile","0.3",410
"Seasonal Baseline","2026-06-06",1,"2026-06-13","Pediatrics","quantile","0.35",427
"Seasonal Baseline","2026-06-06",1,"2026-06-13","Pediatrics","quantile","0.4",445
"Seasonal Baseline","2026-06-06",1,"2026-06-13","Pediatrics","quantile","0.45",464
"Seasonal Baseline","2026-06-06",1,"2026-06-13","Pediatrics","quantile","0.5",483
"Seasonal Baseline","2026-06-06",1,"2026-06-13","Pediatrics","quantile","0.55",501
"Seasonal Baseline","2026-06-06",1,"2026-06-13","Pediatrics","quantile","0.6",523
"Seasonal Baseline","2026-06-06",1,"2026-06-13","Pediatrics","quantile","0.65",546
"Seasonal Baseline","2026-06-06",1,"2026-06-13","Pediatrics","quantile","0.7",570
"Seasonal Baseline","2026-06-06",1,"2026-06-13","Pediatrics","quantile","0.75",597
"Seasonal Baseline","2026-06-06",1,"2026-06-13","Pediatrics","quantile","0.8",632
"Seasonal Baseline","2026-06-06",1,"2026-06-13","Pediatrics","quantile","0.85",669
"Seasonal Baseline","2026-06-06",1,"2026-06-13","Pediatrics","quantile","0.9",720
"Seasonal Baseline","2026-06-06",1,"2026-06-13","Pediatrics","quantile","0.95",807
"Seasonal Baseline","2026-06-06",1,"2026-06-13","Pediatrics","quantile","0.975",881
"Seasonal Baseline","2026-06-06",1,"2026-06-13","Pediatrics","quantile","0.99",983
"Seasonal Baseline","2026-06-06",2,"2026-06-20","Pediatrics","quantile","0.01",244
"Seasonal Baseline","2026-06-06",2,"2026-06-20","Pediatrics","quantile","0.025",272
"Seasonal Baseline","2026-06-06",2,"2026-06-20","Pediatrics","quantile","0.05",299
"Seasonal Baseline","2026-06-06",2,"2026-06-20","Pediatrics","quantile","0.1",334
"Seasonal Baseline","2026-06-06",2,"2026-06-20","Pediatrics","quantile","0.15",360
"Seasonal Baseline","2026-06-06",2,"2026-06-20","Pediatrics","quantile","0.2",382
"Seasonal Baseline","2026-06-06",2,"2026-06-20","Pediatrics","quantile","0.25",402
"Seasonal Baseline","2026-06-06",2,"2026-06-20","Pediatrics","quantile","0.3",421
"Seasonal Baseline","2026-06-06",2,"2026-06-20","Pediatrics","quantile","0.35",440
"Seasonal Baseline","2026-06-06",2,"2026-06-20","Pediatrics","quantile","0.4",458
"Seasonal Baseline","2026-06-06",2,"2026-06-20","Pediatrics","quantile","0.45",476
"Seasonal Baseline","2026-06-06",2,"2026-06-20","Pediatrics","quantile","0.5",496
"Seasonal Baseline","2026-06-06",2,"2026-06-20","Pediatrics","quantile","0.55",515
"Seasonal Baseline","2026-06-06",2,"2026-06-20","Pediatrics","quantile","0.6",535
"Seasonal Baseline","2026-06-06",2,"2026-06-20","Pediatrics","quantile","0.65",558
"Seasonal Baseline","2026-06-06",2,"2026-06-20","Pediatrics","quantile","0.7",581
"Seasonal Baseline","2026-06-06",2,"2026-06-20","Pediatrics","quantile","0.75",608
"Seasonal Baseline","2026-06-06",2,"2026-06-20","Pediatrics","quantile","0.8",640
"Seasonal Baseline","2026-06-06",2,"2026-06-20","Pediatrics","quantile","0.85",675
"Seasonal Baseline","2026-06-06",2,"2026-06-20","Pediatrics","quantile","0.9",726
"Seasonal Baseline","2026-06-06",2,"2026-06-20","Pediatrics","quantile","0.95",807
"Seasonal Baseline","2026-06-06",2,"2026-06-20","Pediatrics","quantile","0.975",891
"Seasonal Baseline","2026-06-06",2,"2026-06-20","Pediatrics","quantile","0.99",1007
"Seasonal Baseline","2026-06-06",3,"2026-06-27","Pediatrics","quantile","0.01",248
"Seasonal Baseline","2026-06-06",3,"2026-06-27","Pediatrics","quantile","0.025",275
"Seasonal Baseline","2026-06-06",3,"2026-06-27","Pediatrics","quantile","0.05",300
"Seasonal Baseline","2026-06-06",3,"2026-06-27","Pediatrics","quantile","0.1",334
"Seasonal Baseline","2026-06-06",3,"2026-06-27","Pediatrics","quantile","0.15",360
"Seasonal Baseline","2026-06-06",3,"2026-06-27","Pediatrics","quantile","0.2",383
"Seasonal Baseline","2026-06-06",3,"2026-06-27","Pediatrics","quantile","0.25",401
"Seasonal Baseline","2026-06-06",3,"2026-06-27","Pediatrics","quantile","0.3",420
"Seasonal Baseline","2026-06-06",3,"2026-06-27","Pediatrics","quantile","0.35",438
"Seasonal Baseline","2026-06-06",3,"2026-06-27","Pediatrics","quantile","0.4",456
"Seasonal Baseline","2026-06-06",3,"2026-06-27","Pediatrics","quantile","0.45",474
"Seasonal Baseline","2026-06-06",3,"2026-06-27","Pediatrics","quantile","0.5",492
"Seasonal Baseline","2026-06-06",3,"2026-06-27","Pediatrics","quantile","0.55",513
"Seasonal Baseline","2026-06-06",3,"2026-06-27","Pediatrics","quantile","0.6",534
"Seasonal Baseline","2026-06-06",3,"2026-06-27","Pediatrics","quantile","0.65",556
"Seasonal Baseline","2026-06-06",3,"2026-06-27","Pediatrics","quantile","0.7",580
"Seasonal Baseline","2026-06-06",3,"2026-06-27","Pediatrics","quantile","0.75",606
"Seasonal Baseline","2026-06-06",3,"2026-06-27","Pediatrics","quantile","0.8",639
"Seasonal Baseline","2026-06-06",3,"2026-06-27","Pediatrics","quantile","0.85",678
"Seasonal Baseline","2026-06-06",3,"2026-06-27","Pediatrics","quantile","0.9",729
"Seasonal Baseline","2026-06-06",3,"2026-06-27","Pediatrics","quantile","0.95",816
"Seasonal Baseline","2026-06-06",3,"2026-06-27","Pediatrics","quantile","0.975",893
"Seasonal Baseline","2026-06-06",3,"2026-06-27","Pediatrics","quantile","0.99",997
"Opt Baseline","2026-06-06",-4,"2026-05-09","Adults","quantile","0.01",83
"Opt Baseline","2026-06-06",-4,"2026-05-09","Adults","quantile","0.025",85
"Opt Baseline","2026-06-06",-4,"2026-05-09","Adults","quantile","0.05",88
"Opt Baseline","2026-06-06",-4,"2026-05-09","Adults","quantile","0.1",91
"Opt Baseline","2026-06-06",-4,"2026-05-09","Adults","quantile","0.15",91
"Opt Baseline","2026-06-06",-4,"2026-05-09","Adults","quantile","0.2",92
"Opt Baseline","2026-06-06",-4,"2026-05-09","Adults","quantile","0.25",94
"Opt Baseline","2026-06-06",-4,"2026-05-09","Adults","quantile","0.3",97
"Opt Baseline","2026-06-06",-4,"2026-05-09","Adults","quantile","0.35",99
"Opt Baseline","2026-06-06",-4,"2026-05-09","Adults","quantile","0.4",101
"Opt Baseline","2026-06-06",-4,"2026-05-09","Adults","quantile","0.45",102
"Opt Baseline","2026-06-06",-4,"2026-05-09","Adults","quantile","0.5",106
"Opt Baseline","2026-06-06",-4,"2026-05-09","Adults","quantile","0.55",110
"Opt Baseline","2026-06-06",-4,"2026-05-09","Adults","quantile","0.6",111
"Opt Baseline","2026-06-06",-4,"2026-05-09","Adults","quantile","0.65",113
"Opt Baseline","2026-06-06",-4,"2026-05-09","Adults","quantile","0.7",116
"Opt Baseline","2026-06-06",-4,"2026-05-09","Adults","quantile","0.75",118
"Opt Baseline","2026-06-06",-4,"2026-05-09","Adults","quantile","0.8",120
"Opt Baseline","2026-06-06",-4,"2026-05-09","Adults","quantile","0.85",122
"Opt Baseline","2026-06-06",-4,"2026-05-09","Adults","quantile","0.9",122
"Opt Baseline","2026-06-06",-4,"2026-05-09","Adults","quantile","0.95",125
"Opt Baseline","2026-06-06",-4,"2026-05-09","Adults","quantile","0.975",129
"Opt Baseline","2026-06-06",-4,"2026-05-09","Adults","quantile","0.99",132
"Opt Baseline","2026-06-06",-3,"2026-05-16","Adults","quantile","0.01",72
"Opt Baseline","2026-06-06",-3,"2026-05-16","Adults","quantile","0.025",76
"Opt Baseline","2026-06-06",-3,"2026-05-16","Adults","quantile","0.05",78
"Opt Baseline","2026-06-06",-3,"2026-05-16","Adults","quantile","0.1",83
"Opt Baseline","2026-06-06",-3,"2026-05-16","Adults","quantile","0.15",86
"Opt Baseline","2026-06-06",-3,"2026-05-16","Adults","quantile","0.2",90
"Opt Baseline","2026-06-06",-3,"2026-05-16","Adults","quantile","0.25",94
"Opt Baseline","2026-06-06",-3,"2026-05-16","Adults","quantile","0.3",97
"Opt Baseline","2026-06-06",-3,"2026-05-16","Adults","quantile","0.35",99
"Opt Baseline","2026-06-06",-3,"2026-05-16","Adults","quantile","0.4",102
"Opt Baseline","2026-06-06",-3,"2026-05-16","Adults","quantile","0.45",104
"Opt Baseline","2026-06-06",-3,"2026-05-16","Adults","quantile","0.5",106
"Opt Baseline","2026-06-06",-3,"2026-05-16","Adults","quantile","0.55",108
"Opt Baseline","2026-06-06",-3,"2026-05-16","Adults","quantile","0.6",110
"Opt Baseline","2026-06-06",-3,"2026-05-16","Adults","quantile","0.65",113
"Opt Baseline","2026-06-06",-3,"2026-05-16","Adults","quantile","0.7",116
"Opt Baseline","2026-06-06",-3,"2026-05-16","Adults","quantile","0.75",119
"Opt Baseline","2026-06-06",-3,"2026-05-16","Adults","quantile","0.8",124
"Opt Baseline","2026-06-06",-3,"2026-05-16","Adults","quantile","0.85",128
"Opt Baseline","2026-06-06",-3,"2026-05-16","Adults","quantile","0.9",133
"Opt Baseline","2026-06-06",-3,"2026-05-16","Adults","quantile","0.95",138
"Opt Baseline","2026-06-06",-3,"2026-05-16","Adults","quantile","0.975",142
"Opt Baseline","2026-06-06",-3,"2026-05-16","Adults","quantile","0.99",147
"Opt Baseline","2026-06-06",-2,"2026-05-23","Adults","quantile","0.01",63
"Opt Baseline","2026-06-06",-2,"2026-05-23","Adults","quantile","0.025",67
"Opt Baseline","2026-06-06",-2,"2026-05-23","Adults","quantile","0.05",72
"Opt Baseline","2026-06-06",-2,"2026-05-23","Adults","quantile","0.1",78
"Opt Baseline","2026-06-06",-2,"2026-05-23","Adults","quantile","0.15",84
"Opt Baseline","2026-06-06",-2,"2026-05-23","Adults","quantile","0.2",87
"Opt Baseline","2026-06-06",-2,"2026-05-23","Adults","quantile","0.25",91
"Opt Baseline","2026-06-06",-2,"2026-05-23","Adults","quantile","0.3",94
"Opt Baseline","2026-06-06",-2,"2026-05-23","Adults","quantile","0.35",97
"Opt Baseline","2026-06-06",-2,"2026-05-23","Adults","quantile","0.4",100
"Opt Baseline","2026-06-06",-2,"2026-05-23","Adults","quantile","0.45",103
"Opt Baseline","2026-06-06",-2,"2026-05-23","Adults","quantile","0.5",106
"Opt Baseline","2026-06-06",-2,"2026-05-23","Adults","quantile","0.55",109
"Opt Baseline","2026-06-06",-2,"2026-05-23","Adults","quantile","0.6",112
"Opt Baseline","2026-06-06",-2,"2026-05-23","Adults","quantile","0.65",115
"Opt Baseline","2026-06-06",-2,"2026-05-23","Adults","quantile","0.7",119
"Opt Baseline","2026-06-06",-2,"2026-05-23","Adults","quantile","0.75",122
"Opt Baseline","2026-06-06",-2,"2026-05-23","Adults","quantile","0.8",126
"Opt Baseline","2026-06-06",-2,"2026-05-23","Adults","quantile","0.85",131
"Opt Baseline","2026-06-06",-2,"2026-05-23","Adults","quantile","0.9",137
"Opt Baseline","2026-06-06",-2,"2026-05-23","Adults","quantile","0.95",146
"Opt Baseline","2026-06-06",-2,"2026-05-23","Adults","quantile","0.975",153
"Opt Baseline","2026-06-06",-2,"2026-05-23","Adults","quantile","0.99",159
"Opt Baseline","2026-06-06",-1,"2026-05-30","Adults","quantile","0.01",56
"Opt Baseline","2026-06-06",-1,"2026-05-30","Adults","quantile","0.025",61
"Opt Baseline","2026-06-06",-1,"2026-05-30","Adults","quantile","0.05",68
"Opt Baseline","2026-06-06",-1,"2026-05-30","Adults","quantile","0.1",75
"Opt Baseline","2026-06-06",-1,"2026-05-30","Adults","quantile","0.15",81
"Opt Baseline","2026-06-06",-1,"2026-05-30","Adults","quantile","0.2",84
"Opt Baseline","2026-06-06",-1,"2026-05-30","Adults","quantile","0.25",89
"Opt Baseline","2026-06-06",-1,"2026-05-30","Adults","quantile","0.3",92
"Opt Baseline","2026-06-06",-1,"2026-05-30","Adults","quantile","0.35",96
"Opt Baseline","2026-06-06",-1,"2026-05-30","Adults","quantile","0.4",99
"Opt Baseline","2026-06-06",-1,"2026-05-30","Adults","quantile","0.45",103
"Opt Baseline","2026-06-06",-1,"2026-05-30","Adults","quantile","0.5",106
"Opt Baseline","2026-06-06",-1,"2026-05-30","Adults","quantile","0.55",109
"Opt Baseline","2026-06-06",-1,"2026-05-30","Adults","quantile","0.6",113
"Opt Baseline","2026-06-06",-1,"2026-05-30","Adults","quantile","0.65",116
"Opt Baseline","2026-06-06",-1,"2026-05-30","Adults","quantile","0.7",120
"Opt Baseline","2026-06-06",-1,"2026-05-30","Adults","quantile","0.75",124
"Opt Baseline","2026-06-06",-1,"2026-05-30","Adults","quantile","0.8",129
"Opt Baseline","2026-06-06",-1,"2026-05-30","Adults","quantile","0.85",134
"Opt Baseline","2026-06-06",-1,"2026-05-30","Adults","quantile","0.9",141
"Opt Baseline","2026-06-06",-1,"2026-05-30","Adults","quantile","0.95",151
"Opt Baseline","2026-06-06",-1,"2026-05-30","Adults","quantile","0.975",160
"Opt Baseline","2026-06-06",-1,"2026-05-30","Adults","quantile","0.99",169
"Opt Baseline","2026-06-06",0,"2026-06-06","Adults","quantile","0.01",50
"Opt Baseline","2026-06-06",0,"2026-06-06","Adults","quantile","0.025",58
"Opt Baseline","2026-06-06",0,"2026-06-06","Adults","quantile","0.05",65
"Opt Baseline","2026-06-06",0,"2026-06-06","Adults","quantile","0.1",72
"Opt Baseline","2026-06-06",0,"2026-06-06","Adults","quantile","0.15",78
"Opt Baseline","2026-06-06",0,"2026-06-06","Adults","quantile","0.2",83
"Opt Baseline","2026-06-06",0,"2026-06-06","Adults","quantile","0.25",88
"Opt Baseline","2026-06-06",0,"2026-06-06","Adults","quantile","0.3",92
"Opt Baseline","2026-06-06",0,"2026-06-06","Adults","quantile","0.35",95
"Opt Baseline","2026-06-06",0,"2026-06-06","Adults","quantile","0.4",99
"Opt Baseline","2026-06-06",0,"2026-06-06","Adults","quantile","0.45",102
"Opt Baseline","2026-06-06",0,"2026-06-06","Adults","quantile","0.5",106
"Opt Baseline","2026-06-06",0,"2026-06-06","Adults","quantile","0.55",110
"Opt Baseline","2026-06-06",0,"2026-06-06","Adults","quantile","0.6",114
"Opt Baseline","2026-06-06",0,"2026-06-06","Adults","quantile","0.65",118
"Opt Baseline","2026-06-06",0,"2026-06-06","Adults","quantile","0.7",122
"Opt Baseline","2026-06-06",0,"2026-06-06","Adults","quantile","0.75",127
"Opt Baseline","2026-06-06",0,"2026-06-06","Adults","quantile","0.8",132
"Opt Baseline","2026-06-06",0,"2026-06-06","Adults","quantile","0.85",138
"Opt Baseline","2026-06-06",0,"2026-06-06","Adults","quantile","0.9",146
"Opt Baseline","2026-06-06",0,"2026-06-06","Adults","quantile","0.95",158
"Opt Baseline","2026-06-06",0,"2026-06-06","Adults","quantile","0.975",168
"Opt Baseline","2026-06-06",0,"2026-06-06","Adults","quantile","0.99",180
"Opt Baseline","2026-06-06",1,"2026-06-13","Adults","quantile","0.01",47
"Opt Baseline","2026-06-06",1,"2026-06-13","Adults","quantile","0.025",54
"Opt Baseline","2026-06-06",1,"2026-06-13","Adults","quantile","0.05",60
"Opt Baseline","2026-06-06",1,"2026-06-13","Adults","quantile","0.1",69
"Opt Baseline","2026-06-06",1,"2026-06-13","Adults","quantile","0.15",75
"Opt Baseline","2026-06-06",1,"2026-06-13","Adults","quantile","0.2",81
"Opt Baseline","2026-06-06",1,"2026-06-13","Adults","quantile","0.25",86
"Opt Baseline","2026-06-06",1,"2026-06-13","Adults","quantile","0.3",90
"Opt Baseline","2026-06-06",1,"2026-06-13","Adults","quantile","0.35",94
"Opt Baseline","2026-06-06",1,"2026-06-13","Adults","quantile","0.4",98
"Opt Baseline","2026-06-06",1,"2026-06-13","Adults","quantile","0.45",102
"Opt Baseline","2026-06-06",1,"2026-06-13","Adults","quantile","0.5",106
"Opt Baseline","2026-06-06",1,"2026-06-13","Adults","quantile","0.55",110
"Opt Baseline","2026-06-06",1,"2026-06-13","Adults","quantile","0.6",114
"Opt Baseline","2026-06-06",1,"2026-06-13","Adults","quantile","0.65",119
"Opt Baseline","2026-06-06",1,"2026-06-13","Adults","quantile","0.7",123
"Opt Baseline","2026-06-06",1,"2026-06-13","Adults","quantile","0.75",129
"Opt Baseline","2026-06-06",1,"2026-06-13","Adults","quantile","0.8",134
"Opt Baseline","2026-06-06",1,"2026-06-13","Adults","quantile","0.85",141
"Opt Baseline","2026-06-06",1,"2026-06-13","Adults","quantile","0.9",150
"Opt Baseline","2026-06-06",1,"2026-06-13","Adults","quantile","0.95",163
"Opt Baseline","2026-06-06",1,"2026-06-13","Adults","quantile","0.975",175
"Opt Baseline","2026-06-06",1,"2026-06-13","Adults","quantile","0.99",187
"Opt Baseline","2026-06-06",2,"2026-06-20","Adults","quantile","0.01",44
"Opt Baseline","2026-06-06",2,"2026-06-20","Adults","quantile","0.025",51
"Opt Baseline","2026-06-06",2,"2026-06-20","Adults","quantile","0.05",58
"Opt Baseline","2026-06-06",2,"2026-06-20","Adults","quantile","0.1",67
"Opt Baseline","2026-06-06",2,"2026-06-20","Adults","quantile","0.15",74
"Opt Baseline","2026-06-06",2,"2026-06-20","Adults","quantile","0.2",79
"Opt Baseline","2026-06-06",2,"2026-06-20","Adults","quantile","0.25",84
"Opt Baseline","2026-06-06",2,"2026-06-20","Adults","quantile","0.3",89
"Opt Baseline","2026-06-06",2,"2026-06-20","Adults","quantile","0.35",93
"Opt Baseline","2026-06-06",2,"2026-06-20","Adults","quantile","0.4",97
"Opt Baseline","2026-06-06",2,"2026-06-20","Adults","quantile","0.45",102
"Opt Baseline","2026-06-06",2,"2026-06-20","Adults","quantile","0.5",106
"Opt Baseline","2026-06-06",2,"2026-06-20","Adults","quantile","0.55",110
"Opt Baseline","2026-06-06",2,"2026-06-20","Adults","quantile","0.6",115
"Opt Baseline","2026-06-06",2,"2026-06-20","Adults","quantile","0.65",120
"Opt Baseline","2026-06-06",2,"2026-06-20","Adults","quantile","0.7",125
"Opt Baseline","2026-06-06",2,"2026-06-20","Adults","quantile","0.75",131
"Opt Baseline","2026-06-06",2,"2026-06-20","Adults","quantile","0.8",137
"Opt Baseline","2026-06-06",2,"2026-06-20","Adults","quantile","0.85",145
"Opt Baseline","2026-06-06",2,"2026-06-20","Adults","quantile","0.9",154
"Opt Baseline","2026-06-06",2,"2026-06-20","Adults","quantile","0.95",169
"Opt Baseline","2026-06-06",2,"2026-06-20","Adults","quantile","0.975",181
"Opt Baseline","2026-06-06",2,"2026-06-20","Adults","quantile","0.99",196
"Opt Baseline","2026-06-06",3,"2026-06-27","Adults","quantile","0.01",39
"Opt Baseline","2026-06-06",3,"2026-06-27","Adults","quantile","0.025",47
"Opt Baseline","2026-06-06",3,"2026-06-27","Adults","quantile","0.05",56
"Opt Baseline","2026-06-06",3,"2026-06-27","Adults","quantile","0.1",65
"Opt Baseline","2026-06-06",3,"2026-06-27","Adults","quantile","0.15",72
"Opt Baseline","2026-06-06",3,"2026-06-27","Adults","quantile","0.2",77
"Opt Baseline","2026-06-06",3,"2026-06-27","Adults","quantile","0.25",82
"Opt Baseline","2026-06-06",3,"2026-06-27","Adults","quantile","0.3",88
"Opt Baseline","2026-06-06",3,"2026-06-27","Adults","quantile","0.35",92
"Opt Baseline","2026-06-06",3,"2026-06-27","Adults","quantile","0.4",97
"Opt Baseline","2026-06-06",3,"2026-06-27","Adults","quantile","0.45",101
"Opt Baseline","2026-06-06",3,"2026-06-27","Adults","quantile","0.5",106
"Opt Baseline","2026-06-06",3,"2026-06-27","Adults","quantile","0.55",110
"Opt Baseline","2026-06-06",3,"2026-06-27","Adults","quantile","0.6",115
"Opt Baseline","2026-06-06",3,"2026-06-27","Adults","quantile","0.65",120
"Opt Baseline","2026-06-06",3,"2026-06-27","Adults","quantile","0.7",126
"Opt Baseline","2026-06-06",3,"2026-06-27","Adults","quantile","0.75",132
"Opt Baseline","2026-06-06",3,"2026-06-27","Adults","quantile","0.8",139
"Opt Baseline","2026-06-06",3,"2026-06-27","Adults","quantile","0.85",147
"Opt Baseline","2026-06-06",3,"2026-06-27","Adults","quantile","0.9",158
"Opt Baseline","2026-06-06",3,"2026-06-27","Adults","quantile","0.95",173
"Opt Baseline","2026-06-06",3,"2026-06-27","Adults","quantile","0.975",188
"Opt Baseline","2026-06-06",3,"2026-06-27","Adults","quantile","0.99",203
"Opt Baseline","2026-06-06",-4,"2026-05-09","Overall","quantile","0.01",212
"Opt Baseline","2026-06-06",-4,"2026-05-09","Overall","quantile","0.025",226
"Opt Baseline","2026-06-06",-4,"2026-05-09","Overall","quantile","0.05",249
"Opt Baseline","2026-06-06",-4,"2026-05-09","Overall","quantile","0.1",266
"Opt Baseline","2026-06-06",-4,"2026-05-09","Overall","quantile","0.15",268
"Opt Baseline","2026-06-06",-4,"2026-05-09","Overall","quantile","0.2",269
"Opt Baseline","2026-06-06",-4,"2026-05-09","Overall","quantile","0.25",273
"Opt Baseline","2026-06-06",-4,"2026-05-09","Overall","quantile","0.3",276
"Opt Baseline","2026-06-06",-4,"2026-05-09","Overall","quantile","0.35",279
"Opt Baseline","2026-06-06",-4,"2026-05-09","Overall","quantile","0.4",284
"Opt Baseline","2026-06-06",-4,"2026-05-09","Overall","quantile","0.45",288
"Opt Baseline","2026-06-06",-4,"2026-05-09","Overall","quantile","0.5",292
"Opt Baseline","2026-06-06",-4,"2026-05-09","Overall","quantile","0.55",296
"Opt Baseline","2026-06-06",-4,"2026-05-09","Overall","quantile","0.6",300
"Opt Baseline","2026-06-06",-4,"2026-05-09","Overall","quantile","0.65",306
"Opt Baseline","2026-06-06",-4,"2026-05-09","Overall","quantile","0.7",309
"Opt Baseline","2026-06-06",-4,"2026-05-09","Overall","quantile","0.75",311
"Opt Baseline","2026-06-06",-4,"2026-05-09","Overall","quantile","0.8",316
"Opt Baseline","2026-06-06",-4,"2026-05-09","Overall","quantile","0.85",317
"Opt Baseline","2026-06-06",-4,"2026-05-09","Overall","quantile","0.9",319
"Opt Baseline","2026-06-06",-4,"2026-05-09","Overall","quantile","0.95",338
"Opt Baseline","2026-06-06",-4,"2026-05-09","Overall","quantile","0.975",367
"Opt Baseline","2026-06-06",-4,"2026-05-09","Overall","quantile","0.99",384
"Opt Baseline","2026-06-06",-3,"2026-05-16","Overall","quantile","0.01",196
"Opt Baseline","2026-06-06",-3,"2026-05-16","Overall","quantile","0.025",209
"Opt Baseline","2026-06-06",-3,"2026-05-16","Overall","quantile","0.05",226
"Opt Baseline","2026-06-06",-3,"2026-05-16","Overall","quantile","0.1",245
"Opt Baseline","2026-06-06",-3,"2026-05-16","Overall","quantile","0.15",253
"Opt Baseline","2026-06-06",-3,"2026-05-16","Overall","quantile","0.2",260
"Opt Baseline","2026-06-06",-3,"2026-05-16","Overall","quantile","0.25",267
"Opt Baseline","2026-06-06",-3,"2026-05-16","Overall","quantile","0.3",273
"Opt Baseline","2026-06-06",-3,"2026-05-16","Overall","quantile","0.35",279
"Opt Baseline","2026-06-06",-3,"2026-05-16","Overall","quantile","0.4",284
"Opt Baseline","2026-06-06",-3,"2026-05-16","Overall","quantile","0.45",289
"Opt Baseline","2026-06-06",-3,"2026-05-16","Overall","quantile","0.5",292
"Opt Baseline","2026-06-06",-3,"2026-05-16","Overall","quantile","0.55",296
"Opt Baseline","2026-06-06",-3,"2026-05-16","Overall","quantile","0.6",300
"Opt Baseline","2026-06-06",-3,"2026-05-16","Overall","quantile","0.65",305
"Opt Baseline","2026-06-06",-3,"2026-05-16","Overall","quantile","0.7",311
"Opt Baseline","2026-06-06",-3,"2026-05-16","Overall","quantile","0.75",317
"Opt Baseline","2026-06-06",-3,"2026-05-16","Overall","quantile","0.8",325
"Opt Baseline","2026-06-06",-3,"2026-05-16","Overall","quantile","0.85",334
"Opt Baseline","2026-06-06",-3,"2026-05-16","Overall","quantile","0.9",343
"Opt Baseline","2026-06-06",-3,"2026-05-16","Overall","quantile","0.95",366
"Opt Baseline","2026-06-06",-3,"2026-05-16","Overall","quantile","0.975",387
"Opt Baseline","2026-06-06",-3,"2026-05-16","Overall","quantile","0.99",409
"Opt Baseline","2026-06-06",-2,"2026-05-23","Overall","quantile","0.01",181
"Opt Baseline","2026-06-06",-2,"2026-05-23","Overall","quantile","0.025",198
"Opt Baseline","2026-06-06",-2,"2026-05-23","Overall","quantile","0.05",214
"Opt Baseline","2026-06-06",-2,"2026-05-23","Overall","quantile","0.1",232
"Opt Baseline","2026-06-06",-2,"2026-05-23","Overall","quantile","0.15",244
"Opt Baseline","2026-06-06",-2,"2026-05-23","Overall","quantile","0.2",253
"Opt Baseline","2026-06-06",-2,"2026-05-23","Overall","quantile","0.25",262
"Opt Baseline","2026-06-06",-2,"2026-05-23","Overall","quantile","0.3",269
"Opt Baseline","2026-06-06",-2,"2026-05-23","Overall","quantile","0.35",274
"Opt Baseline","2026-06-06",-2,"2026-05-23","Overall","quantile","0.4",281
"Opt Baseline","2026-06-06",-2,"2026-05-23","Overall","quantile","0.45",286
"Opt Baseline","2026-06-06",-2,"2026-05-23","Overall","quantile","0.5",292
"Opt Baseline","2026-06-06",-2,"2026-05-23","Overall","quantile","0.55",298
"Opt Baseline","2026-06-06",-2,"2026-05-23","Overall","quantile","0.6",304
"Opt Baseline","2026-06-06",-2,"2026-05-23","Overall","quantile","0.65",311
"Opt Baseline","2026-06-06",-2,"2026-05-23","Overall","quantile","0.7",317
"Opt Baseline","2026-06-06",-2,"2026-05-23","Overall","quantile","0.75",325
"Opt Baseline","2026-06-06",-2,"2026-05-23","Overall","quantile","0.8",333
"Opt Baseline","2026-06-06",-2,"2026-05-23","Overall","quantile","0.85",344
"Opt Baseline","2026-06-06",-2,"2026-05-23","Overall","quantile","0.9",358
"Opt Baseline","2026-06-06",-2,"2026-05-23","Overall","quantile","0.95",383
"Opt Baseline","2026-06-06",-2,"2026-05-23","Overall","quantile","0.975",405
"Opt Baseline","2026-06-06",-2,"2026-05-23","Overall","quantile","0.99",430
"Opt Baseline","2026-06-06",-1,"2026-05-30","Overall","quantile","0.01",168
"Opt Baseline","2026-06-06",-1,"2026-05-30","Overall","quantile","0.025",188
"Opt Baseline","2026-06-06",-1,"2026-05-30","Overall","quantile","0.05",204
"Opt Baseline","2026-06-06",-1,"2026-05-30","Overall","quantile","0.1",223
"Opt Baseline","2026-06-06",-1,"2026-05-30","Overall","quantile","0.15",237
"Opt Baseline","2026-06-06",-1,"2026-05-30","Overall","quantile","0.2",248
"Opt Baseline","2026-06-06",-1,"2026-05-30","Overall","quantile","0.25",257
"Opt Baseline","2026-06-06",-1,"2026-05-30","Overall","quantile","0.3",264
"Opt Baseline","2026-06-06",-1,"2026-05-30","Overall","quantile","0.35",272
"Opt Baseline","2026-06-06",-1,"2026-05-30","Overall","quantile","0.4",278
"Opt Baseline","2026-06-06",-1,"2026-05-30","Overall","quantile","0.45",285
"Opt Baseline","2026-06-06",-1,"2026-05-30","Overall","quantile","0.5",292
"Opt Baseline","2026-06-06",-1,"2026-05-30","Overall","quantile","0.55",299
"Opt Baseline","2026-06-06",-1,"2026-05-30","Overall","quantile","0.6",306
"Opt Baseline","2026-06-06",-1,"2026-05-30","Overall","quantile","0.65",314
"Opt Baseline","2026-06-06",-1,"2026-05-30","Overall","quantile","0.7",322
"Opt Baseline","2026-06-06",-1,"2026-05-30","Overall","quantile","0.75",331
"Opt Baseline","2026-06-06",-1,"2026-05-30","Overall","quantile","0.8",341
"Opt Baseline","2026-06-06",-1,"2026-05-30","Overall","quantile","0.85",353
"Opt Baseline","2026-06-06",-1,"2026-05-30","Overall","quantile","0.9",369
"Opt Baseline","2026-06-06",-1,"2026-05-30","Overall","quantile","0.95",396
"Opt Baseline","2026-06-06",-1,"2026-05-30","Overall","quantile","0.975",421
"Opt Baseline","2026-06-06",-1,"2026-05-30","Overall","quantile","0.99",451
"Opt Baseline","2026-06-06",0,"2026-06-06","Overall","quantile","0.01",157
"Opt Baseline","2026-06-06",0,"2026-06-06","Overall","quantile","0.025",178
"Opt Baseline","2026-06-06",0,"2026-06-06","Overall","quantile","0.05",195
"Opt Baseline","2026-06-06",0,"2026-06-06","Overall","quantile","0.1",215
"Opt Baseline","2026-06-06",0,"2026-06-06","Overall","quantile","0.15",229
"Opt Baseline","2026-06-06",0,"2026-06-06","Overall","quantile","0.2",241
"Opt Baseline","2026-06-06",0,"2026-06-06","Overall","quantile","0.25",252
"Opt Baseline","2026-06-06",0,"2026-06-06","Overall","quantile","0.3",261
"Opt Baseline","2026-06-06",0,"2026-06-06","Overall","quantile","0.35",269
"Opt Baseline","2026-06-06",0,"2026-06-06","Overall","quantile","0.4",276
"Opt Baseline","2026-06-06",0,"2026-06-06","Overall","quantile","0.45",284
"Opt Baseline","2026-06-06",0,"2026-06-06","Overall","quantile","0.5",292
"Opt Baseline","2026-06-06",0,"2026-06-06","Overall","quantile","0.55",300
"Opt Baseline","2026-06-06",0,"2026-06-06","Overall","quantile","0.6",308
"Opt Baseline","2026-06-06",0,"2026-06-06","Overall","quantile","0.65",316
"Opt Baseline","2026-06-06",0,"2026-06-06","Overall","quantile","0.7",325
"Opt Baseline","2026-06-06",0,"2026-06-06","Overall","quantile","0.75",335
"Opt Baseline","2026-06-06",0,"2026-06-06","Overall","quantile","0.8",346
"Opt Baseline","2026-06-06",0,"2026-06-06","Overall","quantile","0.85",360
"Opt Baseline","2026-06-06",0,"2026-06-06","Overall","quantile","0.9",378
"Opt Baseline","2026-06-06",0,"2026-06-06","Overall","quantile","0.95",409
"Opt Baseline","2026-06-06",0,"2026-06-06","Overall","quantile","0.975",434
"Opt Baseline","2026-06-06",0,"2026-06-06","Overall","quantile","0.99",465
"Opt Baseline","2026-06-06",1,"2026-06-13","Overall","quantile","0.01",144
"Opt Baseline","2026-06-06",1,"2026-06-13","Overall","quantile","0.025",166
"Opt Baseline","2026-06-06",1,"2026-06-13","Overall","quantile","0.05",186
"Opt Baseline","2026-06-06",1,"2026-06-13","Overall","quantile","0.1",207
"Opt Baseline","2026-06-06",1,"2026-06-13","Overall","quantile","0.15",223
"Opt Baseline","2026-06-06",1,"2026-06-13","Overall","quantile","0.2",236
"Opt Baseline","2026-06-06",1,"2026-06-13","Overall","quantile","0.25",246
"Opt Baseline","2026-06-06",1,"2026-06-13","Overall","quantile","0.3",256
"Opt Baseline","2026-06-06",1,"2026-06-13","Overall","quantile","0.35",266
"Opt Baseline","2026-06-06",1,"2026-06-13","Overall","quantile","0.4",275
"Opt Baseline","2026-06-06",1,"2026-06-13","Overall","quantile","0.45",283
"Opt Baseline","2026-06-06",1,"2026-06-13","Overall","quantile","0.5",292
"Opt Baseline","2026-06-06",1,"2026-06-13","Overall","quantile","0.55",300
"Opt Baseline","2026-06-06",1,"2026-06-13","Overall","quantile","0.6",309
"Opt Baseline","2026-06-06",1,"2026-06-13","Overall","quantile","0.65",319
"Opt Baseline","2026-06-06",1,"2026-06-13","Overall","quantile","0.7",328
"Opt Baseline","2026-06-06",1,"2026-06-13","Overall","quantile","0.75",340
"Opt Baseline","2026-06-06",1,"2026-06-13","Overall","quantile","0.8",352
"Opt Baseline","2026-06-06",1,"2026-06-13","Overall","quantile","0.85",366
"Opt Baseline","2026-06-06",1,"2026-06-13","Overall","quantile","0.9",386
"Opt Baseline","2026-06-06",1,"2026-06-13","Overall","quantile","0.95",420
"Opt Baseline","2026-06-06",1,"2026-06-13","Overall","quantile","0.975",449
"Opt Baseline","2026-06-06",1,"2026-06-13","Overall","quantile","0.99",484
"Opt Baseline","2026-06-06",2,"2026-06-20","Overall","quantile","0.01",134
"Opt Baseline","2026-06-06",2,"2026-06-20","Overall","quantile","0.025",159
"Opt Baseline","2026-06-06",2,"2026-06-20","Overall","quantile","0.05",177
"Opt Baseline","2026-06-06",2,"2026-06-20","Overall","quantile","0.1",200
"Opt Baseline","2026-06-06",2,"2026-06-20","Overall","quantile","0.15",216
"Opt Baseline","2026-06-06",2,"2026-06-20","Overall","quantile","0.2",231
"Opt Baseline","2026-06-06",2,"2026-06-20","Overall","quantile","0.25",242
"Opt Baseline","2026-06-06",2,"2026-06-20","Overall","quantile","0.3",253
"Opt Baseline","2026-06-06",2,"2026-06-20","Overall","quantile","0.35",263
"Opt Baseline","2026-06-06",2,"2026-06-20","Overall","quantile","0.4",273
"Opt Baseline","2026-06-06",2,"2026-06-20","Overall","quantile","0.45",283
"Opt Baseline","2026-06-06",2,"2026-06-20","Overall","quantile","0.5",292
"Opt Baseline","2026-06-06",2,"2026-06-20","Overall","quantile","0.55",301
"Opt Baseline","2026-06-06",2,"2026-06-20","Overall","quantile","0.6",312
"Opt Baseline","2026-06-06",2,"2026-06-20","Overall","quantile","0.65",321
"Opt Baseline","2026-06-06",2,"2026-06-20","Overall","quantile","0.7",332
"Opt Baseline","2026-06-06",2,"2026-06-20","Overall","quantile","0.75",344
"Opt Baseline","2026-06-06",2,"2026-06-20","Overall","quantile","0.8",357
"Opt Baseline","2026-06-06",2,"2026-06-20","Overall","quantile","0.85",374
"Opt Baseline","2026-06-06",2,"2026-06-20","Overall","quantile","0.9",396
"Opt Baseline","2026-06-06",2,"2026-06-20","Overall","quantile","0.95",431
"Opt Baseline","2026-06-06",2,"2026-06-20","Overall","quantile","0.975",463
"Opt Baseline","2026-06-06",2,"2026-06-20","Overall","quantile","0.99",504
"Opt Baseline","2026-06-06",3,"2026-06-27","Overall","quantile","0.01",130
"Opt Baseline","2026-06-06",3,"2026-06-27","Overall","quantile","0.025",149
"Opt Baseline","2026-06-06",3,"2026-06-27","Overall","quantile","0.05",171
"Opt Baseline","2026-06-06",3,"2026-06-27","Overall","quantile","0.1",195
"Opt Baseline","2026-06-06",3,"2026-06-27","Overall","quantile","0.15",212
"Opt Baseline","2026-06-06",3,"2026-06-27","Overall","quantile","0.2",226
"Opt Baseline","2026-06-06",3,"2026-06-27","Overall","quantile","0.25",239
"Opt Baseline","2026-06-06",3,"2026-06-27","Overall","quantile","0.3",251
"Opt Baseline","2026-06-06",3,"2026-06-27","Overall","quantile","0.35",262
"Opt Baseline","2026-06-06",3,"2026-06-27","Overall","quantile","0.4",272
"Opt Baseline","2026-06-06",3,"2026-06-27","Overall","quantile","0.45",281
"Opt Baseline","2026-06-06",3,"2026-06-27","Overall","quantile","0.5",292
"Opt Baseline","2026-06-06",3,"2026-06-27","Overall","quantile","0.55",302
"Opt Baseline","2026-06-06",3,"2026-06-27","Overall","quantile","0.6",313
"Opt Baseline","2026-06-06",3,"2026-06-27","Overall","quantile","0.65",323
"Opt Baseline","2026-06-06",3,"2026-06-27","Overall","quantile","0.7",335
"Opt Baseline","2026-06-06",3,"2026-06-27","Overall","quantile","0.75",348
"Opt Baseline","2026-06-06",3,"2026-06-27","Overall","quantile","0.8",362
"Opt Baseline","2026-06-06",3,"2026-06-27","Overall","quantile","0.85",380
"Opt Baseline","2026-06-06",3,"2026-06-27","Overall","quantile","0.9",403
"Opt Baseline","2026-06-06",3,"2026-06-27","Overall","quantile","0.95",442
"Opt Baseline","2026-06-06",3,"2026-06-27","Overall","quantile","0.975",476
"Opt Baseline","2026-06-06",3,"2026-06-27","Overall","quantile","0.99",519
"Opt Baseline","2026-06-06",-4,"2026-05-09","Pediatrics","quantile","0.01",100
"Opt Baseline","2026-06-06",-4,"2026-05-09","Pediatrics","quantile","0.025",110
"Opt Baseline","2026-06-06",-4,"2026-05-09","Pediatrics","quantile","0.05",128
"Opt Baseline","2026-06-06",-4,"2026-05-09","Pediatrics","quantile","0.1",143
"Opt Baseline","2026-06-06",-4,"2026-05-09","Pediatrics","quantile","0.15",147
"Opt Baseline","2026-06-06",-4,"2026-05-09","Pediatrics","quantile","0.2",155
"Opt Baseline","2026-06-06",-4,"2026-05-09","Pediatrics","quantile","0.25",169
"Opt Baseline","2026-06-06",-4,"2026-05-09","Pediatrics","quantile","0.3",176
"Opt Baseline","2026-06-06",-4,"2026-05-09","Pediatrics","quantile","0.35",178
"Opt Baseline","2026-06-06",-4,"2026-05-09","Pediatrics","quantile","0.4",180
"Opt Baseline","2026-06-06",-4,"2026-05-09","Pediatrics","quantile","0.45",184
"Opt Baseline","2026-06-06",-4,"2026-05-09","Pediatrics","quantile","0.5",186
"Opt Baseline","2026-06-06",-4,"2026-05-09","Pediatrics","quantile","0.55",188
"Opt Baseline","2026-06-06",-4,"2026-05-09","Pediatrics","quantile","0.6",192
"Opt Baseline","2026-06-06",-4,"2026-05-09","Pediatrics","quantile","0.65",194
"Opt Baseline","2026-06-06",-4,"2026-05-09","Pediatrics","quantile","0.7",196
"Opt Baseline","2026-06-06",-4,"2026-05-09","Pediatrics","quantile","0.75",204
"Opt Baseline","2026-06-06",-4,"2026-05-09","Pediatrics","quantile","0.8",220
"Opt Baseline","2026-06-06",-4,"2026-05-09","Pediatrics","quantile","0.85",229
"Opt Baseline","2026-06-06",-4,"2026-05-09","Pediatrics","quantile","0.9",235
"Opt Baseline","2026-06-06",-4,"2026-05-09","Pediatrics","quantile","0.95",254
"Opt Baseline","2026-06-06",-4,"2026-05-09","Pediatrics","quantile","0.975",281
"Opt Baseline","2026-06-06",-4,"2026-05-09","Pediatrics","quantile","0.99",298
"Opt Baseline","2026-06-06",-3,"2026-05-16","Pediatrics","quantile","0.01",80
"Opt Baseline","2026-06-06",-3,"2026-05-16","Pediatrics","quantile","0.025",95
"Opt Baseline","2026-06-06",-3,"2026-05-16","Pediatrics","quantile","0.05",107
"Opt Baseline","2026-06-06",-3,"2026-05-16","Pediatrics","quantile","0.1",125
"Opt Baseline","2026-06-06",-3,"2026-05-16","Pediatrics","quantile","0.15",138
"Opt Baseline","2026-06-06",-3,"2026-05-16","Pediatrics","quantile","0.2",146
"Opt Baseline","2026-06-06",-3,"2026-05-16","Pediatrics","quantile","0.25",153
"Opt Baseline","2026-06-06",-3,"2026-05-16","Pediatrics","quantile","0.3",161
"Opt Baseline","2026-06-06",-3,"2026-05-16","Pediatrics","quantile","0.35",170
"Opt Baseline","2026-06-06",-3,"2026-05-16","Pediatrics","quantile","0.4",176
"Opt Baseline","2026-06-06",-3,"2026-05-16","Pediatrics","quantile","0.45",182
"Opt Baseline","2026-06-06",-3,"2026-05-16","Pediatrics","quantile","0.5",186
"Opt Baseline","2026-06-06",-3,"2026-05-16","Pediatrics","quantile","0.55",191
"Opt Baseline","2026-06-06",-3,"2026-05-16","Pediatrics","quantile","0.6",196
"Opt Baseline","2026-06-06",-3,"2026-05-16","Pediatrics","quantile","0.65",203
"Opt Baseline","2026-06-06",-3,"2026-05-16","Pediatrics","quantile","0.7",213
"Opt Baseline","2026-06-06",-3,"2026-05-16","Pediatrics","quantile","0.75",222
"Opt Baseline","2026-06-06",-3,"2026-05-16","Pediatrics","quantile","0.8",232
"Opt Baseline","2026-06-06",-3,"2026-05-16","Pediatrics","quantile","0.85",242
"Opt Baseline","2026-06-06",-3,"2026-05-16","Pediatrics","quantile","0.9",259
"Opt Baseline","2026-06-06",-3,"2026-05-16","Pediatrics","quantile","0.95",286
"Opt Baseline","2026-06-06",-3,"2026-05-16","Pediatrics","quantile","0.975",308
"Opt Baseline","2026-06-06",-3,"2026-05-16","Pediatrics","quantile","0.99",339
"Opt Baseline","2026-06-06",-2,"2026-05-23","Pediatrics","quantile","0.01",64
"Opt Baseline","2026-06-06",-2,"2026-05-23","Pediatrics","quantile","0.025",80
"Opt Baseline","2026-06-06",-2,"2026-05-23","Pediatrics","quantile","0.05",95
"Opt Baseline","2026-06-06",-2,"2026-05-23","Pediatrics","quantile","0.1",112
"Opt Baseline","2026-06-06",-2,"2026-05-23","Pediatrics","quantile","0.15",126
"Opt Baseline","2026-06-06",-2,"2026-05-23","Pediatrics","quantile","0.2",138
"Opt Baseline","2026-06-06",-2,"2026-05-23","Pediatrics","quantile","0.25",146
"Opt Baseline","2026-06-06",-2,"2026-05-23","Pediatrics","quantile","0.3",154
"Opt Baseline","2026-06-06",-2,"2026-05-23","Pediatrics","quantile","0.35",164
"Opt Baseline","2026-06-06",-2,"2026-05-23","Pediatrics","quantile","0.4",172
"Opt Baseline","2026-06-06",-2,"2026-05-23","Pediatrics","quantile","0.45",179
"Opt Baseline","2026-06-06",-2,"2026-05-23","Pediatrics","quantile","0.5",186
"Opt Baseline","2026-06-06",-2,"2026-05-23","Pediatrics","quantile","0.55",193
"Opt Baseline","2026-06-06",-2,"2026-05-23","Pediatrics","quantile","0.6",201
"Opt Baseline","2026-06-06",-2,"2026-05-23","Pediatrics","quantile","0.65",210
"Opt Baseline","2026-06-06",-2,"2026-05-23","Pediatrics","quantile","0.7",221
"Opt Baseline","2026-06-06",-2,"2026-05-23","Pediatrics","quantile","0.75",231
"Opt Baseline","2026-06-06",-2,"2026-05-23","Pediatrics","quantile","0.8",242
"Opt Baseline","2026-06-06",-2,"2026-05-23","Pediatrics","quantile","0.85",258
"Opt Baseline","2026-06-06",-2,"2026-05-23","Pediatrics","quantile","0.9",280
"Opt Baseline","2026-06-06",-2,"2026-05-23","Pediatrics","quantile","0.95",309
"Opt Baseline","2026-06-06",-2,"2026-05-23","Pediatrics","quantile","0.975",338
"Opt Baseline","2026-06-06",-2,"2026-05-23","Pediatrics","quantile","0.99",371
"Opt Baseline","2026-06-06",-1,"2026-05-30","Pediatrics","quantile","0.01",52
"Opt Baseline","2026-06-06",-1,"2026-05-30","Pediatrics","quantile","0.025",67
"Opt Baseline","2026-06-06",-1,"2026-05-30","Pediatrics","quantile","0.05",84
"Opt Baseline","2026-06-06",-1,"2026-05-30","Pediatrics","quantile","0.1",104
"Opt Baseline","2026-06-06",-1,"2026-05-30","Pediatrics","quantile","0.15",118
"Opt Baseline","2026-06-06",-1,"2026-05-30","Pediatrics","quantile","0.2",130
"Opt Baseline","2026-06-06",-1,"2026-05-30","Pediatrics","quantile","0.25",140
"Opt Baseline","2026-06-06",-1,"2026-05-30","Pediatrics","quantile","0.3",150
"Opt Baseline","2026-06-06",-1,"2026-05-30","Pediatrics","quantile","0.35",159
"Opt Baseline","2026-06-06",-1,"2026-05-30","Pediatrics","quantile","0.4",168
"Opt Baseline","2026-06-06",-1,"2026-05-30","Pediatrics","quantile","0.45",178
"Opt Baseline","2026-06-06",-1,"2026-05-30","Pediatrics","quantile","0.5",186
"Opt Baseline","2026-06-06",-1,"2026-05-30","Pediatrics","quantile","0.55",195
"Opt Baseline","2026-06-06",-1,"2026-05-30","Pediatrics","quantile","0.6",205
"Opt Baseline","2026-06-06",-1,"2026-05-30","Pediatrics","quantile","0.65",216
"Opt Baseline","2026-06-06",-1,"2026-05-30","Pediatrics","quantile","0.7",226
"Opt Baseline","2026-06-06",-1,"2026-05-30","Pediatrics","quantile","0.75",238
"Opt Baseline","2026-06-06",-1,"2026-05-30","Pediatrics","quantile","0.8",252
"Opt Baseline","2026-06-06",-1,"2026-05-30","Pediatrics","quantile","0.85",271
"Opt Baseline","2026-06-06",-1,"2026-05-30","Pediatrics","quantile","0.9",293
"Opt Baseline","2026-06-06",-1,"2026-05-30","Pediatrics","quantile","0.95",329
"Opt Baseline","2026-06-06",-1,"2026-05-30","Pediatrics","quantile","0.975",359
"Opt Baseline","2026-06-06",-1,"2026-05-30","Pediatrics","quantile","0.99",404
"Opt Baseline","2026-06-06",0,"2026-06-06","Pediatrics","quantile","0.01",41
"Opt Baseline","2026-06-06",0,"2026-06-06","Pediatrics","quantile","0.025",59
"Opt Baseline","2026-06-06",0,"2026-06-06","Pediatrics","quantile","0.05",75
"Opt Baseline","2026-06-06",0,"2026-06-06","Pediatrics","quantile","0.1",96
"Opt Baseline","2026-06-06",0,"2026-06-06","Pediatrics","quantile","0.15",110
"Opt Baseline","2026-06-06",0,"2026-06-06","Pediatrics","quantile","0.2",123
"Opt Baseline","2026-06-06",0,"2026-06-06","Pediatrics","quantile","0.25",134
"Opt Baseline","2026-06-06",0,"2026-06-06","Pediatrics","quantile","0.3",146
"Opt Baseline","2026-06-06",0,"2026-06-06","Pediatrics","quantile","0.35",155
"Opt Baseline","2026-06-06",0,"2026-06-06","Pediatrics","quantile","0.4",165
"Opt Baseline","2026-06-06",0,"2026-06-06","Pediatrics","quantile","0.45",175
"Opt Baseline","2026-06-06",0,"2026-06-06","Pediatrics","quantile","0.5",186
"Opt Baseline","2026-06-06",0,"2026-06-06","Pediatrics","quantile","0.55",196
"Opt Baseline","2026-06-06",0,"2026-06-06","Pediatrics","quantile","0.6",206
"Opt Baseline","2026-06-06",0,"2026-06-06","Pediatrics","quantile","0.65",220
"Opt Baseline","2026-06-06",0,"2026-06-06","Pediatrics","quantile","0.7",232
"Opt Baseline","2026-06-06",0,"2026-06-06","Pediatrics","quantile","0.75",246
"Opt Baseline","2026-06-06",0,"2026-06-06","Pediatrics","quantile","0.8",262
"Opt Baseline","2026-06-06",0,"2026-06-06","Pediatrics","quantile","0.85",281
"Opt Baseline","2026-06-06",0,"2026-06-06","Pediatrics","quantile","0.9",306
"Opt Baseline","2026-06-06",0,"2026-06-06","Pediatrics","quantile","0.95",349
"Opt Baseline","2026-06-06",0,"2026-06-06","Pediatrics","quantile","0.975",391
"Opt Baseline","2026-06-06",0,"2026-06-06","Pediatrics","quantile","0.99",436
"Opt Baseline","2026-06-06",1,"2026-06-13","Pediatrics","quantile","0.01",33
"Opt Baseline","2026-06-06",1,"2026-06-13","Pediatrics","quantile","0.025",50
"Opt Baseline","2026-06-06",1,"2026-06-13","Pediatrics","quantile","0.05",67
"Opt Baseline","2026-06-06",1,"2026-06-13","Pediatrics","quantile","0.1",89
"Opt Baseline","2026-06-06",1,"2026-06-13","Pediatrics","quantile","0.15",106
"Opt Baseline","2026-06-06",1,"2026-06-13","Pediatrics","quantile","0.2",119
"Opt Baseline","2026-06-06",1,"2026-06-13","Pediatrics","quantile","0.25",131
"Opt Baseline","2026-06-06",1,"2026-06-13","Pediatrics","quantile","0.3",143
"Opt Baseline","2026-06-06",1,"2026-06-13","Pediatrics","quantile","0.35",153
"Opt Baseline","2026-06-06",1,"2026-06-13","Pediatrics","quantile","0.4",164
"Opt Baseline","2026-06-06",1,"2026-06-13","Pediatrics","quantile","0.45",175
"Opt Baseline","2026-06-06",1,"2026-06-13","Pediatrics","quantile","0.5",186
"Opt Baseline","2026-06-06",1,"2026-06-13","Pediatrics","quantile","0.55",198
"Opt Baseline","2026-06-06",1,"2026-06-13","Pediatrics","quantile","0.6",210
"Opt Baseline","2026-06-06",1,"2026-06-13","Pediatrics","quantile","0.65",223
"Opt Baseline","2026-06-06",1,"2026-06-13","Pediatrics","quantile","0.7",237
"Opt Baseline","2026-06-06",1,"2026-06-13","Pediatrics","quantile","0.75",252
"Opt Baseline","2026-06-06",1,"2026-06-13","Pediatrics","quantile","0.8",271
"Opt Baseline","2026-06-06",1,"2026-06-13","Pediatrics","quantile","0.85",293
"Opt Baseline","2026-06-06",1,"2026-06-13","Pediatrics","quantile","0.9",322
"Opt Baseline","2026-06-06",1,"2026-06-13","Pediatrics","quantile","0.95",367
"Opt Baseline","2026-06-06",1,"2026-06-13","Pediatrics","quantile","0.975",409
"Opt Baseline","2026-06-06",1,"2026-06-13","Pediatrics","quantile","0.99",462
"Opt Baseline","2026-06-06",2,"2026-06-20","Pediatrics","quantile","0.01",28
"Opt Baseline","2026-06-06",2,"2026-06-20","Pediatrics","quantile","0.025",41
"Opt Baseline","2026-06-06",2,"2026-06-20","Pediatrics","quantile","0.05",59
"Opt Baseline","2026-06-06",2,"2026-06-20","Pediatrics","quantile","0.1",81
"Opt Baseline","2026-06-06",2,"2026-06-20","Pediatrics","quantile","0.15",99
"Opt Baseline","2026-06-06",2,"2026-06-20","Pediatrics","quantile","0.2",113
"Opt Baseline","2026-06-06",2,"2026-06-20","Pediatrics","quantile","0.25",126
"Opt Baseline","2026-06-06",2,"2026-06-20","Pediatrics","quantile","0.3",139
"Opt Baseline","2026-06-06",2,"2026-06-20","Pediatrics","quantile","0.35",150
"Opt Baseline","2026-06-06",2,"2026-06-20","Pediatrics","quantile","0.4",161
"Opt Baseline","2026-06-06",2,"2026-06-20","Pediatrics","quantile","0.45",174
"Opt Baseline","2026-06-06",2,"2026-06-20","Pediatrics","quantile","0.5",186
"Opt Baseline","2026-06-06",2,"2026-06-20","Pediatrics","quantile","0.55",197
"Opt Baseline","2026-06-06",2,"2026-06-20","Pediatrics","quantile","0.6",210
"Opt Baseline","2026-06-06",2,"2026-06-20","Pediatrics","quantile","0.65",224
"Opt Baseline","2026-06-06",2,"2026-06-20","Pediatrics","quantile","0.7",239
"Opt Baseline","2026-06-06",2,"2026-06-20","Pediatrics","quantile","0.75",256
"Opt Baseline","2026-06-06",2,"2026-06-20","Pediatrics","quantile","0.8",276
"Opt Baseline","2026-06-06",2,"2026-06-20","Pediatrics","quantile","0.85",300
"Opt Baseline","2026-06-06",2,"2026-06-20","Pediatrics","quantile","0.9",331
"Opt Baseline","2026-06-06",2,"2026-06-20","Pediatrics","quantile","0.95",383
"Opt Baseline","2026-06-06",2,"2026-06-20","Pediatrics","quantile","0.975",430
"Opt Baseline","2026-06-06",2,"2026-06-20","Pediatrics","quantile","0.99",486
"Opt Baseline","2026-06-06",3,"2026-06-27","Pediatrics","quantile","0.01",21
"Opt Baseline","2026-06-06",3,"2026-06-27","Pediatrics","quantile","0.025",36
"Opt Baseline","2026-06-06",3,"2026-06-27","Pediatrics","quantile","0.05",52
"Opt Baseline","2026-06-06",3,"2026-06-27","Pediatrics","quantile","0.1",77
"Opt Baseline","2026-06-06",3,"2026-06-27","Pediatrics","quantile","0.15",94
"Opt Baseline","2026-06-06",3,"2026-06-27","Pediatrics","quantile","0.2",109
"Opt Baseline","2026-06-06",3,"2026-06-27","Pediatrics","quantile","0.25",122
"Opt Baseline","2026-06-06",3,"2026-06-27","Pediatrics","quantile","0.3",136
"Opt Baseline","2026-06-06",3,"2026-06-27","Pediatrics","quantile","0.35",148
"Opt Baseline","2026-06-06",3,"2026-06-27","Pediatrics","quantile","0.4",161
"Opt Baseline","2026-06-06",3,"2026-06-27","Pediatrics","quantile","0.45",173
"Opt Baseline","2026-06-06",3,"2026-06-27","Pediatrics","quantile","0.5",186
"Opt Baseline","2026-06-06",3,"2026-06-27","Pediatrics","quantile","0.55",199
"Opt Baseline","2026-06-06",3,"2026-06-27","Pediatrics","quantile","0.6",214
"Opt Baseline","2026-06-06",3,"2026-06-27","Pediatrics","quantile","0.65",228
"Opt Baseline","2026-06-06",3,"2026-06-27","Pediatrics","quantile","0.7",244
"Opt Baseline","2026-06-06",3,"2026-06-27","Pediatrics","quantile","0.75",263
"Opt Baseline","2026-06-06",3,"2026-06-27","Pediatrics","quantile","0.8",284
"Opt Baseline","2026-06-06",3,"2026-06-27","Pediatrics","quantile","0.85",310
"Opt Baseline","2026-06-06",3,"2026-06-27","Pediatrics","quantile","0.9",346
"Opt Baseline","2026-06-06",3,"2026-06-27","Pediatrics","quantile","0.95",402
"Opt Baseline","2026-06-06",3,"2026-06-27","Pediatrics","quantile","0.975",452
"Opt Baseline","2026-06-06",3,"2026-06-27","Pediatrics","quantile","0.99",514
"INFLAenza","2026-06-06",-4,"2026-05-09","Adults","quantile","0.01",81
"INFLAenza","2026-06-06",-4,"2026-05-09","Adults","quantile","0.025",87
"INFLAenza","2026-06-06",-4,"2026-05-09","Adults","quantile","0.05",92
"INFLAenza","2026-06-06",-4,"2026-05-09","Adults","quantile","0.1",99
"INFLAenza","2026-06-06",-4,"2026-05-09","Adults","quantile","0.15",103
"INFLAenza","2026-06-06",-4,"2026-05-09","Adults","quantile","0.2",107
"INFLAenza","2026-06-06",-4,"2026-05-09","Adults","quantile","0.25",110
"INFLAenza","2026-06-06",-4,"2026-05-09","Adults","quantile","0.3",114
"INFLAenza","2026-06-06",-4,"2026-05-09","Adults","quantile","0.35",117
"INFLAenza","2026-06-06",-4,"2026-05-09","Adults","quantile","0.4",120
"INFLAenza","2026-06-06",-4,"2026-05-09","Adults","quantile","0.45",123
"INFLAenza","2026-06-06",-4,"2026-05-09","Adults","quantile","0.5",126
"INFLAenza","2026-06-06",-4,"2026-05-09","Adults","quantile","0.55",129
"INFLAenza","2026-06-06",-4,"2026-05-09","Adults","quantile","0.6",133
"INFLAenza","2026-06-06",-4,"2026-05-09","Adults","quantile","0.65",136
"INFLAenza","2026-06-06",-4,"2026-05-09","Adults","quantile","0.7",140
"INFLAenza","2026-06-06",-4,"2026-05-09","Adults","quantile","0.75",143
"INFLAenza","2026-06-06",-4,"2026-05-09","Adults","quantile","0.8",148
"INFLAenza","2026-06-06",-4,"2026-05-09","Adults","quantile","0.85",153
"INFLAenza","2026-06-06",-4,"2026-05-09","Adults","quantile","0.9",161
"INFLAenza","2026-06-06",-4,"2026-05-09","Adults","quantile","0.95",172
"INFLAenza","2026-06-06",-4,"2026-05-09","Adults","quantile","0.975",183
"INFLAenza","2026-06-06",-4,"2026-05-09","Adults","quantile","0.99",195
"INFLAenza","2026-06-06",-4,"2026-05-09","Overall","quantile","0.01",243
"INFLAenza","2026-06-06",-4,"2026-05-09","Overall","quantile","0.025",255
"INFLAenza","2026-06-06",-4,"2026-05-09","Overall","quantile","0.05",267
"INFLAenza","2026-06-06",-4,"2026-05-09","Overall","quantile","0.1",281
"INFLAenza","2026-06-06",-4,"2026-05-09","Overall","quantile","0.15",291
"INFLAenza","2026-06-06",-4,"2026-05-09","Overall","quantile","0.2",298
"INFLAenza","2026-06-06",-4,"2026-05-09","Overall","quantile","0.25",306
"INFLAenza","2026-06-06",-4,"2026-05-09","Overall","quantile","0.3",312
"INFLAenza","2026-06-06",-4,"2026-05-09","Overall","quantile","0.35",318
"INFLAenza","2026-06-06",-4,"2026-05-09","Overall","quantile","0.4",324
"INFLAenza","2026-06-06",-4,"2026-05-09","Overall","quantile","0.45",330
"INFLAenza","2026-06-06",-4,"2026-05-09","Overall","quantile","0.5",337
"INFLAenza","2026-06-06",-4,"2026-05-09","Overall","quantile","0.55",343
"INFLAenza","2026-06-06",-4,"2026-05-09","Overall","quantile","0.6",349
"INFLAenza","2026-06-06",-4,"2026-05-09","Overall","quantile","0.65",355
"INFLAenza","2026-06-06",-4,"2026-05-09","Overall","quantile","0.7",362
"INFLAenza","2026-06-06",-4,"2026-05-09","Overall","quantile","0.75",370
"INFLAenza","2026-06-06",-4,"2026-05-09","Overall","quantile","0.8",379
"INFLAenza","2026-06-06",-4,"2026-05-09","Overall","quantile","0.85",391
"INFLAenza","2026-06-06",-4,"2026-05-09","Overall","quantile","0.9",406
"INFLAenza","2026-06-06",-4,"2026-05-09","Overall","quantile","0.95",425
"INFLAenza","2026-06-06",-4,"2026-05-09","Overall","quantile","0.975",446
"INFLAenza","2026-06-06",-4,"2026-05-09","Overall","quantile","0.99",469
"INFLAenza","2026-06-06",-4,"2026-05-09","Pediatrics","quantile","0.01",139
"INFLAenza","2026-06-06",-4,"2026-05-09","Pediatrics","quantile","0.025",148
"INFLAenza","2026-06-06",-4,"2026-05-09","Pediatrics","quantile","0.05",157
"INFLAenza","2026-06-06",-4,"2026-05-09","Pediatrics","quantile","0.1",166
"INFLAenza","2026-06-06",-4,"2026-05-09","Pediatrics","quantile","0.15",174
"INFLAenza","2026-06-06",-4,"2026-05-09","Pediatrics","quantile","0.2",181
"INFLAenza","2026-06-06",-4,"2026-05-09","Pediatrics","quantile","0.25",186
"INFLAenza","2026-06-06",-4,"2026-05-09","Pediatrics","quantile","0.3",191
"INFLAenza","2026-06-06",-4,"2026-05-09","Pediatrics","quantile","0.35",196
"INFLAenza","2026-06-06",-4,"2026-05-09","Pediatrics","quantile","0.4",200
"INFLAenza","2026-06-06",-4,"2026-05-09","Pediatrics","quantile","0.45",204
"INFLAenza","2026-06-06",-4,"2026-05-09","Pediatrics","quantile","0.5",208
"INFLAenza","2026-06-06",-4,"2026-05-09","Pediatrics","quantile","0.55",213
"INFLAenza","2026-06-06",-4,"2026-05-09","Pediatrics","quantile","0.6",218
"INFLAenza","2026-06-06",-4,"2026-05-09","Pediatrics","quantile","0.65",223
"INFLAenza","2026-06-06",-4,"2026-05-09","Pediatrics","quantile","0.7",229
"INFLAenza","2026-06-06",-4,"2026-05-09","Pediatrics","quantile","0.75",235
"INFLAenza","2026-06-06",-4,"2026-05-09","Pediatrics","quantile","0.8",241
"INFLAenza","2026-06-06",-4,"2026-05-09","Pediatrics","quantile","0.85",251
"INFLAenza","2026-06-06",-4,"2026-05-09","Pediatrics","quantile","0.9",261
"INFLAenza","2026-06-06",-4,"2026-05-09","Pediatrics","quantile","0.95",277
"INFLAenza","2026-06-06",-4,"2026-05-09","Pediatrics","quantile","0.975",291
"INFLAenza","2026-06-06",-4,"2026-05-09","Pediatrics","quantile","0.99",310
"INFLAenza","2026-06-06",-3,"2026-05-16","Adults","quantile","0.01",83
"INFLAenza","2026-06-06",-3,"2026-05-16","Adults","quantile","0.025",92
"INFLAenza","2026-06-06",-3,"2026-05-16","Adults","quantile","0.05",99
"INFLAenza","2026-06-06",-3,"2026-05-16","Adults","quantile","0.1",108
"INFLAenza","2026-06-06",-3,"2026-05-16","Adults","quantile","0.15",115
"INFLAenza","2026-06-06",-3,"2026-05-16","Adults","quantile","0.2",121
"INFLAenza","2026-06-06",-3,"2026-05-16","Adults","quantile","0.25",127
"INFLAenza","2026-06-06",-3,"2026-05-16","Adults","quantile","0.3",131
"INFLAenza","2026-06-06",-3,"2026-05-16","Adults","quantile","0.35",136
"INFLAenza","2026-06-06",-3,"2026-05-16","Adults","quantile","0.4",140
"INFLAenza","2026-06-06",-3,"2026-05-16","Adults","quantile","0.45",144
"INFLAenza","2026-06-06",-3,"2026-05-16","Adults","quantile","0.5",149
"INFLAenza","2026-06-06",-3,"2026-05-16","Adults","quantile","0.55",153
"INFLAenza","2026-06-06",-3,"2026-05-16","Adults","quantile","0.6",158
"INFLAenza","2026-06-06",-3,"2026-05-16","Adults","quantile","0.65",163
"INFLAenza","2026-06-06",-3,"2026-05-16","Adults","quantile","0.7",168
"INFLAenza","2026-06-06",-3,"2026-05-16","Adults","quantile","0.75",174
"INFLAenza","2026-06-06",-3,"2026-05-16","Adults","quantile","0.8",181
"INFLAenza","2026-06-06",-3,"2026-05-16","Adults","quantile","0.85",189
"INFLAenza","2026-06-06",-3,"2026-05-16","Adults","quantile","0.9",201
"INFLAenza","2026-06-06",-3,"2026-05-16","Adults","quantile","0.95",219
"INFLAenza","2026-06-06",-3,"2026-05-16","Adults","quantile","0.975",235
"INFLAenza","2026-06-06",-3,"2026-05-16","Adults","quantile","0.99",260
"INFLAenza","2026-06-06",-3,"2026-05-16","Overall","quantile","0.01",255
"INFLAenza","2026-06-06",-3,"2026-05-16","Overall","quantile","0.025",270
"INFLAenza","2026-06-06",-3,"2026-05-16","Overall","quantile","0.05",287
"INFLAenza","2026-06-06",-3,"2026-05-16","Overall","quantile","0.1",309
"INFLAenza","2026-06-06",-3,"2026-05-16","Overall","quantile","0.15",323
"INFLAenza","2026-06-06",-3,"2026-05-16","Overall","quantile","0.2",335
"INFLAenza","2026-06-06",-3,"2026-05-16","Overall","quantile","0.25",346
"INFLAenza","2026-06-06",-3,"2026-05-16","Overall","quantile","0.3",355
"INFLAenza","2026-06-06",-3,"2026-05-16","Overall","quantile","0.35",365
"INFLAenza","2026-06-06",-3,"2026-05-16","Overall","quantile","0.4",375
"INFLAenza","2026-06-06",-3,"2026-05-16","Overall","quantile","0.45",383
"INFLAenza","2026-06-06",-3,"2026-05-16","Overall","quantile","0.5",393
"INFLAenza","2026-06-06",-3,"2026-05-16","Overall","quantile","0.55",401
"INFLAenza","2026-06-06",-3,"2026-05-16","Overall","quantile","0.6",411
"INFLAenza","2026-06-06",-3,"2026-05-16","Overall","quantile","0.65",420
"INFLAenza","2026-06-06",-3,"2026-05-16","Overall","quantile","0.7",433
"INFLAenza","2026-06-06",-3,"2026-05-16","Overall","quantile","0.75",446
"INFLAenza","2026-06-06",-3,"2026-05-16","Overall","quantile","0.8",462
"INFLAenza","2026-06-06",-3,"2026-05-16","Overall","quantile","0.85",482
"INFLAenza","2026-06-06",-3,"2026-05-16","Overall","quantile","0.9",502
"INFLAenza","2026-06-06",-3,"2026-05-16","Overall","quantile","0.95",534
"INFLAenza","2026-06-06",-3,"2026-05-16","Overall","quantile","0.975",563
"INFLAenza","2026-06-06",-3,"2026-05-16","Overall","quantile","0.99",601
"INFLAenza","2026-06-06",-3,"2026-05-16","Pediatrics","quantile","0.01",141
"INFLAenza","2026-06-06",-3,"2026-05-16","Pediatrics","quantile","0.025",154
"INFLAenza","2026-06-06",-3,"2026-05-16","Pediatrics","quantile","0.05",166
"INFLAenza","2026-06-06",-3,"2026-05-16","Pediatrics","quantile","0.1",180
"INFLAenza","2026-06-06",-3,"2026-05-16","Pediatrics","quantile","0.15",191
"INFLAenza","2026-06-06",-3,"2026-05-16","Pediatrics","quantile","0.2",199
"INFLAenza","2026-06-06",-3,"2026-05-16","Pediatrics","quantile","0.25",208
"INFLAenza","2026-06-06",-3,"2026-05-16","Pediatrics","quantile","0.3",214
"INFLAenza","2026-06-06",-3,"2026-05-16","Pediatrics","quantile","0.35",222
"INFLAenza","2026-06-06",-3,"2026-05-16","Pediatrics","quantile","0.4",227
"INFLAenza","2026-06-06",-3,"2026-05-16","Pediatrics","quantile","0.45",234
"INFLAenza","2026-06-06",-3,"2026-05-16","Pediatrics","quantile","0.5",242
"INFLAenza","2026-06-06",-3,"2026-05-16","Pediatrics","quantile","0.55",248
"INFLAenza","2026-06-06",-3,"2026-05-16","Pediatrics","quantile","0.6",255
"INFLAenza","2026-06-06",-3,"2026-05-16","Pediatrics","quantile","0.65",263
"INFLAenza","2026-06-06",-3,"2026-05-16","Pediatrics","quantile","0.7",271
"INFLAenza","2026-06-06",-3,"2026-05-16","Pediatrics","quantile","0.75",281
"INFLAenza","2026-06-06",-3,"2026-05-16","Pediatrics","quantile","0.8",292
"INFLAenza","2026-06-06",-3,"2026-05-16","Pediatrics","quantile","0.85",307
"INFLAenza","2026-06-06",-3,"2026-05-16","Pediatrics","quantile","0.9",323
"INFLAenza","2026-06-06",-3,"2026-05-16","Pediatrics","quantile","0.95",349
"INFLAenza","2026-06-06",-3,"2026-05-16","Pediatrics","quantile","0.975",370
"INFLAenza","2026-06-06",-3,"2026-05-16","Pediatrics","quantile","0.99",405
"INFLAenza","2026-06-06",-2,"2026-05-23","Adults","quantile","0.01",92
"INFLAenza","2026-06-06",-2,"2026-05-23","Adults","quantile","0.025",103
"INFLAenza","2026-06-06",-2,"2026-05-23","Adults","quantile","0.05",113
"INFLAenza","2026-06-06",-2,"2026-05-23","Adults","quantile","0.1",126
"INFLAenza","2026-06-06",-2,"2026-05-23","Adults","quantile","0.15",134
"INFLAenza","2026-06-06",-2,"2026-05-23","Adults","quantile","0.2",142
"INFLAenza","2026-06-06",-2,"2026-05-23","Adults","quantile","0.25",148
"INFLAenza","2026-06-06",-2,"2026-05-23","Adults","quantile","0.3",154
"INFLAenza","2026-06-06",-2,"2026-05-23","Adults","quantile","0.35",161
"INFLAenza","2026-06-06",-2,"2026-05-23","Adults","quantile","0.4",167
"INFLAenza","2026-06-06",-2,"2026-05-23","Adults","quantile","0.45",173
"INFLAenza","2026-06-06",-2,"2026-05-23","Adults","quantile","0.5",179
"INFLAenza","2026-06-06",-2,"2026-05-23","Adults","quantile","0.55",185
"INFLAenza","2026-06-06",-2,"2026-05-23","Adults","quantile","0.6",191
"INFLAenza","2026-06-06",-2,"2026-05-23","Adults","quantile","0.65",198
"INFLAenza","2026-06-06",-2,"2026-05-23","Adults","quantile","0.7",206
"INFLAenza","2026-06-06",-2,"2026-05-23","Adults","quantile","0.75",214
"INFLAenza","2026-06-06",-2,"2026-05-23","Adults","quantile","0.8",224
"INFLAenza","2026-06-06",-2,"2026-05-23","Adults","quantile","0.85",236
"INFLAenza","2026-06-06",-2,"2026-05-23","Adults","quantile","0.9",251
"INFLAenza","2026-06-06",-2,"2026-05-23","Adults","quantile","0.95",274
"INFLAenza","2026-06-06",-2,"2026-05-23","Adults","quantile","0.975",303
"INFLAenza","2026-06-06",-2,"2026-05-23","Adults","quantile","0.99",331
"INFLAenza","2026-06-06",-2,"2026-05-23","Overall","quantile","0.01",281
"INFLAenza","2026-06-06",-2,"2026-05-23","Overall","quantile","0.025",305
"INFLAenza","2026-06-06",-2,"2026-05-23","Overall","quantile","0.05",327
"INFLAenza","2026-06-06",-2,"2026-05-23","Overall","quantile","0.1",353
"INFLAenza","2026-06-06",-2,"2026-05-23","Overall","quantile","0.15",373
"INFLAenza","2026-06-06",-2,"2026-05-23","Overall","quantile","0.2",392
"INFLAenza","2026-06-06",-2,"2026-05-23","Overall","quantile","0.25",405
"INFLAenza","2026-06-06",-2,"2026-05-23","Overall","quantile","0.3",419
"INFLAenza","2026-06-06",-2,"2026-05-23","Overall","quantile","0.35",434
"INFLAenza","2026-06-06",-2,"2026-05-23","Overall","quantile","0.4",445
"INFLAenza","2026-06-06",-2,"2026-05-23","Overall","quantile","0.45",459
"INFLAenza","2026-06-06",-2,"2026-05-23","Overall","quantile","0.5",473
"INFLAenza","2026-06-06",-2,"2026-05-23","Overall","quantile","0.55",486
"INFLAenza","2026-06-06",-2,"2026-05-23","Overall","quantile","0.6",498
"INFLAenza","2026-06-06",-2,"2026-05-23","Overall","quantile","0.65",513
"INFLAenza","2026-06-06",-2,"2026-05-23","Overall","quantile","0.7",529
"INFLAenza","2026-06-06",-2,"2026-05-23","Overall","quantile","0.75",546
"INFLAenza","2026-06-06",-2,"2026-05-23","Overall","quantile","0.8",565
"INFLAenza","2026-06-06",-2,"2026-05-23","Overall","quantile","0.85",590
"INFLAenza","2026-06-06",-2,"2026-05-23","Overall","quantile","0.9",624
"INFLAenza","2026-06-06",-2,"2026-05-23","Overall","quantile","0.95",674
"INFLAenza","2026-06-06",-2,"2026-05-23","Overall","quantile","0.975",721
"INFLAenza","2026-06-06",-2,"2026-05-23","Overall","quantile","0.99",780
"INFLAenza","2026-06-06",-2,"2026-05-23","Pediatrics","quantile","0.01",152
"INFLAenza","2026-06-06",-2,"2026-05-23","Pediatrics","quantile","0.025",169
"INFLAenza","2026-06-06",-2,"2026-05-23","Pediatrics","quantile","0.05",185
"INFLAenza","2026-06-06",-2,"2026-05-23","Pediatrics","quantile","0.1",203
"INFLAenza","2026-06-06",-2,"2026-05-23","Pediatrics","quantile","0.15",217
"INFLAenza","2026-06-06",-2,"2026-05-23","Pediatrics","quantile","0.2",229
"INFLAenza","2026-06-06",-2,"2026-05-23","Pediatrics","quantile","0.25",240
"INFLAenza","2026-06-06",-2,"2026-05-23","Pediatrics","quantile","0.3",250
"INFLAenza","2026-06-06",-2,"2026-05-23","Pediatrics","quantile","0.35",258
"INFLAenza","2026-06-06",-2,"2026-05-23","Pediatrics","quantile","0.4",267
"INFLAenza","2026-06-06",-2,"2026-05-23","Pediatrics","quantile","0.45",276
"INFLAenza","2026-06-06",-2,"2026-05-23","Pediatrics","quantile","0.5",287
"INFLAenza","2026-06-06",-2,"2026-05-23","Pediatrics","quantile","0.55",297
"INFLAenza","2026-06-06",-2,"2026-05-23","Pediatrics","quantile","0.6",307
"INFLAenza","2026-06-06",-2,"2026-05-23","Pediatrics","quantile","0.65",319
"INFLAenza","2026-06-06",-2,"2026-05-23","Pediatrics","quantile","0.7",331
"INFLAenza","2026-06-06",-2,"2026-05-23","Pediatrics","quantile","0.75",344
"INFLAenza","2026-06-06",-2,"2026-05-23","Pediatrics","quantile","0.8",359
"INFLAenza","2026-06-06",-2,"2026-05-23","Pediatrics","quantile","0.85",379
"INFLAenza","2026-06-06",-2,"2026-05-23","Pediatrics","quantile","0.9",404
"INFLAenza","2026-06-06",-2,"2026-05-23","Pediatrics","quantile","0.95",444
"INFLAenza","2026-06-06",-2,"2026-05-23","Pediatrics","quantile","0.975",482
"INFLAenza","2026-06-06",-2,"2026-05-23","Pediatrics","quantile","0.99",533
"INFLAenza","2026-06-06",-1,"2026-05-30","Adults","quantile","0.01",102
"INFLAenza","2026-06-06",-1,"2026-05-30","Adults","quantile","0.025",117
"INFLAenza","2026-06-06",-1,"2026-05-30","Adults","quantile","0.05",130
"INFLAenza","2026-06-06",-1,"2026-05-30","Adults","quantile","0.1",143
"INFLAenza","2026-06-06",-1,"2026-05-30","Adults","quantile","0.15",154
"INFLAenza","2026-06-06",-1,"2026-05-30","Adults","quantile","0.2",164
"INFLAenza","2026-06-06",-1,"2026-05-30","Adults","quantile","0.25",173
"INFLAenza","2026-06-06",-1,"2026-05-30","Adults","quantile","0.3",181
"INFLAenza","2026-06-06",-1,"2026-05-30","Adults","quantile","0.35",189
"INFLAenza","2026-06-06",-1,"2026-05-30","Adults","quantile","0.4",196
"INFLAenza","2026-06-06",-1,"2026-05-30","Adults","quantile","0.45",204
"INFLAenza","2026-06-06",-1,"2026-05-30","Adults","quantile","0.5",212
"INFLAenza","2026-06-06",-1,"2026-05-30","Adults","quantile","0.55",221
"INFLAenza","2026-06-06",-1,"2026-05-30","Adults","quantile","0.6",230
"INFLAenza","2026-06-06",-1,"2026-05-30","Adults","quantile","0.65",238
"INFLAenza","2026-06-06",-1,"2026-05-30","Adults","quantile","0.7",248
"INFLAenza","2026-06-06",-1,"2026-05-30","Adults","quantile","0.75",260
"INFLAenza","2026-06-06",-1,"2026-05-30","Adults","quantile","0.8",275
"INFLAenza","2026-06-06",-1,"2026-05-30","Adults","quantile","0.85",291
"INFLAenza","2026-06-06",-1,"2026-05-30","Adults","quantile","0.9",313
"INFLAenza","2026-06-06",-1,"2026-05-30","Adults","quantile","0.95",346
"INFLAenza","2026-06-06",-1,"2026-05-30","Adults","quantile","0.975",379
"INFLAenza","2026-06-06",-1,"2026-05-30","Adults","quantile","0.99",430
"INFLAenza","2026-06-06",-1,"2026-05-30","Overall","quantile","0.01",316
"INFLAenza","2026-06-06",-1,"2026-05-30","Overall","quantile","0.025",346
"INFLAenza","2026-06-06",-1,"2026-05-30","Overall","quantile","0.05",373
"INFLAenza","2026-06-06",-1,"2026-05-30","Overall","quantile","0.1",406
"INFLAenza","2026-06-06",-1,"2026-05-30","Overall","quantile","0.15",430
"INFLAenza","2026-06-06",-1,"2026-05-30","Overall","quantile","0.2",451
"INFLAenza","2026-06-06",-1,"2026-05-30","Overall","quantile","0.25",472
"INFLAenza","2026-06-06",-1,"2026-05-30","Overall","quantile","0.3",490
"INFLAenza","2026-06-06",-1,"2026-05-30","Overall","quantile","0.35",507
"INFLAenza","2026-06-06",-1,"2026-05-30","Overall","quantile","0.4",523
"INFLAenza","2026-06-06",-1,"2026-05-30","Overall","quantile","0.45",540
"INFLAenza","2026-06-06",-1,"2026-05-30","Overall","quantile","0.5",559
"INFLAenza","2026-06-06",-1,"2026-05-30","Overall","quantile","0.55",578
"INFLAenza","2026-06-06",-1,"2026-05-30","Overall","quantile","0.6",594
"INFLAenza","2026-06-06",-1,"2026-05-30","Overall","quantile","0.65",615
"INFLAenza","2026-06-06",-1,"2026-05-30","Overall","quantile","0.7",635
"INFLAenza","2026-06-06",-1,"2026-05-30","Overall","quantile","0.75",660
"INFLAenza","2026-06-06",-1,"2026-05-30","Overall","quantile","0.8",686
"INFLAenza","2026-06-06",-1,"2026-05-30","Overall","quantile","0.85",721
"INFLAenza","2026-06-06",-1,"2026-05-30","Overall","quantile","0.9",763
"INFLAenza","2026-06-06",-1,"2026-05-30","Overall","quantile","0.95",838
"INFLAenza","2026-06-06",-1,"2026-05-30","Overall","quantile","0.975",913
"INFLAenza","2026-06-06",-1,"2026-05-30","Overall","quantile","0.99",991
"INFLAenza","2026-06-06",-1,"2026-05-30","Pediatrics","quantile","0.01",170
"INFLAenza","2026-06-06",-1,"2026-05-30","Pediatrics","quantile","0.025",190
"INFLAenza","2026-06-06",-1,"2026-05-30","Pediatrics","quantile","0.05",209
"INFLAenza","2026-06-06",-1,"2026-05-30","Pediatrics","quantile","0.1",231
"INFLAenza","2026-06-06",-1,"2026-05-30","Pediatrics","quantile","0.15",248
"INFLAenza","2026-06-06",-1,"2026-05-30","Pediatrics","quantile","0.2",261
"INFLAenza","2026-06-06",-1,"2026-05-30","Pediatrics","quantile","0.25",275
"INFLAenza","2026-06-06",-1,"2026-05-30","Pediatrics","quantile","0.3",288
"INFLAenza","2026-06-06",-1,"2026-05-30","Pediatrics","quantile","0.35",300
"INFLAenza","2026-06-06",-1,"2026-05-30","Pediatrics","quantile","0.4",312
"INFLAenza","2026-06-06",-1,"2026-05-30","Pediatrics","quantile","0.45",324
"INFLAenza","2026-06-06",-1,"2026-05-30","Pediatrics","quantile","0.5",337
"INFLAenza","2026-06-06",-1,"2026-05-30","Pediatrics","quantile","0.55",349
"INFLAenza","2026-06-06",-1,"2026-05-30","Pediatrics","quantile","0.6",364
"INFLAenza","2026-06-06",-1,"2026-05-30","Pediatrics","quantile","0.65",380
"INFLAenza","2026-06-06",-1,"2026-05-30","Pediatrics","quantile","0.7",396
"INFLAenza","2026-06-06",-1,"2026-05-30","Pediatrics","quantile","0.75",412
"INFLAenza","2026-06-06",-1,"2026-05-30","Pediatrics","quantile","0.8",435
"INFLAenza","2026-06-06",-1,"2026-05-30","Pediatrics","quantile","0.85",464
"INFLAenza","2026-06-06",-1,"2026-05-30","Pediatrics","quantile","0.9",499
"INFLAenza","2026-06-06",-1,"2026-05-30","Pediatrics","quantile","0.95",552
"INFLAenza","2026-06-06",-1,"2026-05-30","Pediatrics","quantile","0.975",605
"INFLAenza","2026-06-06",-1,"2026-05-30","Pediatrics","quantile","0.99",670
"INFLAenza","2026-06-06",0,"2026-06-06","Adults","quantile","0.01",115
"INFLAenza","2026-06-06",0,"2026-06-06","Adults","quantile","0.025",131
"INFLAenza","2026-06-06",0,"2026-06-06","Adults","quantile","0.05",145
"INFLAenza","2026-06-06",0,"2026-06-06","Adults","quantile","0.1",163
"INFLAenza","2026-06-06",0,"2026-06-06","Adults","quantile","0.15",177
"INFLAenza","2026-06-06",0,"2026-06-06","Adults","quantile","0.2",190
"INFLAenza","2026-06-06",0,"2026-06-06","Adults","quantile","0.25",200
"INFLAenza","2026-06-06",0,"2026-06-06","Adults","quantile","0.3",211
"INFLAenza","2026-06-06",0,"2026-06-06","Adults","quantile","0.35",221
"INFLAenza","2026-06-06",0,"2026-06-06","Adults","quantile","0.4",231
"INFLAenza","2026-06-06",0,"2026-06-06","Adults","quantile","0.45",241
"INFLAenza","2026-06-06",0,"2026-06-06","Adults","quantile","0.5",252
"INFLAenza","2026-06-06",0,"2026-06-06","Adults","quantile","0.55",261
"INFLAenza","2026-06-06",0,"2026-06-06","Adults","quantile","0.6",272
"INFLAenza","2026-06-06",0,"2026-06-06","Adults","quantile","0.65",285
"INFLAenza","2026-06-06",0,"2026-06-06","Adults","quantile","0.7",299
"INFLAenza","2026-06-06",0,"2026-06-06","Adults","quantile","0.75",313
"INFLAenza","2026-06-06",0,"2026-06-06","Adults","quantile","0.8",331
"INFLAenza","2026-06-06",0,"2026-06-06","Adults","quantile","0.85",354
"INFLAenza","2026-06-06",0,"2026-06-06","Adults","quantile","0.9",381
"INFLAenza","2026-06-06",0,"2026-06-06","Adults","quantile","0.95",429
"INFLAenza","2026-06-06",0,"2026-06-06","Adults","quantile","0.975",476
"INFLAenza","2026-06-06",0,"2026-06-06","Adults","quantile","0.99",540
"INFLAenza","2026-06-06",0,"2026-06-06","Overall","quantile","0.01",343
"INFLAenza","2026-06-06",0,"2026-06-06","Overall","quantile","0.025",380
"INFLAenza","2026-06-06",0,"2026-06-06","Overall","quantile","0.05",419
"INFLAenza","2026-06-06",0,"2026-06-06","Overall","quantile","0.1",462
"INFLAenza","2026-06-06",0,"2026-06-06","Overall","quantile","0.15",493
"INFLAenza","2026-06-06",0,"2026-06-06","Overall","quantile","0.2",521
"INFLAenza","2026-06-06",0,"2026-06-06","Overall","quantile","0.25",546
"INFLAenza","2026-06-06",0,"2026-06-06","Overall","quantile","0.3",565
"INFLAenza","2026-06-06",0,"2026-06-06","Overall","quantile","0.35",589
"INFLAenza","2026-06-06",0,"2026-06-06","Overall","quantile","0.4",610
"INFLAenza","2026-06-06",0,"2026-06-06","Overall","quantile","0.45",633
"INFLAenza","2026-06-06",0,"2026-06-06","Overall","quantile","0.5",654
"INFLAenza","2026-06-06",0,"2026-06-06","Overall","quantile","0.55",677
"INFLAenza","2026-06-06",0,"2026-06-06","Overall","quantile","0.6",702
"INFLAenza","2026-06-06",0,"2026-06-06","Overall","quantile","0.65",730
"INFLAenza","2026-06-06",0,"2026-06-06","Overall","quantile","0.7",757
"INFLAenza","2026-06-06",0,"2026-06-06","Overall","quantile","0.75",791
"INFLAenza","2026-06-06",0,"2026-06-06","Overall","quantile","0.8",828
"INFLAenza","2026-06-06",0,"2026-06-06","Overall","quantile","0.85",869
"INFLAenza","2026-06-06",0,"2026-06-06","Overall","quantile","0.9",929
"INFLAenza","2026-06-06",0,"2026-06-06","Overall","quantile","0.95",1028
"INFLAenza","2026-06-06",0,"2026-06-06","Overall","quantile","0.975",1126
"INFLAenza","2026-06-06",0,"2026-06-06","Overall","quantile","0.99",1223
"INFLAenza","2026-06-06",0,"2026-06-06","Pediatrics","quantile","0.01",180
"INFLAenza","2026-06-06",0,"2026-06-06","Pediatrics","quantile","0.025",204
"INFLAenza","2026-06-06",0,"2026-06-06","Pediatrics","quantile","0.05",228
"INFLAenza","2026-06-06",0,"2026-06-06","Pediatrics","quantile","0.1",258
"INFLAenza","2026-06-06",0,"2026-06-06","Pediatrics","quantile","0.15",280
"INFLAenza","2026-06-06",0,"2026-06-06","Pediatrics","quantile","0.2",298
"INFLAenza","2026-06-06",0,"2026-06-06","Pediatrics","quantile","0.25",316
"INFLAenza","2026-06-06",0,"2026-06-06","Pediatrics","quantile","0.3",329
"INFLAenza","2026-06-06",0,"2026-06-06","Pediatrics","quantile","0.35",345
"INFLAenza","2026-06-06",0,"2026-06-06","Pediatrics","quantile","0.4",360
"INFLAenza","2026-06-06",0,"2026-06-06","Pediatrics","quantile","0.45",377
"INFLAenza","2026-06-06",0,"2026-06-06","Pediatrics","quantile","0.5",392
"INFLAenza","2026-06-06",0,"2026-06-06","Pediatrics","quantile","0.55",410
"INFLAenza","2026-06-06",0,"2026-06-06","Pediatrics","quantile","0.6",428
"INFLAenza","2026-06-06",0,"2026-06-06","Pediatrics","quantile","0.65",447
"INFLAenza","2026-06-06",0,"2026-06-06","Pediatrics","quantile","0.7",470
"INFLAenza","2026-06-06",0,"2026-06-06","Pediatrics","quantile","0.75",493
"INFLAenza","2026-06-06",0,"2026-06-06","Pediatrics","quantile","0.8",522
"INFLAenza","2026-06-06",0,"2026-06-06","Pediatrics","quantile","0.85",555
"INFLAenza","2026-06-06",0,"2026-06-06","Pediatrics","quantile","0.9",600
"INFLAenza","2026-06-06",0,"2026-06-06","Pediatrics","quantile","0.95",681
"INFLAenza","2026-06-06",0,"2026-06-06","Pediatrics","quantile","0.975",751
"INFLAenza","2026-06-06",0,"2026-06-06","Pediatrics","quantile","0.99",837
"INFLAenza","2026-06-06",1,"2026-06-13","Adults","quantile","0.01",126
"INFLAenza","2026-06-06",1,"2026-06-13","Adults","quantile","0.025",141
"INFLAenza","2026-06-06",1,"2026-06-13","Adults","quantile","0.05",156
"INFLAenza","2026-06-06",1,"2026-06-13","Adults","quantile","0.1",179
"INFLAenza","2026-06-06",1,"2026-06-13","Adults","quantile","0.15",195
"INFLAenza","2026-06-06",1,"2026-06-13","Adults","quantile","0.2",210
"INFLAenza","2026-06-06",1,"2026-06-13","Adults","quantile","0.25",223
"INFLAenza","2026-06-06",1,"2026-06-13","Adults","quantile","0.3",236
"INFLAenza","2026-06-06",1,"2026-06-13","Adults","quantile","0.35",248
"INFLAenza","2026-06-06",1,"2026-06-13","Adults","quantile","0.4",260
"INFLAenza","2026-06-06",1,"2026-06-13","Adults","quantile","0.45",273
"INFLAenza","2026-06-06",1,"2026-06-13","Adults","quantile","0.5",285
"INFLAenza","2026-06-06",1,"2026-06-13","Adults","quantile","0.55",298
"INFLAenza","2026-06-06",1,"2026-06-13","Adults","quantile","0.6",312
"INFLAenza","2026-06-06",1,"2026-06-13","Adults","quantile","0.65",326
"INFLAenza","2026-06-06",1,"2026-06-13","Adults","quantile","0.7",343
"INFLAenza","2026-06-06",1,"2026-06-13","Adults","quantile","0.75",363
"INFLAenza","2026-06-06",1,"2026-06-13","Adults","quantile","0.8",385
"INFLAenza","2026-06-06",1,"2026-06-13","Adults","quantile","0.85",412
"INFLAenza","2026-06-06",1,"2026-06-13","Adults","quantile","0.9",449
"INFLAenza","2026-06-06",1,"2026-06-13","Adults","quantile","0.95",507
"INFLAenza","2026-06-06",1,"2026-06-13","Adults","quantile","0.975",574
"INFLAenza","2026-06-06",1,"2026-06-13","Adults","quantile","0.99",647
"INFLAenza","2026-06-06",1,"2026-06-13","Overall","quantile","0.01",373
"INFLAenza","2026-06-06",1,"2026-06-13","Overall","quantile","0.025",420
"INFLAenza","2026-06-06",1,"2026-06-13","Overall","quantile","0.05",455
"INFLAenza","2026-06-06",1,"2026-06-13","Overall","quantile","0.1",504
"INFLAenza","2026-06-06",1,"2026-06-13","Overall","quantile","0.15",548
"INFLAenza","2026-06-06",1,"2026-06-13","Overall","quantile","0.2",581
"INFLAenza","2026-06-06",1,"2026-06-13","Overall","quantile","0.25",608
"INFLAenza","2026-06-06",1,"2026-06-13","Overall","quantile","0.3",635
"INFLAenza","2026-06-06",1,"2026-06-13","Overall","quantile","0.35",659
"INFLAenza","2026-06-06",1,"2026-06-13","Overall","quantile","0.4",682
"INFLAenza","2026-06-06",1,"2026-06-13","Overall","quantile","0.45",709
"INFLAenza","2026-06-06",1,"2026-06-13","Overall","quantile","0.5",735
"INFLAenza","2026-06-06",1,"2026-06-13","Overall","quantile","0.55",765
"INFLAenza","2026-06-06",1,"2026-06-13","Overall","quantile","0.6",795
"INFLAenza","2026-06-06",1,"2026-06-13","Overall","quantile","0.65",829
"INFLAenza","2026-06-06",1,"2026-06-13","Overall","quantile","0.7",868
"INFLAenza","2026-06-06",1,"2026-06-13","Overall","quantile","0.75",907
"INFLAenza","2026-06-06",1,"2026-06-13","Overall","quantile","0.8",952
"INFLAenza","2026-06-06",1,"2026-06-13","Overall","quantile","0.85",1004
"INFLAenza","2026-06-06",1,"2026-06-13","Overall","quantile","0.9",1073
"INFLAenza","2026-06-06",1,"2026-06-13","Overall","quantile","0.95",1184
"INFLAenza","2026-06-06",1,"2026-06-13","Overall","quantile","0.975",1308
"INFLAenza","2026-06-06",1,"2026-06-13","Overall","quantile","0.99",1474
"INFLAenza","2026-06-06",1,"2026-06-13","Pediatrics","quantile","0.01",193
"INFLAenza","2026-06-06",1,"2026-06-13","Pediatrics","quantile","0.025",221
"INFLAenza","2026-06-06",1,"2026-06-13","Pediatrics","quantile","0.05",245
"INFLAenza","2026-06-06",1,"2026-06-13","Pediatrics","quantile","0.1",280
"INFLAenza","2026-06-06",1,"2026-06-13","Pediatrics","quantile","0.15",306
"INFLAenza","2026-06-06",1,"2026-06-13","Pediatrics","quantile","0.2",326
"INFLAenza","2026-06-06",1,"2026-06-13","Pediatrics","quantile","0.25",347
"INFLAenza","2026-06-06",1,"2026-06-13","Pediatrics","quantile","0.3",366
"INFLAenza","2026-06-06",1,"2026-06-13","Pediatrics","quantile","0.35",384
"INFLAenza","2026-06-06",1,"2026-06-13","Pediatrics","quantile","0.4",403
"INFLAenza","2026-06-06",1,"2026-06-13","Pediatrics","quantile","0.45",423
"INFLAenza","2026-06-06",1,"2026-06-13","Pediatrics","quantile","0.5",441
"INFLAenza","2026-06-06",1,"2026-06-13","Pediatrics","quantile","0.55",460
"INFLAenza","2026-06-06",1,"2026-06-13","Pediatrics","quantile","0.6",481
"INFLAenza","2026-06-06",1,"2026-06-13","Pediatrics","quantile","0.65",505
"INFLAenza","2026-06-06",1,"2026-06-13","Pediatrics","quantile","0.7",533
"INFLAenza","2026-06-06",1,"2026-06-13","Pediatrics","quantile","0.75",562
"INFLAenza","2026-06-06",1,"2026-06-13","Pediatrics","quantile","0.8",594
"INFLAenza","2026-06-06",1,"2026-06-13","Pediatrics","quantile","0.85",634
"INFLAenza","2026-06-06",1,"2026-06-13","Pediatrics","quantile","0.9",694
"INFLAenza","2026-06-06",1,"2026-06-13","Pediatrics","quantile","0.95",786
"INFLAenza","2026-06-06",1,"2026-06-13","Pediatrics","quantile","0.975",880
"INFLAenza","2026-06-06",1,"2026-06-13","Pediatrics","quantile","0.99",995
"INFLAenza","2026-06-06",2,"2026-06-20","Adults","quantile","0.01",119
"INFLAenza","2026-06-06",2,"2026-06-20","Adults","quantile","0.025",138
"INFLAenza","2026-06-06",2,"2026-06-20","Adults","quantile","0.05",154
"INFLAenza","2026-06-06",2,"2026-06-20","Adults","quantile","0.1",176
"INFLAenza","2026-06-06",2,"2026-06-20","Adults","quantile","0.15",194
"INFLAenza","2026-06-06",2,"2026-06-20","Adults","quantile","0.2",209
"INFLAenza","2026-06-06",2,"2026-06-20","Adults","quantile","0.25",222
"INFLAenza","2026-06-06",2,"2026-06-20","Adults","quantile","0.3",236
"INFLAenza","2026-06-06",2,"2026-06-20","Adults","quantile","0.35",249
"INFLAenza","2026-06-06",2,"2026-06-20","Adults","quantile","0.4",262
"INFLAenza","2026-06-06",2,"2026-06-20","Adults","quantile","0.45",275
"INFLAenza","2026-06-06",2,"2026-06-20","Adults","quantile","0.5",289
"INFLAenza","2026-06-06",2,"2026-06-20","Adults","quantile","0.55",303
"INFLAenza","2026-06-06",2,"2026-06-20","Adults","quantile","0.6",320
"INFLAenza","2026-06-06",2,"2026-06-20","Adults","quantile","0.65",335
"INFLAenza","2026-06-06",2,"2026-06-20","Adults","quantile","0.7",353
"INFLAenza","2026-06-06",2,"2026-06-20","Adults","quantile","0.75",373
"INFLAenza","2026-06-06",2,"2026-06-20","Adults","quantile","0.8",396
"INFLAenza","2026-06-06",2,"2026-06-20","Adults","quantile","0.85",427
"INFLAenza","2026-06-06",2,"2026-06-20","Adults","quantile","0.9",466
"INFLAenza","2026-06-06",2,"2026-06-20","Adults","quantile","0.95",533
"INFLAenza","2026-06-06",2,"2026-06-20","Adults","quantile","0.975",607
"INFLAenza","2026-06-06",2,"2026-06-20","Adults","quantile","0.99",702
"INFLAenza","2026-06-06",2,"2026-06-20","Overall","quantile","0.01",352
"INFLAenza","2026-06-06",2,"2026-06-20","Overall","quantile","0.025",404
"INFLAenza","2026-06-06",2,"2026-06-20","Overall","quantile","0.05",442
"INFLAenza","2026-06-06",2,"2026-06-20","Overall","quantile","0.1",496
"INFLAenza","2026-06-06",2,"2026-06-20","Overall","quantile","0.15",538
"INFLAenza","2026-06-06",2,"2026-06-20","Overall","quantile","0.2",574
"INFLAenza","2026-06-06",2,"2026-06-20","Overall","quantile","0.25",606
"INFLAenza","2026-06-06",2,"2026-06-20","Overall","quantile","0.3",639
"INFLAenza","2026-06-06",2,"2026-06-20","Overall","quantile","0.35",664
"INFLAenza","2026-06-06",2,"2026-06-20","Overall","quantile","0.4",688
"INFLAenza","2026-06-06",2,"2026-06-20","Overall","quantile","0.45",715
"INFLAenza","2026-06-06",2,"2026-06-20","Overall","quantile","0.5",744
"INFLAenza","2026-06-06",2,"2026-06-20","Overall","quantile","0.55",775
"INFLAenza","2026-06-06",2,"2026-06-20","Overall","quantile","0.6",806
"INFLAenza","2026-06-06",2,"2026-06-20","Overall","quantile","0.65",841
"INFLAenza","2026-06-06",2,"2026-06-20","Overall","quantile","0.7",879
"INFLAenza","2026-06-06",2,"2026-06-20","Overall","quantile","0.75",922
"INFLAenza","2026-06-06",2,"2026-06-20","Overall","quantile","0.8",965
"INFLAenza","2026-06-06",2,"2026-06-20","Overall","quantile","0.85",1030
"INFLAenza","2026-06-06",2,"2026-06-20","Overall","quantile","0.9",1105
"INFLAenza","2026-06-06",2,"2026-06-20","Overall","quantile","0.95",1238
"INFLAenza","2026-06-06",2,"2026-06-20","Overall","quantile","0.975",1382
"INFLAenza","2026-06-06",2,"2026-06-20","Overall","quantile","0.99",1545
"INFLAenza","2026-06-06",2,"2026-06-20","Pediatrics","quantile","0.01",178
"INFLAenza","2026-06-06",2,"2026-06-20","Pediatrics","quantile","0.025",207
"INFLAenza","2026-06-06",2,"2026-06-20","Pediatrics","quantile","0.05",236
"INFLAenza","2026-06-06",2,"2026-06-20","Pediatrics","quantile","0.1",272
"INFLAenza","2026-06-06",2,"2026-06-20","Pediatrics","quantile","0.15",297
"INFLAenza","2026-06-06",2,"2026-06-20","Pediatrics","quantile","0.2",322
"INFLAenza","2026-06-06",2,"2026-06-20","Pediatrics","quantile","0.25",343
"INFLAenza","2026-06-06",2,"2026-06-20","Pediatrics","quantile","0.3",365
"INFLAenza","2026-06-06",2,"2026-06-20","Pediatrics","quantile","0.35",384
"INFLAenza","2026-06-06",2,"2026-06-20","Pediatrics","quantile","0.4",403
"INFLAenza","2026-06-06",2,"2026-06-20","Pediatrics","quantile","0.45",423
"INFLAenza","2026-06-06",2,"2026-06-20","Pediatrics","quantile","0.5",442
"INFLAenza","2026-06-06",2,"2026-06-20","Pediatrics","quantile","0.55",462
"INFLAenza","2026-06-06",2,"2026-06-20","Pediatrics","quantile","0.6",483
"INFLAenza","2026-06-06",2,"2026-06-20","Pediatrics","quantile","0.65",509
"INFLAenza","2026-06-06",2,"2026-06-20","Pediatrics","quantile","0.7",536
"INFLAenza","2026-06-06",2,"2026-06-20","Pediatrics","quantile","0.75",565
"INFLAenza","2026-06-06",2,"2026-06-20","Pediatrics","quantile","0.8",603
"INFLAenza","2026-06-06",2,"2026-06-20","Pediatrics","quantile","0.85",649
"INFLAenza","2026-06-06",2,"2026-06-20","Pediatrics","quantile","0.9",711
"INFLAenza","2026-06-06",2,"2026-06-20","Pediatrics","quantile","0.95",815
"INFLAenza","2026-06-06",2,"2026-06-20","Pediatrics","quantile","0.975",914
"INFLAenza","2026-06-06",2,"2026-06-20","Pediatrics","quantile","0.99",1049
"INFLAenza","2026-06-06",3,"2026-06-27","Adults","quantile","0.01",114
"INFLAenza","2026-06-06",3,"2026-06-27","Adults","quantile","0.025",132
"INFLAenza","2026-06-06",3,"2026-06-27","Adults","quantile","0.05",148
"INFLAenza","2026-06-06",3,"2026-06-27","Adults","quantile","0.1",170
"INFLAenza","2026-06-06",3,"2026-06-27","Adults","quantile","0.15",186
"INFLAenza","2026-06-06",3,"2026-06-27","Adults","quantile","0.2",201
"INFLAenza","2026-06-06",3,"2026-06-27","Adults","quantile","0.25",215
"INFLAenza","2026-06-06",3,"2026-06-27","Adults","quantile","0.3",228
"INFLAenza","2026-06-06",3,"2026-06-27","Adults","quantile","0.35",241
"INFLAenza","2026-06-06",3,"2026-06-27","Adults","quantile","0.4",255
"INFLAenza","2026-06-06",3,"2026-06-27","Adults","quantile","0.45",269
"INFLAenza","2026-06-06",3,"2026-06-27","Adults","quantile","0.5",285
"INFLAenza","2026-06-06",3,"2026-06-27","Adults","quantile","0.55",299
"INFLAenza","2026-06-06",3,"2026-06-27","Adults","quantile","0.6",312
"INFLAenza","2026-06-06",3,"2026-06-27","Adults","quantile","0.65",329
"INFLAenza","2026-06-06",3,"2026-06-27","Adults","quantile","0.7",348
"INFLAenza","2026-06-06",3,"2026-06-27","Adults","quantile","0.75",369
"INFLAenza","2026-06-06",3,"2026-06-27","Adults","quantile","0.8",396
"INFLAenza","2026-06-06",3,"2026-06-27","Adults","quantile","0.85",428
"INFLAenza","2026-06-06",3,"2026-06-27","Adults","quantile","0.9",469
"INFLAenza","2026-06-06",3,"2026-06-27","Adults","quantile","0.95",547
"INFLAenza","2026-06-06",3,"2026-06-27","Adults","quantile","0.975",631
"INFLAenza","2026-06-06",3,"2026-06-27","Adults","quantile","0.99",720
"INFLAenza","2026-06-06",3,"2026-06-27","Overall","quantile","0.01",343
"INFLAenza","2026-06-06",3,"2026-06-27","Overall","quantile","0.025",378
"INFLAenza","2026-06-06",3,"2026-06-27","Overall","quantile","0.05",425
"INFLAenza","2026-06-06",3,"2026-06-27","Overall","quantile","0.1",479
"INFLAenza","2026-06-06",3,"2026-06-27","Overall","quantile","0.15",518
"INFLAenza","2026-06-06",3,"2026-06-27","Overall","quantile","0.2",553
"INFLAenza","2026-06-06",3,"2026-06-27","Overall","quantile","0.25",581
"INFLAenza","2026-06-06",3,"2026-06-27","Overall","quantile","0.3",610
"INFLAenza","2026-06-06",3,"2026-06-27","Overall","quantile","0.35",640
"INFLAenza","2026-06-06",3,"2026-06-27","Overall","quantile","0.4",669
"INFLAenza","2026-06-06",3,"2026-06-27","Overall","quantile","0.45",697
"INFLAenza","2026-06-06",3,"2026-06-27","Overall","quantile","0.5",725
"INFLAenza","2026-06-06",3,"2026-06-27","Overall","quantile","0.55",758
"INFLAenza","2026-06-06",3,"2026-06-27","Overall","quantile","0.6",791
"INFLAenza","2026-06-06",3,"2026-06-27","Overall","quantile","0.65",824
"INFLAenza","2026-06-06",3,"2026-06-27","Overall","quantile","0.7",862
"INFLAenza","2026-06-06",3,"2026-06-27","Overall","quantile","0.75",904
"INFLAenza","2026-06-06",3,"2026-06-27","Overall","quantile","0.8",956
"INFLAenza","2026-06-06",3,"2026-06-27","Overall","quantile","0.85",1026
"INFLAenza","2026-06-06",3,"2026-06-27","Overall","quantile","0.9",1112
"INFLAenza","2026-06-06",3,"2026-06-27","Overall","quantile","0.95",1255
"INFLAenza","2026-06-06",3,"2026-06-27","Overall","quantile","0.975",1386
"INFLAenza","2026-06-06",3,"2026-06-27","Overall","quantile","0.99",1554
"INFLAenza","2026-06-06",3,"2026-06-27","Pediatrics","quantile","0.01",167
"INFLAenza","2026-06-06",3,"2026-06-27","Pediatrics","quantile","0.025",194
"INFLAenza","2026-06-06",3,"2026-06-27","Pediatrics","quantile","0.05",226
"INFLAenza","2026-06-06",3,"2026-06-27","Pediatrics","quantile","0.1",259
"INFLAenza","2026-06-06",3,"2026-06-27","Pediatrics","quantile","0.15",283
"INFLAenza","2026-06-06",3,"2026-06-27","Pediatrics","quantile","0.2",306
"INFLAenza","2026-06-06",3,"2026-06-27","Pediatrics","quantile","0.25",327
"INFLAenza","2026-06-06",3,"2026-06-27","Pediatrics","quantile","0.3",348
"INFLAenza","2026-06-06",3,"2026-06-27","Pediatrics","quantile","0.35",368
"INFLAenza","2026-06-06",3,"2026-06-27","Pediatrics","quantile","0.4",387
"INFLAenza","2026-06-06",3,"2026-06-27","Pediatrics","quantile","0.45",405
"INFLAenza","2026-06-06",3,"2026-06-27","Pediatrics","quantile","0.5",426
"INFLAenza","2026-06-06",3,"2026-06-27","Pediatrics","quantile","0.55",446
"INFLAenza","2026-06-06",3,"2026-06-27","Pediatrics","quantile","0.6",470
"INFLAenza","2026-06-06",3,"2026-06-27","Pediatrics","quantile","0.65",496
"INFLAenza","2026-06-06",3,"2026-06-27","Pediatrics","quantile","0.7",528
"INFLAenza","2026-06-06",3,"2026-06-27","Pediatrics","quantile","0.75",561
"INFLAenza","2026-06-06",3,"2026-06-27","Pediatrics","quantile","0.8",595
"INFLAenza","2026-06-06",3,"2026-06-27","Pediatrics","quantile","0.85",642
"INFLAenza","2026-06-06",3,"2026-06-27","Pediatrics","quantile","0.9",702
"INFLAenza","2026-06-06",3,"2026-06-27","Pediatrics","quantile","0.95",823
"INFLAenza","2026-06-06",3,"2026-06-27","Pediatrics","quantile","0.975",918
"INFLAenza","2026-06-06",3,"2026-06-27","Pediatrics","quantile","0.99",1088
"Copycat","2026-06-06",-4,"2026-05-09","Adults","quantile","0.01",86
"Copycat","2026-06-06",-4,"2026-05-09","Adults","quantile","0.025",91
"Copycat","2026-06-06",-4,"2026-05-09","Adults","quantile","0.05",95
"Copycat","2026-06-06",-4,"2026-05-09","Adults","quantile","0.1",101
"Copycat","2026-06-06",-4,"2026-05-09","Adults","quantile","0.15",104
"Copycat","2026-06-06",-4,"2026-05-09","Adults","quantile","0.2",106
"Copycat","2026-06-06",-4,"2026-05-09","Adults","quantile","0.25",109
"Copycat","2026-06-06",-4,"2026-05-09","Adults","quantile","0.3",112
"Copycat","2026-06-06",-4,"2026-05-09","Adults","quantile","0.35",114
"Copycat","2026-06-06",-4,"2026-05-09","Adults","quantile","0.4",116
"Copycat","2026-06-06",-4,"2026-05-09","Adults","quantile","0.45",118
"Copycat","2026-06-06",-4,"2026-05-09","Adults","quantile","0.5",119
"Copycat","2026-06-06",-4,"2026-05-09","Adults","quantile","0.55",122
"Copycat","2026-06-06",-4,"2026-05-09","Adults","quantile","0.6",123
"Copycat","2026-06-06",-4,"2026-05-09","Adults","quantile","0.65",125
"Copycat","2026-06-06",-4,"2026-05-09","Adults","quantile","0.7",128
"Copycat","2026-06-06",-4,"2026-05-09","Adults","quantile","0.75",130
"Copycat","2026-06-06",-4,"2026-05-09","Adults","quantile","0.8",132
"Copycat","2026-06-06",-4,"2026-05-09","Adults","quantile","0.85",135
"Copycat","2026-06-06",-4,"2026-05-09","Adults","quantile","0.9",139
"Copycat","2026-06-06",-4,"2026-05-09","Adults","quantile","0.95",145
"Copycat","2026-06-06",-4,"2026-05-09","Adults","quantile","0.975",151
"Copycat","2026-06-06",-4,"2026-05-09","Adults","quantile","0.99",156
"Copycat","2026-06-06",-3,"2026-05-16","Adults","quantile","0.01",90
"Copycat","2026-06-06",-3,"2026-05-16","Adults","quantile","0.025",98
"Copycat","2026-06-06",-3,"2026-05-16","Adults","quantile","0.05",103
"Copycat","2026-06-06",-3,"2026-05-16","Adults","quantile","0.1",110
"Copycat","2026-06-06",-3,"2026-05-16","Adults","quantile","0.15",115
"Copycat","2026-06-06",-3,"2026-05-16","Adults","quantile","0.2",119
"Copycat","2026-06-06",-3,"2026-05-16","Adults","quantile","0.25",122
"Copycat","2026-06-06",-3,"2026-05-16","Adults","quantile","0.3",124
"Copycat","2026-06-06",-3,"2026-05-16","Adults","quantile","0.35",127
"Copycat","2026-06-06",-3,"2026-05-16","Adults","quantile","0.4",130
"Copycat","2026-06-06",-3,"2026-05-16","Adults","quantile","0.45",132
"Copycat","2026-06-06",-3,"2026-05-16","Adults","quantile","0.5",135
"Copycat","2026-06-06",-3,"2026-05-16","Adults","quantile","0.55",137
"Copycat","2026-06-06",-3,"2026-05-16","Adults","quantile","0.6",140
"Copycat","2026-06-06",-3,"2026-05-16","Adults","quantile","0.65",143
"Copycat","2026-06-06",-3,"2026-05-16","Adults","quantile","0.7",146
"Copycat","2026-06-06",-3,"2026-05-16","Adults","quantile","0.75",150
"Copycat","2026-06-06",-3,"2026-05-16","Adults","quantile","0.8",155
"Copycat","2026-06-06",-3,"2026-05-16","Adults","quantile","0.85",160
"Copycat","2026-06-06",-3,"2026-05-16","Adults","quantile","0.9",165
"Copycat","2026-06-06",-3,"2026-05-16","Adults","quantile","0.95",176
"Copycat","2026-06-06",-3,"2026-05-16","Adults","quantile","0.975",189
"Copycat","2026-06-06",-3,"2026-05-16","Adults","quantile","0.99",200
"Copycat","2026-06-06",-2,"2026-05-23","Adults","quantile","0.01",97
"Copycat","2026-06-06",-2,"2026-05-23","Adults","quantile","0.025",105
"Copycat","2026-06-06",-2,"2026-05-23","Adults","quantile","0.05",110
"Copycat","2026-06-06",-2,"2026-05-23","Adults","quantile","0.1",120
"Copycat","2026-06-06",-2,"2026-05-23","Adults","quantile","0.15",125
"Copycat","2026-06-06",-2,"2026-05-23","Adults","quantile","0.2",129
"Copycat","2026-06-06",-2,"2026-05-23","Adults","quantile","0.25",134
"Copycat","2026-06-06",-2,"2026-05-23","Adults","quantile","0.3",138
"Copycat","2026-06-06",-2,"2026-05-23","Adults","quantile","0.35",142
"Copycat","2026-06-06",-2,"2026-05-23","Adults","quantile","0.4",146
"Copycat","2026-06-06",-2,"2026-05-23","Adults","quantile","0.45",150
"Copycat","2026-06-06",-2,"2026-05-23","Adults","quantile","0.5",154
"Copycat","2026-06-06",-2,"2026-05-23","Adults","quantile","0.55",157
"Copycat","2026-06-06",-2,"2026-05-23","Adults","quantile","0.6",161
"Copycat","2026-06-06",-2,"2026-05-23","Adults","quantile","0.65",166
"Copycat","2026-06-06",-2,"2026-05-23","Adults","quantile","0.7",170
"Copycat","2026-06-06",-2,"2026-05-23","Adults","quantile","0.75",176
"Copycat","2026-06-06",-2,"2026-05-23","Adults","quantile","0.8",183
"Copycat","2026-06-06",-2,"2026-05-23","Adults","quantile","0.85",191
"Copycat","2026-06-06",-2,"2026-05-23","Adults","quantile","0.9",202
"Copycat","2026-06-06",-2,"2026-05-23","Adults","quantile","0.95",215
"Copycat","2026-06-06",-2,"2026-05-23","Adults","quantile","0.975",224
"Copycat","2026-06-06",-2,"2026-05-23","Adults","quantile","0.99",243
"Copycat","2026-06-06",-1,"2026-05-30","Adults","quantile","0.01",105
"Copycat","2026-06-06",-1,"2026-05-30","Adults","quantile","0.025",110
"Copycat","2026-06-06",-1,"2026-05-30","Adults","quantile","0.05",117
"Copycat","2026-06-06",-1,"2026-05-30","Adults","quantile","0.1",128
"Copycat","2026-06-06",-1,"2026-05-30","Adults","quantile","0.15",135
"Copycat","2026-06-06",-1,"2026-05-30","Adults","quantile","0.2",142
"Copycat","2026-06-06",-1,"2026-05-30","Adults","quantile","0.25",148
"Copycat","2026-06-06",-1,"2026-05-30","Adults","quantile","0.3",152
"Copycat","2026-06-06",-1,"2026-05-30","Adults","quantile","0.35",156
"Copycat","2026-06-06",-1,"2026-05-30","Adults","quantile","0.4",160
"Copycat","2026-06-06",-1,"2026-05-30","Adults","quantile","0.45",166
"Copycat","2026-06-06",-1,"2026-05-30","Adults","quantile","0.5",172
"Copycat","2026-06-06",-1,"2026-05-30","Adults","quantile","0.55",177
"Copycat","2026-06-06",-1,"2026-05-30","Adults","quantile","0.6",184
"Copycat","2026-06-06",-1,"2026-05-30","Adults","quantile","0.65",191
"Copycat","2026-06-06",-1,"2026-05-30","Adults","quantile","0.7",196
"Copycat","2026-06-06",-1,"2026-05-30","Adults","quantile","0.75",204
"Copycat","2026-06-06",-1,"2026-05-30","Adults","quantile","0.8",215
"Copycat","2026-06-06",-1,"2026-05-30","Adults","quantile","0.85",226
"Copycat","2026-06-06",-1,"2026-05-30","Adults","quantile","0.9",243
"Copycat","2026-06-06",-1,"2026-05-30","Adults","quantile","0.95",264
"Copycat","2026-06-06",-1,"2026-05-30","Adults","quantile","0.975",281
"Copycat","2026-06-06",-1,"2026-05-30","Adults","quantile","0.99",315
"Copycat","2026-06-06",0,"2026-06-06","Adults","quantile","0.01",107
"Copycat","2026-06-06",0,"2026-06-06","Adults","quantile","0.025",114
"Copycat","2026-06-06",0,"2026-06-06","Adults","quantile","0.05",121
"Copycat","2026-06-06",0,"2026-06-06","Adults","quantile","0.1",134
"Copycat","2026-06-06",0,"2026-06-06","Adults","quantile","0.15",142
"Copycat","2026-06-06",0,"2026-06-06","Adults","quantile","0.2",150
"Copycat","2026-06-06",0,"2026-06-06","Adults","quantile","0.25",157
"Copycat","2026-06-06",0,"2026-06-06","Adults","quantile","0.3",164
"Copycat","2026-06-06",0,"2026-06-06","Adults","quantile","0.35",170
"Copycat","2026-06-06",0,"2026-06-06","Adults","quantile","0.4",176
"Copycat","2026-06-06",0,"2026-06-06","Adults","quantile","0.45",183
"Copycat","2026-06-06",0,"2026-06-06","Adults","quantile","0.5",189
"Copycat","2026-06-06",0,"2026-06-06","Adults","quantile","0.55",197
"Copycat","2026-06-06",0,"2026-06-06","Adults","quantile","0.6",205
"Copycat","2026-06-06",0,"2026-06-06","Adults","quantile","0.65",214
"Copycat","2026-06-06",0,"2026-06-06","Adults","quantile","0.7",223
"Copycat","2026-06-06",0,"2026-06-06","Adults","quantile","0.75",231
"Copycat","2026-06-06",0,"2026-06-06","Adults","quantile","0.8",249
"Copycat","2026-06-06",0,"2026-06-06","Adults","quantile","0.85",264
"Copycat","2026-06-06",0,"2026-06-06","Adults","quantile","0.9",286
"Copycat","2026-06-06",0,"2026-06-06","Adults","quantile","0.95",312
"Copycat","2026-06-06",0,"2026-06-06","Adults","quantile","0.975",337
"Copycat","2026-06-06",0,"2026-06-06","Adults","quantile","0.99",365
"Copycat","2026-06-06",1,"2026-06-13","Adults","quantile","0.01",110
"Copycat","2026-06-06",1,"2026-06-13","Adults","quantile","0.025",115
"Copycat","2026-06-06",1,"2026-06-13","Adults","quantile","0.05",124
"Copycat","2026-06-06",1,"2026-06-13","Adults","quantile","0.1",137
"Copycat","2026-06-06",1,"2026-06-13","Adults","quantile","0.15",147
"Copycat","2026-06-06",1,"2026-06-13","Adults","quantile","0.2",158
"Copycat","2026-06-06",1,"2026-06-13","Adults","quantile","0.25",166
"Copycat","2026-06-06",1,"2026-06-13","Adults","quantile","0.3",174
"Copycat","2026-06-06",1,"2026-06-13","Adults","quantile","0.35",182
"Copycat","2026-06-06",1,"2026-06-13","Adults","quantile","0.4",189
"Copycat","2026-06-06",1,"2026-06-13","Adults","quantile","0.45",199
"Copycat","2026-06-06",1,"2026-06-13","Adults","quantile","0.5",206
"Copycat","2026-06-06",1,"2026-06-13","Adults","quantile","0.55",214
"Copycat","2026-06-06",1,"2026-06-13","Adults","quantile","0.6",222
"Copycat","2026-06-06",1,"2026-06-13","Adults","quantile","0.65",232
"Copycat","2026-06-06",1,"2026-06-13","Adults","quantile","0.7",243
"Copycat","2026-06-06",1,"2026-06-13","Adults","quantile","0.75",256
"Copycat","2026-06-06",1,"2026-06-13","Adults","quantile","0.8",271
"Copycat","2026-06-06",1,"2026-06-13","Adults","quantile","0.85",294
"Copycat","2026-06-06",1,"2026-06-13","Adults","quantile","0.9",319
"Copycat","2026-06-06",1,"2026-06-13","Adults","quantile","0.95",358
"Copycat","2026-06-06",1,"2026-06-13","Adults","quantile","0.975",392
"Copycat","2026-06-06",1,"2026-06-13","Adults","quantile","0.99",442
"Copycat","2026-06-06",2,"2026-06-20","Adults","quantile","0.01",98
"Copycat","2026-06-06",2,"2026-06-20","Adults","quantile","0.025",107
"Copycat","2026-06-06",2,"2026-06-20","Adults","quantile","0.05",121
"Copycat","2026-06-06",2,"2026-06-20","Adults","quantile","0.1",134
"Copycat","2026-06-06",2,"2026-06-20","Adults","quantile","0.15",147
"Copycat","2026-06-06",2,"2026-06-20","Adults","quantile","0.2",156
"Copycat","2026-06-06",2,"2026-06-20","Adults","quantile","0.25",165
"Copycat","2026-06-06",2,"2026-06-20","Adults","quantile","0.3",175
"Copycat","2026-06-06",2,"2026-06-20","Adults","quantile","0.35",184
"Copycat","2026-06-06",2,"2026-06-20","Adults","quantile","0.4",192
"Copycat","2026-06-06",2,"2026-06-20","Adults","quantile","0.45",201
"Copycat","2026-06-06",2,"2026-06-20","Adults","quantile","0.5",211
"Copycat","2026-06-06",2,"2026-06-20","Adults","quantile","0.55",221
"Copycat","2026-06-06",2,"2026-06-20","Adults","quantile","0.6",234
"Copycat","2026-06-06",2,"2026-06-20","Adults","quantile","0.65",246
"Copycat","2026-06-06",2,"2026-06-20","Adults","quantile","0.7",257
"Copycat","2026-06-06",2,"2026-06-20","Adults","quantile","0.75",272
"Copycat","2026-06-06",2,"2026-06-20","Adults","quantile","0.8",289
"Copycat","2026-06-06",2,"2026-06-20","Adults","quantile","0.85",315
"Copycat","2026-06-06",2,"2026-06-20","Adults","quantile","0.9",347
"Copycat","2026-06-06",2,"2026-06-20","Adults","quantile","0.95",404
"Copycat","2026-06-06",2,"2026-06-20","Adults","quantile","0.975",446
"Copycat","2026-06-06",2,"2026-06-20","Adults","quantile","0.99",503
"Copycat","2026-06-06",3,"2026-06-27","Adults","quantile","0.01",93
"Copycat","2026-06-06",3,"2026-06-27","Adults","quantile","0.025",106
"Copycat","2026-06-06",3,"2026-06-27","Adults","quantile","0.05",115
"Copycat","2026-06-06",3,"2026-06-27","Adults","quantile","0.1",129
"Copycat","2026-06-06",3,"2026-06-27","Adults","quantile","0.15",139
"Copycat","2026-06-06",3,"2026-06-27","Adults","quantile","0.2",151
"Copycat","2026-06-06",3,"2026-06-27","Adults","quantile","0.25",160
"Copycat","2026-06-06",3,"2026-06-27","Adults","quantile","0.3",171
"Copycat","2026-06-06",3,"2026-06-27","Adults","quantile","0.35",181
"Copycat","2026-06-06",3,"2026-06-27","Adults","quantile","0.4",194
"Copycat","2026-06-06",3,"2026-06-27","Adults","quantile","0.45",206
"Copycat","2026-06-06",3,"2026-06-27","Adults","quantile","0.5",215
"Copycat","2026-06-06",3,"2026-06-27","Adults","quantile","0.55",226
"Copycat","2026-06-06",3,"2026-06-27","Adults","quantile","0.6",241
"Copycat","2026-06-06",3,"2026-06-27","Adults","quantile","0.65",254
"Copycat","2026-06-06",3,"2026-06-27","Adults","quantile","0.7",267
"Copycat","2026-06-06",3,"2026-06-27","Adults","quantile","0.75",282
"Copycat","2026-06-06",3,"2026-06-27","Adults","quantile","0.8",309
"Copycat","2026-06-06",3,"2026-06-27","Adults","quantile","0.85",335
"Copycat","2026-06-06",3,"2026-06-27","Adults","quantile","0.9",366
"Copycat","2026-06-06",3,"2026-06-27","Adults","quantile","0.95",418
"Copycat","2026-06-06",3,"2026-06-27","Adults","quantile","0.975",471
"Copycat","2026-06-06",3,"2026-06-27","Adults","quantile","0.99",546
"Copycat","2026-06-06",-4,"2026-05-09","Overall","quantile","0.01",261
"Copycat","2026-06-06",-4,"2026-05-09","Overall","quantile","0.025",269
"Copycat","2026-06-06",-4,"2026-05-09","Overall","quantile","0.05",279
"Copycat","2026-06-06",-4,"2026-05-09","Overall","quantile","0.1",288
"Copycat","2026-06-06",-4,"2026-05-09","Overall","quantile","0.15",296
"Copycat","2026-06-06",-4,"2026-05-09","Overall","quantile","0.2",301
"Copycat","2026-06-06",-4,"2026-05-09","Overall","quantile","0.25",306
"Copycat","2026-06-06",-4,"2026-05-09","Overall","quantile","0.3",311
"Copycat","2026-06-06",-4,"2026-05-09","Overall","quantile","0.35",315
"Copycat","2026-06-06",-4,"2026-05-09","Overall","quantile","0.4",320
"Copycat","2026-06-06",-4,"2026-05-09","Overall","quantile","0.45",323
"Copycat","2026-06-06",-4,"2026-05-09","Overall","quantile","0.5",327
"Copycat","2026-06-06",-4,"2026-05-09","Overall","quantile","0.55",331
"Copycat","2026-06-06",-4,"2026-05-09","Overall","quantile","0.6",334
"Copycat","2026-06-06",-4,"2026-05-09","Overall","quantile","0.65",339
"Copycat","2026-06-06",-4,"2026-05-09","Overall","quantile","0.7",345
"Copycat","2026-06-06",-4,"2026-05-09","Overall","quantile","0.75",350
"Copycat","2026-06-06",-4,"2026-05-09","Overall","quantile","0.8",355
"Copycat","2026-06-06",-4,"2026-05-09","Overall","quantile","0.85",362
"Copycat","2026-06-06",-4,"2026-05-09","Overall","quantile","0.9",371
"Copycat","2026-06-06",-4,"2026-05-09","Overall","quantile","0.95",387
"Copycat","2026-06-06",-4,"2026-05-09","Overall","quantile","0.975",405
"Copycat","2026-06-06",-4,"2026-05-09","Overall","quantile","0.99",419
"Copycat","2026-06-06",-3,"2026-05-16","Overall","quantile","0.01",269
"Copycat","2026-06-06",-3,"2026-05-16","Overall","quantile","0.025",283
"Copycat","2026-06-06",-3,"2026-05-16","Overall","quantile","0.05",296
"Copycat","2026-06-06",-3,"2026-05-16","Overall","quantile","0.1",310
"Copycat","2026-06-06",-3,"2026-05-16","Overall","quantile","0.15",319
"Copycat","2026-06-06",-3,"2026-05-16","Overall","quantile","0.2",329
"Copycat","2026-06-06",-3,"2026-05-16","Overall","quantile","0.25",337
"Copycat","2026-06-06",-3,"2026-05-16","Overall","quantile","0.3",344
"Copycat","2026-06-06",-3,"2026-05-16","Overall","quantile","0.35",349
"Copycat","2026-06-06",-3,"2026-05-16","Overall","quantile","0.4",356
"Copycat","2026-06-06",-3,"2026-05-16","Overall","quantile","0.45",362
"Copycat","2026-06-06",-3,"2026-05-16","Overall","quantile","0.5",369
"Copycat","2026-06-06",-3,"2026-05-16","Overall","quantile","0.55",376
"Copycat","2026-06-06",-3,"2026-05-16","Overall","quantile","0.6",381
"Copycat","2026-06-06",-3,"2026-05-16","Overall","quantile","0.65",389
"Copycat","2026-06-06",-3,"2026-05-16","Overall","quantile","0.7",395
"Copycat","2026-06-06",-3,"2026-05-16","Overall","quantile","0.75",406
"Copycat","2026-06-06",-3,"2026-05-16","Overall","quantile","0.8",420
"Copycat","2026-06-06",-3,"2026-05-16","Overall","quantile","0.85",431
"Copycat","2026-06-06",-3,"2026-05-16","Overall","quantile","0.9",447
"Copycat","2026-06-06",-3,"2026-05-16","Overall","quantile","0.95",472
"Copycat","2026-06-06",-3,"2026-05-16","Overall","quantile","0.975",499
"Copycat","2026-06-06",-3,"2026-05-16","Overall","quantile","0.99",524
"Copycat","2026-06-06",-2,"2026-05-23","Overall","quantile","0.01",277
"Copycat","2026-06-06",-2,"2026-05-23","Overall","quantile","0.025",297
"Copycat","2026-06-06",-2,"2026-05-23","Overall","quantile","0.05",315
"Copycat","2026-06-06",-2,"2026-05-23","Overall","quantile","0.1",335
"Copycat","2026-06-06",-2,"2026-05-23","Overall","quantile","0.15",351
"Copycat","2026-06-06",-2,"2026-05-23","Overall","quantile","0.2",361
"Copycat","2026-06-06",-2,"2026-05-23","Overall","quantile","0.25",372
"Copycat","2026-06-06",-2,"2026-05-23","Overall","quantile","0.3",379
"Copycat","2026-06-06",-2,"2026-05-23","Overall","quantile","0.35",388
"Copycat","2026-06-06",-2,"2026-05-23","Overall","quantile","0.4",398
"Copycat","2026-06-06",-2,"2026-05-23","Overall","quantile","0.45",408
"Copycat","2026-06-06",-2,"2026-05-23","Overall","quantile","0.5",418
"Copycat","2026-06-06",-2,"2026-05-23","Overall","quantile","0.55",427
"Copycat","2026-06-06",-2,"2026-05-23","Overall","quantile","0.6",438
"Copycat","2026-06-06",-2,"2026-05-23","Overall","quantile","0.65",448
"Copycat","2026-06-06",-2,"2026-05-23","Overall","quantile","0.7",461
"Copycat","2026-06-06",-2,"2026-05-23","Overall","quantile","0.75",473
"Copycat","2026-06-06",-2,"2026-05-23","Overall","quantile","0.8",494
"Copycat","2026-06-06",-2,"2026-05-23","Overall","quantile","0.85",515
"Copycat","2026-06-06",-2,"2026-05-23","Overall","quantile","0.9",534
"Copycat","2026-06-06",-2,"2026-05-23","Overall","quantile","0.95",576
"Copycat","2026-06-06",-2,"2026-05-23","Overall","quantile","0.975",618
"Copycat","2026-06-06",-2,"2026-05-23","Overall","quantile","0.99",666
"Copycat","2026-06-06",-1,"2026-05-30","Overall","quantile","0.01",290
"Copycat","2026-06-06",-1,"2026-05-30","Overall","quantile","0.025",311
"Copycat","2026-06-06",-1,"2026-05-30","Overall","quantile","0.05",339
"Copycat","2026-06-06",-1,"2026-05-30","Overall","quantile","0.1",357
"Copycat","2026-06-06",-1,"2026-05-30","Overall","quantile","0.15",377
"Copycat","2026-06-06",-1,"2026-05-30","Overall","quantile","0.2",390
"Copycat","2026-06-06",-1,"2026-05-30","Overall","quantile","0.25",404
"Copycat","2026-06-06",-1,"2026-05-30","Overall","quantile","0.3",415
"Copycat","2026-06-06",-1,"2026-05-30","Overall","quantile","0.35",429
"Copycat","2026-06-06",-1,"2026-05-30","Overall","quantile","0.4",439
"Copycat","2026-06-06",-1,"2026-05-30","Overall","quantile","0.45",449
"Copycat","2026-06-06",-1,"2026-05-30","Overall","quantile","0.5",465
"Copycat","2026-06-06",-1,"2026-05-30","Overall","quantile","0.55",480
"Copycat","2026-06-06",-1,"2026-05-30","Overall","quantile","0.6",493
"Copycat","2026-06-06",-1,"2026-05-30","Overall","quantile","0.65",507
"Copycat","2026-06-06",-1,"2026-05-30","Overall","quantile","0.7",523
"Copycat","2026-06-06",-1,"2026-05-30","Overall","quantile","0.75",545
"Copycat","2026-06-06",-1,"2026-05-30","Overall","quantile","0.8",562
"Copycat","2026-06-06",-1,"2026-05-30","Overall","quantile","0.85",592
"Copycat","2026-06-06",-1,"2026-05-30","Overall","quantile","0.9",635
"Copycat","2026-06-06",-1,"2026-05-30","Overall","quantile","0.95",688
"Copycat","2026-06-06",-1,"2026-05-30","Overall","quantile","0.975",757
"Copycat","2026-06-06",-1,"2026-05-30","Overall","quantile","0.99",818
"Copycat","2026-06-06",0,"2026-06-06","Overall","quantile","0.01",281
"Copycat","2026-06-06",0,"2026-06-06","Overall","quantile","0.025",306
"Copycat","2026-06-06",0,"2026-06-06","Overall","quantile","0.05",339
"Copycat","2026-06-06",0,"2026-06-06","Overall","quantile","0.1",370
"Copycat","2026-06-06",0,"2026-06-06","Overall","quantile","0.15",397
"Copycat","2026-06-06",0,"2026-06-06","Overall","quantile","0.2",414
"Copycat","2026-06-06",0,"2026-06-06","Overall","quantile","0.25",427
"Copycat","2026-06-06",0,"2026-06-06","Overall","quantile","0.3",447
"Copycat","2026-06-06",0,"2026-06-06","Overall","quantile","0.35",466
"Copycat","2026-06-06",0,"2026-06-06","Overall","quantile","0.4",480
"Copycat","2026-06-06",0,"2026-06-06","Overall","quantile","0.45",492
"Copycat","2026-06-06",0,"2026-06-06","Overall","quantile","0.5",508
"Copycat","2026-06-06",0,"2026-06-06","Overall","quantile","0.55",530
"Copycat","2026-06-06",0,"2026-06-06","Overall","quantile","0.6",546
"Copycat","2026-06-06",0,"2026-06-06","Overall","quantile","0.65",562
"Copycat","2026-06-06",0,"2026-06-06","Overall","quantile","0.7",584
"Copycat","2026-06-06",0,"2026-06-06","Overall","quantile","0.75",612
"Copycat","2026-06-06",0,"2026-06-06","Overall","quantile","0.8",642
"Copycat","2026-06-06",0,"2026-06-06","Overall","quantile","0.85",686
"Copycat","2026-06-06",0,"2026-06-06","Overall","quantile","0.9",743
"Copycat","2026-06-06",0,"2026-06-06","Overall","quantile","0.95",811
"Copycat","2026-06-06",0,"2026-06-06","Overall","quantile","0.975",868
"Copycat","2026-06-06",0,"2026-06-06","Overall","quantile","0.99",966
"Copycat","2026-06-06",1,"2026-06-13","Overall","quantile","0.01",270
"Copycat","2026-06-06",1,"2026-06-13","Overall","quantile","0.025",300
"Copycat","2026-06-06",1,"2026-06-13","Overall","quantile","0.05",338
"Copycat","2026-06-06",1,"2026-06-13","Overall","quantile","0.1",373
"Copycat","2026-06-06",1,"2026-06-13","Overall","quantile","0.15",399
"Copycat","2026-06-06",1,"2026-06-13","Overall","quantile","0.2",423
"Copycat","2026-06-06",1,"2026-06-13","Overall","quantile","0.25",444
"Copycat","2026-06-06",1,"2026-06-13","Overall","quantile","0.3",464
"Copycat","2026-06-06",1,"2026-06-13","Overall","quantile","0.35",487
"Copycat","2026-06-06",1,"2026-06-13","Overall","quantile","0.4",503
"Copycat","2026-06-06",1,"2026-06-13","Overall","quantile","0.45",525
"Copycat","2026-06-06",1,"2026-06-13","Overall","quantile","0.5",548
"Copycat","2026-06-06",1,"2026-06-13","Overall","quantile","0.55",569
"Copycat","2026-06-06",1,"2026-06-13","Overall","quantile","0.6",590
"Copycat","2026-06-06",1,"2026-06-13","Overall","quantile","0.65",609
"Copycat","2026-06-06",1,"2026-06-13","Overall","quantile","0.7",633
"Copycat","2026-06-06",1,"2026-06-13","Overall","quantile","0.75",666
"Copycat","2026-06-06",1,"2026-06-13","Overall","quantile","0.8",699
"Copycat","2026-06-06",1,"2026-06-13","Overall","quantile","0.85",749
"Copycat","2026-06-06",1,"2026-06-13","Overall","quantile","0.9",819
"Copycat","2026-06-06",1,"2026-06-13","Overall","quantile","0.95",929
"Copycat","2026-06-06",1,"2026-06-13","Overall","quantile","0.975",1005
"Copycat","2026-06-06",1,"2026-06-13","Overall","quantile","0.99",1097
"Copycat","2026-06-06",2,"2026-06-20","Overall","quantile","0.01",258
"Copycat","2026-06-06",2,"2026-06-20","Overall","quantile","0.025",292
"Copycat","2026-06-06",2,"2026-06-20","Overall","quantile","0.05",315
"Copycat","2026-06-06",2,"2026-06-20","Overall","quantile","0.1",359
"Copycat","2026-06-06",2,"2026-06-20","Overall","quantile","0.15",394
"Copycat","2026-06-06",2,"2026-06-20","Overall","quantile","0.2",417
"Copycat","2026-06-06",2,"2026-06-20","Overall","quantile","0.25",444
"Copycat","2026-06-06",2,"2026-06-20","Overall","quantile","0.3",466
"Copycat","2026-06-06",2,"2026-06-20","Overall","quantile","0.35",493
"Copycat","2026-06-06",2,"2026-06-20","Overall","quantile","0.4",517
"Copycat","2026-06-06",2,"2026-06-20","Overall","quantile","0.45",547
"Copycat","2026-06-06",2,"2026-06-20","Overall","quantile","0.5",568
"Copycat","2026-06-06",2,"2026-06-20","Overall","quantile","0.55",593
"Copycat","2026-06-06",2,"2026-06-20","Overall","quantile","0.6",620
"Copycat","2026-06-06",2,"2026-06-20","Overall","quantile","0.65",653
"Copycat","2026-06-06",2,"2026-06-20","Overall","quantile","0.7",687
"Copycat","2026-06-06",2,"2026-06-20","Overall","quantile","0.75",711
"Copycat","2026-06-06",2,"2026-06-20","Overall","quantile","0.8",749
"Copycat","2026-06-06",2,"2026-06-20","Overall","quantile","0.85",802
"Copycat","2026-06-06",2,"2026-06-20","Overall","quantile","0.9",889
"Copycat","2026-06-06",2,"2026-06-20","Overall","quantile","0.95",1025
"Copycat","2026-06-06",2,"2026-06-20","Overall","quantile","0.975",1129
"Copycat","2026-06-06",2,"2026-06-20","Overall","quantile","0.99",1214
"Copycat","2026-06-06",3,"2026-06-27","Overall","quantile","0.01",234
"Copycat","2026-06-06",3,"2026-06-27","Overall","quantile","0.025",268
"Copycat","2026-06-06",3,"2026-06-27","Overall","quantile","0.05",301
"Copycat","2026-06-06",3,"2026-06-27","Overall","quantile","0.1",344
"Copycat","2026-06-06",3,"2026-06-27","Overall","quantile","0.15",380
"Copycat","2026-06-06",3,"2026-06-27","Overall","quantile","0.2",406
"Copycat","2026-06-06",3,"2026-06-27","Overall","quantile","0.25",436
"Copycat","2026-06-06",3,"2026-06-27","Overall","quantile","0.3",458
"Copycat","2026-06-06",3,"2026-06-27","Overall","quantile","0.35",480
"Copycat","2026-06-06",3,"2026-06-27","Overall","quantile","0.4",506
"Copycat","2026-06-06",3,"2026-06-27","Overall","quantile","0.45",534
"Copycat","2026-06-06",3,"2026-06-27","Overall","quantile","0.5",572
"Copycat","2026-06-06",3,"2026-06-27","Overall","quantile","0.55",604
"Copycat","2026-06-06",3,"2026-06-27","Overall","quantile","0.6",639
"Copycat","2026-06-06",3,"2026-06-27","Overall","quantile","0.65",667
"Copycat","2026-06-06",3,"2026-06-27","Overall","quantile","0.7",695
"Copycat","2026-06-06",3,"2026-06-27","Overall","quantile","0.75",739
"Copycat","2026-06-06",3,"2026-06-27","Overall","quantile","0.8",777
"Copycat","2026-06-06",3,"2026-06-27","Overall","quantile","0.85",842
"Copycat","2026-06-06",3,"2026-06-27","Overall","quantile","0.9",914
"Copycat","2026-06-06",3,"2026-06-27","Overall","quantile","0.95",1062
"Copycat","2026-06-06",3,"2026-06-27","Overall","quantile","0.975",1226
"Copycat","2026-06-06",3,"2026-06-27","Overall","quantile","0.99",1376
"Copycat","2026-06-06",-4,"2026-05-09","Pediatrics","quantile","0.01",160
"Copycat","2026-06-06",-4,"2026-05-09","Pediatrics","quantile","0.025",170
"Copycat","2026-06-06",-4,"2026-05-09","Pediatrics","quantile","0.05",175
"Copycat","2026-06-06",-4,"2026-05-09","Pediatrics","quantile","0.1",182
"Copycat","2026-06-06",-4,"2026-05-09","Pediatrics","quantile","0.15",188
"Copycat","2026-06-06",-4,"2026-05-09","Pediatrics","quantile","0.2",191
"Copycat","2026-06-06",-4,"2026-05-09","Pediatrics","quantile","0.25",196
"Copycat","2026-06-06",-4,"2026-05-09","Pediatrics","quantile","0.3",199
"Copycat","2026-06-06",-4,"2026-05-09","Pediatrics","quantile","0.35",202
"Copycat","2026-06-06",-4,"2026-05-09","Pediatrics","quantile","0.4",205
"Copycat","2026-06-06",-4,"2026-05-09","Pediatrics","quantile","0.45",207
"Copycat","2026-06-06",-4,"2026-05-09","Pediatrics","quantile","0.5",210
"Copycat","2026-06-06",-4,"2026-05-09","Pediatrics","quantile","0.55",213
"Copycat","2026-06-06",-4,"2026-05-09","Pediatrics","quantile","0.6",215
"Copycat","2026-06-06",-4,"2026-05-09","Pediatrics","quantile","0.65",218
"Copycat","2026-06-06",-4,"2026-05-09","Pediatrics","quantile","0.7",221
"Copycat","2026-06-06",-4,"2026-05-09","Pediatrics","quantile","0.75",224
"Copycat","2026-06-06",-4,"2026-05-09","Pediatrics","quantile","0.8",229
"Copycat","2026-06-06",-4,"2026-05-09","Pediatrics","quantile","0.85",234
"Copycat","2026-06-06",-4,"2026-05-09","Pediatrics","quantile","0.9",241
"Copycat","2026-06-06",-4,"2026-05-09","Pediatrics","quantile","0.95",250
"Copycat","2026-06-06",-4,"2026-05-09","Pediatrics","quantile","0.975",261
"Copycat","2026-06-06",-4,"2026-05-09","Pediatrics","quantile","0.99",275
"Copycat","2026-06-06",-3,"2026-05-16","Pediatrics","quantile","0.01",170
"Copycat","2026-06-06",-3,"2026-05-16","Pediatrics","quantile","0.025",179
"Copycat","2026-06-06",-3,"2026-05-16","Pediatrics","quantile","0.05",187
"Copycat","2026-06-06",-3,"2026-05-16","Pediatrics","quantile","0.1",197
"Copycat","2026-06-06",-3,"2026-05-16","Pediatrics","quantile","0.15",204
"Copycat","2026-06-06",-3,"2026-05-16","Pediatrics","quantile","0.2",210
"Copycat","2026-06-06",-3,"2026-05-16","Pediatrics","quantile","0.25",215
"Copycat","2026-06-06",-3,"2026-05-16","Pediatrics","quantile","0.3",220
"Copycat","2026-06-06",-3,"2026-05-16","Pediatrics","quantile","0.35",225
"Copycat","2026-06-06",-3,"2026-05-16","Pediatrics","quantile","0.4",229
"Copycat","2026-06-06",-3,"2026-05-16","Pediatrics","quantile","0.45",233
"Copycat","2026-06-06",-3,"2026-05-16","Pediatrics","quantile","0.5",238
"Copycat","2026-06-06",-3,"2026-05-16","Pediatrics","quantile","0.55",242
"Copycat","2026-06-06",-3,"2026-05-16","Pediatrics","quantile","0.6",247
"Copycat","2026-06-06",-3,"2026-05-16","Pediatrics","quantile","0.65",253
"Copycat","2026-06-06",-3,"2026-05-16","Pediatrics","quantile","0.7",258
"Copycat","2026-06-06",-3,"2026-05-16","Pediatrics","quantile","0.75",265
"Copycat","2026-06-06",-3,"2026-05-16","Pediatrics","quantile","0.8",273
"Copycat","2026-06-06",-3,"2026-05-16","Pediatrics","quantile","0.85",280
"Copycat","2026-06-06",-3,"2026-05-16","Pediatrics","quantile","0.9",291
"Copycat","2026-06-06",-3,"2026-05-16","Pediatrics","quantile","0.95",310
"Copycat","2026-06-06",-3,"2026-05-16","Pediatrics","quantile","0.975",326
"Copycat","2026-06-06",-3,"2026-05-16","Pediatrics","quantile","0.99",342
"Copycat","2026-06-06",-2,"2026-05-23","Pediatrics","quantile","0.01",175
"Copycat","2026-06-06",-2,"2026-05-23","Pediatrics","quantile","0.025",188
"Copycat","2026-06-06",-2,"2026-05-23","Pediatrics","quantile","0.05",199
"Copycat","2026-06-06",-2,"2026-05-23","Pediatrics","quantile","0.1",211
"Copycat","2026-06-06",-2,"2026-05-23","Pediatrics","quantile","0.15",220
"Copycat","2026-06-06",-2,"2026-05-23","Pediatrics","quantile","0.2",230
"Copycat","2026-06-06",-2,"2026-05-23","Pediatrics","quantile","0.25",237
"Copycat","2026-06-06",-2,"2026-05-23","Pediatrics","quantile","0.3",245
"Copycat","2026-06-06",-2,"2026-05-23","Pediatrics","quantile","0.35",251
"Copycat","2026-06-06",-2,"2026-05-23","Pediatrics","quantile","0.4",258
"Copycat","2026-06-06",-2,"2026-05-23","Pediatrics","quantile","0.45",264
"Copycat","2026-06-06",-2,"2026-05-23","Pediatrics","quantile","0.5",271
"Copycat","2026-06-06",-2,"2026-05-23","Pediatrics","quantile","0.55",277
"Copycat","2026-06-06",-2,"2026-05-23","Pediatrics","quantile","0.6",285
"Copycat","2026-06-06",-2,"2026-05-23","Pediatrics","quantile","0.65",292
"Copycat","2026-06-06",-2,"2026-05-23","Pediatrics","quantile","0.7",303
"Copycat","2026-06-06",-2,"2026-05-23","Pediatrics","quantile","0.75",311
"Copycat","2026-06-06",-2,"2026-05-23","Pediatrics","quantile","0.8",324
"Copycat","2026-06-06",-2,"2026-05-23","Pediatrics","quantile","0.85",337
"Copycat","2026-06-06",-2,"2026-05-23","Pediatrics","quantile","0.9",355
"Copycat","2026-06-06",-2,"2026-05-23","Pediatrics","quantile","0.95",388
"Copycat","2026-06-06",-2,"2026-05-23","Pediatrics","quantile","0.975",408
"Copycat","2026-06-06",-2,"2026-05-23","Pediatrics","quantile","0.99",439
"Copycat","2026-06-06",-1,"2026-05-30","Pediatrics","quantile","0.01",182
"Copycat","2026-06-06",-1,"2026-05-30","Pediatrics","quantile","0.025",198
"Copycat","2026-06-06",-1,"2026-05-30","Pediatrics","quantile","0.05",209
"Copycat","2026-06-06",-1,"2026-05-30","Pediatrics","quantile","0.1",224
"Copycat","2026-06-06",-1,"2026-05-30","Pediatrics","quantile","0.15",237
"Copycat","2026-06-06",-1,"2026-05-30","Pediatrics","quantile","0.2",250
"Copycat","2026-06-06",-1,"2026-05-30","Pediatrics","quantile","0.25",260
"Copycat","2026-06-06",-1,"2026-05-30","Pediatrics","quantile","0.3",272
"Copycat","2026-06-06",-1,"2026-05-30","Pediatrics","quantile","0.35",279
"Copycat","2026-06-06",-1,"2026-05-30","Pediatrics","quantile","0.4",287
"Copycat","2026-06-06",-1,"2026-05-30","Pediatrics","quantile","0.45",297
"Copycat","2026-06-06",-1,"2026-05-30","Pediatrics","quantile","0.5",304
"Copycat","2026-06-06",-1,"2026-05-30","Pediatrics","quantile","0.55",316
"Copycat","2026-06-06",-1,"2026-05-30","Pediatrics","quantile","0.6",327
"Copycat","2026-06-06",-1,"2026-05-30","Pediatrics","quantile","0.65",337
"Copycat","2026-06-06",-1,"2026-05-30","Pediatrics","quantile","0.7",350
"Copycat","2026-06-06",-1,"2026-05-30","Pediatrics","quantile","0.75",363
"Copycat","2026-06-06",-1,"2026-05-30","Pediatrics","quantile","0.8",379
"Copycat","2026-06-06",-1,"2026-05-30","Pediatrics","quantile","0.85",403
"Copycat","2026-06-06",-1,"2026-05-30","Pediatrics","quantile","0.9",430
"Copycat","2026-06-06",-1,"2026-05-30","Pediatrics","quantile","0.95",470
"Copycat","2026-06-06",-1,"2026-05-30","Pediatrics","quantile","0.975",517
"Copycat","2026-06-06",-1,"2026-05-30","Pediatrics","quantile","0.99",544
"Copycat","2026-06-06",0,"2026-06-06","Pediatrics","quantile","0.01",190
"Copycat","2026-06-06",0,"2026-06-06","Pediatrics","quantile","0.025",196
"Copycat","2026-06-06",0,"2026-06-06","Pediatrics","quantile","0.05",208
"Copycat","2026-06-06",0,"2026-06-06","Pediatrics","quantile","0.1",230
"Copycat","2026-06-06",0,"2026-06-06","Pediatrics","quantile","0.15",248
"Copycat","2026-06-06",0,"2026-06-06","Pediatrics","quantile","0.2",260
"Copycat","2026-06-06",0,"2026-06-06","Pediatrics","quantile","0.25",274
"Copycat","2026-06-06",0,"2026-06-06","Pediatrics","quantile","0.3",289
"Copycat","2026-06-06",0,"2026-06-06","Pediatrics","quantile","0.35",303
"Copycat","2026-06-06",0,"2026-06-06","Pediatrics","quantile","0.4",315
"Copycat","2026-06-06",0,"2026-06-06","Pediatrics","quantile","0.45",327
"Copycat","2026-06-06",0,"2026-06-06","Pediatrics","quantile","0.5",340
"Copycat","2026-06-06",0,"2026-06-06","Pediatrics","quantile","0.55",353
"Copycat","2026-06-06",0,"2026-06-06","Pediatrics","quantile","0.6",368
"Copycat","2026-06-06",0,"2026-06-06","Pediatrics","quantile","0.65",384
"Copycat","2026-06-06",0,"2026-06-06","Pediatrics","quantile","0.7",403
"Copycat","2026-06-06",0,"2026-06-06","Pediatrics","quantile","0.75",420
"Copycat","2026-06-06",0,"2026-06-06","Pediatrics","quantile","0.8",439
"Copycat","2026-06-06",0,"2026-06-06","Pediatrics","quantile","0.85",464
"Copycat","2026-06-06",0,"2026-06-06","Pediatrics","quantile","0.9",495
"Copycat","2026-06-06",0,"2026-06-06","Pediatrics","quantile","0.95",556
"Copycat","2026-06-06",0,"2026-06-06","Pediatrics","quantile","0.975",613
"Copycat","2026-06-06",0,"2026-06-06","Pediatrics","quantile","0.99",656
"Copycat","2026-06-06",1,"2026-06-13","Pediatrics","quantile","0.01",175
"Copycat","2026-06-06",1,"2026-06-13","Pediatrics","quantile","0.025",190
"Copycat","2026-06-06",1,"2026-06-13","Pediatrics","quantile","0.05",211
"Copycat","2026-06-06",1,"2026-06-13","Pediatrics","quantile","0.1",233
"Copycat","2026-06-06",1,"2026-06-13","Pediatrics","quantile","0.15",252
"Copycat","2026-06-06",1,"2026-06-13","Pediatrics","quantile","0.2",266
"Copycat","2026-06-06",1,"2026-06-13","Pediatrics","quantile","0.25",283
"Copycat","2026-06-06",1,"2026-06-13","Pediatrics","quantile","0.3",301
"Copycat","2026-06-06",1,"2026-06-13","Pediatrics","quantile","0.35",319
"Copycat","2026-06-06",1,"2026-06-13","Pediatrics","quantile","0.4",332
"Copycat","2026-06-06",1,"2026-06-13","Pediatrics","quantile","0.45",349
"Copycat","2026-06-06",1,"2026-06-13","Pediatrics","quantile","0.5",365
"Copycat","2026-06-06",1,"2026-06-13","Pediatrics","quantile","0.55",385
"Copycat","2026-06-06",1,"2026-06-13","Pediatrics","quantile","0.6",400
"Copycat","2026-06-06",1,"2026-06-13","Pediatrics","quantile","0.65",418
"Copycat","2026-06-06",1,"2026-06-13","Pediatrics","quantile","0.7",439
"Copycat","2026-06-06",1,"2026-06-13","Pediatrics","quantile","0.75",458
"Copycat","2026-06-06",1,"2026-06-13","Pediatrics","quantile","0.8",488
"Copycat","2026-06-06",1,"2026-06-13","Pediatrics","quantile","0.85",528
"Copycat","2026-06-06",1,"2026-06-13","Pediatrics","quantile","0.9",572
"Copycat","2026-06-06",1,"2026-06-13","Pediatrics","quantile","0.95",643
"Copycat","2026-06-06",1,"2026-06-13","Pediatrics","quantile","0.975",701
"Copycat","2026-06-06",1,"2026-06-13","Pediatrics","quantile","0.99",780
"Copycat","2026-06-06",2,"2026-06-20","Pediatrics","quantile","0.01",172
"Copycat","2026-06-06",2,"2026-06-20","Pediatrics","quantile","0.025",183
"Copycat","2026-06-06",2,"2026-06-20","Pediatrics","quantile","0.05",201
"Copycat","2026-06-06",2,"2026-06-20","Pediatrics","quantile","0.1",227
"Copycat","2026-06-06",2,"2026-06-20","Pediatrics","quantile","0.15",247
"Copycat","2026-06-06",2,"2026-06-20","Pediatrics","quantile","0.2",267
"Copycat","2026-06-06",2,"2026-06-20","Pediatrics","quantile","0.25",288
"Copycat","2026-06-06",2,"2026-06-20","Pediatrics","quantile","0.3",309
"Copycat","2026-06-06",2,"2026-06-20","Pediatrics","quantile","0.35",331
"Copycat","2026-06-06",2,"2026-06-20","Pediatrics","quantile","0.4",345
"Copycat","2026-06-06",2,"2026-06-20","Pediatrics","quantile","0.45",365
"Copycat","2026-06-06",2,"2026-06-20","Pediatrics","quantile","0.5",381
"Copycat","2026-06-06",2,"2026-06-20","Pediatrics","quantile","0.55",398
"Copycat","2026-06-06",2,"2026-06-20","Pediatrics","quantile","0.6",417
"Copycat","2026-06-06",2,"2026-06-20","Pediatrics","quantile","0.65",437
"Copycat","2026-06-06",2,"2026-06-20","Pediatrics","quantile","0.7",460
"Copycat","2026-06-06",2,"2026-06-20","Pediatrics","quantile","0.75",492
"Copycat","2026-06-06",2,"2026-06-20","Pediatrics","quantile","0.8",529
"Copycat","2026-06-06",2,"2026-06-20","Pediatrics","quantile","0.85",567
"Copycat","2026-06-06",2,"2026-06-20","Pediatrics","quantile","0.9",625
"Copycat","2026-06-06",2,"2026-06-20","Pediatrics","quantile","0.95",705
"Copycat","2026-06-06",2,"2026-06-20","Pediatrics","quantile","0.975",778
"Copycat","2026-06-06",2,"2026-06-20","Pediatrics","quantile","0.99",867
"Copycat","2026-06-06",3,"2026-06-27","Pediatrics","quantile","0.01",154
"Copycat","2026-06-06",3,"2026-06-27","Pediatrics","quantile","0.025",176
"Copycat","2026-06-06",3,"2026-06-27","Pediatrics","quantile","0.05",188
"Copycat","2026-06-06",3,"2026-06-27","Pediatrics","quantile","0.1",217
"Copycat","2026-06-06",3,"2026-06-27","Pediatrics","quantile","0.15",236
"Copycat","2026-06-06",3,"2026-06-27","Pediatrics","quantile","0.2",258
"Copycat","2026-06-06",3,"2026-06-27","Pediatrics","quantile","0.25",277
"Copycat","2026-06-06",3,"2026-06-27","Pediatrics","quantile","0.3",302
"Copycat","2026-06-06",3,"2026-06-27","Pediatrics","quantile","0.35",325
"Copycat","2026-06-06",3,"2026-06-27","Pediatrics","quantile","0.4",344
"Copycat","2026-06-06",3,"2026-06-27","Pediatrics","quantile","0.45",359
"Copycat","2026-06-06",3,"2026-06-27","Pediatrics","quantile","0.5",379
"Copycat","2026-06-06",3,"2026-06-27","Pediatrics","quantile","0.55",400
"Copycat","2026-06-06",3,"2026-06-27","Pediatrics","quantile","0.6",420
"Copycat","2026-06-06",3,"2026-06-27","Pediatrics","quantile","0.65",445
"Copycat","2026-06-06",3,"2026-06-27","Pediatrics","quantile","0.7",480
"Copycat","2026-06-06",3,"2026-06-27","Pediatrics","quantile","0.75",509
"Copycat","2026-06-06",3,"2026-06-27","Pediatrics","quantile","0.8",545
"Copycat","2026-06-06",3,"2026-06-27","Pediatrics","quantile","0.85",604
"Copycat","2026-06-06",3,"2026-06-27","Pediatrics","quantile","0.9",665
"Copycat","2026-06-06",3,"2026-06-27","Pediatrics","quantile","0.95",769
"Copycat","2026-06-06",3,"2026-06-27","Pediatrics","quantile","0.975",831
"Copycat","2026-06-06",3,"2026-06-27","Pediatrics","quantile","0.99",945
"newGBQR","2026-06-06",-4,"2026-05-09","Adults","quantile","0.01",22
"newGBQR","2026-06-06",-4,"2026-05-09","Adults","quantile","0.025",66
"newGBQR","2026-06-06",-4,"2026-05-09","Adults","quantile","0.05",92
"newGBQR","2026-06-06",-4,"2026-05-09","Adults","quantile","0.1",109
"newGBQR","2026-06-06",-4,"2026-05-09","Adults","quantile","0.15",121
"newGBQR","2026-06-06",-4,"2026-05-09","Adults","quantile","0.2",128
"newGBQR","2026-06-06",-4,"2026-05-09","Adults","quantile","0.25",130
"newGBQR","2026-06-06",-4,"2026-05-09","Adults","quantile","0.3",132
"newGBQR","2026-06-06",-4,"2026-05-09","Adults","quantile","0.35",133
"newGBQR","2026-06-06",-4,"2026-05-09","Adults","quantile","0.4",137
"newGBQR","2026-06-06",-4,"2026-05-09","Adults","quantile","0.45",138
"newGBQR","2026-06-06",-4,"2026-05-09","Adults","quantile","0.5",141
"newGBQR","2026-06-06",-4,"2026-05-09","Adults","quantile","0.55",142
"newGBQR","2026-06-06",-4,"2026-05-09","Adults","quantile","0.6",145
"newGBQR","2026-06-06",-4,"2026-05-09","Adults","quantile","0.65",145
"newGBQR","2026-06-06",-4,"2026-05-09","Adults","quantile","0.7",146
"newGBQR","2026-06-06",-4,"2026-05-09","Adults","quantile","0.75",148
"newGBQR","2026-06-06",-4,"2026-05-09","Adults","quantile","0.8",154
"newGBQR","2026-06-06",-4,"2026-05-09","Adults","quantile","0.85",163
"newGBQR","2026-06-06",-4,"2026-05-09","Adults","quantile","0.9",183
"newGBQR","2026-06-06",-4,"2026-05-09","Adults","quantile","0.95",237
"newGBQR","2026-06-06",-4,"2026-05-09","Adults","quantile","0.975",308
"newGBQR","2026-06-06",-4,"2026-05-09","Adults","quantile","0.99",382
"newGBQR","2026-06-06",-3,"2026-05-16","Adults","quantile","0.01",22
"newGBQR","2026-06-06",-3,"2026-05-16","Adults","quantile","0.025",66
"newGBQR","2026-06-06",-3,"2026-05-16","Adults","quantile","0.05",92
"newGBQR","2026-06-06",-3,"2026-05-16","Adults","quantile","0.1",110
"newGBQR","2026-06-06",-3,"2026-05-16","Adults","quantile","0.15",122
"newGBQR","2026-06-06",-3,"2026-05-16","Adults","quantile","0.2",130
"newGBQR","2026-06-06",-3,"2026-05-16","Adults","quantile","0.25",138
"newGBQR","2026-06-06",-3,"2026-05-16","Adults","quantile","0.3",143
"newGBQR","2026-06-06",-3,"2026-05-16","Adults","quantile","0.35",148
"newGBQR","2026-06-06",-3,"2026-05-16","Adults","quantile","0.4",153
"newGBQR","2026-06-06",-3,"2026-05-16","Adults","quantile","0.45",156
"newGBQR","2026-06-06",-3,"2026-05-16","Adults","quantile","0.5",161
"newGBQR","2026-06-06",-3,"2026-05-16","Adults","quantile","0.55",161
"newGBQR","2026-06-06",-3,"2026-05-16","Adults","quantile","0.6",164
"newGBQR","2026-06-06",-3,"2026-05-16","Adults","quantile","0.65",166
"newGBQR","2026-06-06",-3,"2026-05-16","Adults","quantile","0.7",168
"newGBQR","2026-06-06",-3,"2026-05-16","Adults","quantile","0.75",169
"newGBQR","2026-06-06",-3,"2026-05-16","Adults","quantile","0.8",173
"newGBQR","2026-06-06",-3,"2026-05-16","Adults","quantile","0.85",173
"newGBQR","2026-06-06",-3,"2026-05-16","Adults","quantile","0.9",189
"newGBQR","2026-06-06",-3,"2026-05-16","Adults","quantile","0.95",240
"newGBQR","2026-06-06",-3,"2026-05-16","Adults","quantile","0.975",311
"newGBQR","2026-06-06",-3,"2026-05-16","Adults","quantile","0.99",386
"newGBQR","2026-06-06",-2,"2026-05-23","Adults","quantile","0.01",22
"newGBQR","2026-06-06",-2,"2026-05-23","Adults","quantile","0.025",66
"newGBQR","2026-06-06",-2,"2026-05-23","Adults","quantile","0.05",92
"newGBQR","2026-06-06",-2,"2026-05-23","Adults","quantile","0.1",111
"newGBQR","2026-06-06",-2,"2026-05-23","Adults","quantile","0.15",127
"newGBQR","2026-06-06",-2,"2026-05-23","Adults","quantile","0.2",138
"newGBQR","2026-06-06",-2,"2026-05-23","Adults","quantile","0.25",152
"newGBQR","2026-06-06",-2,"2026-05-23","Adults","quantile","0.3",163
"newGBQR","2026-06-06",-2,"2026-05-23","Adults","quantile","0.35",171
"newGBQR","2026-06-06",-2,"2026-05-23","Adults","quantile","0.4",176
"newGBQR","2026-06-06",-2,"2026-05-23","Adults","quantile","0.45",185
"newGBQR","2026-06-06",-2,"2026-05-23","Adults","quantile","0.5",196
"newGBQR","2026-06-06",-2,"2026-05-23","Adults","quantile","0.55",204
"newGBQR","2026-06-06",-2,"2026-05-23","Adults","quantile","0.6",209
"newGBQR","2026-06-06",-2,"2026-05-23","Adults","quantile","0.65",218
"newGBQR","2026-06-06",-2,"2026-05-23","Adults","quantile","0.7",230
"newGBQR","2026-06-06",-2,"2026-05-23","Adults","quantile","0.75",231
"newGBQR","2026-06-06",-2,"2026-05-23","Adults","quantile","0.8",236
"newGBQR","2026-06-06",-2,"2026-05-23","Adults","quantile","0.85",245
"newGBQR","2026-06-06",-2,"2026-05-23","Adults","quantile","0.9",250
"newGBQR","2026-06-06",-2,"2026-05-23","Adults","quantile","0.95",289
"newGBQR","2026-06-06",-2,"2026-05-23","Adults","quantile","0.975",328
"newGBQR","2026-06-06",-2,"2026-05-23","Adults","quantile","0.99",403
"newGBQR","2026-06-06",-1,"2026-05-30","Adults","quantile","0.01",22
"newGBQR","2026-06-06",-1,"2026-05-30","Adults","quantile","0.025",66
"newGBQR","2026-06-06",-1,"2026-05-30","Adults","quantile","0.05",92
"newGBQR","2026-06-06",-1,"2026-05-30","Adults","quantile","0.1",114
"newGBQR","2026-06-06",-1,"2026-05-30","Adults","quantile","0.15",131
"newGBQR","2026-06-06",-1,"2026-05-30","Adults","quantile","0.2",144
"newGBQR","2026-06-06",-1,"2026-05-30","Adults","quantile","0.25",159
"newGBQR","2026-06-06",-1,"2026-05-30","Adults","quantile","0.3",178
"newGBQR","2026-06-06",-1,"2026-05-30","Adults","quantile","0.35",187
"newGBQR","2026-06-06",-1,"2026-05-30","Adults","quantile","0.4",197
"newGBQR","2026-06-06",-1,"2026-05-30","Adults","quantile","0.45",210
"newGBQR","2026-06-06",-1,"2026-05-30","Adults","quantile","0.5",217
"newGBQR","2026-06-06",-1,"2026-05-30","Adults","quantile","0.55",230
"newGBQR","2026-06-06",-1,"2026-05-30","Adults","quantile","0.6",245
"newGBQR","2026-06-06",-1,"2026-05-30","Adults","quantile","0.65",260
"newGBQR","2026-06-06",-1,"2026-05-30","Adults","quantile","0.7",276
"newGBQR","2026-06-06",-1,"2026-05-30","Adults","quantile","0.75",279
"newGBQR","2026-06-06",-1,"2026-05-30","Adults","quantile","0.8",302
"newGBQR","2026-06-06",-1,"2026-05-30","Adults","quantile","0.85",345
"newGBQR","2026-06-06",-1,"2026-05-30","Adults","quantile","0.9",351
"newGBQR","2026-06-06",-1,"2026-05-30","Adults","quantile","0.95",367
"newGBQR","2026-06-06",-1,"2026-05-30","Adults","quantile","0.975",387
"newGBQR","2026-06-06",-1,"2026-05-30","Adults","quantile","0.99",444
"newGBQR","2026-06-06",0,"2026-06-06","Adults","quantile","0.01",21
"newGBQR","2026-06-06",0,"2026-06-06","Adults","quantile","0.025",66
"newGBQR","2026-06-06",0,"2026-06-06","Adults","quantile","0.05",92
"newGBQR","2026-06-06",0,"2026-06-06","Adults","quantile","0.1",115
"newGBQR","2026-06-06",0,"2026-06-06","Adults","quantile","0.15",134
"newGBQR","2026-06-06",0,"2026-06-06","Adults","quantile","0.2",148
"newGBQR","2026-06-06",0,"2026-06-06","Adults","quantile","0.25",166
"newGBQR","2026-06-06",0,"2026-06-06","Adults","quantile","0.3",182
"newGBQR","2026-06-06",0,"2026-06-06","Adults","quantile","0.35",196
"newGBQR","2026-06-06",0,"2026-06-06","Adults","quantile","0.4",206
"newGBQR","2026-06-06",0,"2026-06-06","Adults","quantile","0.45",220
"newGBQR","2026-06-06",0,"2026-06-06","Adults","quantile","0.5",229
"newGBQR","2026-06-06",0,"2026-06-06","Adults","quantile","0.55",244
"newGBQR","2026-06-06",0,"2026-06-06","Adults","quantile","0.6",254
"newGBQR","2026-06-06",0,"2026-06-06","Adults","quantile","0.65",280
"newGBQR","2026-06-06",0,"2026-06-06","Adults","quantile","0.7",302
"newGBQR","2026-06-06",0,"2026-06-06","Adults","quantile","0.75",320
"newGBQR","2026-06-06",0,"2026-06-06","Adults","quantile","0.8",355
"newGBQR","2026-06-06",0,"2026-06-06","Adults","quantile","0.85",382
"newGBQR","2026-06-06",0,"2026-06-06","Adults","quantile","0.9",420
"newGBQR","2026-06-06",0,"2026-06-06","Adults","quantile","0.95",454
"newGBQR","2026-06-06",0,"2026-06-06","Adults","quantile","0.975",464
"newGBQR","2026-06-06",0,"2026-06-06","Adults","quantile","0.99",473
"newGBQR","2026-06-06",1,"2026-06-13","Adults","quantile","0.01",21
"newGBQR","2026-06-06",1,"2026-06-13","Adults","quantile","0.025",65
"newGBQR","2026-06-06",1,"2026-06-13","Adults","quantile","0.05",92
"newGBQR","2026-06-06",1,"2026-06-13","Adults","quantile","0.1",115
"newGBQR","2026-06-06",1,"2026-06-13","Adults","quantile","0.15",134
"newGBQR","2026-06-06",1,"2026-06-13","Adults","quantile","0.2",148
"newGBQR","2026-06-06",1,"2026-06-13","Adults","quantile","0.25",168
"newGBQR","2026-06-06",1,"2026-06-13","Adults","quantile","0.3",183
"newGBQR","2026-06-06",1,"2026-06-13","Adults","quantile","0.35",197
"newGBQR","2026-06-06",1,"2026-06-13","Adults","quantile","0.4",210
"newGBQR","2026-06-06",1,"2026-06-13","Adults","quantile","0.45",231
"newGBQR","2026-06-06",1,"2026-06-13","Adults","quantile","0.5",239
"newGBQR","2026-06-06",1,"2026-06-13","Adults","quantile","0.55",253
"newGBQR","2026-06-06",1,"2026-06-13","Adults","quantile","0.6",264
"newGBQR","2026-06-06",1,"2026-06-13","Adults","quantile","0.65",285
"newGBQR","2026-06-06",1,"2026-06-13","Adults","quantile","0.7",310
"newGBQR","2026-06-06",1,"2026-06-13","Adults","quantile","0.75",340
"newGBQR","2026-06-06",1,"2026-06-13","Adults","quantile","0.8",364
"newGBQR","2026-06-06",1,"2026-06-13","Adults","quantile","0.85",385
"newGBQR","2026-06-06",1,"2026-06-13","Adults","quantile","0.9",437
"newGBQR","2026-06-06",1,"2026-06-13","Adults","quantile","0.95",487
"newGBQR","2026-06-06",1,"2026-06-13","Adults","quantile","0.975",519
"newGBQR","2026-06-06",1,"2026-06-13","Adults","quantile","0.99",523
"newGBQR","2026-06-06",2,"2026-06-20","Adults","quantile","0.01",19
"newGBQR","2026-06-06",2,"2026-06-20","Adults","quantile","0.025",65
"newGBQR","2026-06-06",2,"2026-06-20","Adults","quantile","0.05",92
"newGBQR","2026-06-06",2,"2026-06-20","Adults","quantile","0.1",116
"newGBQR","2026-06-06",2,"2026-06-20","Adults","quantile","0.15",133
"newGBQR","2026-06-06",2,"2026-06-20","Adults","quantile","0.2",150
"newGBQR","2026-06-06",2,"2026-06-20","Adults","quantile","0.25",169
"newGBQR","2026-06-06",2,"2026-06-20","Adults","quantile","0.3",186
"newGBQR","2026-06-06",2,"2026-06-20","Adults","quantile","0.35",198
"newGBQR","2026-06-06",2,"2026-06-20","Adults","quantile","0.4",215
"newGBQR","2026-06-06",2,"2026-06-20","Adults","quantile","0.45",235
"newGBQR","2026-06-06",2,"2026-06-20","Adults","quantile","0.5",245
"newGBQR","2026-06-06",2,"2026-06-20","Adults","quantile","0.55",261
"newGBQR","2026-06-06",2,"2026-06-20","Adults","quantile","0.6",277
"newGBQR","2026-06-06",2,"2026-06-20","Adults","quantile","0.65",297
"newGBQR","2026-06-06",2,"2026-06-20","Adults","quantile","0.7",327
"newGBQR","2026-06-06",2,"2026-06-20","Adults","quantile","0.75",337
"newGBQR","2026-06-06",2,"2026-06-20","Adults","quantile","0.8",367
"newGBQR","2026-06-06",2,"2026-06-20","Adults","quantile","0.85",392
"newGBQR","2026-06-06",2,"2026-06-20","Adults","quantile","0.9",448
"newGBQR","2026-06-06",2,"2026-06-20","Adults","quantile","0.95",498
"newGBQR","2026-06-06",2,"2026-06-20","Adults","quantile","0.975",519
"newGBQR","2026-06-06",2,"2026-06-20","Adults","quantile","0.99",524
"newGBQR","2026-06-06",3,"2026-06-27","Adults","quantile","0.01",18
"newGBQR","2026-06-06",3,"2026-06-27","Adults","quantile","0.025",64
"newGBQR","2026-06-06",3,"2026-06-27","Adults","quantile","0.05",93
"newGBQR","2026-06-06",3,"2026-06-27","Adults","quantile","0.1",116
"newGBQR","2026-06-06",3,"2026-06-27","Adults","quantile","0.15",133
"newGBQR","2026-06-06",3,"2026-06-27","Adults","quantile","0.2",151
"newGBQR","2026-06-06",3,"2026-06-27","Adults","quantile","0.25",170
"newGBQR","2026-06-06",3,"2026-06-27","Adults","quantile","0.3",184
"newGBQR","2026-06-06",3,"2026-06-27","Adults","quantile","0.35",199
"newGBQR","2026-06-06",3,"2026-06-27","Adults","quantile","0.4",217
"newGBQR","2026-06-06",3,"2026-06-27","Adults","quantile","0.45",241
"newGBQR","2026-06-06",3,"2026-06-27","Adults","quantile","0.5",251
"newGBQR","2026-06-06",3,"2026-06-27","Adults","quantile","0.55",284
"newGBQR","2026-06-06",3,"2026-06-27","Adults","quantile","0.6",307
"newGBQR","2026-06-06",3,"2026-06-27","Adults","quantile","0.65",310
"newGBQR","2026-06-06",3,"2026-06-27","Adults","quantile","0.7",346
"newGBQR","2026-06-06",3,"2026-06-27","Adults","quantile","0.75",355
"newGBQR","2026-06-06",3,"2026-06-27","Adults","quantile","0.8",382
"newGBQR","2026-06-06",3,"2026-06-27","Adults","quantile","0.85",401
"newGBQR","2026-06-06",3,"2026-06-27","Adults","quantile","0.9",454
"newGBQR","2026-06-06",3,"2026-06-27","Adults","quantile","0.95",496
"newGBQR","2026-06-06",3,"2026-06-27","Adults","quantile","0.975",528
"newGBQR","2026-06-06",3,"2026-06-27","Adults","quantile","0.99",540
"newGBQR","2026-06-06",-4,"2026-05-09","Overall","quantile","0.01",147
"newGBQR","2026-06-06",-4,"2026-05-09","Overall","quantile","0.025",224
"newGBQR","2026-06-06",-4,"2026-05-09","Overall","quantile","0.05",266
"newGBQR","2026-06-06",-4,"2026-05-09","Overall","quantile","0.1",296
"newGBQR","2026-06-06",-4,"2026-05-09","Overall","quantile","0.15",316
"newGBQR","2026-06-06",-4,"2026-05-09","Overall","quantile","0.2",330
"newGBQR","2026-06-06",-4,"2026-05-09","Overall","quantile","0.25",334
"newGBQR","2026-06-06",-4,"2026-05-09","Overall","quantile","0.3",342
"newGBQR","2026-06-06",-4,"2026-05-09","Overall","quantile","0.35",347
"newGBQR","2026-06-06",-4,"2026-05-09","Overall","quantile","0.4",350
"newGBQR","2026-06-06",-4,"2026-05-09","Overall","quantile","0.45",357
"newGBQR","2026-06-06",-4,"2026-05-09","Overall","quantile","0.5",367
"newGBQR","2026-06-06",-4,"2026-05-09","Overall","quantile","0.55",371
"newGBQR","2026-06-06",-4,"2026-05-09","Overall","quantile","0.6",375
"newGBQR","2026-06-06",-4,"2026-05-09","Overall","quantile","0.65",378
"newGBQR","2026-06-06",-4,"2026-05-09","Overall","quantile","0.7",380
"newGBQR","2026-06-06",-4,"2026-05-09","Overall","quantile","0.75",390
"newGBQR","2026-06-06",-4,"2026-05-09","Overall","quantile","0.8",393
"newGBQR","2026-06-06",-4,"2026-05-09","Overall","quantile","0.85",401
"newGBQR","2026-06-06",-4,"2026-05-09","Overall","quantile","0.9",436
"newGBQR","2026-06-06",-4,"2026-05-09","Overall","quantile","0.95",514
"newGBQR","2026-06-06",-4,"2026-05-09","Overall","quantile","0.975",606
"newGBQR","2026-06-06",-4,"2026-05-09","Overall","quantile","0.99",735
"newGBQR","2026-06-06",-3,"2026-05-16","Overall","quantile","0.01",147
"newGBQR","2026-06-06",-3,"2026-05-16","Overall","quantile","0.025",224
"newGBQR","2026-06-06",-3,"2026-05-16","Overall","quantile","0.05",265
"newGBQR","2026-06-06",-3,"2026-05-16","Overall","quantile","0.1",297
"newGBQR","2026-06-06",-3,"2026-05-16","Overall","quantile","0.15",319
"newGBQR","2026-06-06",-3,"2026-05-16","Overall","quantile","0.2",335
"newGBQR","2026-06-06",-3,"2026-05-16","Overall","quantile","0.25",349
"newGBQR","2026-06-06",-3,"2026-05-16","Overall","quantile","0.3",356
"newGBQR","2026-06-06",-3,"2026-05-16","Overall","quantile","0.35",367
"newGBQR","2026-06-06",-3,"2026-05-16","Overall","quantile","0.4",375
"newGBQR","2026-06-06",-3,"2026-05-16","Overall","quantile","0.45",381
"newGBQR","2026-06-06",-3,"2026-05-16","Overall","quantile","0.5",391
"newGBQR","2026-06-06",-3,"2026-05-16","Overall","quantile","0.55",398
"newGBQR","2026-06-06",-3,"2026-05-16","Overall","quantile","0.6",401
"newGBQR","2026-06-06",-3,"2026-05-16","Overall","quantile","0.65",403
"newGBQR","2026-06-06",-3,"2026-05-16","Overall","quantile","0.7",407
"newGBQR","2026-06-06",-3,"2026-05-16","Overall","quantile","0.75",413
"newGBQR","2026-06-06",-3,"2026-05-16","Overall","quantile","0.8",419
"newGBQR","2026-06-06",-3,"2026-05-16","Overall","quantile","0.85",420
"newGBQR","2026-06-06",-3,"2026-05-16","Overall","quantile","0.9",445
"newGBQR","2026-06-06",-3,"2026-05-16","Overall","quantile","0.95",517
"newGBQR","2026-06-06",-3,"2026-05-16","Overall","quantile","0.975",608
"newGBQR","2026-06-06",-3,"2026-05-16","Overall","quantile","0.99",743
"newGBQR","2026-06-06",-2,"2026-05-23","Overall","quantile","0.01",147
"newGBQR","2026-06-06",-2,"2026-05-23","Overall","quantile","0.025",224
"newGBQR","2026-06-06",-2,"2026-05-23","Overall","quantile","0.05",265
"newGBQR","2026-06-06",-2,"2026-05-23","Overall","quantile","0.1",299
"newGBQR","2026-06-06",-2,"2026-05-23","Overall","quantile","0.15",324
"newGBQR","2026-06-06",-2,"2026-05-23","Overall","quantile","0.2",342
"newGBQR","2026-06-06",-2,"2026-05-23","Overall","quantile","0.25",361
"newGBQR","2026-06-06",-2,"2026-05-23","Overall","quantile","0.3",373
"newGBQR","2026-06-06",-2,"2026-05-23","Overall","quantile","0.35",389
"newGBQR","2026-06-06",-2,"2026-05-23","Overall","quantile","0.4",405
"newGBQR","2026-06-06",-2,"2026-05-23","Overall","quantile","0.45",417
"newGBQR","2026-06-06",-2,"2026-05-23","Overall","quantile","0.5",436
"newGBQR","2026-06-06",-2,"2026-05-23","Overall","quantile","0.55",444
"newGBQR","2026-06-06",-2,"2026-05-23","Overall","quantile","0.6",454
"newGBQR","2026-06-06",-2,"2026-05-23","Overall","quantile","0.65",455
"newGBQR","2026-06-06",-2,"2026-05-23","Overall","quantile","0.7",457
"newGBQR","2026-06-06",-2,"2026-05-23","Overall","quantile","0.75",468
"newGBQR","2026-06-06",-2,"2026-05-23","Overall","quantile","0.8",474
"newGBQR","2026-06-06",-2,"2026-05-23","Overall","quantile","0.85",478
"newGBQR","2026-06-06",-2,"2026-05-23","Overall","quantile","0.9",483
"newGBQR","2026-06-06",-2,"2026-05-23","Overall","quantile","0.95",542
"newGBQR","2026-06-06",-2,"2026-05-23","Overall","quantile","0.975",620
"newGBQR","2026-06-06",-2,"2026-05-23","Overall","quantile","0.99",757
"newGBQR","2026-06-06",-1,"2026-05-30","Overall","quantile","0.01",147
"newGBQR","2026-06-06",-1,"2026-05-30","Overall","quantile","0.025",224
"newGBQR","2026-06-06",-1,"2026-05-30","Overall","quantile","0.05",266
"newGBQR","2026-06-06",-1,"2026-05-30","Overall","quantile","0.1",303
"newGBQR","2026-06-06",-1,"2026-05-30","Overall","quantile","0.15",334
"newGBQR","2026-06-06",-1,"2026-05-30","Overall","quantile","0.2",356
"newGBQR","2026-06-06",-1,"2026-05-30","Overall","quantile","0.25",379
"newGBQR","2026-06-06",-1,"2026-05-30","Overall","quantile","0.3",408
"newGBQR","2026-06-06",-1,"2026-05-30","Overall","quantile","0.35",430
"newGBQR","2026-06-06",-1,"2026-05-30","Overall","quantile","0.4",438
"newGBQR","2026-06-06",-1,"2026-05-30","Overall","quantile","0.45",467
"newGBQR","2026-06-06",-1,"2026-05-30","Overall","quantile","0.5",489
"newGBQR","2026-06-06",-1,"2026-05-30","Overall","quantile","0.55",510
"newGBQR","2026-06-06",-1,"2026-05-30","Overall","quantile","0.6",531
"newGBQR","2026-06-06",-1,"2026-05-30","Overall","quantile","0.65",555
"newGBQR","2026-06-06",-1,"2026-05-30","Overall","quantile","0.7",558
"newGBQR","2026-06-06",-1,"2026-05-30","Overall","quantile","0.75",575
"newGBQR","2026-06-06",-1,"2026-05-30","Overall","quantile","0.8",587
"newGBQR","2026-06-06",-1,"2026-05-30","Overall","quantile","0.85",597
"newGBQR","2026-06-06",-1,"2026-05-30","Overall","quantile","0.9",619
"newGBQR","2026-06-06",-1,"2026-05-30","Overall","quantile","0.95",629
"newGBQR","2026-06-06",-1,"2026-05-30","Overall","quantile","0.975",663
"newGBQR","2026-06-06",-1,"2026-05-30","Overall","quantile","0.99",768
"newGBQR","2026-06-06",0,"2026-06-06","Overall","quantile","0.01",147
"newGBQR","2026-06-06",0,"2026-06-06","Overall","quantile","0.025",222
"newGBQR","2026-06-06",0,"2026-06-06","Overall","quantile","0.05",266
"newGBQR","2026-06-06",0,"2026-06-06","Overall","quantile","0.1",305
"newGBQR","2026-06-06",0,"2026-06-06","Overall","quantile","0.15",337
"newGBQR","2026-06-06",0,"2026-06-06","Overall","quantile","0.2",362
"newGBQR","2026-06-06",0,"2026-06-06","Overall","quantile","0.25",391
"newGBQR","2026-06-06",0,"2026-06-06","Overall","quantile","0.3",417
"newGBQR","2026-06-06",0,"2026-06-06","Overall","quantile","0.35",442
"newGBQR","2026-06-06",0,"2026-06-06","Overall","quantile","0.4",467
"newGBQR","2026-06-06",0,"2026-06-06","Overall","quantile","0.45",494
"newGBQR","2026-06-06",0,"2026-06-06","Overall","quantile","0.5",528
"newGBQR","2026-06-06",0,"2026-06-06","Overall","quantile","0.55",554
"newGBQR","2026-06-06",0,"2026-06-06","Overall","quantile","0.6",607
"newGBQR","2026-06-06",0,"2026-06-06","Overall","quantile","0.65",652
"newGBQR","2026-06-06",0,"2026-06-06","Overall","quantile","0.7",683
"newGBQR","2026-06-06",0,"2026-06-06","Overall","quantile","0.75",705
"newGBQR","2026-06-06",0,"2026-06-06","Overall","quantile","0.8",705
"newGBQR","2026-06-06",0,"2026-06-06","Overall","quantile","0.85",706
"newGBQR","2026-06-06",0,"2026-06-06","Overall","quantile","0.9",715
"newGBQR","2026-06-06",0,"2026-06-06","Overall","quantile","0.95",747
"newGBQR","2026-06-06",0,"2026-06-06","Overall","quantile","0.975",756
"newGBQR","2026-06-06",0,"2026-06-06","Overall","quantile","0.99",781
"newGBQR","2026-06-06",1,"2026-06-13","Overall","quantile","0.01",147
"newGBQR","2026-06-06",1,"2026-06-13","Overall","quantile","0.025",222
"newGBQR","2026-06-06",1,"2026-06-13","Overall","quantile","0.05",266
"newGBQR","2026-06-06",1,"2026-06-13","Overall","quantile","0.1",305
"newGBQR","2026-06-06",1,"2026-06-13","Overall","quantile","0.15",337
"newGBQR","2026-06-06",1,"2026-06-13","Overall","quantile","0.2",365
"newGBQR","2026-06-06",1,"2026-06-13","Overall","quantile","0.25",396
"newGBQR","2026-06-06",1,"2026-06-13","Overall","quantile","0.3",425
"newGBQR","2026-06-06",1,"2026-06-13","Overall","quantile","0.35",450
"newGBQR","2026-06-06",1,"2026-06-13","Overall","quantile","0.4",477
"newGBQR","2026-06-06",1,"2026-06-13","Overall","quantile","0.45",514
"newGBQR","2026-06-06",1,"2026-06-13","Overall","quantile","0.5",549
"newGBQR","2026-06-06",1,"2026-06-13","Overall","quantile","0.55",595
"newGBQR","2026-06-06",1,"2026-06-13","Overall","quantile","0.6",634
"newGBQR","2026-06-06",1,"2026-06-13","Overall","quantile","0.65",679
"newGBQR","2026-06-06",1,"2026-06-13","Overall","quantile","0.7",723
"newGBQR","2026-06-06",1,"2026-06-13","Overall","quantile","0.75",769
"newGBQR","2026-06-06",1,"2026-06-13","Overall","quantile","0.8",792
"newGBQR","2026-06-06",1,"2026-06-13","Overall","quantile","0.85",812
"newGBQR","2026-06-06",1,"2026-06-13","Overall","quantile","0.9",819
"newGBQR","2026-06-06",1,"2026-06-13","Overall","quantile","0.95",821
"newGBQR","2026-06-06",1,"2026-06-13","Overall","quantile","0.975",823
"newGBQR","2026-06-06",1,"2026-06-13","Overall","quantile","0.99",826
"newGBQR","2026-06-06",2,"2026-06-20","Overall","quantile","0.01",143
"newGBQR","2026-06-06",2,"2026-06-20","Overall","quantile","0.025",221
"newGBQR","2026-06-06",2,"2026-06-20","Overall","quantile","0.05",266
"newGBQR","2026-06-06",2,"2026-06-20","Overall","quantile","0.1",305
"newGBQR","2026-06-06",2,"2026-06-20","Overall","quantile","0.15",338
"newGBQR","2026-06-06",2,"2026-06-20","Overall","quantile","0.2",365
"newGBQR","2026-06-06",2,"2026-06-20","Overall","quantile","0.25",400
"newGBQR","2026-06-06",2,"2026-06-20","Overall","quantile","0.3",429
"newGBQR","2026-06-06",2,"2026-06-20","Overall","quantile","0.35",456
"newGBQR","2026-06-06",2,"2026-06-20","Overall","quantile","0.4",490
"newGBQR","2026-06-06",2,"2026-06-20","Overall","quantile","0.45",532
"newGBQR","2026-06-06",2,"2026-06-20","Overall","quantile","0.5",562
"newGBQR","2026-06-06",2,"2026-06-20","Overall","quantile","0.55",613
"newGBQR","2026-06-06",2,"2026-06-20","Overall","quantile","0.6",668
"newGBQR","2026-06-06",2,"2026-06-20","Overall","quantile","0.65",703
"newGBQR","2026-06-06",2,"2026-06-20","Overall","quantile","0.7",745
"newGBQR","2026-06-06",2,"2026-06-20","Overall","quantile","0.75",759
"newGBQR","2026-06-06",2,"2026-06-20","Overall","quantile","0.8",796
"newGBQR","2026-06-06",2,"2026-06-20","Overall","quantile","0.85",814
"newGBQR","2026-06-06",2,"2026-06-20","Overall","quantile","0.9",845
"newGBQR","2026-06-06",2,"2026-06-20","Overall","quantile","0.95",854
"newGBQR","2026-06-06",2,"2026-06-20","Overall","quantile","0.975",860
"newGBQR","2026-06-06",2,"2026-06-20","Overall","quantile","0.99",886
"newGBQR","2026-06-06",3,"2026-06-27","Overall","quantile","0.01",141
"newGBQR","2026-06-06",3,"2026-06-27","Overall","quantile","0.025",221
"newGBQR","2026-06-06",3,"2026-06-27","Overall","quantile","0.05",267
"newGBQR","2026-06-06",3,"2026-06-27","Overall","quantile","0.1",307
"newGBQR","2026-06-06",3,"2026-06-27","Overall","quantile","0.15",338
"newGBQR","2026-06-06",3,"2026-06-27","Overall","quantile","0.2",367
"newGBQR","2026-06-06",3,"2026-06-27","Overall","quantile","0.25",401
"newGBQR","2026-06-06",3,"2026-06-27","Overall","quantile","0.3",432
"newGBQR","2026-06-06",3,"2026-06-27","Overall","quantile","0.35",460
"newGBQR","2026-06-06",3,"2026-06-27","Overall","quantile","0.4",495
"newGBQR","2026-06-06",3,"2026-06-27","Overall","quantile","0.45",542
"newGBQR","2026-06-06",3,"2026-06-27","Overall","quantile","0.5",566
"newGBQR","2026-06-06",3,"2026-06-27","Overall","quantile","0.55",620
"newGBQR","2026-06-06",3,"2026-06-27","Overall","quantile","0.6",691
"newGBQR","2026-06-06",3,"2026-06-27","Overall","quantile","0.65",729
"newGBQR","2026-06-06",3,"2026-06-27","Overall","quantile","0.7",765
"newGBQR","2026-06-06",3,"2026-06-27","Overall","quantile","0.75",784
"newGBQR","2026-06-06",3,"2026-06-27","Overall","quantile","0.8",814
"newGBQR","2026-06-06",3,"2026-06-27","Overall","quantile","0.85",814
"newGBQR","2026-06-06",3,"2026-06-27","Overall","quantile","0.9",846
"newGBQR","2026-06-06",3,"2026-06-27","Overall","quantile","0.95",858
"newGBQR","2026-06-06",3,"2026-06-27","Overall","quantile","0.975",882
"newGBQR","2026-06-06",3,"2026-06-27","Overall","quantile","0.99",904
"newGBQR","2026-06-06",-4,"2026-05-09","Pediatrics","quantile","0.01",80
"newGBQR","2026-06-06",-4,"2026-05-09","Pediatrics","quantile","0.025",133
"newGBQR","2026-06-06",-4,"2026-05-09","Pediatrics","quantile","0.05",161
"newGBQR","2026-06-06",-4,"2026-05-09","Pediatrics","quantile","0.1",180
"newGBQR","2026-06-06",-4,"2026-05-09","Pediatrics","quantile","0.15",196
"newGBQR","2026-06-06",-4,"2026-05-09","Pediatrics","quantile","0.2",209
"newGBQR","2026-06-06",-4,"2026-05-09","Pediatrics","quantile","0.25",216
"newGBQR","2026-06-06",-4,"2026-05-09","Pediatrics","quantile","0.3",222
"newGBQR","2026-06-06",-4,"2026-05-09","Pediatrics","quantile","0.35",225
"newGBQR","2026-06-06",-4,"2026-05-09","Pediatrics","quantile","0.4",228
"newGBQR","2026-06-06",-4,"2026-05-09","Pediatrics","quantile","0.45",229
"newGBQR","2026-06-06",-4,"2026-05-09","Pediatrics","quantile","0.5",235
"newGBQR","2026-06-06",-4,"2026-05-09","Pediatrics","quantile","0.55",238
"newGBQR","2026-06-06",-4,"2026-05-09","Pediatrics","quantile","0.6",244
"newGBQR","2026-06-06",-4,"2026-05-09","Pediatrics","quantile","0.65",245
"newGBQR","2026-06-06",-4,"2026-05-09","Pediatrics","quantile","0.7",246
"newGBQR","2026-06-06",-4,"2026-05-09","Pediatrics","quantile","0.75",252
"newGBQR","2026-06-06",-4,"2026-05-09","Pediatrics","quantile","0.8",255
"newGBQR","2026-06-06",-4,"2026-05-09","Pediatrics","quantile","0.85",263
"newGBQR","2026-06-06",-4,"2026-05-09","Pediatrics","quantile","0.9",286
"newGBQR","2026-06-06",-4,"2026-05-09","Pediatrics","quantile","0.95",328
"newGBQR","2026-06-06",-4,"2026-05-09","Pediatrics","quantile","0.975",386
"newGBQR","2026-06-06",-4,"2026-05-09","Pediatrics","quantile","0.99",458
"newGBQR","2026-06-06",-3,"2026-05-16","Pediatrics","quantile","0.01",80
"newGBQR","2026-06-06",-3,"2026-05-16","Pediatrics","quantile","0.025",133
"newGBQR","2026-06-06",-3,"2026-05-16","Pediatrics","quantile","0.05",159
"newGBQR","2026-06-06",-3,"2026-05-16","Pediatrics","quantile","0.1",179
"newGBQR","2026-06-06",-3,"2026-05-16","Pediatrics","quantile","0.15",197
"newGBQR","2026-06-06",-3,"2026-05-16","Pediatrics","quantile","0.2",213
"newGBQR","2026-06-06",-3,"2026-05-16","Pediatrics","quantile","0.25",223
"newGBQR","2026-06-06",-3,"2026-05-16","Pediatrics","quantile","0.3",237
"newGBQR","2026-06-06",-3,"2026-05-16","Pediatrics","quantile","0.35",241
"newGBQR","2026-06-06",-3,"2026-05-16","Pediatrics","quantile","0.4",246
"newGBQR","2026-06-06",-3,"2026-05-16","Pediatrics","quantile","0.45",253
"newGBQR","2026-06-06",-3,"2026-05-16","Pediatrics","quantile","0.5",264
"newGBQR","2026-06-06",-3,"2026-05-16","Pediatrics","quantile","0.55",265
"newGBQR","2026-06-06",-3,"2026-05-16","Pediatrics","quantile","0.6",276
"newGBQR","2026-06-06",-3,"2026-05-16","Pediatrics","quantile","0.65",285
"newGBQR","2026-06-06",-3,"2026-05-16","Pediatrics","quantile","0.7",286
"newGBQR","2026-06-06",-3,"2026-05-16","Pediatrics","quantile","0.75",287
"newGBQR","2026-06-06",-3,"2026-05-16","Pediatrics","quantile","0.8",299
"newGBQR","2026-06-06",-3,"2026-05-16","Pediatrics","quantile","0.85",308
"newGBQR","2026-06-06",-3,"2026-05-16","Pediatrics","quantile","0.9",310
"newGBQR","2026-06-06",-3,"2026-05-16","Pediatrics","quantile","0.95",341
"newGBQR","2026-06-06",-3,"2026-05-16","Pediatrics","quantile","0.975",392
"newGBQR","2026-06-06",-3,"2026-05-16","Pediatrics","quantile","0.99",458
"newGBQR","2026-06-06",-2,"2026-05-23","Pediatrics","quantile","0.01",80
"newGBQR","2026-06-06",-2,"2026-05-23","Pediatrics","quantile","0.025",133
"newGBQR","2026-06-06",-2,"2026-05-23","Pediatrics","quantile","0.05",158
"newGBQR","2026-06-06",-2,"2026-05-23","Pediatrics","quantile","0.1",179
"newGBQR","2026-06-06",-2,"2026-05-23","Pediatrics","quantile","0.15",200
"newGBQR","2026-06-06",-2,"2026-05-23","Pediatrics","quantile","0.2",215
"newGBQR","2026-06-06",-2,"2026-05-23","Pediatrics","quantile","0.25",230
"newGBQR","2026-06-06",-2,"2026-05-23","Pediatrics","quantile","0.3",244
"newGBQR","2026-06-06",-2,"2026-05-23","Pediatrics","quantile","0.35",254
"newGBQR","2026-06-06",-2,"2026-05-23","Pediatrics","quantile","0.4",265
"newGBQR","2026-06-06",-2,"2026-05-23","Pediatrics","quantile","0.45",275
"newGBQR","2026-06-06",-2,"2026-05-23","Pediatrics","quantile","0.5",286
"newGBQR","2026-06-06",-2,"2026-05-23","Pediatrics","quantile","0.55",299
"newGBQR","2026-06-06",-2,"2026-05-23","Pediatrics","quantile","0.6",310
"newGBQR","2026-06-06",-2,"2026-05-23","Pediatrics","quantile","0.65",325
"newGBQR","2026-06-06",-2,"2026-05-23","Pediatrics","quantile","0.7",335
"newGBQR","2026-06-06",-2,"2026-05-23","Pediatrics","quantile","0.75",339
"newGBQR","2026-06-06",-2,"2026-05-23","Pediatrics","quantile","0.8",349
"newGBQR","2026-06-06",-2,"2026-05-23","Pediatrics","quantile","0.85",368
"newGBQR","2026-06-06",-2,"2026-05-23","Pediatrics","quantile","0.9",379
"newGBQR","2026-06-06",-2,"2026-05-23","Pediatrics","quantile","0.95",389
"newGBQR","2026-06-06",-2,"2026-05-23","Pediatrics","quantile","0.975",424
"newGBQR","2026-06-06",-2,"2026-05-23","Pediatrics","quantile","0.99",461
"newGBQR","2026-06-06",-1,"2026-05-30","Pediatrics","quantile","0.01",80
"newGBQR","2026-06-06",-1,"2026-05-30","Pediatrics","quantile","0.025",132
"newGBQR","2026-06-06",-1,"2026-05-30","Pediatrics","quantile","0.05",158
"newGBQR","2026-06-06",-1,"2026-05-30","Pediatrics","quantile","0.1",182
"newGBQR","2026-06-06",-1,"2026-05-30","Pediatrics","quantile","0.15",202
"newGBQR","2026-06-06",-1,"2026-05-30","Pediatrics","quantile","0.2",218
"newGBQR","2026-06-06",-1,"2026-05-30","Pediatrics","quantile","0.25",232
"newGBQR","2026-06-06",-1,"2026-05-30","Pediatrics","quantile","0.3",250
"newGBQR","2026-06-06",-1,"2026-05-30","Pediatrics","quantile","0.35",262
"newGBQR","2026-06-06",-1,"2026-05-30","Pediatrics","quantile","0.4",277
"newGBQR","2026-06-06",-1,"2026-05-30","Pediatrics","quantile","0.45",293
"newGBQR","2026-06-06",-1,"2026-05-30","Pediatrics","quantile","0.5",309
"newGBQR","2026-06-06",-1,"2026-05-30","Pediatrics","quantile","0.55",326
"newGBQR","2026-06-06",-1,"2026-05-30","Pediatrics","quantile","0.6",336
"newGBQR","2026-06-06",-1,"2026-05-30","Pediatrics","quantile","0.65",356
"newGBQR","2026-06-06",-1,"2026-05-30","Pediatrics","quantile","0.7",367
"newGBQR","2026-06-06",-1,"2026-05-30","Pediatrics","quantile","0.75",377
"newGBQR","2026-06-06",-1,"2026-05-30","Pediatrics","quantile","0.8",387
"newGBQR","2026-06-06",-1,"2026-05-30","Pediatrics","quantile","0.85",420
"newGBQR","2026-06-06",-1,"2026-05-30","Pediatrics","quantile","0.9",435
"newGBQR","2026-06-06",-1,"2026-05-30","Pediatrics","quantile","0.95",450
"newGBQR","2026-06-06",-1,"2026-05-30","Pediatrics","quantile","0.975",481
"newGBQR","2026-06-06",-1,"2026-05-30","Pediatrics","quantile","0.99",490
"newGBQR","2026-06-06",0,"2026-06-06","Pediatrics","quantile","0.01",79
"newGBQR","2026-06-06",0,"2026-06-06","Pediatrics","quantile","0.025",131
"newGBQR","2026-06-06",0,"2026-06-06","Pediatrics","quantile","0.05",158
"newGBQR","2026-06-06",0,"2026-06-06","Pediatrics","quantile","0.1",183
"newGBQR","2026-06-06",0,"2026-06-06","Pediatrics","quantile","0.15",205
"newGBQR","2026-06-06",0,"2026-06-06","Pediatrics","quantile","0.2",218
"newGBQR","2026-06-06",0,"2026-06-06","Pediatrics","quantile","0.25",236
"newGBQR","2026-06-06",0,"2026-06-06","Pediatrics","quantile","0.3",253
"newGBQR","2026-06-06",0,"2026-06-06","Pediatrics","quantile","0.35",271
"newGBQR","2026-06-06",0,"2026-06-06","Pediatrics","quantile","0.4",287
"newGBQR","2026-06-06",0,"2026-06-06","Pediatrics","quantile","0.45",304
"newGBQR","2026-06-06",0,"2026-06-06","Pediatrics","quantile","0.5",321
"newGBQR","2026-06-06",0,"2026-06-06","Pediatrics","quantile","0.55",342
"newGBQR","2026-06-06",0,"2026-06-06","Pediatrics","quantile","0.6",354
"newGBQR","2026-06-06",0,"2026-06-06","Pediatrics","quantile","0.65",377
"newGBQR","2026-06-06",0,"2026-06-06","Pediatrics","quantile","0.7",390
"newGBQR","2026-06-06",0,"2026-06-06","Pediatrics","quantile","0.75",410
"newGBQR","2026-06-06",0,"2026-06-06","Pediatrics","quantile","0.8",423
"newGBQR","2026-06-06",0,"2026-06-06","Pediatrics","quantile","0.85",454
"newGBQR","2026-06-06",0,"2026-06-06","Pediatrics","quantile","0.9",470
"newGBQR","2026-06-06",0,"2026-06-06","Pediatrics","quantile","0.95",475
"newGBQR","2026-06-06",0,"2026-06-06","Pediatrics","quantile","0.975",493
"newGBQR","2026-06-06",0,"2026-06-06","Pediatrics","quantile","0.99",503
"newGBQR","2026-06-06",1,"2026-06-13","Pediatrics","quantile","0.01",79
"newGBQR","2026-06-06",1,"2026-06-13","Pediatrics","quantile","0.025",131
"newGBQR","2026-06-06",1,"2026-06-13","Pediatrics","quantile","0.05",158
"newGBQR","2026-06-06",1,"2026-06-13","Pediatrics","quantile","0.1",183
"newGBQR","2026-06-06",1,"2026-06-13","Pediatrics","quantile","0.15",204
"newGBQR","2026-06-06",1,"2026-06-13","Pediatrics","quantile","0.2",219
"newGBQR","2026-06-06",1,"2026-06-13","Pediatrics","quantile","0.25",238
"newGBQR","2026-06-06",1,"2026-06-13","Pediatrics","quantile","0.3",254
"newGBQR","2026-06-06",1,"2026-06-13","Pediatrics","quantile","0.35",272
"newGBQR","2026-06-06",1,"2026-06-13","Pediatrics","quantile","0.4",290
"newGBQR","2026-06-06",1,"2026-06-13","Pediatrics","quantile","0.45",306
"newGBQR","2026-06-06",1,"2026-06-13","Pediatrics","quantile","0.5",324
"newGBQR","2026-06-06",1,"2026-06-13","Pediatrics","quantile","0.55",345
"newGBQR","2026-06-06",1,"2026-06-13","Pediatrics","quantile","0.6",364
"newGBQR","2026-06-06",1,"2026-06-13","Pediatrics","quantile","0.65",392
"newGBQR","2026-06-06",1,"2026-06-13","Pediatrics","quantile","0.7",407
"newGBQR","2026-06-06",1,"2026-06-13","Pediatrics","quantile","0.75",430
"newGBQR","2026-06-06",1,"2026-06-13","Pediatrics","quantile","0.8",447
"newGBQR","2026-06-06",1,"2026-06-13","Pediatrics","quantile","0.85",470
"newGBQR","2026-06-06",1,"2026-06-13","Pediatrics","quantile","0.9",477
"newGBQR","2026-06-06",1,"2026-06-13","Pediatrics","quantile","0.95",482
"newGBQR","2026-06-06",1,"2026-06-13","Pediatrics","quantile","0.975",495
"newGBQR","2026-06-06",1,"2026-06-13","Pediatrics","quantile","0.99",503
"newGBQR","2026-06-06",2,"2026-06-20","Pediatrics","quantile","0.01",75
"newGBQR","2026-06-06",2,"2026-06-20","Pediatrics","quantile","0.025",130
"newGBQR","2026-06-06",2,"2026-06-20","Pediatrics","quantile","0.05",158
"newGBQR","2026-06-06",2,"2026-06-20","Pediatrics","quantile","0.1",183
"newGBQR","2026-06-06",2,"2026-06-20","Pediatrics","quantile","0.15",205
"newGBQR","2026-06-06",2,"2026-06-20","Pediatrics","quantile","0.2",222
"newGBQR","2026-06-06",2,"2026-06-20","Pediatrics","quantile","0.25",239
"newGBQR","2026-06-06",2,"2026-06-20","Pediatrics","quantile","0.3",257
"newGBQR","2026-06-06",2,"2026-06-20","Pediatrics","quantile","0.35",276
"newGBQR","2026-06-06",2,"2026-06-20","Pediatrics","quantile","0.4",294
"newGBQR","2026-06-06",2,"2026-06-20","Pediatrics","quantile","0.45",310
"newGBQR","2026-06-06",2,"2026-06-20","Pediatrics","quantile","0.5",330
"newGBQR","2026-06-06",2,"2026-06-20","Pediatrics","quantile","0.55",350
"newGBQR","2026-06-06",2,"2026-06-20","Pediatrics","quantile","0.6",373
"newGBQR","2026-06-06",2,"2026-06-20","Pediatrics","quantile","0.65",394
"newGBQR","2026-06-06",2,"2026-06-20","Pediatrics","quantile","0.7",414
"newGBQR","2026-06-06",2,"2026-06-20","Pediatrics","quantile","0.75",436
"newGBQR","2026-06-06",2,"2026-06-20","Pediatrics","quantile","0.8",452
"newGBQR","2026-06-06",2,"2026-06-20","Pediatrics","quantile","0.85",470
"newGBQR","2026-06-06",2,"2026-06-20","Pediatrics","quantile","0.9",476
"newGBQR","2026-06-06",2,"2026-06-20","Pediatrics","quantile","0.95",478
"newGBQR","2026-06-06",2,"2026-06-20","Pediatrics","quantile","0.975",491
"newGBQR","2026-06-06",2,"2026-06-20","Pediatrics","quantile","0.99",500
"newGBQR","2026-06-06",3,"2026-06-27","Pediatrics","quantile","0.01",74
"newGBQR","2026-06-06",3,"2026-06-27","Pediatrics","quantile","0.025",130
"newGBQR","2026-06-06",3,"2026-06-27","Pediatrics","quantile","0.05",158
"newGBQR","2026-06-06",3,"2026-06-27","Pediatrics","quantile","0.1",184
"newGBQR","2026-06-06",3,"2026-06-27","Pediatrics","quantile","0.15",205
"newGBQR","2026-06-06",3,"2026-06-27","Pediatrics","quantile","0.2",223
"newGBQR","2026-06-06",3,"2026-06-27","Pediatrics","quantile","0.25",241
"newGBQR","2026-06-06",3,"2026-06-27","Pediatrics","quantile","0.3",260
"newGBQR","2026-06-06",3,"2026-06-27","Pediatrics","quantile","0.35",276
"newGBQR","2026-06-06",3,"2026-06-27","Pediatrics","quantile","0.4",294
"newGBQR","2026-06-06",3,"2026-06-27","Pediatrics","quantile","0.45",313
"newGBQR","2026-06-06",3,"2026-06-27","Pediatrics","quantile","0.5",332
"newGBQR","2026-06-06",3,"2026-06-27","Pediatrics","quantile","0.55",351
"newGBQR","2026-06-06",3,"2026-06-27","Pediatrics","quantile","0.6",374
"newGBQR","2026-06-06",3,"2026-06-27","Pediatrics","quantile","0.65",396
"newGBQR","2026-06-06",3,"2026-06-27","Pediatrics","quantile","0.7",414
"newGBQR","2026-06-06",3,"2026-06-27","Pediatrics","quantile","0.75",440
"newGBQR","2026-06-06",3,"2026-06-27","Pediatrics","quantile","0.8",459
"newGBQR","2026-06-06",3,"2026-06-27","Pediatrics","quantile","0.85",472
"newGBQR","2026-06-06",3,"2026-06-27","Pediatrics","quantile","0.9",474
"newGBQR","2026-06-06",3,"2026-06-27","Pediatrics","quantile","0.95",479
"newGBQR","2026-06-06",3,"2026-06-27","Pediatrics","quantile","0.975",486
"newGBQR","2026-06-06",3,"2026-06-27","Pediatrics","quantile","0.99",499
"Ensemble","2026-06-06",-4,"2026-05-09","Adults","quantile","0.01",81
"Ensemble","2026-06-06",-4,"2026-05-09","Adults","quantile","0.025",87
"Ensemble","2026-06-06",-4,"2026-05-09","Adults","quantile","0.05",92
"Ensemble","2026-06-06",-4,"2026-05-09","Adults","quantile","0.1",101
"Ensemble","2026-06-06",-4,"2026-05-09","Adults","quantile","0.15",104
"Ensemble","2026-06-06",-4,"2026-05-09","Adults","quantile","0.2",107
"Ensemble","2026-06-06",-4,"2026-05-09","Adults","quantile","0.25",110
"Ensemble","2026-06-06",-4,"2026-05-09","Adults","quantile","0.3",114
"Ensemble","2026-06-06",-4,"2026-05-09","Adults","quantile","0.35",117
"Ensemble","2026-06-06",-4,"2026-05-09","Adults","quantile","0.4",120
"Ensemble","2026-06-06",-4,"2026-05-09","Adults","quantile","0.45",123
"Ensemble","2026-06-06",-4,"2026-05-09","Adults","quantile","0.5",126
"Ensemble","2026-06-06",-4,"2026-05-09","Adults","quantile","0.55",129
"Ensemble","2026-06-06",-4,"2026-05-09","Adults","quantile","0.6",133
"Ensemble","2026-06-06",-4,"2026-05-09","Adults","quantile","0.65",136
"Ensemble","2026-06-06",-4,"2026-05-09","Adults","quantile","0.7",140
"Ensemble","2026-06-06",-4,"2026-05-09","Adults","quantile","0.75",143
"Ensemble","2026-06-06",-4,"2026-05-09","Adults","quantile","0.8",148
"Ensemble","2026-06-06",-4,"2026-05-09","Adults","quantile","0.85",153
"Ensemble","2026-06-06",-4,"2026-05-09","Adults","quantile","0.9",161
"Ensemble","2026-06-06",-4,"2026-05-09","Adults","quantile","0.95",172
"Ensemble","2026-06-06",-4,"2026-05-09","Adults","quantile","0.975",183
"Ensemble","2026-06-06",-4,"2026-05-09","Adults","quantile","0.99",195
"Ensemble","2026-06-06",-4,"2026-05-09","Overall","quantile","0.01",243
"Ensemble","2026-06-06",-4,"2026-05-09","Overall","quantile","0.025",255
"Ensemble","2026-06-06",-4,"2026-05-09","Overall","quantile","0.05",267
"Ensemble","2026-06-06",-4,"2026-05-09","Overall","quantile","0.1",288
"Ensemble","2026-06-06",-4,"2026-05-09","Overall","quantile","0.15",296
"Ensemble","2026-06-06",-4,"2026-05-09","Overall","quantile","0.2",301
"Ensemble","2026-06-06",-4,"2026-05-09","Overall","quantile","0.25",306
"Ensemble","2026-06-06",-4,"2026-05-09","Overall","quantile","0.3",312
"Ensemble","2026-06-06",-4,"2026-05-09","Overall","quantile","0.35",318
"Ensemble","2026-06-06",-4,"2026-05-09","Overall","quantile","0.4",324
"Ensemble","2026-06-06",-4,"2026-05-09","Overall","quantile","0.45",330
"Ensemble","2026-06-06",-4,"2026-05-09","Overall","quantile","0.5",337
"Ensemble","2026-06-06",-4,"2026-05-09","Overall","quantile","0.55",343
"Ensemble","2026-06-06",-4,"2026-05-09","Overall","quantile","0.6",349
"Ensemble","2026-06-06",-4,"2026-05-09","Overall","quantile","0.65",355
"Ensemble","2026-06-06",-4,"2026-05-09","Overall","quantile","0.7",362
"Ensemble","2026-06-06",-4,"2026-05-09","Overall","quantile","0.75",370
"Ensemble","2026-06-06",-4,"2026-05-09","Overall","quantile","0.8",379
"Ensemble","2026-06-06",-4,"2026-05-09","Overall","quantile","0.85",391
"Ensemble","2026-06-06",-4,"2026-05-09","Overall","quantile","0.9",406
"Ensemble","2026-06-06",-4,"2026-05-09","Overall","quantile","0.95",425
"Ensemble","2026-06-06",-4,"2026-05-09","Overall","quantile","0.975",446
"Ensemble","2026-06-06",-4,"2026-05-09","Overall","quantile","0.99",469
"Ensemble","2026-06-06",-4,"2026-05-09","Pediatrics","quantile","0.01",139
"Ensemble","2026-06-06",-4,"2026-05-09","Pediatrics","quantile","0.025",148
"Ensemble","2026-06-06",-4,"2026-05-09","Pediatrics","quantile","0.05",161
"Ensemble","2026-06-06",-4,"2026-05-09","Pediatrics","quantile","0.1",180
"Ensemble","2026-06-06",-4,"2026-05-09","Pediatrics","quantile","0.15",188
"Ensemble","2026-06-06",-4,"2026-05-09","Pediatrics","quantile","0.2",191
"Ensemble","2026-06-06",-4,"2026-05-09","Pediatrics","quantile","0.25",196
"Ensemble","2026-06-06",-4,"2026-05-09","Pediatrics","quantile","0.3",199
"Ensemble","2026-06-06",-4,"2026-05-09","Pediatrics","quantile","0.35",202
"Ensemble","2026-06-06",-4,"2026-05-09","Pediatrics","quantile","0.4",205
"Ensemble","2026-06-06",-4,"2026-05-09","Pediatrics","quantile","0.45",207
"Ensemble","2026-06-06",-4,"2026-05-09","Pediatrics","quantile","0.5",210
"Ensemble","2026-06-06",-4,"2026-05-09","Pediatrics","quantile","0.55",213
"Ensemble","2026-06-06",-4,"2026-05-09","Pediatrics","quantile","0.6",218
"Ensemble","2026-06-06",-4,"2026-05-09","Pediatrics","quantile","0.65",223
"Ensemble","2026-06-06",-4,"2026-05-09","Pediatrics","quantile","0.7",229
"Ensemble","2026-06-06",-4,"2026-05-09","Pediatrics","quantile","0.75",235
"Ensemble","2026-06-06",-4,"2026-05-09","Pediatrics","quantile","0.8",241
"Ensemble","2026-06-06",-4,"2026-05-09","Pediatrics","quantile","0.85",251
"Ensemble","2026-06-06",-4,"2026-05-09","Pediatrics","quantile","0.9",261
"Ensemble","2026-06-06",-4,"2026-05-09","Pediatrics","quantile","0.95",277
"Ensemble","2026-06-06",-4,"2026-05-09","Pediatrics","quantile","0.975",291
"Ensemble","2026-06-06",-4,"2026-05-09","Pediatrics","quantile","0.99",310
"Ensemble","2026-06-06",-3,"2026-05-16","Adults","quantile","0.01",83
"Ensemble","2026-06-06",-3,"2026-05-16","Adults","quantile","0.025",92
"Ensemble","2026-06-06",-3,"2026-05-16","Adults","quantile","0.05",99
"Ensemble","2026-06-06",-3,"2026-05-16","Adults","quantile","0.1",110
"Ensemble","2026-06-06",-3,"2026-05-16","Adults","quantile","0.15",115
"Ensemble","2026-06-06",-3,"2026-05-16","Adults","quantile","0.2",121
"Ensemble","2026-06-06",-3,"2026-05-16","Adults","quantile","0.25",127
"Ensemble","2026-06-06",-3,"2026-05-16","Adults","quantile","0.3",131
"Ensemble","2026-06-06",-3,"2026-05-16","Adults","quantile","0.35",136
"Ensemble","2026-06-06",-3,"2026-05-16","Adults","quantile","0.4",140
"Ensemble","2026-06-06",-3,"2026-05-16","Adults","quantile","0.45",144
"Ensemble","2026-06-06",-3,"2026-05-16","Adults","quantile","0.5",149
"Ensemble","2026-06-06",-3,"2026-05-16","Adults","quantile","0.55",153
"Ensemble","2026-06-06",-3,"2026-05-16","Adults","quantile","0.6",158
"Ensemble","2026-06-06",-3,"2026-05-16","Adults","quantile","0.65",163
"Ensemble","2026-06-06",-3,"2026-05-16","Adults","quantile","0.7",168
"Ensemble","2026-06-06",-3,"2026-05-16","Adults","quantile","0.75",169
"Ensemble","2026-06-06",-3,"2026-05-16","Adults","quantile","0.8",173
"Ensemble","2026-06-06",-3,"2026-05-16","Adults","quantile","0.85",173
"Ensemble","2026-06-06",-3,"2026-05-16","Adults","quantile","0.9",189
"Ensemble","2026-06-06",-3,"2026-05-16","Adults","quantile","0.95",219
"Ensemble","2026-06-06",-3,"2026-05-16","Adults","quantile","0.975",235
"Ensemble","2026-06-06",-3,"2026-05-16","Adults","quantile","0.99",260
"Ensemble","2026-06-06",-3,"2026-05-16","Overall","quantile","0.01",255
"Ensemble","2026-06-06",-3,"2026-05-16","Overall","quantile","0.025",270
"Ensemble","2026-06-06",-3,"2026-05-16","Overall","quantile","0.05",287
"Ensemble","2026-06-06",-3,"2026-05-16","Overall","quantile","0.1",309
"Ensemble","2026-06-06",-3,"2026-05-16","Overall","quantile","0.15",319
"Ensemble","2026-06-06",-3,"2026-05-16","Overall","quantile","0.2",335
"Ensemble","2026-06-06",-3,"2026-05-16","Overall","quantile","0.25",346
"Ensemble","2026-06-06",-3,"2026-05-16","Overall","quantile","0.3",355
"Ensemble","2026-06-06",-3,"2026-05-16","Overall","quantile","0.35",365
"Ensemble","2026-06-06",-3,"2026-05-16","Overall","quantile","0.4",375
"Ensemble","2026-06-06",-3,"2026-05-16","Overall","quantile","0.45",381
"Ensemble","2026-06-06",-3,"2026-05-16","Overall","quantile","0.5",391
"Ensemble","2026-06-06",-3,"2026-05-16","Overall","quantile","0.55",398
"Ensemble","2026-06-06",-3,"2026-05-16","Overall","quantile","0.6",401
"Ensemble","2026-06-06",-3,"2026-05-16","Overall","quantile","0.65",403
"Ensemble","2026-06-06",-3,"2026-05-16","Overall","quantile","0.7",407
"Ensemble","2026-06-06",-3,"2026-05-16","Overall","quantile","0.75",413
"Ensemble","2026-06-06",-3,"2026-05-16","Overall","quantile","0.8",420
"Ensemble","2026-06-06",-3,"2026-05-16","Overall","quantile","0.85",431
"Ensemble","2026-06-06",-3,"2026-05-16","Overall","quantile","0.9",447
"Ensemble","2026-06-06",-3,"2026-05-16","Overall","quantile","0.95",517
"Ensemble","2026-06-06",-3,"2026-05-16","Overall","quantile","0.975",563
"Ensemble","2026-06-06",-3,"2026-05-16","Overall","quantile","0.99",601
"Ensemble","2026-06-06",-3,"2026-05-16","Pediatrics","quantile","0.01",141
"Ensemble","2026-06-06",-3,"2026-05-16","Pediatrics","quantile","0.025",154
"Ensemble","2026-06-06",-3,"2026-05-16","Pediatrics","quantile","0.05",166
"Ensemble","2026-06-06",-3,"2026-05-16","Pediatrics","quantile","0.1",180
"Ensemble","2026-06-06",-3,"2026-05-16","Pediatrics","quantile","0.15",197
"Ensemble","2026-06-06",-3,"2026-05-16","Pediatrics","quantile","0.2",210
"Ensemble","2026-06-06",-3,"2026-05-16","Pediatrics","quantile","0.25",215
"Ensemble","2026-06-06",-3,"2026-05-16","Pediatrics","quantile","0.3",220
"Ensemble","2026-06-06",-3,"2026-05-16","Pediatrics","quantile","0.35",225
"Ensemble","2026-06-06",-3,"2026-05-16","Pediatrics","quantile","0.4",229
"Ensemble","2026-06-06",-3,"2026-05-16","Pediatrics","quantile","0.45",234
"Ensemble","2026-06-06",-3,"2026-05-16","Pediatrics","quantile","0.5",242
"Ensemble","2026-06-06",-3,"2026-05-16","Pediatrics","quantile","0.55",248
"Ensemble","2026-06-06",-3,"2026-05-16","Pediatrics","quantile","0.6",255
"Ensemble","2026-06-06",-3,"2026-05-16","Pediatrics","quantile","0.65",263
"Ensemble","2026-06-06",-3,"2026-05-16","Pediatrics","quantile","0.7",271
"Ensemble","2026-06-06",-3,"2026-05-16","Pediatrics","quantile","0.75",281
"Ensemble","2026-06-06",-3,"2026-05-16","Pediatrics","quantile","0.8",292
"Ensemble","2026-06-06",-3,"2026-05-16","Pediatrics","quantile","0.85",307
"Ensemble","2026-06-06",-3,"2026-05-16","Pediatrics","quantile","0.9",310
"Ensemble","2026-06-06",-3,"2026-05-16","Pediatrics","quantile","0.95",341
"Ensemble","2026-06-06",-3,"2026-05-16","Pediatrics","quantile","0.975",370
"Ensemble","2026-06-06",-3,"2026-05-16","Pediatrics","quantile","0.99",405
"Ensemble","2026-06-06",-2,"2026-05-23","Adults","quantile","0.01",92
"Ensemble","2026-06-06",-2,"2026-05-23","Adults","quantile","0.025",103
"Ensemble","2026-06-06",-2,"2026-05-23","Adults","quantile","0.05",110
"Ensemble","2026-06-06",-2,"2026-05-23","Adults","quantile","0.1",120
"Ensemble","2026-06-06",-2,"2026-05-23","Adults","quantile","0.15",127
"Ensemble","2026-06-06",-2,"2026-05-23","Adults","quantile","0.2",138
"Ensemble","2026-06-06",-2,"2026-05-23","Adults","quantile","0.25",148
"Ensemble","2026-06-06",-2,"2026-05-23","Adults","quantile","0.3",154
"Ensemble","2026-06-06",-2,"2026-05-23","Adults","quantile","0.35",161
"Ensemble","2026-06-06",-2,"2026-05-23","Adults","quantile","0.4",167
"Ensemble","2026-06-06",-2,"2026-05-23","Adults","quantile","0.45",173
"Ensemble","2026-06-06",-2,"2026-05-23","Adults","quantile","0.5",179
"Ensemble","2026-06-06",-2,"2026-05-23","Adults","quantile","0.55",185
"Ensemble","2026-06-06",-2,"2026-05-23","Adults","quantile","0.6",191
"Ensemble","2026-06-06",-2,"2026-05-23","Adults","quantile","0.65",198
"Ensemble","2026-06-06",-2,"2026-05-23","Adults","quantile","0.7",206
"Ensemble","2026-06-06",-2,"2026-05-23","Adults","quantile","0.75",214
"Ensemble","2026-06-06",-2,"2026-05-23","Adults","quantile","0.8",224
"Ensemble","2026-06-06",-2,"2026-05-23","Adults","quantile","0.85",236
"Ensemble","2026-06-06",-2,"2026-05-23","Adults","quantile","0.9",250
"Ensemble","2026-06-06",-2,"2026-05-23","Adults","quantile","0.95",274
"Ensemble","2026-06-06",-2,"2026-05-23","Adults","quantile","0.975",303
"Ensemble","2026-06-06",-2,"2026-05-23","Adults","quantile","0.99",331
"Ensemble","2026-06-06",-2,"2026-05-23","Overall","quantile","0.01",277
"Ensemble","2026-06-06",-2,"2026-05-23","Overall","quantile","0.025",297
"Ensemble","2026-06-06",-2,"2026-05-23","Overall","quantile","0.05",315
"Ensemble","2026-06-06",-2,"2026-05-23","Overall","quantile","0.1",335
"Ensemble","2026-06-06",-2,"2026-05-23","Overall","quantile","0.15",351
"Ensemble","2026-06-06",-2,"2026-05-23","Overall","quantile","0.2",361
"Ensemble","2026-06-06",-2,"2026-05-23","Overall","quantile","0.25",372
"Ensemble","2026-06-06",-2,"2026-05-23","Overall","quantile","0.3",379
"Ensemble","2026-06-06",-2,"2026-05-23","Overall","quantile","0.35",389
"Ensemble","2026-06-06",-2,"2026-05-23","Overall","quantile","0.4",405
"Ensemble","2026-06-06",-2,"2026-05-23","Overall","quantile","0.45",417
"Ensemble","2026-06-06",-2,"2026-05-23","Overall","quantile","0.5",436
"Ensemble","2026-06-06",-2,"2026-05-23","Overall","quantile","0.55",444
"Ensemble","2026-06-06",-2,"2026-05-23","Overall","quantile","0.6",454
"Ensemble","2026-06-06",-2,"2026-05-23","Overall","quantile","0.65",455
"Ensemble","2026-06-06",-2,"2026-05-23","Overall","quantile","0.7",461
"Ensemble","2026-06-06",-2,"2026-05-23","Overall","quantile","0.75",473
"Ensemble","2026-06-06",-2,"2026-05-23","Overall","quantile","0.8",494
"Ensemble","2026-06-06",-2,"2026-05-23","Overall","quantile","0.85",515
"Ensemble","2026-06-06",-2,"2026-05-23","Overall","quantile","0.9",534
"Ensemble","2026-06-06",-2,"2026-05-23","Overall","quantile","0.95",576
"Ensemble","2026-06-06",-2,"2026-05-23","Overall","quantile","0.975",620
"Ensemble","2026-06-06",-2,"2026-05-23","Overall","quantile","0.99",757
"Ensemble","2026-06-06",-2,"2026-05-23","Pediatrics","quantile","0.01",152
"Ensemble","2026-06-06",-2,"2026-05-23","Pediatrics","quantile","0.025",169
"Ensemble","2026-06-06",-2,"2026-05-23","Pediatrics","quantile","0.05",185
"Ensemble","2026-06-06",-2,"2026-05-23","Pediatrics","quantile","0.1",203
"Ensemble","2026-06-06",-2,"2026-05-23","Pediatrics","quantile","0.15",217
"Ensemble","2026-06-06",-2,"2026-05-23","Pediatrics","quantile","0.2",229
"Ensemble","2026-06-06",-2,"2026-05-23","Pediatrics","quantile","0.25",237
"Ensemble","2026-06-06",-2,"2026-05-23","Pediatrics","quantile","0.3",245
"Ensemble","2026-06-06",-2,"2026-05-23","Pediatrics","quantile","0.35",254
"Ensemble","2026-06-06",-2,"2026-05-23","Pediatrics","quantile","0.4",265
"Ensemble","2026-06-06",-2,"2026-05-23","Pediatrics","quantile","0.45",275
"Ensemble","2026-06-06",-2,"2026-05-23","Pediatrics","quantile","0.5",286
"Ensemble","2026-06-06",-2,"2026-05-23","Pediatrics","quantile","0.55",297
"Ensemble","2026-06-06",-2,"2026-05-23","Pediatrics","quantile","0.6",307
"Ensemble","2026-06-06",-2,"2026-05-23","Pediatrics","quantile","0.65",319
"Ensemble","2026-06-06",-2,"2026-05-23","Pediatrics","quantile","0.7",331
"Ensemble","2026-06-06",-2,"2026-05-23","Pediatrics","quantile","0.75",339
"Ensemble","2026-06-06",-2,"2026-05-23","Pediatrics","quantile","0.8",349
"Ensemble","2026-06-06",-2,"2026-05-23","Pediatrics","quantile","0.85",368
"Ensemble","2026-06-06",-2,"2026-05-23","Pediatrics","quantile","0.9",379
"Ensemble","2026-06-06",-2,"2026-05-23","Pediatrics","quantile","0.95",389
"Ensemble","2026-06-06",-2,"2026-05-23","Pediatrics","quantile","0.975",424
"Ensemble","2026-06-06",-2,"2026-05-23","Pediatrics","quantile","0.99",461
"Ensemble","2026-06-06",-1,"2026-05-30","Adults","quantile","0.01",102
"Ensemble","2026-06-06",-1,"2026-05-30","Adults","quantile","0.025",110
"Ensemble","2026-06-06",-1,"2026-05-30","Adults","quantile","0.05",117
"Ensemble","2026-06-06",-1,"2026-05-30","Adults","quantile","0.1",128
"Ensemble","2026-06-06",-1,"2026-05-30","Adults","quantile","0.15",135
"Ensemble","2026-06-06",-1,"2026-05-30","Adults","quantile","0.2",144
"Ensemble","2026-06-06",-1,"2026-05-30","Adults","quantile","0.25",159
"Ensemble","2026-06-06",-1,"2026-05-30","Adults","quantile","0.3",178
"Ensemble","2026-06-06",-1,"2026-05-30","Adults","quantile","0.35",187
"Ensemble","2026-06-06",-1,"2026-05-30","Adults","quantile","0.4",196
"Ensemble","2026-06-06",-1,"2026-05-30","Adults","quantile","0.45",204
"Ensemble","2026-06-06",-1,"2026-05-30","Adults","quantile","0.5",212
"Ensemble","2026-06-06",-1,"2026-05-30","Adults","quantile","0.55",221
"Ensemble","2026-06-06",-1,"2026-05-30","Adults","quantile","0.6",230
"Ensemble","2026-06-06",-1,"2026-05-30","Adults","quantile","0.65",238
"Ensemble","2026-06-06",-1,"2026-05-30","Adults","quantile","0.7",248
"Ensemble","2026-06-06",-1,"2026-05-30","Adults","quantile","0.75",260
"Ensemble","2026-06-06",-1,"2026-05-30","Adults","quantile","0.8",275
"Ensemble","2026-06-06",-1,"2026-05-30","Adults","quantile","0.85",291
"Ensemble","2026-06-06",-1,"2026-05-30","Adults","quantile","0.9",313
"Ensemble","2026-06-06",-1,"2026-05-30","Adults","quantile","0.95",346
"Ensemble","2026-06-06",-1,"2026-05-30","Adults","quantile","0.975",379
"Ensemble","2026-06-06",-1,"2026-05-30","Adults","quantile","0.99",430
"Ensemble","2026-06-06",-1,"2026-05-30","Overall","quantile","0.01",290
"Ensemble","2026-06-06",-1,"2026-05-30","Overall","quantile","0.025",311
"Ensemble","2026-06-06",-1,"2026-05-30","Overall","quantile","0.05",339
"Ensemble","2026-06-06",-1,"2026-05-30","Overall","quantile","0.1",357
"Ensemble","2026-06-06",-1,"2026-05-30","Overall","quantile","0.15",377
"Ensemble","2026-06-06",-1,"2026-05-30","Overall","quantile","0.2",390
"Ensemble","2026-06-06",-1,"2026-05-30","Overall","quantile","0.25",404
"Ensemble","2026-06-06",-1,"2026-05-30","Overall","quantile","0.3",415
"Ensemble","2026-06-06",-1,"2026-05-30","Overall","quantile","0.35",430
"Ensemble","2026-06-06",-1,"2026-05-30","Overall","quantile","0.4",439
"Ensemble","2026-06-06",-1,"2026-05-30","Overall","quantile","0.45",467
"Ensemble","2026-06-06",-1,"2026-05-30","Overall","quantile","0.5",489
"Ensemble","2026-06-06",-1,"2026-05-30","Overall","quantile","0.55",510
"Ensemble","2026-06-06",-1,"2026-05-30","Overall","quantile","0.6",531
"Ensemble","2026-06-06",-1,"2026-05-30","Overall","quantile","0.65",555
"Ensemble","2026-06-06",-1,"2026-05-30","Overall","quantile","0.7",558
"Ensemble","2026-06-06",-1,"2026-05-30","Overall","quantile","0.75",575
"Ensemble","2026-06-06",-1,"2026-05-30","Overall","quantile","0.8",587
"Ensemble","2026-06-06",-1,"2026-05-30","Overall","quantile","0.85",597
"Ensemble","2026-06-06",-1,"2026-05-30","Overall","quantile","0.9",635
"Ensemble","2026-06-06",-1,"2026-05-30","Overall","quantile","0.95",688
"Ensemble","2026-06-06",-1,"2026-05-30","Overall","quantile","0.975",757
"Ensemble","2026-06-06",-1,"2026-05-30","Overall","quantile","0.99",818
"Ensemble","2026-06-06",-1,"2026-05-30","Pediatrics","quantile","0.01",170
"Ensemble","2026-06-06",-1,"2026-05-30","Pediatrics","quantile","0.025",190
"Ensemble","2026-06-06",-1,"2026-05-30","Pediatrics","quantile","0.05",209
"Ensemble","2026-06-06",-1,"2026-05-30","Pediatrics","quantile","0.1",224
"Ensemble","2026-06-06",-1,"2026-05-30","Pediatrics","quantile","0.15",237
"Ensemble","2026-06-06",-1,"2026-05-30","Pediatrics","quantile","0.2",250
"Ensemble","2026-06-06",-1,"2026-05-30","Pediatrics","quantile","0.25",260
"Ensemble","2026-06-06",-1,"2026-05-30","Pediatrics","quantile","0.3",272
"Ensemble","2026-06-06",-1,"2026-05-30","Pediatrics","quantile","0.35",279
"Ensemble","2026-06-06",-1,"2026-05-30","Pediatrics","quantile","0.4",287
"Ensemble","2026-06-06",-1,"2026-05-30","Pediatrics","quantile","0.45",297
"Ensemble","2026-06-06",-1,"2026-05-30","Pediatrics","quantile","0.5",309
"Ensemble","2026-06-06",-1,"2026-05-30","Pediatrics","quantile","0.55",326
"Ensemble","2026-06-06",-1,"2026-05-30","Pediatrics","quantile","0.6",336
"Ensemble","2026-06-06",-1,"2026-05-30","Pediatrics","quantile","0.65",356
"Ensemble","2026-06-06",-1,"2026-05-30","Pediatrics","quantile","0.7",367
"Ensemble","2026-06-06",-1,"2026-05-30","Pediatrics","quantile","0.75",377
"Ensemble","2026-06-06",-1,"2026-05-30","Pediatrics","quantile","0.8",387
"Ensemble","2026-06-06",-1,"2026-05-30","Pediatrics","quantile","0.85",420
"Ensemble","2026-06-06",-1,"2026-05-30","Pediatrics","quantile","0.9",435
"Ensemble","2026-06-06",-1,"2026-05-30","Pediatrics","quantile","0.95",470
"Ensemble","2026-06-06",-1,"2026-05-30","Pediatrics","quantile","0.975",517
"Ensemble","2026-06-06",-1,"2026-05-30","Pediatrics","quantile","0.99",544
"Ensemble","2026-06-06",0,"2026-06-06","Adults","quantile","0.01",107
"Ensemble","2026-06-06",0,"2026-06-06","Adults","quantile","0.025",114
"Ensemble","2026-06-06",0,"2026-06-06","Adults","quantile","0.05",121
"Ensemble","2026-06-06",0,"2026-06-06","Adults","quantile","0.1",134
"Ensemble","2026-06-06",0,"2026-06-06","Adults","quantile","0.15",142
"Ensemble","2026-06-06",0,"2026-06-06","Adults","quantile","0.2",150
"Ensemble","2026-06-06",0,"2026-06-06","Adults","quantile","0.25",166
"Ensemble","2026-06-06",0,"2026-06-06","Adults","quantile","0.3",182
"Ensemble","2026-06-06",0,"2026-06-06","Adults","quantile","0.35",196
"Ensemble","2026-06-06",0,"2026-06-06","Adults","quantile","0.4",206
"Ensemble","2026-06-06",0,"2026-06-06","Adults","quantile","0.45",220
"Ensemble","2026-06-06",0,"2026-06-06","Adults","quantile","0.5",229
"Ensemble","2026-06-06",0,"2026-06-06","Adults","quantile","0.55",244
"Ensemble","2026-06-06",0,"2026-06-06","Adults","quantile","0.6",254
"Ensemble","2026-06-06",0,"2026-06-06","Adults","quantile","0.65",280
"Ensemble","2026-06-06",0,"2026-06-06","Adults","quantile","0.7",299
"Ensemble","2026-06-06",0,"2026-06-06","Adults","quantile","0.75",313
"Ensemble","2026-06-06",0,"2026-06-06","Adults","quantile","0.8",331
"Ensemble","2026-06-06",0,"2026-06-06","Adults","quantile","0.85",354
"Ensemble","2026-06-06",0,"2026-06-06","Adults","quantile","0.9",381
"Ensemble","2026-06-06",0,"2026-06-06","Adults","quantile","0.95",429
"Ensemble","2026-06-06",0,"2026-06-06","Adults","quantile","0.975",464
"Ensemble","2026-06-06",0,"2026-06-06","Adults","quantile","0.99",473
"Ensemble","2026-06-06",0,"2026-06-06","Overall","quantile","0.01",281
"Ensemble","2026-06-06",0,"2026-06-06","Overall","quantile","0.025",306
"Ensemble","2026-06-06",0,"2026-06-06","Overall","quantile","0.05",339
"Ensemble","2026-06-06",0,"2026-06-06","Overall","quantile","0.1",370
"Ensemble","2026-06-06",0,"2026-06-06","Overall","quantile","0.15",397
"Ensemble","2026-06-06",0,"2026-06-06","Overall","quantile","0.2",414
"Ensemble","2026-06-06",0,"2026-06-06","Overall","quantile","0.25",427
"Ensemble","2026-06-06",0,"2026-06-06","Overall","quantile","0.3",447
"Ensemble","2026-06-06",0,"2026-06-06","Overall","quantile","0.35",466
"Ensemble","2026-06-06",0,"2026-06-06","Overall","quantile","0.4",480
"Ensemble","2026-06-06",0,"2026-06-06","Overall","quantile","0.45",494
"Ensemble","2026-06-06",0,"2026-06-06","Overall","quantile","0.5",528
"Ensemble","2026-06-06",0,"2026-06-06","Overall","quantile","0.55",554
"Ensemble","2026-06-06",0,"2026-06-06","Overall","quantile","0.6",607
"Ensemble","2026-06-06",0,"2026-06-06","Overall","quantile","0.65",652
"Ensemble","2026-06-06",0,"2026-06-06","Overall","quantile","0.7",683
"Ensemble","2026-06-06",0,"2026-06-06","Overall","quantile","0.75",705
"Ensemble","2026-06-06",0,"2026-06-06","Overall","quantile","0.8",705
"Ensemble","2026-06-06",0,"2026-06-06","Overall","quantile","0.85",706
"Ensemble","2026-06-06",0,"2026-06-06","Overall","quantile","0.9",743
"Ensemble","2026-06-06",0,"2026-06-06","Overall","quantile","0.95",811
"Ensemble","2026-06-06",0,"2026-06-06","Overall","quantile","0.975",868
"Ensemble","2026-06-06",0,"2026-06-06","Overall","quantile","0.99",966
"Ensemble","2026-06-06",0,"2026-06-06","Pediatrics","quantile","0.01",180
"Ensemble","2026-06-06",0,"2026-06-06","Pediatrics","quantile","0.025",196
"Ensemble","2026-06-06",0,"2026-06-06","Pediatrics","quantile","0.05",208
"Ensemble","2026-06-06",0,"2026-06-06","Pediatrics","quantile","0.1",230
"Ensemble","2026-06-06",0,"2026-06-06","Pediatrics","quantile","0.15",248
"Ensemble","2026-06-06",0,"2026-06-06","Pediatrics","quantile","0.2",260
"Ensemble","2026-06-06",0,"2026-06-06","Pediatrics","quantile","0.25",274
"Ensemble","2026-06-06",0,"2026-06-06","Pediatrics","quantile","0.3",289
"Ensemble","2026-06-06",0,"2026-06-06","Pediatrics","quantile","0.35",303
"Ensemble","2026-06-06",0,"2026-06-06","Pediatrics","quantile","0.4",315
"Ensemble","2026-06-06",0,"2026-06-06","Pediatrics","quantile","0.45",327
"Ensemble","2026-06-06",0,"2026-06-06","Pediatrics","quantile","0.5",340
"Ensemble","2026-06-06",0,"2026-06-06","Pediatrics","quantile","0.55",353
"Ensemble","2026-06-06",0,"2026-06-06","Pediatrics","quantile","0.6",368
"Ensemble","2026-06-06",0,"2026-06-06","Pediatrics","quantile","0.65",384
"Ensemble","2026-06-06",0,"2026-06-06","Pediatrics","quantile","0.7",403
"Ensemble","2026-06-06",0,"2026-06-06","Pediatrics","quantile","0.75",420
"Ensemble","2026-06-06",0,"2026-06-06","Pediatrics","quantile","0.8",439
"Ensemble","2026-06-06",0,"2026-06-06","Pediatrics","quantile","0.85",464
"Ensemble","2026-06-06",0,"2026-06-06","Pediatrics","quantile","0.9",495
"Ensemble","2026-06-06",0,"2026-06-06","Pediatrics","quantile","0.95",556
"Ensemble","2026-06-06",0,"2026-06-06","Pediatrics","quantile","0.975",613
"Ensemble","2026-06-06",0,"2026-06-06","Pediatrics","quantile","0.99",656
"Ensemble","2026-06-06",1,"2026-06-13","Adults","quantile","0.01",110
"Ensemble","2026-06-06",1,"2026-06-13","Adults","quantile","0.025",115
"Ensemble","2026-06-06",1,"2026-06-13","Adults","quantile","0.05",124
"Ensemble","2026-06-06",1,"2026-06-13","Adults","quantile","0.1",137
"Ensemble","2026-06-06",1,"2026-06-13","Adults","quantile","0.15",147
"Ensemble","2026-06-06",1,"2026-06-13","Adults","quantile","0.2",158
"Ensemble","2026-06-06",1,"2026-06-13","Adults","quantile","0.25",168
"Ensemble","2026-06-06",1,"2026-06-13","Adults","quantile","0.3",183
"Ensemble","2026-06-06",1,"2026-06-13","Adults","quantile","0.35",197
"Ensemble","2026-06-06",1,"2026-06-13","Adults","quantile","0.4",210
"Ensemble","2026-06-06",1,"2026-06-13","Adults","quantile","0.45",231
"Ensemble","2026-06-06",1,"2026-06-13","Adults","quantile","0.5",239
"Ensemble","2026-06-06",1,"2026-06-13","Adults","quantile","0.55",253
"Ensemble","2026-06-06",1,"2026-06-13","Adults","quantile","0.6",264
"Ensemble","2026-06-06",1,"2026-06-13","Adults","quantile","0.65",285
"Ensemble","2026-06-06",1,"2026-06-13","Adults","quantile","0.7",310
"Ensemble","2026-06-06",1,"2026-06-13","Adults","quantile","0.75",340
"Ensemble","2026-06-06",1,"2026-06-13","Adults","quantile","0.8",364
"Ensemble","2026-06-06",1,"2026-06-13","Adults","quantile","0.85",385
"Ensemble","2026-06-06",1,"2026-06-13","Adults","quantile","0.9",437
"Ensemble","2026-06-06",1,"2026-06-13","Adults","quantile","0.95",487
"Ensemble","2026-06-06",1,"2026-06-13","Adults","quantile","0.975",519
"Ensemble","2026-06-06",1,"2026-06-13","Adults","quantile","0.99",523
"Ensemble","2026-06-06",1,"2026-06-13","Overall","quantile","0.01",270
"Ensemble","2026-06-06",1,"2026-06-13","Overall","quantile","0.025",300
"Ensemble","2026-06-06",1,"2026-06-13","Overall","quantile","0.05",338
"Ensemble","2026-06-06",1,"2026-06-13","Overall","quantile","0.1",373
"Ensemble","2026-06-06",1,"2026-06-13","Overall","quantile","0.15",399
"Ensemble","2026-06-06",1,"2026-06-13","Overall","quantile","0.2",423
"Ensemble","2026-06-06",1,"2026-06-13","Overall","quantile","0.25",444
"Ensemble","2026-06-06",1,"2026-06-13","Overall","quantile","0.3",464
"Ensemble","2026-06-06",1,"2026-06-13","Overall","quantile","0.35",487
"Ensemble","2026-06-06",1,"2026-06-13","Overall","quantile","0.4",503
"Ensemble","2026-06-06",1,"2026-06-13","Overall","quantile","0.45",525
"Ensemble","2026-06-06",1,"2026-06-13","Overall","quantile","0.5",549
"Ensemble","2026-06-06",1,"2026-06-13","Overall","quantile","0.55",595
"Ensemble","2026-06-06",1,"2026-06-13","Overall","quantile","0.6",634
"Ensemble","2026-06-06",1,"2026-06-13","Overall","quantile","0.65",679
"Ensemble","2026-06-06",1,"2026-06-13","Overall","quantile","0.7",723
"Ensemble","2026-06-06",1,"2026-06-13","Overall","quantile","0.75",769
"Ensemble","2026-06-06",1,"2026-06-13","Overall","quantile","0.8",792
"Ensemble","2026-06-06",1,"2026-06-13","Overall","quantile","0.85",812
"Ensemble","2026-06-06",1,"2026-06-13","Overall","quantile","0.9",819
"Ensemble","2026-06-06",1,"2026-06-13","Overall","quantile","0.95",929
"Ensemble","2026-06-06",1,"2026-06-13","Overall","quantile","0.975",1005
"Ensemble","2026-06-06",1,"2026-06-13","Overall","quantile","0.99",1097
"Ensemble","2026-06-06",1,"2026-06-13","Pediatrics","quantile","0.01",175
"Ensemble","2026-06-06",1,"2026-06-13","Pediatrics","quantile","0.025",190
"Ensemble","2026-06-06",1,"2026-06-13","Pediatrics","quantile","0.05",211
"Ensemble","2026-06-06",1,"2026-06-13","Pediatrics","quantile","0.1",233
"Ensemble","2026-06-06",1,"2026-06-13","Pediatrics","quantile","0.15",252
"Ensemble","2026-06-06",1,"2026-06-13","Pediatrics","quantile","0.2",266
"Ensemble","2026-06-06",1,"2026-06-13","Pediatrics","quantile","0.25",283
"Ensemble","2026-06-06",1,"2026-06-13","Pediatrics","quantile","0.3",301
"Ensemble","2026-06-06",1,"2026-06-13","Pediatrics","quantile","0.35",319
"Ensemble","2026-06-06",1,"2026-06-13","Pediatrics","quantile","0.4",332
"Ensemble","2026-06-06",1,"2026-06-13","Pediatrics","quantile","0.45",349
"Ensemble","2026-06-06",1,"2026-06-13","Pediatrics","quantile","0.5",365
"Ensemble","2026-06-06",1,"2026-06-13","Pediatrics","quantile","0.55",385
"Ensemble","2026-06-06",1,"2026-06-13","Pediatrics","quantile","0.6",400
"Ensemble","2026-06-06",1,"2026-06-13","Pediatrics","quantile","0.65",418
"Ensemble","2026-06-06",1,"2026-06-13","Pediatrics","quantile","0.7",439
"Ensemble","2026-06-06",1,"2026-06-13","Pediatrics","quantile","0.75",458
"Ensemble","2026-06-06",1,"2026-06-13","Pediatrics","quantile","0.8",488
"Ensemble","2026-06-06",1,"2026-06-13","Pediatrics","quantile","0.85",528
"Ensemble","2026-06-06",1,"2026-06-13","Pediatrics","quantile","0.9",572
"Ensemble","2026-06-06",1,"2026-06-13","Pediatrics","quantile","0.95",643
"Ensemble","2026-06-06",1,"2026-06-13","Pediatrics","quantile","0.975",701
"Ensemble","2026-06-06",1,"2026-06-13","Pediatrics","quantile","0.99",780
"Ensemble","2026-06-06",2,"2026-06-20","Adults","quantile","0.01",98
"Ensemble","2026-06-06",2,"2026-06-20","Adults","quantile","0.025",107
"Ensemble","2026-06-06",2,"2026-06-20","Adults","quantile","0.05",121
"Ensemble","2026-06-06",2,"2026-06-20","Adults","quantile","0.1",134
"Ensemble","2026-06-06",2,"2026-06-20","Adults","quantile","0.15",147
"Ensemble","2026-06-06",2,"2026-06-20","Adults","quantile","0.2",156
"Ensemble","2026-06-06",2,"2026-06-20","Adults","quantile","0.25",169
"Ensemble","2026-06-06",2,"2026-06-20","Adults","quantile","0.3",186
"Ensemble","2026-06-06",2,"2026-06-20","Adults","quantile","0.35",198
"Ensemble","2026-06-06",2,"2026-06-20","Adults","quantile","0.4",215
"Ensemble","2026-06-06",2,"2026-06-20","Adults","quantile","0.45",235
"Ensemble","2026-06-06",2,"2026-06-20","Adults","quantile","0.5",245
"Ensemble","2026-06-06",2,"2026-06-20","Adults","quantile","0.55",261
"Ensemble","2026-06-06",2,"2026-06-20","Adults","quantile","0.6",277
"Ensemble","2026-06-06",2,"2026-06-20","Adults","quantile","0.65",297
"Ensemble","2026-06-06",2,"2026-06-20","Adults","quantile","0.7",327
"Ensemble","2026-06-06",2,"2026-06-20","Adults","quantile","0.75",337
"Ensemble","2026-06-06",2,"2026-06-20","Adults","quantile","0.8",367
"Ensemble","2026-06-06",2,"2026-06-20","Adults","quantile","0.85",392
"Ensemble","2026-06-06",2,"2026-06-20","Adults","quantile","0.9",448
"Ensemble","2026-06-06",2,"2026-06-20","Adults","quantile","0.95",498
"Ensemble","2026-06-06",2,"2026-06-20","Adults","quantile","0.975",519
"Ensemble","2026-06-06",2,"2026-06-20","Adults","quantile","0.99",524
"Ensemble","2026-06-06",2,"2026-06-20","Overall","quantile","0.01",258
"Ensemble","2026-06-06",2,"2026-06-20","Overall","quantile","0.025",292
"Ensemble","2026-06-06",2,"2026-06-20","Overall","quantile","0.05",315
"Ensemble","2026-06-06",2,"2026-06-20","Overall","quantile","0.1",359
"Ensemble","2026-06-06",2,"2026-06-20","Overall","quantile","0.15",394
"Ensemble","2026-06-06",2,"2026-06-20","Overall","quantile","0.2",417
"Ensemble","2026-06-06",2,"2026-06-20","Overall","quantile","0.25",444
"Ensemble","2026-06-06",2,"2026-06-20","Overall","quantile","0.3",466
"Ensemble","2026-06-06",2,"2026-06-20","Overall","quantile","0.35",493
"Ensemble","2026-06-06",2,"2026-06-20","Overall","quantile","0.4",517
"Ensemble","2026-06-06",2,"2026-06-20","Overall","quantile","0.45",547
"Ensemble","2026-06-06",2,"2026-06-20","Overall","quantile","0.5",568
"Ensemble","2026-06-06",2,"2026-06-20","Overall","quantile","0.55",613
"Ensemble","2026-06-06",2,"2026-06-20","Overall","quantile","0.6",668
"Ensemble","2026-06-06",2,"2026-06-20","Overall","quantile","0.65",703
"Ensemble","2026-06-06",2,"2026-06-20","Overall","quantile","0.7",745
"Ensemble","2026-06-06",2,"2026-06-20","Overall","quantile","0.75",759
"Ensemble","2026-06-06",2,"2026-06-20","Overall","quantile","0.8",796
"Ensemble","2026-06-06",2,"2026-06-20","Overall","quantile","0.85",814
"Ensemble","2026-06-06",2,"2026-06-20","Overall","quantile","0.9",889
"Ensemble","2026-06-06",2,"2026-06-20","Overall","quantile","0.95",1025
"Ensemble","2026-06-06",2,"2026-06-20","Overall","quantile","0.975",1129
"Ensemble","2026-06-06",2,"2026-06-20","Overall","quantile","0.99",1214
"Ensemble","2026-06-06",2,"2026-06-20","Pediatrics","quantile","0.01",172
"Ensemble","2026-06-06",2,"2026-06-20","Pediatrics","quantile","0.025",183
"Ensemble","2026-06-06",2,"2026-06-20","Pediatrics","quantile","0.05",201
"Ensemble","2026-06-06",2,"2026-06-20","Pediatrics","quantile","0.1",227
"Ensemble","2026-06-06",2,"2026-06-20","Pediatrics","quantile","0.15",247
"Ensemble","2026-06-06",2,"2026-06-20","Pediatrics","quantile","0.2",267
"Ensemble","2026-06-06",2,"2026-06-20","Pediatrics","quantile","0.25",288
"Ensemble","2026-06-06",2,"2026-06-20","Pediatrics","quantile","0.3",309
"Ensemble","2026-06-06",2,"2026-06-20","Pediatrics","quantile","0.35",331
"Ensemble","2026-06-06",2,"2026-06-20","Pediatrics","quantile","0.4",345
"Ensemble","2026-06-06",2,"2026-06-20","Pediatrics","quantile","0.45",365
"Ensemble","2026-06-06",2,"2026-06-20","Pediatrics","quantile","0.5",381
"Ensemble","2026-06-06",2,"2026-06-20","Pediatrics","quantile","0.55",398
"Ensemble","2026-06-06",2,"2026-06-20","Pediatrics","quantile","0.6",417
"Ensemble","2026-06-06",2,"2026-06-20","Pediatrics","quantile","0.65",437
"Ensemble","2026-06-06",2,"2026-06-20","Pediatrics","quantile","0.7",460
"Ensemble","2026-06-06",2,"2026-06-20","Pediatrics","quantile","0.75",492
"Ensemble","2026-06-06",2,"2026-06-20","Pediatrics","quantile","0.8",529
"Ensemble","2026-06-06",2,"2026-06-20","Pediatrics","quantile","0.85",567
"Ensemble","2026-06-06",2,"2026-06-20","Pediatrics","quantile","0.9",625
"Ensemble","2026-06-06",2,"2026-06-20","Pediatrics","quantile","0.95",705
"Ensemble","2026-06-06",2,"2026-06-20","Pediatrics","quantile","0.975",778
"Ensemble","2026-06-06",2,"2026-06-20","Pediatrics","quantile","0.99",867
"Ensemble","2026-06-06",3,"2026-06-27","Adults","quantile","0.01",93
"Ensemble","2026-06-06",3,"2026-06-27","Adults","quantile","0.025",106
"Ensemble","2026-06-06",3,"2026-06-27","Adults","quantile","0.05",115
"Ensemble","2026-06-06",3,"2026-06-27","Adults","quantile","0.1",129
"Ensemble","2026-06-06",3,"2026-06-27","Adults","quantile","0.15",139
"Ensemble","2026-06-06",3,"2026-06-27","Adults","quantile","0.2",151
"Ensemble","2026-06-06",3,"2026-06-27","Adults","quantile","0.25",170
"Ensemble","2026-06-06",3,"2026-06-27","Adults","quantile","0.3",184
"Ensemble","2026-06-06",3,"2026-06-27","Adults","quantile","0.35",199
"Ensemble","2026-06-06",3,"2026-06-27","Adults","quantile","0.4",217
"Ensemble","2026-06-06",3,"2026-06-27","Adults","quantile","0.45",241
"Ensemble","2026-06-06",3,"2026-06-27","Adults","quantile","0.5",251
"Ensemble","2026-06-06",3,"2026-06-27","Adults","quantile","0.55",284
"Ensemble","2026-06-06",3,"2026-06-27","Adults","quantile","0.6",307
"Ensemble","2026-06-06",3,"2026-06-27","Adults","quantile","0.65",310
"Ensemble","2026-06-06",3,"2026-06-27","Adults","quantile","0.7",346
"Ensemble","2026-06-06",3,"2026-06-27","Adults","quantile","0.75",355
"Ensemble","2026-06-06",3,"2026-06-27","Adults","quantile","0.8",382
"Ensemble","2026-06-06",3,"2026-06-27","Adults","quantile","0.85",401
"Ensemble","2026-06-06",3,"2026-06-27","Adults","quantile","0.9",454
"Ensemble","2026-06-06",3,"2026-06-27","Adults","quantile","0.95",496
"Ensemble","2026-06-06",3,"2026-06-27","Adults","quantile","0.975",528
"Ensemble","2026-06-06",3,"2026-06-27","Adults","quantile","0.99",546
"Ensemble","2026-06-06",3,"2026-06-27","Overall","quantile","0.01",234
"Ensemble","2026-06-06",3,"2026-06-27","Overall","quantile","0.025",268
"Ensemble","2026-06-06",3,"2026-06-27","Overall","quantile","0.05",301
"Ensemble","2026-06-06",3,"2026-06-27","Overall","quantile","0.1",344
"Ensemble","2026-06-06",3,"2026-06-27","Overall","quantile","0.15",380
"Ensemble","2026-06-06",3,"2026-06-27","Overall","quantile","0.2",406
"Ensemble","2026-06-06",3,"2026-06-27","Overall","quantile","0.25",436
"Ensemble","2026-06-06",3,"2026-06-27","Overall","quantile","0.3",458
"Ensemble","2026-06-06",3,"2026-06-27","Overall","quantile","0.35",480
"Ensemble","2026-06-06",3,"2026-06-27","Overall","quantile","0.4",506
"Ensemble","2026-06-06",3,"2026-06-27","Overall","quantile","0.45",542
"Ensemble","2026-06-06",3,"2026-06-27","Overall","quantile","0.5",572
"Ensemble","2026-06-06",3,"2026-06-27","Overall","quantile","0.55",620
"Ensemble","2026-06-06",3,"2026-06-27","Overall","quantile","0.6",691
"Ensemble","2026-06-06",3,"2026-06-27","Overall","quantile","0.65",729
"Ensemble","2026-06-06",3,"2026-06-27","Overall","quantile","0.7",765
"Ensemble","2026-06-06",3,"2026-06-27","Overall","quantile","0.75",784
"Ensemble","2026-06-06",3,"2026-06-27","Overall","quantile","0.8",814
"Ensemble","2026-06-06",3,"2026-06-27","Overall","quantile","0.85",842
"Ensemble","2026-06-06",3,"2026-06-27","Overall","quantile","0.9",914
"Ensemble","2026-06-06",3,"2026-06-27","Overall","quantile","0.95",1062
"Ensemble","2026-06-06",3,"2026-06-27","Overall","quantile","0.975",1226
"Ensemble","2026-06-06",3,"2026-06-27","Overall","quantile","0.99",1376
"Ensemble","2026-06-06",3,"2026-06-27","Pediatrics","quantile","0.01",154
"Ensemble","2026-06-06",3,"2026-06-27","Pediatrics","quantile","0.025",176
"Ensemble","2026-06-06",3,"2026-06-27","Pediatrics","quantile","0.05",188
"Ensemble","2026-06-06",3,"2026-06-27","Pediatrics","quantile","0.1",217
"Ensemble","2026-06-06",3,"2026-06-27","Pediatrics","quantile","0.15",236
"Ensemble","2026-06-06",3,"2026-06-27","Pediatrics","quantile","0.2",258
"Ensemble","2026-06-06",3,"2026-06-27","Pediatrics","quantile","0.25",277
"Ensemble","2026-06-06",3,"2026-06-27","Pediatrics","quantile","0.3",302
"Ensemble","2026-06-06",3,"2026-06-27","Pediatrics","quantile","0.35",325
"Ensemble","2026-06-06",3,"2026-06-27","Pediatrics","quantile","0.4",344
"Ensemble","2026-06-06",3,"2026-06-27","Pediatrics","quantile","0.45",359
"Ensemble","2026-06-06",3,"2026-06-27","Pediatrics","quantile","0.5",379
"Ensemble","2026-06-06",3,"2026-06-27","Pediatrics","quantile","0.55",400
"Ensemble","2026-06-06",3,"2026-06-27","Pediatrics","quantile","0.6",420
"Ensemble","2026-06-06",3,"2026-06-27","Pediatrics","quantile","0.65",445
"Ensemble","2026-06-06",3,"2026-06-27","Pediatrics","quantile","0.7",480
"Ensemble","2026-06-06",3,"2026-06-27","Pediatrics","quantile","0.75",509
"Ensemble","2026-06-06",3,"2026-06-27","Pediatrics","quantile","0.8",545
"Ensemble","2026-06-06",3,"2026-06-27","Pediatrics","quantile","0.85",604
"Ensemble","2026-06-06",3,"2026-06-27","Pediatrics","quantile","0.9",665
"Ensemble","2026-06-06",3,"2026-06-27","Pediatrics","quantile","0.95",769
"Ensemble","2026-06-06",3,"2026-06-27","Pediatrics","quantile","0.975",831
"Ensemble","2026-06-06",3,"2026-06-27","Pediatrics","quantile","0.99",945
